hscode,level,parent,section,description
01,2,TOTAL,I,Animals; live
0101,4,01,I,"Horses, asses, mules and hinnies; live"
010121,6,0101,I,"Horses; live, pure-bred breeding animals"
010129,6,0101,I,"Horses; live, other than pure-bred breeding animals"
010130,6,0101,I,Asses; live
010190,6,0101,I,Mules and hinnies; live
0102,4,01,I,Bovine animals; live
010221,6,0102,I,"Cattle; live, pure-bred breeding animals"
010229,6,0102,I,"Cattle; live, other than pure-bred breeding animals"
010231,6,0102,I,"Buffalo; live, pure-bred breeding animals"
010239,6,0102,I,"Buffalo; live, other than pure-bred breeding animals"
010290,6,0102,I,"Bovine animals; live, other than cattle and buffalo"
0103,4,01,I,Swine; live
010310,6,0103,I,"Swine; live, pure-bred breeding animals"
010391,6,0103,I,"Swine; live, other than pure-bred breeding animals, weighing less than 50kg"
010392,6,0103,I,"Swine; live, other than pure-bred breeding animals, weighing 50kg or more"
0104,4,01,I,Sheep and goats; live
010410,6,0104,I,Sheep; live
010420,6,0104,I,Goats; live
0105,4,01,I,"Poultry; live, fowls of the species Gallus domesticus, ducks, geese, turkeys and guinea fowls"
010511,6,0105,I,"Poultry; live, fowls of the species Gallus domesticus, weighing not more than 185g"
010512,6,0105,I,"Poultry; live, turkeys, weighing not more than 185g"
010513,6,0105,I,"Poultry; live, ducks, weighing not more than 185g"
010514,6,0105,I,"Poultry; live, geese, weighing not more than 185g"
010515,6,0105,I,"Poultry; live, guinea fowls, weighing not more than 185g"
010594,6,0105,I,"Poultry; live, fowls of the species Gallus domesticus, weighing more than 185g"
010599,6,0105,I,"Poultry; live, ducks, geese, turkeys and guinea fowls, weighing more than 185g"
0106,4,01,I,"Animals; live, n.e.c. in chapter 01"
010611,6,0106,I,"Mammals; live, primates"
010612,6,0106,I,"Mammals; live, whales, dolphins and porpoises (mammals of the order Cetacea); manatees and dugongs (mammals of the order Sirenia); seals, sea lions and walruses (mammals of the suborder Pinnipedia)"
010613,6,0106,I,"Mammals; live, camels and other camelids (Camelidae)"
010614,6,0106,I,"Mammals; live, rabbits and hares"
010619,6,0106,I,"Mammals; live, other than primates, whales, dolphins, porpoises (mammals of the order Cetacea); manatees, dugongs (mammals of the order Sirenia); seals, sea lions, walruses (mammals of the suborder Pinnipedia), camels, other camelids, rabbits and hares"
010620,6,0106,I,Reptiles; live (including snakes and turtles)
010631,6,0106,I,"Birds; live, birds of prey"
010632,6,0106,I,"Birds; live, Psittaciformes"
010633,6,0106,I,"Birds; live, ostriches; emus (Dromaius novaehollandiae)"
010639,6,0106,I,"Birds; live, other than birds of prey, Psittaciformes, ostriches and emus (Dromaius novaehollandiae)"
010641,6,0106,I,"Insects; live, bees"
010649,6,0106,I,"Insects; live, other than bees"
010690,6,0106,I,"Animals; live, n.e.c. in chapter 01, other than mammals, reptiles, birds and insects"
02,2,TOTAL,I,Meat and edible meat offal
0201,4,02,I,Meat of bovine animals; fresh or chilled
020110,6,0201,I,"Meat; of bovine animals, carcasses and half-carcasses, fresh or chilled"
020120,6,0201,I,"Meat; of bovine animals, cuts with bone in (excluding carcasses and half-carcasses), fresh or chilled"
020130,6,0201,I,"Meat; of bovine animals, boneless cuts, fresh or chilled"
0202,4,02,I,Meat of bovine animals; frozen
020210,6,0202,I,"Meat; of bovine animals, carcasses and half-carcasses, frozen"
020220,6,0202,I,"Meat; of bovine animals, cuts with bone in (excluding carcasses and half-carcasses), frozen"
020230,6,0202,I,"Meat; of bovine animals, boneless cuts, frozen"
0203,4,02,I,"Meat of swine; fresh, chilled or frozen"
020311,6,0203,I,"Meat; of swine, carcasses and half-carcasses, fresh or chilled"
020312,6,0203,I,"Meat; of swine, hams, shoulders and cuts thereof, with bone in, fresh or chilled"
020319,6,0203,I,"Meat; of swine, n.e.c. in item no. 0203.1, fresh or chilled"
020321,6,0203,I,"Meat; of swine, carcasses and half-carcasses, frozen"
020322,6,0203,I,"Meat; of swine, hams, shoulders and cuts thereof, with bone in, frozen"
020329,6,0203,I,"Meat; of swine, n.e.c. in item no. 0203.2, frozen"
0204,4,02,I,"Meat of sheep or goats; fresh, chilled or frozen"
020410,6,0204,I,"Meat; of sheep, lamb carcasses and half-carcasses, fresh or chilled"
020421,6,0204,I,"Meat; of sheep, carcasses and half-carcasses (excluding carcasses and half-carcasses of lamb), fresh or chilled"
020422,6,0204,I,"Meat; of sheep (including lamb), cuts with bone in (excluding carcasses and half-carcasses), fresh or chilled"
020423,6,0204,I,"Meat; of sheep (including lamb), boneless cuts, fresh or chilled"
020430,6,0204,I,"Meat; of sheep, lamb carcasses and half-carcasses, frozen"
020441,6,0204,I,"Meat; of sheep, carcasses and half-carcasses (excluding carcasses and half-carcasses of lamb), frozen"
020442,6,0204,I,"Meat; of sheep (including lamb), cuts with bone in (excluding carcasses and half-carcasses), frozen"
020443,6,0204,I,"Meat; of sheep (including lamb), boneless cuts, frozen"
020450,6,0204,I,"Meat; of goats, fresh, chilled or frozen"
0205,4,02,I,"Meat; of horses, asses, mules or hinnies, fresh, chilled or frozen"
020500,6,0205,I,"Meat; of horses, asses, mules or hinnies, fresh, chilled or frozen"
0206,4,02,I,"Edible offal of bovine animals, swine, sheep, goats, horses, asses, mules or hinnies; fresh, chilled or frozen"
020610,6,0206,I,"Offal, edible; of bovine animals, fresh or chilled"
020621,6,0206,I,"Offal, edible; of bovine animals, tongues, frozen"
020622,6,0206,I,"Offal, edible; of bovine animals, livers, frozen"
020629,6,0206,I,"Offal, edible; of bovine animals, (other than tongues and livers), frozen"
020630,6,0206,I,"Offal, edible; of swine, fresh or chilled"
020641,6,0206,I,"Offal, edible; of swine, livers, frozen"
020649,6,0206,I,"Offal, edible; of swine, (other than livers), frozen"
020680,6,0206,I,"Offal, edible; of sheep, goats, horses, asses, mules or hinnies, fresh or chilled"
020690,6,0206,I,"Offal, edible; of sheep, goats, horses, asses, mules or hinnies, frozen"
0207,4,02,I,"Meat and edible offal of poultry; of the poultry of heading no. 0105, (i.e. fowls of the species Gallus domesticus), fresh, chilled or frozen"
020711,6,0207,I,"Meat and edible offal; of fowls of the species Gallus domesticus, not cut in pieces, fresh or chilled"
020712,6,0207,I,"Meat and edible offal; of fowls of the species Gallus domesticus, not cut in pieces, frozen"
020713,6,0207,I,"Meat and edible offal; of fowls of the species Gallus domesticus, cuts and offal, fresh or chilled"
020714,6,0207,I,"Meat and edible offal; of fowls of the species Gallus domesticus, cuts and offal, frozen"
020724,6,0207,I,"Meat and edible offal; of turkeys, not cut in pieces, fresh or chilled"
020725,6,0207,I,"Meat and edible offal; of turkeys, not cut in pieces, frozen"
020726,6,0207,I,"Meat and edible offal; of turkeys, cuts and offal, fresh or chilled"
020727,6,0207,I,"Meat and edible offal; of turkeys, cuts and offal, frozen"
020741,6,0207,I,"Meat and edible offal; of ducks, not cut in pieces, fresh or chilled"
020742,6,0207,I,"Meat and edible offal; of ducks, not cut in pieces, frozen"
020743,6,0207,I,"Meat and edible offal; of ducks, fatty livers (foie gras), fresh or chilled"
020744,6,0207,I,"Meat and edible offal; of ducks, cuts and offal, excluding fatty livers, fresh or chilled"
020745,6,0207,I,"Meat and edible offal; of ducks, cuts and offal, excluding fatty livers, frozen"
020751,6,0207,I,"Meat and edible offal; of geese, not cut in pieces, fresh or chilled"
020752,6,0207,I,"Meat and edible offal; of geese, not cut in pieces, frozen"
020753,6,0207,I,"Meat and edible offal; of geese, fatty livers (foie gras), fresh or chilled"
020754,6,0207,I,"Meat and edible offal; of geese, cuts and offal, excluding fatty livers, fresh or chilled"
020755,6,0207,I,"Meat and edible offal; of geese, cuts and offal, excluding fatty livers, frozen"
020760,6,0207,I,"Meat and edible offal; of guinea fowls, fresh, chilled or frozen"
0208,4,02,I,"Meat and edible meat offal, n.e.c. in chapter 2; fresh, chilled or frozen"
020810,6,0208,I,"Meat and edible meat offal; of rabbits or hares, fresh, chilled or frozen"
020830,6,0208,I,"Meat and edible meat offal; of primates, fresh, chilled or frozen"
020840,6,0208,I,"Meat and edible meat offal; of whales, dolphins and porpoises (mammals of the order Cetacea); of manatees and dugongs (mammals of the order Sirenia); of seals, sea lions and walruses (mammals of the suborder Pinnipedia), fresh, chilled or frozen"
020850,6,0208,I,"Meat and edible meat offal; of reptiles (including snakes and turtles), fresh, chilled or frozen"
020860,6,0208,I,"Meat and edible meat offal; of camels and other camelids (Camelidae), fresh, chilled or frozen"
020890,6,0208,I,"Meat and edible meat offal; n.e.c. in chapter 2, fresh, chilled or frozen"
0209,4,02,I,"Pig fat, free of lean meat, and poultry fat, not rendered or otherwise extracted, fresh, chilled, frozen, salted, in brine, dried or smoked"
020910,6,0209,I,"Fat; pig fat, free of lean meat, not rendered or otherwise extracted, fresh, chilled, frozen, salted, in brine, dried or smoked"
020990,6,0209,I,"Fat; poultry fat, not rendered or otherwise extracted, fresh, chilled, frozen, salted, in brine, dried or smoked"
0210,4,02,I,"Meat and edible meat offal; salted, in brine, dried or smoked; edible flours and meals of meat or meat offal"
021011,6,0210,I,"Meat; salted, in brine, dried or smoked, of swine, hams, shoulders and cuts thereof, with bone in"
021012,6,0210,I,"Meat; salted, in brine, dried or smoked, of swine, bellies (streaky) and cuts thereof"
021019,6,0210,I,"Meat; salted in brine, dried or smoked, of swine, n.e.c. in item no. 0210.1"
021020,6,0210,I,"Meat; salted, in brine, dried or smoked, of bovine animals"
021091,6,0210,I,"Meat and edible meat offal; salted, in brine, dried or smoked, and edible flours and meals of meat or meat offal, of primates"
021092,6,0210,I,"Meat and edible meat offal; salted, in brine, dried or smoked; edible flours, meals of meat or meat offal, of whales, dolphins, porpoises (of order Cetacea); manatees, dugongs (of order Sirenia); seals, sea lions, and walruses (of suborder Pinnipedia)"
021093,6,0210,I,"Meat and edible meat offal; salted, in brine, dried or smoked, and edible flours and meals of meat or meat offal, of reptiles (including snakes and turtles)"
021099,6,0210,I,"Meat and edible meat offal; salted, in brine, dried or smoked, and edible flours and meals of meat or meat offal, other than of primates, whales, dolphins, porpoises, manatees, dugongs, seals, sea lions, walruses, reptiles (including snakes and turtles)"
03,2,TOTAL,I,"Fish and crustaceans, molluscs and other aquatic invertebrates"
0301,4,03,I,Fish; live
030111,6,0301,I,"Fish; live, ornamental, freshwater"
030119,6,0301,I,"Fish; live, ornamental, other than freshwater"
030191,6,0301,I,"Fish; live, trout (Salmo trutta, Oncorhynchus mykiss, Oncorhynchus clarki, Oncorhynchus aguabonita, Oncorhynchus gilae, Oncorhynchus apache and Oncorhynchus chrysogaster)"
030192,6,0301,I,"Fish; live, eels (Anguilla spp.)"
030193,6,0301,I,"Fish; live, carp (Cyprinus spp., Carassius spp., Ctenopharyngodon idellus, Hypophthalmichthys spp., Cirrhinus spp., Mylopharyngodon piceus, Catla catla, Labeo spp., Osteochilus hasselti, Leptobarbus hoeveni, Megalobrama spp.)"
030194,6,0301,I,"Fish; live, Atlantic and Pacific bluefin tunas (Thunnus thynnus, Thunnus orientalis)"
030195,6,0301,I,"Fish; live, southern bluefin tunas (Thunnus maccoyii)"
030199,6,0301,I,"Fish; live, n.e.c. in heading 0301"
0302,4,03,I,"Fish; fresh or chilled, excluding fish fillets and other fish meat of heading 0304"
030211,6,0302,I,"Fish; fresh or chilled, trout (Salmo trutta, Oncorhynchus mykiss, Oncorhynchus clarki, Oncorhynchus aguabonita, Oncorhynchus gilae, Oncorhynchus apache and Oncorhynchus chrysogaster), excluding fillets, fish meat of 0304, and edible fish offal of 0302.9"
030213,6,0302,I,"Fish; fresh or chilled, Pacific salmon (Oncorhynchus nerka, Oncorhynchus gorbuscha, Oncorhynchus keta, Oncorhynchus tschawytscha, Oncorhynchus kisutch, Oncorhynchus masou, Oncorhynchus rhodurus), not fillets, meat of 0304, and edible fish offal of 0302.9"
030214,6,0302,I,"Fish; fresh or chilled, Atlantic salmon (Salmo salar) and Danube salmon (Hucho hucho), excluding fillets, fish meat of 0304, and edible fish offal of subheadings 0302.91 to 0302.99"
030219,6,0302,I,"Fish; fresh or chilled, salmonidae, n.e.c. in item no. 0302.1, excluding fillets, fish meat of 0304, and edible fish offal of subheadings 0302.91 to 0302.99"
030221,6,0302,I,"Fish; fresh or chilled, halibut (Reinhardtius hippoglossoides, Hippoglossus hippoglossus, Hippoglossus stenolepis), excluding fillets, fish meat of 0304, and edible fish offal of subheadings 0302.91 to 0302.99"
030222,6,0302,I,"Fish; fresh or chilled, plaice (Pleuronectes platessa), excluding fillets, fish meat of 0304, and edible fish offal of subheadings 0302.91 to 0302.99"
030223,6,0302,I,"Fish; fresh or chilled, sole (Solea spp.), excluding fillets, fish meat of 0304, and edible fish offal of subheadings 0302.91 to 0302.99"
030224,6,0302,I,"Fish; fresh or chilled, turbots (Psetta maxima, Scophthalmidae), excluding fillets, fish meat of 0304, and edible fish offal of subheadings 0302.91 to 0302.99"
030229,6,0302,I,"Fish; fresh or chilled, flat fish, n.e.c. in item no. 0302.2, excluding fillets, fish meat of 0304, and edible fish offal of subheadings 0302.91 to 0302.99"
030231,6,0302,I,"Fish; fresh or chilled, albacore or longfinned tunas (Thunnus alalunga), excluding fillets, fish meat of 0304, and edible fish offal of subheadings 0302.91 to 0302.99"
030232,6,0302,I,"Fish; fresh or chilled, yellowfin tunas (Thunnus albacares), excluding fillets, fish meat of 0304, and edible fish offal of subheadings 0302.91 to 0302.99"
030233,6,0302,I,"Fish; fresh or chilled, skipjack tuna (stripe-bellied bonito) (Katsuwonus pelamis), excluding fillets, fish meat of 0304, and edible fish offal of subheadings 0302.91 to 0302.99"
030234,6,0302,I,"Fish; fresh or chilled, bigeye tunas (Thunnus obesus), excluding fillets, fish meat of 0304, and edible fish offal of subheadings 0302.91 to 0302.99"
030235,6,0302,I,"Fish; fresh or chilled, Atlantic and Pacific bluefin tunas (Thunnus thynnus, Thunnus orientalis), excluding fillets, fish meat of 0304, and edible fish offal of subheadings 0302.91 to 0302.99"
030236,6,0302,I,"Fish; fresh or chilled, southern bluefin tunas (Thunnus maccoyii), excluding fillets, fish meat of 0304, and edible fish offal of subheadings 0302.91 to 0302.99"
030239,6,0302,I,"Fish; fresh or chilled, tuna, n.e.c. in item no. 0302.3, excluding fillets, fish meat of 0304, and edible fish offal of subheadings 0302.91 to 0302.99"
030241,6,0302,I,"Fish; fresh or chilled, herrings (Clupea harengus, Clupea pallasii), excluding fillets, fish meat of 0304, and edible fish offal of subheadings 0302.91 to 0302.99"
030242,6,0302,I,"Fish; fresh or chilled, anchovies (Engraulis spp.), excluding fillets, fish meat of 0304, and edible fish offal of subheadings 0302.91 to 0302.99"
030243,6,0302,I,"Fish; fresh or chilled, sardines (Sardina pilchardus, Sardinops spp.), sardinella (Sardinella spp.), brisling or sprats (Sprattus sprattus), excluding fillets, fish meat of 0304, and edible fish offal of subheadings 0302.91 to 0302.99"
030244,6,0302,I,"Fish; fresh or chilled, mackerel (Scomber scombrus, Scomber australasicus, Scomber japonicus), excluding fillets, fish meat of 0304, and edible fish offal of subheadings 0302.91 to 0302.99"
030245,6,0302,I,"Fish; fresh or chilled, jack and horse mackerel (Trachurus spp.), excluding fillets, fish meat of 0304, and edible fish offal of subheadings 0302.91 to 0302.99"
030246,6,0302,I,"Fish; fresh or chilled, cobia (Rachycentron canadum), excluding fillets, fish meat of 0304, and edible fish offal of subheadings 0302.91 to 0302.99"
030247,6,0302,I,"Fish; fresh or chilled, swordfish (Xiphias gladius), excluding fillets, fish meat of 0304, and edible fish offal of subheadings 0302.91 to 0302.99"
030249,6,0302,I,"Fish; fresh or chilled, n.e.c. in item no. 0302.4, excluding fillets, fish meat of 0304, and edible fish offal of subheadings 0302.91 to 0302.99"
030251,6,0302,I,"Fish; fresh or chilled, cod (Gadus morhua, Gadus ogac, Gadus macrocephalus), excluding fillets, fish meat of 0304, and edible fish offal of subheadings 0302.91 to 0302.99"
030252,6,0302,I,"Fish; fresh or chilled, haddock (Melanogrammus aeglefinus), excluding fillets, fish meat of 0304, and edible fish offal of subheadings 0302.91 to 0302.99"
030253,6,0302,I,"Fish; fresh or chilled, coalfish (Pollachius virens), excluding fillets, fish meat of 0304, and edible fish offal of subheadings 0302.91 to 0302.99"
030254,6,0302,I,"Fish; fresh or chilled, hake (Merluccius spp., Urophycis spp.), excluding fillets, fish meat of 0304, and edible fish offal of subheadings 0302.91 to 0302.99"
030255,6,0302,I,"Fish; fresh or chilled, Alaska pollock (Theragra chalcogramma), excluding fillets, fish meat of 0304, and edible fish offal of subheadings 0302.91 to 0302.99"
030256,6,0302,I,"Fish; fresh or chilled, blue whitings (Micromesistius poutassou, Micromesistius australis),excluding fillets, fish meat of 0304, and edible fish offal of subheadings 0302.91 to 0302.99"
030259,6,0302,I,"Fish; fresh or chilled, n.e.c. in item no. 0302.5, excluding fillets, fish meat of 0304, and edible fish offal of subheadings 0302.91 to 0302.99"
030271,6,0302,I,"Fish; fresh or chilled, tilapias (Oreochromis spp.), excluding fillets, fish meat of 0304, and edible fish offal of subheadings 0302.91 to 0302.99"
030272,6,0302,I,"Fish; fresh or chilled, catfish (Pangasius spp., Silurus spp., Clarias spp., Ictalurus spp.), excluding fillets, fish meat of 0304, and edible fish offal of subheadings 0302.91 to 0302.99"
030273,6,0302,I,"Fish; fresh or chilled, Carp (as specified by the WCO.), excluding fillets, fish meat of 0304, and edible fish offal of subheadings 0302.91 to 0302.99"
030274,6,0302,I,"Fish; fresh or chilled, eels (Anguilla spp.), excluding fillets, fish meat of 0304, and edible fish offal of subheadings 0302.91 to 0302.99"
030279,6,0302,I,"Fish; fresh or chilled, Nile perch (Lates niloticus) and snakeheads (Channa spp.), excluding fillets, fish meat of 0304, and edible fish offal of subheadings 0302.91 to 0302.99"
030281,6,0302,I,"Fish; fresh or chilled, dogfish and other sharks, excluding fillets, fish meat of 0304, and edible fish offal of subheadings 0302.91 to 0302.99"
030282,6,0302,I,"Fish; fresh or chilled, rays and skates (Rajidae), excluding fillets, fish meat of 0304, and edible fish offal of subheadings 0302.91 to 0302.99"
030283,6,0302,I,"Fish; fresh or chilled, toothfish (Dissostichus spp.), excluding fillets, fish meat of 0304, and edible fish offal of subheadings 0302.91 to 0302.99"
030284,6,0302,I,"Fish; fresh or chilled, seabass (Dicentrarchus spp.), excluding fillets, fish meat of 0304, and edible fish offal of subheadings 0302.91 to 0302.99"
030285,6,0302,I,"Fish; fresh or chilled, seabream (Sparidae), excluding fillets, fish meat of 0304, and edible fish offal of subheadings 0302.91 to 0302.99"
030289,6,0302,I,"Fish; fresh or chilled, n.e.c. in heading 0302, excluding fillets, fish meat of 0304, and edible fish offal of subheadings 0302.91 to 0302.99"
030291,6,0302,I,"Fish; fresh or chilled, livers, roes and milt"
030292,6,0302,I,"Fish; fresh or chilled, shark fins"
030299,6,0302,I,"Fish; fresh or chilled, fish fins (other than shark fins), heads, tails, maws and other edible fish offal"
0303,4,03,I,"Fish; frozen, excluding fish fillets and other fish meat of heading 0304"
030311,6,0303,I,"Fish; frozen, Pacific salmon, sockeye salmon (red salmon) (Oncorhynchus nerka), excluding fillets, fish meat of 0304, and edible fish offal of subheadings 0303.91 to 0303.99"
030312,6,0303,I,"Fish; frozen, Pacific salmon (Oncorhynchus gorbuscha/keta/tschawytscha/ kisutch/masou/rhodurus) other than sockeye salmon (Oncorhynchus nerka), excluding fillets, fish meat of 0304, and edible fish offal of subheadings 0303.91 to 0303.99"
030313,6,0303,I,"Fish; frozen, Atlantic salmon (Salmo salar) and Danube salmon (Hucho hucho), excluding fillets, fish meat of 0304, and edible fish offal of subheadings 0303.91 to 0303.99"
030314,6,0303,I,"Fish; frozen, trout (Salmo trutta, Oncorhynchus mykiss, Oncorhynchus clarki, Oncorhynchus aguabonita, Oncorhynchus gilae, Oncorhynchus apache and Oncorhynchus chrysogaster), excluding fillets, meat of 0304, and edible fish offal of 0303.91 to 0303.99"
030319,6,0303,I,"Fish; frozen, salmonidae, n.e.c. in item no. 0303.1, excluding fillets, fish meat of 0304, and edible fish offal of subheadings 0303.91 to 0303.99"
030323,6,0303,I,"Fish; frozen, tilapias (Oreochromis spp.), excluding fillets, fish meat of 0304, and edible fish offal of subheadings 0303.91 to 0303.99"
030324,6,0303,I,"Fish; frozen, catfish (Pangasius spp., Silurus spp., Clarias spp., Ictalurus spp.), excluding fillets, fish meat of 0304, and edible fish offal of subheadings 0303.91 to 0303.99"
030325,6,0303,I,"Fish; frozen, carp (as specified by the WCO), excluding fillets, fish meat of 0304, and edible fish offal of subheadings 0303.91 to 0303.99"
030326,6,0303,I,"Fish; frozen, eels (Anguilla spp.), excluding fillets, fish meat of 0304, and edible fish offal of subheadings 0303.91 to 0303.99"
030329,6,0303,I,"Fish; frozen, Nile perch (Lates niloticus) and snakeheads (Channa spp.), excluding fillets, fish meat of 0304, and edible fish offal of subheadings 0303.91 to 0303.99"
030331,6,0303,I,"Fish; frozen, halibut (Reinhardtius hippoglossoides, Hippoglossus hippoglossus, Hippoglossus stenolepis), excluding fillets, fish meat of 0304, and edible fish offal of subheadings 0303.91 to 0303.99"
030332,6,0303,I,"Fish; frozen, plaice (Pleuronectes platessa), excluding fillets, fish meat of 0304, and edible fish offal of subheadings 0303.91 to 0303.99"
030333,6,0303,I,"Fish; frozen, sole (Solea spp.), excluding fillets, fish meat of 0304, and edible fish offal of subheadings 0303.91 to 0303.99"
030334,6,0303,I,"Fish; frozen, turbots (Psetta maxima, Scophthalmidae), excluding fillets, fish meat of 0304, and edible fish offal of subheadings 0303.91 to 0303.99"
030339,6,0303,I,"Fish; frozen, flat fish, n.e.c. in item no. 0303.3, excluding fillets, fish meat of 0304, and edible fish offal of subheadings 0303.91 to 0303.99"
030341,6,0303,I,"Fish; frozen, albacore or longfinned tunas (Thunnus alalunga), excluding fillets, fish meat of 0304, and edible fish offal of subheadings 0303.91 to 0303.99"
030342,6,0303,I,"Fish; frozen, yellowfin tunas (Thunnus albacares), excluding fillets, fish meat of 0304, and edible fish offal of subheadings 0303.91 to 0303.99"
030343,6,0303,I,"Fish; frozen, skipjack tuna (stripe-bellied bonito) (Katsuwonus pelamis), excluding fillets, fish meat of 0304, and edible fish offal of subheadings 0303.91 to 0303.99"
030344,6,0303,I,"Fish; frozen, bigeye tunas (Thunnus obesus), excluding fillets, fish meat of 0304, and edible fish offal of subheadings 0303.91 to 0303.99"
030345,6,0303,I,"Fish; frozen, Atlantic and Pacific bluefin tunas (Thunnus thynnus, Thunnus orientalis), excluding fillets, fish meat of 0304, and edible fish offal of subheadings 0303.91 to 0303.99"
030346,6,0303,I,"Fish; frozen, southern bluefin tunas (Thunnus maccoyii), excluding fillets, fish meat of 0304, and edible fish offal of subheadings 0303.91 to 0303.99"
030349,6,0303,I,"Fish; frozen, tuna, n.e.c. in item no. 0303.4, excluding fillets, fish meat of 0304, and edible fish offal of subheadings 0303.91 to 0303.99"
030351,6,0303,I,"Fish; frozen, herrings (Clupea harengus, Clupea pallasii), excluding fillets, fish meat of 0304, and edible fish offal of subheadings 0303.91 to 0303.99"
030353,6,0303,I,"Fish; frozen, sardines (Sardina pilchardus, Sardinops spp.), sardinella (Sardinella spp.), brisling or sprats (Sprattus sprattus), excluding fillets, fish meat of 0304, and edible fish offal of subheadings 0303.91 to 0303.99"
030354,6,0303,I,"Fish; frozen, mackerel (Scomber scombrus, Scomber australasicus, Scomber japonicus), excluding fillets, fish meat of 0304, and edible fish offal of subheadings 0303.91 to 0303.99"
030355,6,0303,I,"Fish; frozen, jack and horse mackerel (Trachurus spp.), excluding fillets, fish meat of 0304, and edible fish offal of subheadings 0303.91 to 0303.99"
030356,6,0303,I,"Fish; frozen, cobia (Rachycentron canadum), excluding fillets, fish meat of 0304, and edible fish offal of subheadings 0303.91 to 0303.99"
030357,6,0303,I,"Fish; frozen, swordfish (Xiphias gladius), excluding fillets, fish meat of 0304, and edible fish offal of subheadings 0303.91 to 0303.99"
030359,6,0303,I,"Fish; frozen, n.e.c. in item no. 0303.5, excluding fillets, fish meat of 0304, and edible fish offal of subheadings 0303.91 to 0303.99"
030363,6,0303,I,"Fish; frozen, cod (Gadus morhua, Gadus ogac, Gadus macrocephalus), excluding fillets, fish meat of 0304, and edible fish offal of subheadings 0303.91 to 0303.99"
030364,6,0303,I,"Fish; frozen, haddock (Melanogrammus aeglefinus), excluding fillets, fish meat of 0304, and edible fish offal of subheadings 0303.91 to 0303.99"
030365,6,0303,I,"Fish; frozen, coalfish (Pollachius virens), excluding fillets, fish meat of 0304, and edible fish offal of subheadings 0303.91 to 0303.99"
030366,6,0303,I,"Fish; frozen, hake (Merluccius spp., Urophycis spp.), excluding fillets, fish meat of 0304, and edible fish offal of subheadings 0303.91 to 0303.99"
030367,6,0303,I,"Fish; frozen, Alaska pollock (Theragra chalcogramma), excluding fillets, fish meat of 0304, and edible fish offal of subheadings 0303.91 to 0303.99"
030368,6,0303,I,"Fish; frozen, blue whitings (Micromesistius poutassou, Micromesistius australis), excluding fillets, fish meat of 0304, and edible fish offal of subheadings 0303.91 to 0303.99"
030369,6,0303,I,"Fish; frozen, of Bregmacerotidae, Euclichthyidae, Gadidae, Macrouridae, Melanonidae, Merlucciidae, Moridae, Muraenolepididae, other than cod, haddock, coalfish, hake, Alaska pollack, blue whitings, not fillets, meat of 0304, and edible offal of 0303.9"
030381,6,0303,I,"Fish; frozen, dogfish and other sharks, excluding fillets, fish meat of 0304, and edible fish offal of subheadings 0303.91 to 0303.99"
030382,6,0303,I,"Fish; frozen, rays and skates (Rajidae), excluding fillets, fish meat of 0304, and edible fish offal of subheadings 0303.91 to 0303.99"
030383,6,0303,I,"Fish; frozen, toothfish (Dissostichus spp.), excluding fillets, livers, roes, and edible fish offal of subheadings 0303.91 to 0303.99"
030384,6,0303,I,"Fish; frozen, seabass (Dicentrarchus spp.), excluding fillets, fish meat of 0304, and edible fish offal of subheadings 0303.91 to 0303.99"
030389,6,0303,I,"Fish; frozen, n.e.c. in heading 0303, excluding fillets, fish meat of 0304, and edible fish offal of subheadings 0303.91 to 0303.99"
030391,6,0303,I,"Fish; frozen, livers, roes and milt"
030392,6,0303,I,"Fish; frozen, shark fins"
030399,6,0303,I,"Fish; frozen, fish fins (other than shark fins), heads, tails, maws and other edible fish offal"
0304,4,03,I,"Fish fillets and other fish meat (whether or not minced); fresh, chilled or frozen"
030431,6,0304,I,"Fish fillets; fresh or chilled, tilapias (Oreochromis spp.)"
030432,6,0304,I,"Fish fillets; fresh or chilled, catfish (Pangasius spp., Silurus spp., Clarias spp., Ictalurus spp.)"
030433,6,0304,I,"Fish fillets; fresh or chilled, Nile perch (Lates niloticus)"
030439,6,0304,I,"Fish fillets; fresh or chilled, carp (as specified by the WCO), eels (Anguilla spp.), and snakeheads (Channa spp.)"
030441,6,0304,I,"Fish fillets; fresh or chilled, salmon, Pacific (Oncorhynchus nerka, Oncorhynchus gorbuscha, Oncorhynchus keta, Oncorhynchus tschawytscha, Oncorhynchus kisutch, Oncorhynchus masou and Oncorhynchus rhodurus), Atlantic (Salmo salar), Danube (Hucho hucho)"
030442,6,0304,I,"Fish fillets; fresh or chilled, trout (Salmo trutta, Oncorhynchus mykiss, Oncorhynchus clarki, Oncorhynchus aguabonita, Oncorhynchus gilae, Oncorhynchus apache and Oncorhynchus chrysogaster)"
030443,6,0304,I,"Fish fillets; fresh or chilled, flat fish (Pleuronectidae, Bothidae, Cynoglossidae, Soleidae, Scophthalmidae and Citharidae)"
030444,6,0304,I,"Fish fillets; fresh or chilled, of the families Bregmacerotidae, Euclichthyidae, Gadidae, Macrouridae, Melanonidae, Merlucciidae, Moridae, and Muraenolepididae"
030445,6,0304,I,"Fish fillets; fresh or chilled, swordfish (Xiphias gladius)"
030446,6,0304,I,"Fish fillets; fresh or chilled, toothfish (Dissostichus spp.)"
030447,6,0304,I,"Fish fillets; fresh or chilled, dogfish and other sharks"
030448,6,0304,I,"Fish fillets; fresh or chilled, rays and skates (Rajidae)"
030449,6,0304,I,"Fish fillets; fresh or chilled, other than fish of heading 0304.4"
030451,6,0304,I,"Fish meat, excluding fillets, whether or not minced; fresh or chilled, tilapias, catfish, carp, eels, Nile perch, and snakeheads"
030452,6,0304,I,"Fish meat, excluding fillets, whether or not minced; fresh or chilled, salmonidae"
030453,6,0304,I,"Fish meat, excluding fillets, whether or not minced; fresh or chilled, of the families Bregmacerotidae, Euclichthyidae, Gadidae, Macrouridae, Melanonidae, Merlucciidae, Moridae, and Muraenolepididae"
030454,6,0304,I,"Fish meat, excluding fillets, whether or not minced; fresh or chilled, swordfish (Xiphias gladius)"
030455,6,0304,I,"Fish meat, excluding fillets, whether or not minced; fresh or chilled, toothfish (Dissostichus spp.)"
030456,6,0304,I,"Fish meat; excluding fillets, whether or not minced; fresh or chilled, dogfish and other sharks"
030457,6,0304,I,"Fish meat; excluding fillets, whether or not minced; fresh or chilled, rays and skates (Rajidae)"
030459,6,0304,I,"Fish meat; excluding fillets, whether or not minced; fresh or chilled, of fish n.e.c. in item no. 0304.5"
030461,6,0304,I,"Fish fillets; frozen, tilapias (Oreochromis spp.)"
030462,6,0304,I,"Fish fillets; frozen, catfish (Pangasius spp., Silurus spp., Clarias spp., Ictalurus spp.)"
030463,6,0304,I,"Fish fillets; frozen, Nile Perch (Lates niloticus)"
030469,6,0304,I,"Fish fillets; frozen, carp (Cyprinus/Carassius/Ctenopharyngodon idellus/Hypophthalmichthys/Cirrhinus/Mylopharyngodon piceus/Catla catla/Labeo/Osteochilus hasselti/Leptobarbus hoeveni/Megalobrama), eels (Anguilla) and snakeheads (Channa)"
030471,6,0304,I,"Fish fillets; frozen, cod (Gadus morhua, Gadus ogac, Gadus macrocephalus)"
030472,6,0304,I,"Fish fillets; frozen, haddock (Melanogrammus aeglefinus)"
030473,6,0304,I,"Fish fillets; frozen, coalfish (Pollachius virens)"
030474,6,0304,I,"Fish fillets; frozen, hake (Merluccius spp., Urophycis spp.)"
030475,6,0304,I,"Fish fillets; frozen, Alaska pollock (Theragra chalcogramma)"
030479,6,0304,I,"Fish fillets; frozen, of the families Bregmacerotidae, Euclichthyidae, Gadidae, Macrouridae, Melanonidae, Merlucciidae, Moridae and Muraenolepididae other than cod, haddock, coalfish, hake, and Alaska pollock"
030481,6,0304,I,"Fish fillets; frozen, salmon, Pacific (Oncorhynchus nerka, Oncorhynchus gorbuscha, Oncorhynchus keta, Oncorhynchus tschawytscha, Oncorhynchus kisutch, Oncorhynchus masou, Oncorhynchus rhodurus), Atlantic (Salmo salar), and Danube (Hucho hucho)"
030482,6,0304,I,"Fish fillets; frozen, trout (Salmo trutta, Oncorhynchus mykiss, Oncorhynchus clarki, Oncorhynchus aguabonita, Oncorhynchus gilae, Oncorhynchus apache and Oncorhynchus chrysogaster)"
030483,6,0304,I,"Fish fillets; frozen, flat fish (Pleuronectidae, Bothidae, Cynoglossidae, Soleidae, Scophthalmidae and Citharidae)"
030484,6,0304,I,"Fish fillets; frozen, swordfish (Xiphias gladius)"
030485,6,0304,I,"Fish fillets; frozen, toothfish (Dissostichus spp.)"
030486,6,0304,I,"Fish fillets; frozen, herrings (Clupea harengus, Clupea pallasii)"
030487,6,0304,I,"Fish fillets; frozen, tunas (of the genus Thunnus), skipjack tuna (stripe-bellied bonito) (Katsuwonus pelamis)"
030488,6,0304,I,"Fish fillets; frozen, dogfish, other sharks, rays and skates (Rajidae)"
030489,6,0304,I,"Fish fillets; frozen, of fish n.e.c. in heading 0304.8"
030491,6,0304,I,"Fish meat, excluding fillets, whether or not minced; frozen, swordfish (Xiphias gladius)"
030492,6,0304,I,"Fish meat, excluding fillets, whether or not minced; frozen, toothfish (Dissostichus spp.)"
030493,6,0304,I,"Fish meat, excluding fillets, whether or not minced; frozen, tilapias, catfish, carp, eels, Nile perch, and snakeheads"
030494,6,0304,I,"Fish meat, excluding fillets, whether or not minced; frozen, Alaska Pollock (Theragra chalcogramma)"
030495,6,0304,I,"Fish meat, excluding fillets, whether or not minced; frozen, of the families Bregmacerotidae, Euclichthyidae, Gadidae, Macrouridae, Melanonidae, Merlucciidae, Moridae and Muraenolepididae, other than Alaska Pollock (Theragra chalcogramma)"
030496,6,0304,I,"Fish meat, excluding fillets, whether or not minced; frozen, dogfish and other sharks"
030497,6,0304,I,"Fish meat, excluding fillets, whether or not minced; frozen, rays and skates (Rajidae)"
030499,6,0304,I,"Fish meat, excluding fillets, whether or not minced; frozen, n.e.c. in item no. 0304.9"
0305,4,03,I,"Fish, dried, salted or in brine; smoked fish, whether or not cooked before, or during the smoking process"
030520,6,0305,I,"Fish; livers, roes and milt of fish, dried, smoked, salted or in brine"
030531,6,0305,I,"Fish fillets; dried, salted or in brine, but not smoked, tilapias, catfish, carp, eels, Nile perch, and snakeheads"
030532,6,0305,I,"Fish fillets; dried, salted or in brine, but not smoked, of the families Bregmacerotidae, Euclichthyidae, Gadidae, Macrouridae, Melanonidae, Merlucciidae, Moridae and Muraenolepididae"
030539,6,0305,I,"Fish fillets; dried, salted or in brine, but not smoked, n.e.c. in item no. 0305.3"
030541,6,0305,I,"Fish; smoked, whether or not cooked before or during smoking, salmon, Pacific (Oncorhynchus nerka, gorbuscha, keta, tschawytscha, kisutch, masou, rhodurus), Atlantic (Salmo salar) and Danube (Hucho hucho), includes fillets, but excludes edible fish offal"
030542,6,0305,I,"Fish; smoked, whether or not cooked before or during smoking, herrings (Clupea harengus, Clupea pallasii), includes fillets, but excludes edible fish offal"
030543,6,0305,I,"Fish; smoked, whether or not cooked before or during smoking, trout (Salmo trutta, Oncorhynchus mykiss/clarki/aguabonita/gilae/apache/chrysogaster), includes fillets, but excludes edible fish offal"
030544,6,0305,I,"Fish; smoked, whether or not cooked before or during smoking, tilapias, catfish, carp, eels, Nile perch, and snakeheads, includes fillets, but excludes edible fish offal"
030549,6,0305,I,"Fish; smoked, whether or not cooked before or during smoking, n.e.c. in item no. 0305.4, includes fillets, but excludes edible fish offal"
030551,6,0305,I,"Fish; dried, whether or not salted but not smoked, other than edible fish offal, cod (Gadus morhua, Gadus ogac, Gadus macrocephalus)"
030552,6,0305,I,"Fish; dried, whether or not salted but not smoked, tilapias, catfish, carp, eels, Nile perch, and snakeheads"
030553,6,0305,I,"Fish; dried, whether or not salted but not smoked, fish of the families Bregmacerotidae, Euclichthyidae, Gadidae, Macrouridae, Melanonidae, Merlucciidae, Moridae and Muraenolepididae, other than cod"
030554,6,0305,I,"Dried herrings, anchovies, sardines, sardinella, brisling or sprats, mackerel (incl Indian, jack, or horse), seerfishes, jacks, crevalles, cobia, silver pomfrets, Pacific saury, scads, capelin, swordfish, Kawakawa, bonitos, marlins, sailfishes, spearfish"
030559,6,0305,I,"Fish; dried, whether or not salted but not smoked, other than edible fish offal, n.e.c. in item no. 0305.5"
030561,6,0305,I,"Fish; salted or in brine, not dried or smoked, other than edible fish offal, herrings (Clupea harengas, Clupea pallasii)"
030562,6,0305,I,"Fish; salted or in brine, not dried or smoked, other than edible fish offal, cod (Gadus morhua, Gadus ogac, Gadus macrocephalus)"
030563,6,0305,I,"Fish; salted or in brine, not dried or smoked, other than edible fish offal, anchovies (Engrails spp.)"
030564,6,0305,I,"Fish; salted or in brine, not dried or smoked, other than edible fish offal, tilapias, catfish, carp, eels, Nile perch, and snakeheads"
030569,6,0305,I,"Fish; salted or in brine, not dried or smoked, other than edible fish offal, n.e.c. in item no. 0305.6"
030571,6,0305,I,"Fish; edible offal, shark fins"
030572,6,0305,I,"Fish; edible offal, fish heads, tails and maws"
030579,6,0305,I,"Fish; edible offal, other than shark fins, fish heads, tails and maws"
0306,4,03,I,"Crustaceans; in shell or not, live, fresh, chilled, frozen, dried, salted or in brine; smoked, cooked or not before or during smoking; in shell, steamed or boiled, whether or not chilled, frozen, dried, salted or in brine"
030611,6,0306,I,"Crustaceans; frozen, rock lobsters and other sea crawfish (Palinurus spp., Panulirus spp., Jasus spp.), in shell or not, smoked, cooked or not before or during smoking; in shell, cooked by steaming or by boiling in water"
030612,6,0306,I,"Crustaceans; frozen, lobsters (Homarus spp.), in shell or not, smoked, cooked or not before or during smoking; in shell, cooked by steaming or by boiling in water"
030614,6,0306,I,"Crustaceans; frozen, crabs, in shell or not, smoked, cooked or not before or during smoking; in shell, cooked by steaming or by boiling in water"
030615,6,0306,I,"Crustaceans; frozen, Norway lobsters (Nephrops norvegicus), in shell or not, smoked, cooked or not before or during smoking; in shell, cooked by steaming or by boiling in water"
030616,6,0306,I,"Crustaceans; frozen, cold-water shrimps and prawns (Pandalus spp., Crangon crangon), in shell or not, smoked, cooked or not before or during smoking; in shell, cooked by steaming or by boiling in water"
030617,6,0306,I,"Crustaceans; frozen, shrimps and prawns, excluding cold-water varieties, in shell or not, smoked, cooked or not before or during smoking; in shell, cooked by steaming or by boiling in water"
030619,6,0306,I,"Crustaceans; frozen, n.e.c. in item no. 0306.1, in shell or not, smoked, cooked or not before or during smoking; in shell, cooked by steaming or by boiling in water"
030631,6,0306,I,"Crustaceans; live, fresh or chilled, rock lobsters and other sea crawfish (Palinurus spp., Panulirus spp., Jasus spp.), in shell or not"
030632,6,0306,I,"Crustaceans; live, fresh or chilled, lobsters (Homarus spp.), whether in shell or not"
030633,6,0306,I,"Crustaceans; live, fresh or chilled, crabs, whether in shell or not"
030634,6,0306,I,"Crustaceans; live, fresh or chilled, Norway lobsters (Nephrops norvegicus), in shell or not"
030635,6,0306,I,"Crustaceans; live, fresh or chilled, cold-water shrimps and prawns (Pandalus spp., Crangon crangon), in shell or not"
030636,6,0306,I,"Crustaceans; live, fresh or chilled, shrimps and prawns excluding cold-water varieties, in shell or not"
030639,6,0306,I,"Crustaceans; live, fresh or chilled, n.e.c. in item no. 0306.3, in shell or not"
030691,6,0306,I,"Crustaceans; rock lobsters and other sea crawfish (Palinurus spp., Panulirus spp., Jasus spp.), smoked, cooked or not, whether in shell or not, whether or not cooked before or during smoking"
030692,6,0306,I,"Crustaceans; lobsters (Homarus spp.), smoked, cooked or not, whether in shell or not, whether or not cooked before or during smoking"
030693,6,0306,I,"Crustaceans; crabs, smoked, cooked or not, whether in shell or not, whether or not cooked before or during smoking"
030694,6,0306,I,"Crustaceans; Norway lobsters (Nephrops norvegicus), smoked, cooked or not, whether in shell or not, whether or not cooked before or during smoking"
030695,6,0306,I,"Crustaceans; shrimps and prawns, smoked, cooked or not, whether in shell or not, whether or not cooked before or during smoking"
030699,6,0306,I,"Crustaceans; smoked, whole, cooked or not, n.e.c. in item no. 0306.9, in shell or not"
0307,4,03,I,"Molluscs; whether in shell or not, live, fresh, chilled, frozen, dried, salted or in brine; smoked molluscs, whether in shell or not, whether or not cooked before or during the smoking process"
030711,6,0307,I,"Molluscs; oysters, whether in shell or not, live, fresh or chilled"
030712,6,0307,I,"Molluscs; oysters, whether in shell or not, frozen"
030719,6,0307,I,"Molluscs; oysters, whether in shell or not, dried, salted or in brine, smoked, cooked or not before or during the smoking process"
030721,6,0307,I,"Molluscs; scallops and other molluscs of the family Pectinidae, whether in shell or not, live, fresh or chilled"
030722,6,0307,I,"Molluscs; scallops and other molluscs of the family Pectinidae, whether in shell or not, frozen"
030729,6,0307,I,"Molluscs; scallops and other molluscs of the family Pectinidae, whether in shell or not, dried, salted, in brine, or smoked, cooked or not before or during the smoking process"
030731,6,0307,I,"Molluscs; mussels (Mytilus spp., Perna spp.), whether in shell or not, live, fresh or chilled"
030732,6,0307,I,"Molluscs; mussels (Mytilus spp., Perna spp.), whether in shell or not, frozen"
030739,6,0307,I,"Molluscs; mussels (Mytilus spp., Perna spp.), whether in shell or not, dried, salted, in brine, or smoked, cooked or not before or during the smoking process"
030742,6,0307,I,"Molluscs; cuttle fish and squid, whether in shell or not, live, fresh or chilled"
030743,6,0307,I,"Molluscs; cuttle fish and squid, whether in shell or not, frozen"
030749,6,0307,I,"Molluscs; cuttle fish and squid, whether in shell or not, dried, salted, in brine, or smoked, cooked or not before or during the smoking process"
030751,6,0307,I,"Molluscs; octopus (Octopus spp.), live, fresh or chilled"
030752,6,0307,I,"Molluscs; octopus (Octopus spp.), frozen"
030759,6,0307,I,"Molluscs; octopus (Octopus spp.), dried, salted, in brine, or smoked, cooked or not before or during the smoking process"
030760,6,0307,I,"Molluscs; snails, other than sea snails, whether in shell or not, live, fresh, chilled, frozen, dried, salted, in brine, or smoked, cooked or not before or during the smoking process"
030771,6,0307,I,"Molluscs; clams, cockles and ark shells (families Arcidae, Arcticidae, Cardiidae, Donacidae, Hiatellidae, Mactridae, Mesodesmatidae, Myidae, Semelidae, Solecurtidae, Solenidae, Tridacnidae and Veneridae), whether in shell or not, live, fresh or chilled"
030772,6,0307,I,"Molluscs; clams, cockles, ark shells (Arcidae, Arcticidae, Cardiidae, Donacidae, Hiatellidae, Mactridae, Mesodesmatidae, Myidae, Semelidae, Solecurtidae, Solenidae, Tridacnidae and Veneridae), whether in shell or not, frozen"
030779,6,0307,I,"Molluscs; clams, cockle, ark shells (families Arcidae, Arcticidae, Cardiidae, Donacidae, Hiatellidae, Mactridae, Mesodesmatidae, Myidae, Semelidae, Solecurtidae, Solenidae, Tridacnidae, Veneridae), whether in shell or not, dried, salted, in brine, smoked"
030781,6,0307,I,"Molluscs; abalone (Haliotis spp.), whether in shell or not, live, fresh or chilled"
030782,6,0307,I,"Molluscs; stromboid conchs (Strombus spp.), whether in shell or not, live, fresh or chilled"
030783,6,0307,I,"Molluscs; abalone (Haliotis spp.), whether in shell or not, frozen"
030784,6,0307,I,"Molluscs; stromboid conchs (Strombus spp.), whether in shell or not, frozen"
030787,6,0307,I,"Molluscs; abalone (Haliotis spp.), whether in shell or not, dried, salted, in brine, or smoked, cooked or not before or during the smoking process"
030788,6,0307,I,"Molluscs; stromboid conchs (Strombus spp.), whether in shell or not, dried, salted, in brine, or smoked, cooked or not before or during the smoking process"
030791,6,0307,I,"Molluscs; n.e.c. in heading 0307, whether in shell or not, live or fresh, chilled"
030792,6,0307,I,"Molluscs; n.e.c. in heading 0307, whether in shell or not, frozen"
030799,6,0307,I,"Molluscs; n.e.c. in heading 0307, whether in shell or not, dried, salted, in brine, or smoked, cooked or not before or during the smoking process"
0308,4,03,I,"Aquatic invertebrates other than crustaceans and molluscs, live, fresh, chilled, frozen, dried, salted or in brine; smoked aquatic invertebrates other than crustaceans and molluscs, whether or not cooked before or during the smoking process"
030811,6,0308,I,"Aquatic invertebrates; sea cucumbers (Stichopus japonicus, Holothuroidea), live, fresh or chilled"
030812,6,0308,I,"Aquatic invertebrates; sea cucumbers (Stichopus japonicus, Holothuroidea), frozen"
030819,6,0308,I,"Aquatic invertebrates; sea cucumbers (Stichopus japonicus, Holothuroidea), dried, salted or in brine, smoked, whether or not cooked before or during the smoking process"
030821,6,0308,I,"Aquatic invertebrates; sea urchins (Strongylocentrotus spp., Paracentrotus lividus, Loxechinus albus, Echinus esculentus), live, fresh or chilled"
030822,6,0308,I,"Aquatic invertebrates; sea urchins (Strongylocentrotus spp., Paracentrotus lividus, Loxechinus albus, Echinus esculentus), frozen"
030829,6,0308,I,"Aquatic invertebrates; sea urchins (Strongylocentrotus spp., Paracentrotus lividus, Loxechinus albus, Echinus esculentus), dried, salted or in brine, smoked, whether or not cooked before or during smoking process"
030830,6,0308,I,"Aquatic invertebrates; jellyfish (Rhopilema spp.), live, fresh, chilled, frozen, dried, salted or in brine, smoked, whether or not cooked before or during smoking"
030890,6,0308,I,"Aquatic invertebrates; other than crustaceans, molluscs, sea urchins, sea cucumbers and jellyfish, live, fresh, chilled, frozen, dried, salted or in brine, smoked, cooked or not before or during smoking"
0309,4,03,I,"Flours, meals and pellets of fish, crustaceans, molluscs and other aquatic invertebrates, fit for human consumption"
030910,6,0309,I,"Flours, meals and pellets of fish, fit for human consumption"
030990,6,0309,I,"Flours, meals and pellets of crustaceans, molluscs and other aquatic invertebrates, fit for human consumption"
04,2,TOTAL,I,"Dairy produce; birds' eggs; natural honey; edible products of animal origin, not elsewhere specified or included"
0401,4,04,I,"Milk and cream; not concentrated, not containing added sugar or other sweetening matter"
040110,6,0401,I,"Dairy produce; milk and cream, not concentrated, not containing added sugar or other sweetening matter, of a fat content, by weight, not exceeding 1%"
040120,6,0401,I,"Dairy produce; milk and cream, not concentrated, not containing added sugar or other sweetening matter, of a fat content, by weight, exceeding 1% but not exceeding 6%"
040140,6,0401,I,"Dairy produce; milk and cream, not concentrated, not containing added sugar or other sweetening matter, of a fat content, by weight, exceeding 6% but not exceeding 10%"
040150,6,0401,I,"Dairy produce; milk and cream, not concentrated, not containing added sugar or other sweetening matter, of a fat content, by weight, exceeding 10%"
0402,4,04,I,Milk and cream; concentrated or containing added sugar or other sweetening matter
040210,6,0402,I,"Dairy produce; milk and cream, concentrated or containing added sugar or other sweetening matter, in powder, granules or other solid forms, of a fat content not exceeding 1.5% (by weight)"
040221,6,0402,I,"Dairy produce; milk and cream, concentrated, not containing added sugar or other sweetening matter, in powder, granules or other solid forms, of a fat content exceeding 1.5% (by weight)"
040229,6,0402,I,"Dairy produce; milk and cream, containing added sugar or other sweetening matter, in powder, granules or other solid forms, of a fat content exceeding 1.5% (by weight)"
040291,6,0402,I,"Dairy produce; milk and cream, concentrated, not containing added sugar or other sweetening matter, other than in powder, granules or other solid forms"
040299,6,0402,I,"Dairy produce; milk and cream, containing added sugar or other sweetening matter, other than in powder, granules or other solid forms"
0403,4,04,I,"Yogurt; buttermilk, curdled milk and cream, kephir and other fermented or acidified milk and cream, whether or not concentrated or containing added sugar or other sweetening matter or flavoured or containing added fruit, nuts or cocoa."
040320,6,0403,I,"Dairy produce; yoghurt, whether or not concentrated or containing added sugar or other sweetening matter or flavoured or containing added fruit, nuts or cocoa"
040390,6,0403,I,"Dairy produce; buttermilk, curdled milk or cream, kephir, fermented or acidified milk or cream, whether or not concentrated or containing added sweetening, flavouring, fruit, nuts or cocoa (excluding yoghurt)"
0404,4,04,I,"Whey and products consisting of natural milk constituents; whether or not containing added sugar or other sweetening matter, not elsewhere specified or included"
040410,6,0404,I,"Dairy produce; whey, whether or not concentrated or containing added sugar or other sweetening matter"
040490,6,0404,I,"Dairy produce; natural milk constituents (excluding whey), whether or not containing added sugar or other sweetening matter, n.e.c. in chapter 04"
0405,4,04,I,Butter and other fats and oils derived from milk; dairy spreads
040510,6,0405,I,"Dairy produce; derived from milk, butter"
040520,6,0405,I,Dairy produce; dairy spreads
040590,6,0405,I,Dairy produce; fats and oils derived from milk (other than butter or dairy spreads)
0406,4,04,I,Cheese and curd
040610,6,0406,I,"Dairy produce; fresh cheese (including whey cheese), not fermented, and curd"
040620,6,0406,I,"Dairy produce; cheese of all kinds, grated or powdered"
040630,6,0406,I,"Dairy produce; cheese, processed (not grated or powdered)"
040640,6,0406,I,"Dairy produce; cheese, blue-veined and other cheese containing veins produced by Penicillium roqueforti (not grated, powdered or processed)"
040690,6,0406,I,"Dairy produce; cheese (not grated, powdered or processed), n.e.c. in heading no. 0406"
0407,4,04,I,"Birds' eggs, in shell; fresh, preserved or cooked"
040711,6,0407,I,"Birds' eggs, in shell; fresh, fertilised eggs for incubation, of fowls of the species Gallus domesticus (domestic hens)"
040719,6,0407,I,"Birds' eggs, in shell; fresh, fertilised eggs for incubation, other than fowls of the species Gallus domesticus (domestic hens)"
040721,6,0407,I,"Birds' eggs, in shell; fresh, not for incubation, of fowls of the species Gallus domesticus (domestic hens)"
040729,6,0407,I,"Birds' eggs, in shell; fresh, not for incubation, other than fowls of the species Gallus domesticus (domestic hens)"
040790,6,0407,I,"Birds' eggs, in shell; preserved or cooked"
0408,4,04,I,"Birds' eggs, not in shell; egg yolks, fresh, dried, cooked by steaming or boiling in water, moulded, frozen or otherwise preserved, whether or not containing added sugar or other sweetening matter"
040811,6,0408,I,"Eggs; birds' eggs, yolks, dried, whether or not containing added sugar or other sweetening matter"
040819,6,0408,I,"Eggs; birds' eggs, yolks, fresh, cooked by steaming or by boiling in water, moulded, frozen or otherwise preserved, whether or not containing added sugar or other sweetening matter"
040891,6,0408,I,"Eggs; birds' eggs (not in shell, excluding yolks only), dried, whether or not containing added sugar or other sweetening matter"
040899,6,0408,I,"Eggs; birds' eggs (not in shell, excluding yolks only), fresh, cooked by steaming or boiling in water, moulded, frozen, otherwise preserved, whether or not containing added sugar or other sweetening matter"
0409,4,04,I,Honey; natural
040900,6,0409,I,Honey; natural
0410,4,04,I,"Animal products; insects and other edible products of animal origin, not elsewhere specified or included"
041010,6,0410,I,Animal products; insects
041090,6,0410,I,"Animal products; edible products of animal origin, not elsewhere specified or included, other than insects"
05,2,TOTAL,I,Animal originated products; not elsewhere specified or included
0501,4,05,I,"Human hair; unworked, whether or not washed or scoured; waste of human hair"
050100,6,0501,I,"Animal products; hair, human, unworked, whether or not washed or scoured, and waste of human hair"
0502,4,05,I,"Pigs', hogs' or boars' bristles and hair; and waste thereof"
050210,6,0502,I,"Animal products; hair and bristles, of pigs, hogs or boars, and waste thereof"
050290,6,0502,I,"Animal products; badger hair and other brush making hair and waste of such bristles or hair, n.e.c. in heading no. 0502 (excluding horsehair)"
0504,4,05,I,"Guts, bladders and stomachs of animals (other than fish); whole and pieces thereof, fresh, chilled, frozen, salted, in brine, dried or smoked"
050400,6,0504,I,"Animal products; guts, bladders and stomachs of animals (other than fish), whole and pieces thereof, fresh, chilled, frozen, salted, in brine, dried or smoked"
0505,4,05,I,"Skins and other parts of birds with feathers, down; feathers, down and parts thereof; not further worked than cleaned, disinfected, treated for preservation; powder, waste and parts of feathers"
050510,6,0505,I,"Animal products; feathers and down used for stuffing, not further worked than cleaned, disinfected or treated for preservation"
050590,6,0505,I,"Animal products; skins and other parts of birds, feathers and down (not for stuffing), powder and waste of such, not further worked than cleaned, disinfected or treated for preservation"
0506,4,05,I,"Bones and horn-cores, unworked, defatted, simply prepared (but not cut to shape), treated with acid or degelatinised; powder and waste of these products"
050610,6,0506,I,Animal products; ossein and bones treated with acid
050690,6,0506,I,"Animal products; bones and horn-cores and powder or waste of such, unworked, defatted, simply prepared (not cut to shape), or treated with acid or degelatinised, n.e.c. in heading no. 0506"
0507,4,05,I,"Ivory, tortoise-shell, whalebone and whalebone hair, horns, antlers, hooves, nails, claws and beaks unworked or simply prepared, not cut to shape; waste and powder of these products"
050710,6,0507,I,"Animal products; ivory, unworked or simply prepared but not cut to shape, ivory powder and waste"
050790,6,0507,I,"Animal products; tortoise-shell, whalebone and whalebone hair, horns, antlers, hooves, nails, claws and beaks, unworked or simply prepared but not cut to shape, waste and powder of these products"
0508,4,05,I,"Coral and similar materials, unworked or simply prepared, shells of molluscs, crustaceans or echinoderms and cuttle-bone, not cut to shape powder and waste thereof"
050800,6,0508,I,"Animal products; coral and similar materials, shells of molluscs, crustaceans, echinoderms, cuttle-bone, unworked or simply prepared but not cut to shape, powder and waste thereof"
0510,4,05,I,"Ambergris, castoreum, civet and musk; cantharides; bile, dried or not glands, other animal products used in preparation of pharmaceutical products, fresh chilled, frozen or otherwise provisionally preserved"
051000,6,0510,I,"Animal products; ambergris, castoreum, civet, musk, cantharides, bile (dried or not) glands and other animal products, for pharmaceutical purposes, fresh, chilled, frozen or otherwise provisionally preserved"
0511,4,05,I,"Animal products not elsewhere specified or included; dead animals of chapter 1 or 3, unfit for human consumption"
051110,6,0511,I,Animal products; bovine semen
051191,6,0511,I,"Animal products; of fish or crustaceans, molluscs or other aquatic invertebrates; dead animals of chapter 03, unfit for human consumption"
051199,6,0511,I,Animal products; n.e.c. in chapter 5
06,2,TOTAL,II,"Trees and other plants, live; bulbs, roots and the like; cut flowers and ornamental foliage"
0601,4,06,II,"Bulbs, tubers, tuberous roots, corms, crowns and rhizomes; dormant, in growth or in flower; chicory plants and roots other than roots of heading no. 1212"
060110,6,0601,II,"Plants, live; bulbs, tubers, tuberous roots, corms, crowns and rhizomes, dormant"
060120,6,0601,II,"Plants, live; bulbs, tubers, tuberous roots, corms, crowns and rhizomes, in growth or in flower, chicory plants and roots other than of heading no. 1212"
0602,4,06,II,"Plants, live; n.e.c. in heading no. 0601, (including their roots) cuttings and slips; mushroom spawn"
060210,6,0602,II,"Plants, live; unrooted cuttings and slips"
060220,6,0602,II,"Plants, live; edible fruit or nut trees, shrubs and bushes, grafted or not"
060230,6,0602,II,"Plants, live; rhododendrons and azaleas, grafted or not"
060240,6,0602,II,"Plants, live; roses, grafted or not"
060290,6,0602,II,"Plants, live; n.e.c. in heading no. 0602"
0603,4,06,II,"Flowers; cut flowers and flower buds of a kind suitable for bouquets or for ornamental purposes, fresh, dried, dyed, bleached, impregnated or otherwise prepared"
060311,6,0603,II,"Flowers, cut; roses, flowers and buds of a kind suitable for bouquets or ornamental purposes, fresh"
060312,6,0603,II,"Flowers, cut; carnations, flowers and buds of a kind suitable for bouquets or ornamental purposes, fresh"
060313,6,0603,II,"Flowers, cut; orchids, flowers and buds of a kind suitable for bouquets or ornamental purposes, fresh"
060314,6,0603,II,"Flowers, cut; chrysanthemums, flowers and buds of a kind suitable for bouquets or ornamental purposes, fresh"
060315,6,0603,II,"Flowers, cut; lilies (Lilium spp.), flowers and flower buds of a kind suitable for bouquets or ornamental purposes, fresh"
060319,6,0603,II,"Flowers, cut; flowers and buds of a kind suitable for bouquets or ornamental purposes, fresh, other than roses, carnations, orchids, chrysanthemums or lillies"
060390,6,0603,II,"Flowers, cut; flowers and flower buds of a kind suitable for bouquets or ornamental purposes, dried, dyed, bleached, impregnated or otherwise prepared"
0604,4,06,II,"Foliage, branches and other parts of plants, without flowers or flower buds, and grasses, mosses and lichens; suitable for bouquets or for ornamental purposes, fresh, dried, dyed, bleached, impregnated etc."
060420,6,0604,II,"Foliage, branches and other parts of plants, without flowers or flower buds, and grasses, mosses and lichens; suitable for bouquets or for ornamental purposes, fresh"
060490,6,0604,II,"Foliage, branches and other parts of plants, without flowers or flower buds, and grasses, mosses and lichens; suitable for bouquets or for ornamental purposes, dried, dyed, bleached, impregnated or otherwise prepared"
07,2,TOTAL,II,Vegetables and certain roots and tubers; edible
0701,4,07,II,Potatoes; fresh or chilled
070110,6,0701,II,"Vegetables; seed potatoes, fresh or chilled"
070190,6,0701,II,"Vegetables; potatoes (other than seed), fresh or chilled"
0702,4,07,II,Tomatoes; fresh or chilled
070200,6,0702,II,"Vegetables; tomatoes, fresh or chilled"
0703,4,07,II,"Onions, shallots, garlic, leeks and other alliaceous vegetables; fresh or chilled"
070310,6,0703,II,"Vegetables, alliaceous; onions and shallots, fresh or chilled"
070320,6,0703,II,"Vegetables, alliaceous; garlic, fresh or chilled"
070390,6,0703,II,"Vegetables, alliaceous; leeks and other kinds n.e.c. in heading no. 0703, fresh or chilled"
0704,4,07,II,"Cabbages, cauliflowers, kohlrabi, kale and similar edible brassicas; fresh or chilled"
070410,6,0704,II,"Vegetables, brassica; cauliflowers and broccoli, fresh or chilled"
070420,6,0704,II,"Vegetables, brassica; brussel sprouts, fresh or chilled"
070490,6,0704,II,"Vegetables, brassica; edible, n.e.c. in heading no. 0704, fresh or chilled"
0705,4,07,II,Lettuce (lactuca sativa) and chicory (cichorium spp.) fresh or chilled
070511,6,0705,II,"Vegetables; cabbage (head) lettuce (lactuca sativa), fresh or chilled"
070519,6,0705,II,"Vegetables; lettuce (lactuca sativa), (other than cabbage lettuce), fresh or chilled"
070521,6,0705,II,"Vegetables; witloff chicory (cichorium intybus var. foliosum), fresh or chilled"
070529,6,0705,II,"Vegetables; chicory (cichorium spp.), (other than witloof chicory), fresh or chilled"
0706,4,07,II,"Carrots, turnips, salad beetroot, salsify, celeriac, radishes and similar edible roots; fresh or chilled"
070610,6,0706,II,"Vegetables, root; carrots and turnips, fresh or chilled"
070690,6,0706,II,"Vegetables, root; salad beetroot, salsify, celeric, radishes and similar edible roots, fresh or chilled"
0707,4,07,II,Cucumbers and gherkins; fresh or chilled
070700,6,0707,II,"Vegetables; cucumbers and gherkins, fresh or chilled"
0708,4,07,II,"Leguminous vegetables; shelled or unshelled, fresh or chilled"
070810,6,0708,II,"Vegetables, leguminous; peas (pisum sativum), shelled or unshelled, fresh or chilled"
070820,6,0708,II,"Vegetables, leguminous; beans (vigna spp., phaseolus spp.), shelled or unshelled, fresh or chilled"
070890,6,0708,II,"Vegetables, leguminous; (other than peas and beans), shelled or unshelled, fresh or chilled"
0709,4,07,II,"Vegetables; n.e.c. in chapter 07, fresh or chilled"
070920,6,0709,II,"Vegetables; asparagus, fresh or chilled"
070930,6,0709,II,"Vegetables; aubergines, (e.g. plants), fresh or chilled"
070940,6,0709,II,"Vegetables; celery (other than celeriac), fresh or chilled"
070951,6,0709,II,"Vegetables; mushrooms of the genus Agaricus, fresh or chilled"
070952,6,0709,II,"Vegetables; mushrooms of the genus Boletus, fresh or chilled"
070953,6,0709,II,"Vegetables; mushrooms of the genus Cantharellus, fresh or chilled"
070954,6,0709,II,"Vegetables; shiitake mushrooms (Lentinus edodes), fresh or chilled"
070955,6,0709,II,"Vegetables; matsutake mushrooms (Tricholoma matsutake, Tricholoma magnivelare, Tricholoma anatolicum, Tricholoma dulciolens, Tricholoma caligatum), fresh or chilled"
070956,6,0709,II,"Vegetables; truffles (Tuber spp.), fresh or chilled"
070959,6,0709,II,"Vegetables; truffles and mushrooms n.e.c. in heading 0709, fresh or chilled"
070960,6,0709,II,"Vegetables; fruits of the genus capsicum or of the genus pimenta, fresh or chilled"
070970,6,0709,II,"Vegetables; spinach, New Zealand spinach and orache spinach (garden spinach), fresh or chilled"
070991,6,0709,II,"Vegetables; globe artichokes, fresh or chilled"
070992,6,0709,II,"Vegetables; olives, fresh or chilled"
070993,6,0709,II,"Vegetables; pumpkins, squash and gourds (Cucurbita spp.), fresh or chilled"
070999,6,0709,II,"Vegetables; edible, n.e.c. in chapter 07, fresh or chilled"
0710,4,07,II,Vegetables (uncooked or cooked by steaming or boiling in water); frozen
071010,6,0710,II,"Vegetables; potatoes, uncooked or cooked by steaming or boiling in water, frozen"
071021,6,0710,II,"Vegetables, leguminous; peas (pisum sativum), shelled or unshelled, uncooked or cooked by steaming or boiling in water, frozen"
071022,6,0710,II,"Vegetables, leguminous; beans (vigna spp., phaseolus spp.), shelled or unshelled, uncooked or cooked by steaming or boiling in water, frozen"
071029,6,0710,II,"Vegetables, leguminous; (other than peas or beans), shelled or unshelled, uncooked or cooked by steaming or boiling in water, frozen"
071030,6,0710,II,"Vegetables; spinach, New Zealand spinach and orache spinach (garden spinach), uncooked or cooked by steaming or boiling in water, frozen"
071040,6,0710,II,"Vegetables; sweetcorn, uncooked or cooked by steaming or boiling in water, frozen"
071080,6,0710,II,"Vegetables; uncooked or cooked by steaming or boiling in water, n.e.c. in heading no. 0710, frozen"
071090,6,0710,II,"Vegetable mixtures; uncooked or cooked by steaming or boiling in water, frozen"
0711,4,07,II,"Vegetables provisionally preserved, but unsuitable in that state for immediate consumption"
071120,6,0711,II,"Vegetables; olives, provisionally preserved but unsuitable in that state for immediate consumption"
071140,6,0711,II,"Vegetables; cucumbers and gherkins, provisionally preserved but unsuitable in that state for immediate consumption"
071151,6,0711,II,"Vegetables; mushrooms of the genus Agaricus, provisionally preserved but unsuitable in that state for immediate consumption"
071159,6,0711,II,"Vegetables; mushrooms other than of the genus Agaricus, provisionally preserved but unsuitable in that state for immediate consumption"
071190,6,0711,II,"Vegetables and mixed vegetables; n.e.c. in heading no. 0711, provisionally preserved but unsuitable in that state for immediate consumption"
0712,4,07,II,"Vegetables, dried; whole, cut, sliced, broken or in powder, but not further prepared"
071220,6,0712,II,"Vegetables; onions, whole, cut, sliced, broken or in powder but not further prepared, dried"
071231,6,0712,II,"Vegetables; mushrooms of the genus Agaricus, whole, cut, sliced, broken or in powder but not further prepared, dried"
071232,6,0712,II,"Vegetables; wood ears (Auricularia spp), whole, cut, sliced, broken or in powder but not further prepared, dried"
071233,6,0712,II,"Vegetables; jelly fungi (Tremella spp)), whole, cut, sliced, broken or in powder but not further prepared, dried"
071234,6,0712,II,"Vegetables; shiitake mushrooms (Lentinus edodes), whole, cut, sliced, broken or in powder but not further prepared, dried"
071239,6,0712,II,"Vegetables; mushrooms and truffles n.e.c. in item 0712.3, whole, cut, sliced, broken or in powder but not further prepared, dried"
071290,6,0712,II,"Vegetables; mixtures of vegetables n.e.c. in heading no. 0712, whole, cut, sliced, broken or in powder but not further prepared, dried"
0713,4,07,II,"Vegetables, leguminous; shelled, whether or not skinned or split, dried"
071310,6,0713,II,"Vegetables, leguminous; peas (pisum sativum), shelled, whether or not skinned or split, dried"
071320,6,0713,II,"Vegetables, leguminous; chickpeas (garbanzos), shelled, whether or not skinned or split, dried"
071331,6,0713,II,"Vegetables, leguminous; beans of the species vigna mungo (l.) hepper or vigna radiata (l.) wilczek, shelled, whether or not skinned or split, dried"
071332,6,0713,II,"Vegetables, leguminous; small red (adzuki) beans (phaseolus or vigna angularis), shelled, whether or not skinned or split, dried"
071333,6,0713,II,"Vegetables, leguminous; kidney beans, including white pea beans (phaseolus vulgaris), shelled, whether or not skinned or split, dried"
071334,6,0713,II,"Vegetables, leguminous; bambara beans (Vigna subterranea or Voandzeia subterranea), shelled, whether or not skinned or split, dried"
071335,6,0713,II,"Vegetables, leguminous; cow peas (Vigna unguiculata), shelled, whether or not skinned or split, dried"
071339,6,0713,II,"Vegetables, leguminous; n.e.c. in item no. 0713.3, shelled, whether or not skinned or split, dried"
071340,6,0713,II,"Vegetables, leguminous; lentils, shelled, whether or not skinned or split, dried"
071350,6,0713,II,"Vegetables, leguminous; broad beans (vicia faba var. major) and horse beans (vicia faba var. equina, vicia faba var. minor), shelled, whether or not skinned or split, dried"
071360,6,0713,II,"Vegetables, leguminous; pigeon peas (Cajanus cajan), shelled, whether or not skinned or split, dried"
071390,6,0713,II,"Vegetables, leguminous; n.e.c. in heading no. 0713, shelled, whether or not skinned or split, dried"
0714,4,07,II,"Manioc, arrowroot, salep, Jerusalem artichokes, sweet potatoes and similar roots and tubers with high starch or inulin content; fresh, chilled, frozen or dried, whether or not sliced or in the form of pellets; sago pith"
071410,6,0714,II,"Vegetable roots and tubers; manioc (cassava), with high starch or inulin content, fresh, chilled, frozen or dried, whether or not sliced or in the form of pellets"
071420,6,0714,II,"Vegetable roots and tubers; sweet potatoes, with high starch or inulin content, fresh, chilled, frozen or dried, whether or not sliced or in the form of pellets"
071430,6,0714,II,"Vegetable roots and tubers; yams (Dioscorea spp.) with high starch or inulin content, fresh, chilled, frozen or dried, whether or not sliced or in the form of pellets"
071440,6,0714,II,"Vegetable roots and tubers; taro (Colocasia spp.) with high starch or inulin content, fresh, chilled, frozen or dried, whether or not sliced or in the form of pellets"
071450,6,0714,II,"Vegetable roots and tubers; yautia (Xanthosoma spp.) with high starch or inulin content, fresh, chilled, frozen or dried, whether or not sliced or in the form of pellets"
071490,6,0714,II,"Vegetable roots and tubers; arrowroot, salep, Jerusalem artichokes and similar roots and tubers (not manioc, sweet potatoes, yams, taro or yautia), high starch or inulin content, fresh, chilled, frozen, dried, sliced or not, or in pellet form; sago pith"
08,2,TOTAL,II,"Fruit and nuts, edible; peel of citrus fruit or melons"
0801,4,08,II,"Nuts, edible; coconuts, Brazil nuts and cashew nuts, fresh or dried, whether or not shelled or peeled"
080111,6,0801,II,"Nuts, edible; coconuts, desiccated"
080112,6,0801,II,"Nuts, edible; coconuts, in the inner shell (endocarp)"
080119,6,0801,II,"Nuts, edible; coconuts, fresh or dried, other than desiccated or in the inner shell (endocarp)"
080121,6,0801,II,"Nuts, edible; brazil nuts, fresh or dried, in shell"
080122,6,0801,II,"Nuts, edible; brazil nuts, fresh or dried, shelled"
080131,6,0801,II,"Nuts, edible; cashew nuts, fresh or dried, in shell"
080132,6,0801,II,"Nuts, edible; cashew nuts, fresh or dried, shelled"
0802,4,08,II,"Nuts (excluding coconuts, Brazils and cashew nuts); fresh or dried, whether or not shelled or peeled"
080211,6,0802,II,"Nuts, edible; almonds, fresh or dried, in shell"
080212,6,0802,II,"Nuts, edible; almonds, fresh or dried, shelled"
080221,6,0802,II,"Nuts, edible; hazelnuts or filberts (corylus spp.), fresh or dried, in shell"
080222,6,0802,II,"Nuts, edible; hazelnuts or filberts (corylus spp.), fresh or dried, shelled"
080231,6,0802,II,"Nuts, edible; walnuts, fresh or dried, in shell"
080232,6,0802,II,"Nuts, edible; walnuts, fresh or dried, shelled"
080241,6,0802,II,"Nuts, edible; chestnuts (Castanea spp.), fresh or dried, in shell"
080242,6,0802,II,"Nuts, edible; chestnuts (Castanea spp.), fresh or dried, shelled"
080251,6,0802,II,"Nuts, edible; pistachios, fresh or dried, in shell"
080252,6,0802,II,"Nuts, edible; pistachios, fresh or dried, shelled"
080261,6,0802,II,"Nuts, edible; macadamia, fresh or dried, in shell"
080262,6,0802,II,"Nuts, edible; macadamia, fresh or dried, shelled"
080270,6,0802,II,"Nuts, edible; kola nuts (Cola spp.), fresh or dried, whether or not shelled or peeled"
080280,6,0802,II,"Nuts, edible; areca nuts, fresh or dried, whether or not shelled or peeled"
080291,6,0802,II,"Nuts, edible; pine nuts, fresh or dried, in shell"
080292,6,0802,II,"Nuts, edible; pine nuts, fresh or dried, shelled"
080299,6,0802,II,"Nuts, edible; n.e.c. in heading 0801 and 0802, fresh or dried, whether or not shelled or peeled"
0803,4,08,II,"Bananas, including plantains; fresh or dried"
080310,6,0803,II,"Fruit, edible; plantains, fresh or dried"
080390,6,0803,II,"Fruit, edible; bananas, other than plantains, fresh or dried"
0804,4,08,II,"Dates, figs, pineapples, avocados, guavas, mangoes and mangosteens; fresh or dried"
080410,6,0804,II,"Fruit, edible; dates, fresh or dried"
080420,6,0804,II,"Fruit, edible; figs, fresh or dried"
080430,6,0804,II,"Fruit, edible; pineapples, fresh or dried"
080440,6,0804,II,"Fruit, edible; avocados, fresh or dried"
080450,6,0804,II,"Fruit, edible; guavas, mangoes and mangosteens, fresh or dried"
0805,4,08,II,Citrus fruit; fresh or dried
080510,6,0805,II,"Fruit, edible; oranges, fresh or dried"
080521,6,0805,II,"Fruit, edible; mandarins (including tangerines and satsumas), fresh or dried"
080522,6,0805,II,"Fruit, edible; clementines, fresh or dried"
080529,6,0805,II,"Fruit, edible; tangelos, wilkings and similar citrus hybrid, fresh or dried"
080540,6,0805,II,"Fruit, edible; grapefruit and pomelos, fresh or dried"
080550,6,0805,II,"Fruit, edible; lemons (Citrus limon, Citrus limonum), limes (Citrus aurantifolia, Citrus latifolia), fresh or dried"
080590,6,0805,II,"Fruit, edible; citrus fruit n.e.c. in heading no. 0805, fresh or dried"
0806,4,08,II,Grapes; fresh or dried
080610,6,0806,II,"Fruit, edible; grapes, fresh"
080620,6,0806,II,"Fruit, edible; grapes, dried"
0807,4,08,II,Melons (including watermelons) and papaws (papayas); fresh
080711,6,0807,II,"Fruit, edible; watermelons, fresh"
080719,6,0807,II,"Fruit, edible; melons, other than watermelons, fresh"
080720,6,0807,II,"Fruit, edible; papaws (papayas), fresh"
0808,4,08,II,"Apples, pears and quinces; fresh"
080810,6,0808,II,"Fruit, edible; apples, fresh"
080830,6,0808,II,"Fruit, edible; pears, fresh"
080840,6,0808,II,"Fruit, edible; quinces, fresh"
0809,4,08,II,"Apricots, cherries, peaches (including nectarines), plums and sloes, fresh"
080910,6,0809,II,"Fruit, edible; apricots, fresh"
080921,6,0809,II,"Fruit, edible; sour cherries (Prunus cerasus), fresh"
080929,6,0809,II,"Fruit, edible; cherries, other than sour cherries (Prunus cerasus), fresh"
080930,6,0809,II,"Fruit, edible; peaches, including nectarines, fresh"
080940,6,0809,II,"Fruit, edible; plums and sloes, fresh"
0810,4,08,II,"Fruit, fresh; n.e.c. in chapter 08"
081010,6,0810,II,"Fruit, edible; strawberries, fresh"
081020,6,0810,II,"Fruit, edible; raspberries, blackberries, mulberries, and loganberries, fresh"
081030,6,0810,II,"Fruit, edible; black, white or red currants and gooseberries, fresh"
081040,6,0810,II,"Fruit, edible; cranberries, bilberries and other fruits of the genus vaccinium, fresh"
081050,6,0810,II,"Fruit, edible; kiwifruit, fresh"
081060,6,0810,II,"Fruit, edible; durians, fresh"
081070,6,0810,II,"Fruit, edible; persimmons, fresh"
081090,6,0810,II,"Fruit, edible; fruits n.e.c. in heading no. 0801 to 0810, fresh"
0811,4,08,II,"Fruit and nuts; uncooked or cooked by steaming or boiling in water, frozen, whether or not containing added sugar or other sweetening matter"
081110,6,0811,II,"Fruit, edible; strawberries, uncooked or cooked by steaming or boiling in water, frozen, whether or not containing added sugar or other sweetening matter"
081120,6,0811,II,"Fruit, edible; raspberries, blackberries, mulberries, loganberries, black, white or red currants and gooseberries, uncooked or cooked, whether or not containing added sugar or other sweetening matter"
081190,6,0811,II,"Fruit, edible; fruit and nuts n.e.c. in heading no. 0811, uncooked or cooked, frozen whether or not containing added sugar or other sweetening matter"
0812,4,08,II,"Fruit and nuts provisionally preserved, but unsuitable in that state for immediate consumption"
081210,6,0812,II,"Fruit, edible; cherries, provisionally preserved, but unsuitable in that state for immediate consumption"
081290,6,0812,II,"Fruit, edible; fruit and nuts n.e.c. in heading no. 0812, provisionally preserved, but unsuitable in that state for immediate consumption"
0813,4,08,II,"Fruit, dried, other than that of heading no. 0801 to 0806; mixtures of nuts or dried fruits of this chapter"
081310,6,0813,II,"Fruit, edible; apricots, dried"
081320,6,0813,II,"Fruit, edible; prunes, dried"
081330,6,0813,II,"Fruit, edible; apples, dried"
081340,6,0813,II,"Fruit, edible; fruit n.e.c. in heading no. 0812, dried"
081350,6,0813,II,"Nuts, edible; mixtures of nuts or dried fruits of chapter 08"
0814,4,08,II,"Peel of citrus fruit or melons (including watermelons); fresh, frozen dried or provisionally preserved in brine, in sulphur water or in other preservative solutions"
081400,6,0814,II,"Peel; of citrus fruit or melons (including watermelons), fresh, frozen, dried or provisionally preserved in brine, in sulphur water and other preservative solutions"
09,2,TOTAL,II,"Coffee, tea, mate and spices"
0901,4,09,II,"Coffee, whether or not roasted or decaffeinated; husks and skins; coffee substitutes containing coffee in any proportion"
090111,6,0901,II,Coffee; not roasted or decaffeinated
090112,6,0901,II,"Coffee; decaffeinated, not roasted"
090121,6,0901,II,"Coffee; roasted, not decaffeinated"
090122,6,0901,II,"Coffee; roasted, decaffeinated"
090190,6,0901,II,"Coffee; husks and skins, coffee substitutes containing coffee in any proportion"
0902,4,09,II,Tea
090210,6,0902,II,"Tea, green; (not fermented), in immediate packings of a content not exceeding 3kg"
090220,6,0902,II,"Tea, green; (not fermented), in immediate packings of a content exceeding 3kg"
090230,6,0902,II,"Tea, black; (fermented) and partly fermented tea, in immediate packings of a content not exceeding 3kg"
090240,6,0902,II,"Tea, black; (fermented) and partly fermented tea, in immediate packings of a content exceeding 3kg"
0903,4,09,II,Mate
090300,6,0903,II,Mate
0904,4,09,II,Pepper of the genus piper; dried or crushed or ground fruits of the genus capsicum or of the genus pimenta
090411,6,0904,II,"Spices; pepper (of the genus piper), neither crushed nor ground"
090412,6,0904,II,"Spices; pepper (of the genus piper), crushed or ground"
090421,6,0904,II,"Spices; fruits of the genus Capsicum or Pimenta, dried, neither crushed nor ground"
090422,6,0904,II,"Spices; fruits of the genus Capsicum or Pimenta, crushed or ground"
0905,4,09,II,Vanilla
090510,6,0905,II,"Spices; vanilla, neither crushed nor ground"
090520,6,0905,II,"Spices; vanilla, crushed or ground"
0906,4,09,II,Cinnamon and cinnamon-tree flowers
090611,6,0906,II,"Spices; cinnamon (Cinnamomum zeylanicum Blume), neither crushed nor ground"
090619,6,0906,II,"Spices; cinnamon and cinnamon-tree flowers, other than cinnamon (Cinnamomum zeylanicum Blume), neither crushed nor ground"
090620,6,0906,II,"Spices; cinnamon and cinnamon-tree flowers, crushed or ground"
0907,4,09,II,"Cloves (whole fruit, cloves and stems)"
090710,6,0907,II,"Spices; cloves (whole fruit, cloves and stems), neither crushed nor ground"
090720,6,0907,II,"Spices; cloves (whole fruit, cloves and stems), crushed or ground"
0908,4,09,II,"Nutmeg, mace and cardamoms"
090811,6,0908,II,"Spices; nutmeg, neither crushed nor ground"
090812,6,0908,II,"Spices; nutmeg, crushed or ground"
090821,6,0908,II,"Spices; mace, neither crushed nor ground"
090822,6,0908,II,"Spices; mace, crushed or ground"
090831,6,0908,II,"Spices; cardamoms, neither crushed nor ground"
090832,6,0908,II,"Spices; cardamoms, crushed or ground"
0909,4,09,II,"Seeds of anise, badian, fennel, coriander, cumin, caraway or juniper"
090921,6,0909,II,"Spices; coriander seeds, neither crushed nor ground"
090922,6,0909,II,"Spices; coriander seeds, crushed or ground"
090931,6,0909,II,"Spices; cumin seeds, neither crushed nor ground"
090932,6,0909,II,"Spices; cumin seeds, crushed or ground"
090961,6,0909,II,"Spices; seeds of anise, badian, caraway or fennel; juniper berries, neither crushed nor ground"
090962,6,0909,II,"Spices; seeds of anise, badian, caraway or fennel; juniper berries, crushed or ground"
0910,4,09,II,"Ginger, saffron, tumeric (curcuma), thyme, bay leaves, curry and other spices"
091011,6,0910,II,"Spices; ginger, neither crushed nor ground"
091012,6,0910,II,"Spices; ginger, crushed or ground"
091020,6,0910,II,Spices; saffron
091030,6,0910,II,Spices; turmeric (curcuma)
091091,6,0910,II,Spices; mixtures of 2 or more products of different headings
091099,6,0910,II,Spices; n.e.c. in heading no. 0910
10,2,TOTAL,II,Cereals
1001,4,10,II,Wheat and meslin
100111,6,1001,II,"Cereals; wheat and meslin, durum wheat, seed"
100119,6,1001,II,"Cereals; wheat and meslin, durum wheat, other than seed"
100191,6,1001,II,"Cereals; wheat and meslin, other than durum wheat, seed"
100199,6,1001,II,"Cereals; wheat and meslin, other than durum wheat, other than seed"
1002,4,10,II,Rye
100210,6,1002,II,"Cereals; rye, seed"
100290,6,1002,II,"Cereals; rye, other than seed"
1003,4,10,II,Barley
100310,6,1003,II,"Cereals; barley, seed"
100390,6,1003,II,"Cereals; barley, other than seed"
1004,4,10,II,Oats
100410,6,1004,II,"Cereals; oats, seeds"
100490,6,1004,II,"Cereals; oats, other than seed"
1005,4,10,II,Maize (corn)
100510,6,1005,II,"Cereals; maize (corn), seed"
100590,6,1005,II,"Cereals; maize (corn), other than seed"
1006,4,10,II,Rice
100610,6,1006,II,Cereals; rice in the husk (paddy or rough)
100620,6,1006,II,Cereals; husked (brown) rice
100630,6,1006,II,"Cereals; rice, semi-milled or wholly milled, whether or not polished or glazed"
100640,6,1006,II,"Cereals; rice, broken"
1007,4,10,II,Grain sorghum
100710,6,1007,II,"Cereals; grain sorghum, seed"
100790,6,1007,II,"Cereals; grain sorghum, other than seed"
1008,4,10,II,"Buckwheat, millet and canary seeds; other cereals"
100810,6,1008,II,Cereals; buckwheat
100821,6,1008,II,"Cereals; millet, seed"
100829,6,1008,II,"Cereals; millet, other than seed"
100830,6,1008,II,Cereals; canary seeds
100840,6,1008,II,Cereals; fonio (Digitaria spp.)
100850,6,1008,II,Cereals; quinoa (Chenopodium quinoa)
100860,6,1008,II,Cereals; triticale
100890,6,1008,II,Cereals; n.e.c. in chapter 10
11,2,TOTAL,II,"Products of the milling industry; malt, starches, inulin, wheat gluten"
1101,4,11,II,Wheat or meslin flour
110100,6,1101,II,Wheat or meslin flour
1102,4,11,II,Cereal flours; other than of wheat or meslin
110220,6,1102,II,Cereal flour; of maize (corn)
110290,6,1102,II,"Cereal flours; other than wheat, meslin, and maize (corn)"
1103,4,11,II,Cereal groats; meal and pellets
110311,6,1103,II,Cereal groats and meal; of wheat
110313,6,1103,II,Cereal groats and meal; of maize (corn)
110319,6,1103,II,Cereal groats and meal; n.e.c. in heading no. 1103
110320,6,1103,II,Cereal pellets
1104,4,11,II,"Cereal grains otherwise worked (e.g. hulled, rolled, flaked, pearled, sliced or kibbled) except rice of heading no. 1006; germ of cereals whole, rolled, flaked or ground"
110412,6,1104,II,"Cereal grains; rolled or flaked, of oats"
110419,6,1104,II,"Cereal grains; rolled or flaked, other than oats"
110422,6,1104,II,"Cereal grains; worked (e.g. hulled, pearled, sliced or kibbled) of oats"
110423,6,1104,II,"Cereal grains; worked (e.g. hulled, pearled, sliced or kibbled) of maize (corn)"
110429,6,1104,II,"Cereal grains; worked, other than rolled or flaked (e.g. Hulled, pearled, sliced or kibbled) of cereals, excluding oats and maize, and rice of heading no.1006"
110430,6,1104,II,"Cereal; germ of cereals, whole, rolled, flaked or ground"
1105,4,11,II,"Flour, meal, powder, flakes, granules and pellets of potatoes"
110510,6,1105,II,"Flour, meal and powder; of potatoes"
110520,6,1105,II,"Flakes, granules and pellets; of potatoes"
1106,4,11,II,"Flour, meal and powder; of the dried leguminous vegetables of heading no. 0713, of sago or of roots or tubers of heading no. 0714 or of the products of chapter 8"
110610,6,1106,II,"Flour, meal and powder; of the dried leguminous vegetables of heading no. 0713"
110620,6,1106,II,"Flour, meal and powder; of sago or of roots or tubers of heading no. 0714"
110630,6,1106,II,"Flour, meal and powder; of the products of chapter 8"
1107,4,11,II,Malt; whether or not roasted
110710,6,1107,II,Malt; not roasted
110720,6,1107,II,Malt; roasted
1108,4,11,II,Starches; inulin
110811,6,1108,II,Starch; wheat
110812,6,1108,II,Starch; maize (corn) starch
110813,6,1108,II,Starch; potato
110814,6,1108,II,Starch; manioc (cassava)
110819,6,1108,II,Starch; n.e.c. in item no. 1108.11 to 1108.14
110820,6,1108,II,Inulin
1109,4,11,II,Wheat gluten; whether or not dried
110900,6,1109,II,Wheat gluten; whether or not dried
12,2,TOTAL,II,"Oil seeds and oleaginous fruits; miscellaneous grains, seeds and fruit, industrial or medicinal plants; straw and fodder"
1201,4,12,II,"Soya beans, whether or not broken"
120110,6,1201,II,"Soya beans; seed, whether or not broken"
120190,6,1201,II,"Soya beans; other than seed, whether or not broken"
1202,4,12,II,"Ground-nuts; not roasted or otherwise cooked, whether or not shelled or broken"
120230,6,1202,II,"Ground-nuts; seed, not roasted or otherwise cooked, whether or not shelled or broken"
120241,6,1202,II,"Ground-nuts; other than seed, not roasted or otherwise cooked, in shell"
120242,6,1202,II,"Ground-nuts; other than seed, not roasted or otherwise cooked, shelled, whether or not broken,"
1203,4,12,II,Copra
120300,6,1203,II,Copra
1204,4,12,II,"Oil seeds; linseed, whether or not broken"
120400,6,1204,II,"Oil seeds; linseed, whether or not broken"
1205,4,12,II,Rape or colza seeds; whether or not broken
120510,6,1205,II,"Oil seeds; low erucic acid rape or colza seeds, whether or not broken"
120590,6,1205,II,"Oil seeds; rape or colza seeds, other than low erucic, whether or not broken"
1206,4,12,II,Sunflower seeds; whether or not broken
120600,6,1206,II,"Oil seeds; sunflower seeds, whether or not broken"
1207,4,12,II,"Oil seeds and oleaginous fruits, n.e.c. in chapter 12; whether or not broken"
120710,6,1207,II,"Oil seeds; palm nuts and kernels, whether or not broken"
120721,6,1207,II,"Oil seeds; cotton seeds, seed, whether or not broken"
120729,6,1207,II,"Oil seeds; cotton seeds, other than seed, whether or not broken"
120730,6,1207,II,"Oil seeds; castor oil seeds, whether or not broken"
120740,6,1207,II,"Oil seeds; sesamum seeds, whether or not broken"
120750,6,1207,II,"Oil seeds; mustard seeds, whether or not broken"
120760,6,1207,II,"Oil seeds; safflower (Carthamus tinctorius) seeds, whether or not broken"
120770,6,1207,II,"Oil seeds; melon seeds, whether or not broken"
120791,6,1207,II,"Oil seeds; poppy seeds, whether or not broken"
120799,6,1207,II,"Oil seeds and oleaginous fruits; n.e.c. in heading no. 1207, whether or not broken"
1208,4,12,II,Flours and meals of oil seeds or oleaginous fruits; other than those of mustard
120810,6,1208,II,Flours and meals; of soya beans
120890,6,1208,II,Flours and meals of oil seeds or oleaginous fruits; excluding soya beans and mustard seeds
1209,4,12,II,"Seeds, fruit and spores; of a kind used for sowing"
120910,6,1209,II,"Seed; sugar beet seeds, of a kind used for sowing"
120921,6,1209,II,"Seeds of forage plants; lucerne (alfalfa) seeds, of a kind used for sowing"
120922,6,1209,II,"Seeds of forage plants; clover (Trifolium spp.) seeds, of a kind used for sowing"
120923,6,1209,II,"Seeds of forage plants; fescue seeds, of a kind used for sowing"
120924,6,1209,II,"Seeds of forage plants; Kentucky blue grass (Poa pratensis L.) seeds, of a kind used for sowing"
120925,6,1209,II,"Seeds of forage plants; rye grass (Lolium multiflorum Lam., Lolium perenne L.) seeds, of a kind used for sowing"
120929,6,1209,II,"Seeds of forage plants; other than lucerne, clover, fescue, Kentucky blue grass, and rye grass seeds, of a kind used for sowing"
120930,6,1209,II,"Seeds of herbaceous plants; cultivated principally for their flowers, of a kind used for sowing"
120991,6,1209,II,"Seeds; vegetable seeds, of a kind used for sowing"
120999,6,1209,II,"Seeds; n.e.c. in heading 1209, of a kind used for sowing"
1210,4,12,II,"Hop cones, fresh or dried, whether or not ground, powdered or in the form of pellets; lupulin"
121010,6,1210,II,Hop cones; neither ground nor powdered nor in the form of pellets
121020,6,1210,II,"Hop cones; ground, powdered or in the form of pellets; lupulin"
1211,4,12,II,"Plants and parts of plants (including seeds and fruits), of a kind used primarily in perfumery, in pharmacy or for insecticidal, fungicidal or similar purposes, fresh, chilled, frozen or dried, whether or not cut, crushed or powdered"
121120,6,1211,II,"Ginseng roots, of a kind used primarily in perfumery, in pharmacy or for insecticidal, fungicidal or similar purposes, fresh, chilled, frozen or dried, whether or not cut, crushed or powdered"
121130,6,1211,II,"Coca leaf; of a kind used primarily in perfumery, in pharmacy or for insecticidal, fungicidal or similar purposes, fresh, chilled, frozen or dried, whether or not cut, crushed or powdered"
121140,6,1211,II,"Poppy straw; of a kind used primarily in perfumery, in pharmacy or for insecticidal, fungicidal or similar purposes, fresh, chilled, frozen or dried, whether or not cut, crushed or powdered"
121150,6,1211,II,"Ephedra, of a kind used primarily in perfumery, in pharmacy or for insecticidal, fungicidal or similar purposes, fresh, chilled, frozen or dried, whether or not cut, crushed or powdered"
121160,6,1211,II,"Bark of African cherry (Prunus africana); of a kind used primarily in perfumery, in pharmacy or for insecticidal, fungicidal or similar purposes, fresh, chilled, frozen or dried, whether or not cut, crushed or powdered"
121190,6,1211,II,"Plants and parts (including seeds and fruits) n.e.c. in heading no. 1211, of a kind used primarily in perfumery, in pharmacy or for insecticidal, fungicidal or similar purposes, fresh, chilled, frozen or dried, whether or not cut, crushed or powdered"
1212,4,12,II,"Locust beans, seaweeds and other algae, sugar beet, sugar cane, fresh, chilled, frozen or dried, whether or not ground; fruit stones, kernels and other vegetable products (including unroasted chicory roots) used primarily for human consumption, n.e.c."
121221,6,1212,II,"Seaweeds and other algae; fit for human consumption, fresh, chilled, frozen or dried, whether or not ground"
121229,6,1212,II,"Seaweeds and other algae; not fit for human consumption, fresh, chilled, frozen or dried, whether or not ground"
121291,6,1212,II,"Sugar beet; fit for human consumption, fresh, chilled, frozen or dried, whether or not ground"
121292,6,1212,II,"Locust beans (carob); fit for human consumption, fresh, chilled, frozen or dried, whether or not ground"
121293,6,1212,II,"Sugar cane; fit for human consumption, fresh, chilled, frozen or dried, whether or not ground"
121294,6,1212,II,"Chicory roots (Chicorium intybus sativum); fit for human consumption, fresh, chilled, frozen or dried, whether or not ground"
121299,6,1212,II,"Vegetable products; fit for human consumption, n.e.c. in heading no. 1212, fresh, chilled, frozen or dried, whether or not ground"
1213,4,12,II,"Cereal straw and husks, unprepared; whether or not chopped, ground, pressed or in the form of pellets"
121300,6,1213,II,"Cereal straw and husks; unprepared, whether or not chopped, ground, pressed or in the form of pellets"
1214,4,12,II,"Swedes, mangolds, fodder roots, hay, lucerne (alfalfa), clover, sainfoin, forage kale, lupines, vetches and similar forage products, whether or not in the form of pellets"
121410,6,1214,II,Lucerne (alfalfa) meal and pellets
121490,6,1214,II,"Forage products including swedes, mangolds, fodder roots, hay, sainfoin, clover, forage kale, lupines, vetches etc., pelletised or otherwise"
13,2,TOTAL,II,"Lac; gums, resins and other vegetable saps and extracts"
1301,4,13,II,"Lac; natural gums, resins, gum-resins and oleoresins (for example, balsams)"
130120,6,1301,II,Gum Arabic
130190,6,1301,II,"Natural gums, resins, gum-resins and oleoresins, n.e.c. in heading no. 1301"
1302,4,13,II,"Vegetable saps and extracts; pectic substances, pectinates and pectates; agar-agar and other mucilages and thickeners, whether or not modified, derived from vegetable products"
130211,6,1302,II,Vegetable saps and extracts; opium
130212,6,1302,II,Vegetable saps and extracts; of liquorice
130213,6,1302,II,Vegetable saps and extracts; of hops
130214,6,1302,II,Vegetable saps and extracts; of ephedra
130219,6,1302,II,Vegetable saps and extracts; n.e.c. in item no. 1302.1
130220,6,1302,II,Pectic substances; pectinates and pectates
130231,6,1302,II,"Mucilages and thickeners; agar-agar, whether or not modified, derived from vegetable products"
130232,6,1302,II,"Mucilages and thickeners; whether or not modified, derived from locust beans, locust bean seeds or guar seeds"
130239,6,1302,II,"Mucilages and thickeners; whether or not modified, derived from vegetable products, n.e.c. in item no. 1302.3"
14,2,TOTAL,II,Vegetable plaiting materials; vegetable products not elsewhere specified or included
1401,4,14,II,"Vegetable materials of a kind used primarily for plaiting; (e.g. bamboos, rattans, reeds, rushes, osier, raffia, cleaned, bleached or dyed cereal straw and lime bark)"
140110,6,1401,II,Bamboo used primarily for plaiting
140120,6,1401,II,Rattans used primarily for plaiting
140190,6,1401,II,Vegetable materials of a kind used primarily for plaiting; n.e.c. in heading no. 1401
1404,4,14,II,Vegetable products not elsewhere specified or included
140420,6,1404,II,Vegetable products; cotton linters
140490,6,1404,II,Vegetable products; n.e.c. in chapter 14
15,2,TOTAL,III,"Animal, vegetable or microbial fats and oils and their cleavage products; prepared edible fats; animal or vegetable waxes"
1501,4,15,III,"Pig fat (including lard) and poultry fat, other than that of heading 0209 or 1503"
150110,6,1501,III,"Pig fat; lard, other than that of heading 0209 and 1503"
150120,6,1501,III,"Pig fat; not lard, other than that of heading 0209 or 1503"
150190,6,1501,III,Poultry fat; other than that of heading 0209 or 1503
1502,4,15,III,"Fats of bovine animals, sheep or goats, other than those of heading 1503"
150210,6,1502,III,Tallow; other than those of heading 1503
150290,6,1502,III,"Fats of bovine animals, sheep or goats; excluding tallow, and other than those of heading 1503"
1503,4,15,III,"Lard stearin, lard oil, oleostearin, oleo-oil and tallow oil; not emulsified or mixed or otherwise prepared"
150300,6,1503,III,"Lard stearin, lard oil, oleostearin, oleo-oil and tallow oil; not emulsified or mixed or otherwise prepared"
1504,4,15,III,"Fats and oils and their fractions of fish or marine mammals; whether or not refined, but not chemically modified"
150410,6,1504,III,"Oils of fish; fish-liver oils and their fractions, whether or not refined, but not chemically modified"
150420,6,1504,III,"Fats and oils and their fractions; of fish, (excluding liver-oils)"
150430,6,1504,III,Fats and oils and their fractions; of marine mammals
1505,4,15,III,Wool grease and fatty substances derived therefrom (including lanolin)
150500,6,1505,III,Wool grease and fatty substances derived therefrom (including lanolin)
1506,4,15,III,"Animal fats and oils and their fractions; whether or not refined, but not chemically modified, n.e.c. in chapter 15"
150600,6,1506,III,"Animal fats and oils and their fractions; whether or not refined, but not chemically modified, n.e.c. in chapter 15"
1507,4,15,III,"Soya-bean oil and its fractions; whether or not refined, but not chemically modified"
150710,6,1507,III,"Vegetable oils; soya-bean oil and its fractions, crude, whether or not degummed, not chemically modified"
150790,6,1507,III,"Vegetable oils; soya-bean oil and its fractions, other than crude, whether or not refined, but not chemically modified"
1508,4,15,III,"Ground nut oil and its fractions; whether or not refined, but not chemically modified"
150810,6,1508,III,"Vegetable oils; ground-nut oil and its fractions, crude, not chemically modified"
150890,6,1508,III,"Vegetable oils; ground-nut oil and its fractions, other than crude, whether or not refined, but not chemically modified"
1509,4,15,III,"Olive oil and its fractions; whether or not refined, but not chemically modified"
150920,6,1509,III,"Vegetable oils; olive oil and its fractions, extra virgin olive oil, whether or not refined, but not chemically modified"
150930,6,1509,III,"Vegetable oils; olive oil and its fractions, virgin olive oil, whether or not refined, but not chemically modified"
150940,6,1509,III,"Vegetable oils; olive oil and its fractions, virgin olive oils n.e.c. in heading 1509, whether or not refined, but not chemically modified"
150990,6,1509,III,"Vegetable oils; olive oil and its fractions, other than virgin, whether or not refined, but not chemically modified"
1510,4,15,III,"Vegetable oils; oils and their fractions n.e.c. in chapter 15, obtained solely from olives, whether or not refined, but not chemically modified, including blends of these oils or fractions with oils or fractions of heading no. 1509"
151010,6,1510,III,"Vegetable oils; crude olive pomace oil and their fractions, obtained solely from olives, whether or not refined, but not chemically modified"
151090,6,1510,III,"Vegetable oils; oils and their fractions n.e.c. in heading 1510, obtained solely from olives, whether or not refined, but not chemically modified, including blends of these oils or fractions with oils or fractions of heading no. 1509"
1511,4,15,III,"Palm oil and its fractions; whether or not refined, but not chemically modified"
151110,6,1511,III,"Vegetable oils; palm oil and its fractions, crude, not chemically modified"
151190,6,1511,III,"Vegetable oils; palm oil and its fractions, other than crude, whether or not refined, but not chemically modified"
1512,4,15,III,"Sun-flower seed, safflower or cotton-seed oil and their fractions; whether or not refined, but not chemically modified"
151211,6,1512,III,"Vegetable oils; sunflower seed or safflower oil and their fractions, crude, not chemically modified"
151219,6,1512,III,"Vegetable oils; sunflower seed or safflower oil and their fractions, other than crude, whether or not refined, but not chemically modified"
151221,6,1512,III,"Vegetable oils; cotton-seed oil and its fractions; crude, whether or not gossypol has been removed, not chemically modified"
151229,6,1512,III,"Vegetable oils; cotton-seed oil and its fractions, other than crude, whether or not refined, but not chemically modified"
1513,4,15,III,"Coconut (copra), palm kernel or babassu oil and their fractions; whether or not refined but not chemically modified"
151311,6,1513,III,"Vegetable oils; coconut (copra) oil and its fractions, crude, not chemically modified"
151319,6,1513,III,"Vegetable oils; coconut (copra) oil and its fractions, other than crude, whether or not refined, but not chemically modified"
151321,6,1513,III,"Vegetable oils; palm kernel or babassu oil and their fractions, crude, not chemically modified"
151329,6,1513,III,"Vegetable oils; palm kernel or babassu oil and their fractions, other than crude, whether or not refined, but not chemically modified"
1514,4,15,III,"Rape, colza or mustard oil and their fractions; whether or not refined, but not chemically modified"
151411,6,1514,III,"Vegetable oils; low erucic acid rape or colza oil and its fractions, crude"
151419,6,1514,III,"Vegetable oils; low erucic acid rape or colza oil and its fractions, other than crude, but not chemically modified"
151491,6,1514,III,"Vegetable oils; excluding low erucic acid rape or colza oil and its fractions, crude"
151499,6,1514,III,"Vegetable oils; excluding low erucic acid rape or colza oil and its fractions, other than crude, but not chemically modified"
1515,4,15,III,"Fixed vegetable or microbial fats and oils n.e.c. in chapter 15 (including jojoba oil) and their fractions, whether or not refined, but not chemically modified"
151511,6,1515,III,"Vegetable oils; linseed oil and its fractions, crude, not chemically modified"
151519,6,1515,III,"Vegetable oils; linseed oil and its fractions, other than crude, whether or not refined, but not chemically modified"
151521,6,1515,III,"Vegetable oils; maize (corn) oil and its fractions, crude, not chemically modified"
151529,6,1515,III,"Vegetable oils; maize (corn) oil and its fractions, other than crude, whether or not refined, but not chemically modified"
151530,6,1515,III,"Vegetable oils; castor oil and its fractions, whether or not refined, but not chemically modified"
151550,6,1515,III,"Vegetable oils; sesame oil and its fractions, whether or not refined, but not chemically modified"
151560,6,1515,III,"Vegetable oils; microbial fats and oils and their fractions, whether or not refined, but not chemically modified"
151590,6,1515,III,"Fixed vegetable fats and oils and their fractions n.e.c. in heading 1515; other than linseed, maize (corn), castor, sesame, microbial oils, whether or not refined, but not chemically modified"
1516,4,15,III,"Animal, vegetable or microbial fats and oils and their fractions, partly or wholly hydrogenated, inter-esterified, re-esterified or elaidinised, whether or not refined, but not further prepared"
151610,6,1516,III,"Animal fats and oils and their fractions; partly or wholly hydrogenated, inter-esterified, re-esterified or elaidinised, whether or not refined, but not further prepared"
151620,6,1516,III,"Vegetable fats and oils and their fractions; partly or wholly hydrogenated, inter-esterified, re-esterified or elaidinised, whether or not refined, but not further prepared"
151630,6,1516,III,"Microbial fats and oils and their fractions; partly or wholly hydrogenated, inter-esterified, re-esterified or elaidinised, whether or not refined, but not further prepared"
1517,4,15,III,"Margarine; edible mixtures or preparations of animal, vegetable or microbial fats or oils or of fractions of different fats or oils of this Chapter, other than edible fats and oils or their fractions of heading 15.16"
151710,6,1517,III,Margarine; excluding liquid margarine
151790,6,1517,III,"Edible mixtures or preparations of animal, vegetable or microbial fats or oils or of fractions of different fats or oils of this Chapter, n.e.c. in heading 1517, other than edible fats and oils or their fractions of heading 15.16"
1518,4,15,III,"Animal, vegetable or microbial fats, oils and their fractions; boiled, oxidised, dehydrated or otherwise chemically modified, excluding those of heading no. 1516, inedible mixtures or preparations of fats, oils or their fractions, n.e.c. in chapter 15"
151800,6,1518,III,"Animal, vegetable or microbial fats, oils and their fractions; boiled, oxidised, dehydrated or otherwise chemically modified, excluding those of heading no. 1516, inedible mixtures or preparations of fats, oils or their fractions, n.e.c. in chapter 15"
1520,4,15,III,"Glycerol, crude; glycerol waters and glycerol lyes"
152000,6,1520,III,"Glycerol, crude; glycerol waters and glycerol lyes"
1521,4,15,III,"Vegetable waxes (other than triglycerides), beeswax, other insect waxes and spermaceti; whether or not refined or coloured"
152110,6,1521,III,Vegetable waxes (other than triglycerides); whether or not refined or coloured
152190,6,1521,III,"Waxes, other than vegetable, n.e.c. in heading no. 1521; whether or not refined or coloured"
1522,4,15,III,Degras; residues resulting from the treatment of fatty substances or animal or vegetable waxes
152200,6,1522,III,Degras; residues resulting from the treatment of fatty substances or animal or vegetable waxes
16,2,TOTAL,IV,"Meat, fish, crustaceans, molluscs or other aquatic invertebrates, or insects; preparations thereof"
1601,4,16,IV,"Sausages and similar products, of meat, meat offal, blood or insects; food preparations based on these products"
160100,6,1601,IV,"Meat preparations; sausages and similar products, of meat, meat offal, blood or insects, and food preparations based on these products"
1602,4,16,IV,"Prepared or preserved meat, meat offal, blood or insects"
160210,6,1602,IV,"Meat preparations; homogenised preparations of meat, meat offal blood or insects"
160220,6,1602,IV,Meat preparations; of the prepared or preserved liver of any animal (excluding homogenised preparations)
160231,6,1602,IV,"Meat preparations; of turkeys, prepared or preserved meat or meat offal (excluding livers and homogenised preparations)"
160232,6,1602,IV,"Meat preparations; of the poultry of heading no. 0105, (i.e. of fowls of the species Gallus domesticus)"
160239,6,1602,IV,"Meat preparations; of poultry (excluding turkeys), prepared or preserved meat or meat offal (excluding livers and homogenised preparations)"
160241,6,1602,IV,"Meat preparations; of swine, hams and cuts thereof, prepared or preserved (excluding homogenised preparations)"
160242,6,1602,IV,"Meat preparations; of swine, shoulders and cuts thereof, prepared or preserved (excluding homogenised preparations)"
160249,6,1602,IV,"Meat preparations; of swine, meat or meat offal (including mixtures), prepared or preserved, n.e.c. in heading no. 1602"
160250,6,1602,IV,"Meat preparations; of bovine animals, meat or meat offal, prepared or preserved (excluding livers and homogenised preparations)"
160290,6,1602,IV,"Meat preparations; of meat, meat offal or the blood of any animal, n.e.c. in heading no. 1602"
1603,4,16,IV,"Extracts and juices of meat, fish or crustaceans, molluscs or other aquatic invertebrates"
160300,6,1603,IV,"Extracts and juices; of meat, fish or crustaceans, molluscs or other aquatic invertebrates"
1604,4,16,IV,Prepared or preserved fish; caviar and caviar substitutes prepared from fish eggs
160411,6,1604,IV,"Fish preparations; salmon, prepared or preserved, whole or in pieces (but not minced)"
160412,6,1604,IV,"Fish preparations; herrings, prepared or preserved, whole or in pieces (but not minced)"
160413,6,1604,IV,"Fish preparations; sardines, sardinella and brisling or sprats, prepared or preserved, whole or in pieces (but not minced)"
160414,6,1604,IV,"Fish preparations; tunas, skipjack tuna and bonito (Sarda spp.), prepared or preserved, whole or in pieces (but not minced)"
160415,6,1604,IV,"Fish preparations; mackerel, prepared or preserved, whole or in pieces (but not minced)"
160416,6,1604,IV,"Fish preparations; anchovies, prepared or preserved, whole or in pieces (but not minced)"
160417,6,1604,IV,"Fish preparations; eels, prepared or preserved, whole or in pieces (but not minced)"
160418,6,1604,IV,"Fish preparations; shark fins, prepared or preserved, whole or in pieces (but not minced)"
160419,6,1604,IV,"Fish preparations; fish prepared or preserved, whole or in pieces (but not minced), n.e.c. in heading no. 1604"
160420,6,1604,IV,"Fish preparations; fish minced or in forms n.e.c. in heading no. 1604, prepared or preserved"
160431,6,1604,IV,Fish preparations; caviar
160432,6,1604,IV,"Fish preparations; caviar substitutes, prepared from fish eggs"
1605,4,16,IV,"Crustaceans, molluscs and other aquatic invertebrates, prepared or preserved"
160510,6,1605,IV,"Crustacean preparations; crab, prepared or preserved"
160521,6,1605,IV,"Crustacean preparations; shrimps and prawns, prepared or preserved, not in airtight containers"
160529,6,1605,IV,"Crustacean preparations; shrimps and prawns, prepared or preserved, in airtight containers"
160530,6,1605,IV,"Crustacean preparations; lobster, prepared or preserved"
160540,6,1605,IV,"Crustacean preparations; other than crab, shrimps, prawns, and lobsters, prepared or preserved"
160551,6,1605,IV,"Mollusc preparations; oysters, prepared or preserved"
160552,6,1605,IV,"Mollusc preparations; scallops, including queen scallops, prepared or preserved"
160553,6,1605,IV,"Mollusc preparations; mussels, prepared or preserved"
160554,6,1605,IV,"Mollusc preparations; cuttle fish and squid, prepared or preserved"
160555,6,1605,IV,"Mollusc preparations; octopus, prepared or preserved"
160556,6,1605,IV,"Mollusc preparations; clams, cockles and arkshells, prepared or preserved"
160557,6,1605,IV,"Mollusc preparations; abalone, prepared or preserved"
160558,6,1605,IV,"Mollusc preparations; snails, other than sea snails, prepared or preserved"
160559,6,1605,IV,"Mollusc preparations; n.e.c. in item no. 1605.5, preparations such as pastes, sausages, prepared meals and the like"
160561,6,1605,IV,"Aquatic invertebrates; sea cucumbers, prepared or preserved"
160562,6,1605,IV,"Aquatic invertebrates; sea urchins, prepared or preserved"
160563,6,1605,IV,"Aquatic invertebrates; jellyfish, prepared or preserved"
160569,6,1605,IV,"Aquatic invertebrates; other than crustaceans, molluscs, sea cucumbers, sea urchins, and jellyfish, prepared or preserved"
17,2,TOTAL,IV,Sugars and sugar confectionery
1701,4,17,IV,"Cane or beet sugar and chemically pure sucrose, in solid form"
170112,6,1701,IV,"Sugars; beet sugar, raw, in solid form, not containing added flavouring or colouring matter"
170113,6,1701,IV,"Sugars; cane sugar, raw, in solid form, as specified in Subheading Note 2 to this chapter, not containing added flavouring or colouring matter"
170114,6,1701,IV,"Sugars; cane sugar, raw, in solid form, other than as specified in Subheading Note 2 to this chapter, not containing added flavouring or colouring matter"
170191,6,1701,IV,"Sugars; sucrose, chemically pure, in solid form, containing added flavouring or colouring matter"
170199,6,1701,IV,"Sugars; sucrose, chemically pure, in solid form, not containing added flavouring or colouring matter"
1702,4,17,IV,"Sugars, including lactose, maltose, glucose or fructose in solid form; sugar syrups without added flavouring or colouring matter; artificial honey, whether or not mixed with natural honey; caramel"
170211,6,1702,IV,"Sugars; lactose and lactose syrup, containing by weight 99% or more lactose, expressed as anhydrous lactose, calculated on the dry matter"
170219,6,1702,IV,"Sugars; lactose and lactose syrup, containing by weight less than 99% lactose, expressed as anhydrous lactose, calculated on the dry matter"
170220,6,1702,IV,"Sugars; maple sugar, chemically pure, in solid form; maple syrup, not containing added flavouring or colouring matter"
170230,6,1702,IV,"Sugars; glucose and glucose syrup, not containing fructose or containing in the dry state less than 20% by weight of fructose, the syrup not containing added flavouring or colouring matter"
170240,6,1702,IV,"Sugars; glucose and glucose syrup, containing in the dry state at least 20% but less than 50% by weight of fructose, excluding invert sugar, the syrup not containing added flavouring or colouring matter"
170250,6,1702,IV,"Sugars; fructose, chemically pure, in solid form"
170260,6,1702,IV,"Sugars; fructose, other than chemically pure fructose, and fructose syrup (containing in the dry state more than 50% by weight of fructose), excluding invert sugar"
170290,6,1702,IV,"Sugars; n.e.c. in heading no. 1702, including invert sugar and other sugar and sugar syrup blends containing, in the dry state, 50% by weight of fructose"
1703,4,17,IV,Molasses; resulting from the extraction or refining of sugar
170310,6,1703,IV,"Sugars; molasses, from sugar cane, resulting from the extraction or refining of sugar"
170390,6,1703,IV,"Sugars; molasses, from sugar beet, resulting from the extraction or refining of sugar"
1704,4,17,IV,"Sugar confectionery (including white chocolate), not containing cocoa"
170410,6,1704,IV,"Sugar confectionery; chewing gum, whether or not sugar-coated, not containing cocoa"
170490,6,1704,IV,"Sugar confectionery; (excluding chewing gum, including white chocolate), not containing cocoa"
18,2,TOTAL,IV,Cocoa and cocoa preparations
1801,4,18,IV,"Cocoa beans; whole or broken, raw or roasted"
180100,6,1801,IV,"Cocoa beans; whole or broken, raw or roasted"
1802,4,18,IV,"Cocoa; shells, husks, skins and other cocoa waste"
180200,6,1802,IV,"Cocoa; shells, husks, skins and other cocoa waste"
1803,4,18,IV,Cocoa; paste; whether or not defatted
180310,6,1803,IV,"Cocoa; paste, not defatted"
180320,6,1803,IV,"Cocoa; paste, wholly or partly defatted"
1804,4,18,IV,"Cocoa; butter, fat and oil"
180400,6,1804,IV,"Cocoa; butter, fat and oil"
1805,4,18,IV,"Cocoa; powder, not containing added sugar or other sweetening matter"
180500,6,1805,IV,"Cocoa; powder, not containing added sugar or other sweetening matter"
1806,4,18,IV,Chocolate and other food preparations containing cocoa
180610,6,1806,IV,"Cocoa; powder, containing added sugar or other sweetening matter"
180620,6,1806,IV,"Chocolate & other food preparations containing cocoa; in blocks, slabs or bars weighing more than 2kg or in liquid, paste, powder, granular or other bulk form in containers or immediate packings, content exceeding 2kg"
180631,6,1806,IV,"Chocolate and other food preparations containing cocoa; in blocks, slabs or bars, filled, weighing 2kg or less"
180632,6,1806,IV,"Chocolate and other food preparations containing cocoa; in blocks, slabs or bars, (not filled), weighing 2kg or less"
180690,6,1806,IV,Chocolate and other food preparations containing cocoa; n.e.c. in chapter 18
19,2,TOTAL,IV,"Preparations of cereals, flour, starch or milk; pastrycooks' products"
1901,4,19,IV,"Malt extract; flour/groats/meal/starch/malt extract products, no cocoa (or less than 40% by weight) and food preparations of goods of headings 04.01 to 04.04, no cocoa (or less than 5% by weight), weights calculated on a totally defatted basis, n.e.c."
190110,6,1901,IV,"Food preparations; of flour, meal, starch, malt extract or milk products, suitable for infants or young children, put up for retail sale"
190120,6,1901,IV,"Food preparations; mixes and doughs for the preparation of bread, pastry, cakes, biscuits and other bakers' wares"
190190,6,1901,IV,"Food preparations; of flour, meal, starch, malt extract or milk products, for uses n.e.c. in heading no. 1901"
1902,4,19,IV,"Pasta; whether or not cooked or stuffed with meat or other substance, or otherwise prepared, egg spaghetti, macaroni, noodles, lasagne, gnocchi, ravioli, cannelloni; couscous, whether or not prepared"
190211,6,1902,IV,"Food preparations; pasta, containing eggs, uncooked, not stuffed or otherwise prepared"
190219,6,1902,IV,"Food preparations; pasta, uncooked (excluding that containing eggs), not stuffed or otherwise prepared"
190220,6,1902,IV,"Food preparations; pasta, stuffed (with meat or other substances), whether or not cooked or otherwise prepared"
190230,6,1902,IV,"Food preparations; pasta (excluding stuffed), cooked or otherwise prepared"
190240,6,1902,IV,Food preparations; couscous
1903,4,19,IV,"Tapioca and substitutes therefor prepared from starch; in the form of flakes, grains, pearls, siftings or similar forms"
190300,6,1903,IV,"Food preparations; tapioca and substitutes thereof, prepared from starch in the form of flakes, grains, pearls, siftings or similar"
1904,4,19,IV,"Prepared foods obtained by swelling or roasting cereals or cereal products (e.g. corn flakes); cereals (other than maize (corn)) in grain form or in the form of flakes or other worked grains (not flour and meal), pre-cooked or otherwise prepared, n.e.c."
190410,6,1904,IV,Food preparations; obtained by the swelling or roasting of cereals or cereal products
190420,6,1904,IV,Food preparations; obtained from unroasted cereal flakes or from mixtures of unroasted cereal flakes and roasted cereal flakes or swelled cereals
190430,6,1904,IV,"Prepared foods obtained by the swelling or roasting of cereals or cereal products (e.g. corn flakes); cereals, not maize (corn), in grain form or in the form of flakes or other worked grains, from bulgur wheat"
190490,6,1904,IV,"Food preparations; cereal or cereal products (excluding maize), in grain form, pre-cooked or otherwise prepared"
1905,4,19,IV,"Bread, pastry, cakes, biscuits, other bakers' wares, whether or not containing cocoa; communion wafers, empty cachets suitable for pharmaceutical use, sealing wafers, rice paper and similar products"
190510,6,1905,IV,"Food preparations; crispbread, whether or not containing cocoa"
190520,6,1905,IV,"Food preparations; gingerbread and the like, whether or not containing cocoa"
190531,6,1905,IV,"Food preparations; sweet biscuits, whether or not containing cocoa"
190532,6,1905,IV,"Food preparations; waffles and wafers, whether or not containing cocoa"
190540,6,1905,IV,"Food preparations; rusks, toasted bread and similar toasted products, whether or not containing cocoa"
190590,6,1905,IV,"Food preparations; bakers' wares n.e.c. in heading no. 1605, whether or not containing cocoa; communion wafers, empty cachets suitable for pharmaceutical use, sealing wafers, rice papers and similar products"
20,2,TOTAL,IV,"Preparations of vegetables, fruit, nuts or other parts of plants"
2001,4,20,IV,"Vegetables, fruit, nuts and other edible parts of plants; prepared or preserved by vinegar or acetic acid"
200110,6,2001,IV,"Vegetable preparations; cucumbers and gherkins, prepared or preserved by vinegar or acetic acid"
200190,6,2001,IV,"Vegetable preparations; vegetables, fruit, nuts and other edible parts of plants, prepared or preserved by vinegar or acetic acid (excluding cucumbers and gherkins)"
2002,4,20,IV,Tomatoes; prepared or preserved otherwise than by vinegar or acetic acid
200210,6,2002,IV,"Vegetable preparations; tomatoes, whole or in pieces, prepared or preserved otherwise than by vinegar or acetic acid"
200290,6,2002,IV,"Vegetable preparations; tomatoes, (other than whole or in pieces), prepared or preserved otherwise than by vinegar or acetic acid"
2003,4,20,IV,"Mushrooms and truffles, prepared or preserved other than by vinegar or acetic acid"
200310,6,2003,IV,"Vegetable preparations; mushrooms of the genus Agaricus, prepared or preserved otherwise than by vinegar or acetic acid"
200390,6,2003,IV,"Vegetable preparations; mushrooms and truffles, other than mushrooms of the genus Agaricus, prepared or preserved otherwise than by vinegar or acetic acid"
2004,4,20,IV,"Vegetables preparations n.e.c.; prepared or preserved otherwise than by vinegar or acetic acid, frozen, other than products of heading no. 2006"
200410,6,2004,IV,"Vegetable preparations; potatoes, prepared or preserved otherwise than by vinegar or acetic acid, frozen"
200490,6,2004,IV,"Vegetable preparations; vegetables and mixtures of vegetables (excluding potatoes), prepared or preserved otherwise than by vinegar or acetic acid, frozen"
2005,4,20,IV,"Vegetables preparations n.e.c.; prepared or preserved otherwise than by vinegar or acetic acid, not frozen, other than products of heading no. 2006"
200510,6,2005,IV,"Vegetable preparations; homogenised vegetables, prepared or preserved otherwise than by vinegar or acetic acid, not frozen"
200520,6,2005,IV,"Vegetable preparations; potatoes, prepared or preserved otherwise than by vinegar or acetic acid, not frozen"
200540,6,2005,IV,"Vegetable preparations; peas (pisum sativum), prepared or preserved otherwise than by vinegar or acetic acid, not frozen"
200551,6,2005,IV,"Vegetable preparations; beans, shelled, prepared or preserved otherwise than by vinegar or acetic acid, not frozen"
200559,6,2005,IV,"Vegetable preparations; beans, (not shelled), prepared or preserved otherwise than by vinegar or acetic acid, not frozen"
200560,6,2005,IV,"Vegetable preparations; asparagus, prepared or preserved otherwise than by vinegar or acetic acid, not frozen"
200570,6,2005,IV,"Vegetable preparations; olives, prepared or preserved otherwise than by vinegar or acetic acid, not frozen"
200580,6,2005,IV,"Vegetable preparations; sweetcorn (zea mays var. saccharata), prepared or preserved otherwise than by vinegar or acetic acid, not frozen"
200591,6,2005,IV,"Vegetable preparations; bamboo shoots, prepared or preserved otherwise than by vinegar or acetic acid, not frozen"
200599,6,2005,IV,"Vegetable preparations; vegetables and mixtures of vegetables n.e.c. in heading no. 2005, prepared or preserved otherwise than by vinegar or acetic acid, not frozen"
2006,4,20,IV,"Vegetables, fruit, nuts, fruit-peel and other parts of plants, preserved by sugar (drained, glace or crystallised)"
200600,6,2006,IV,"Vegetables, fruit, nuts, fruit-peel and other parts of plants, preserved by sugar (drained, glace or crystallised)"
2007,4,20,IV,"Jams, fruit jellies, marmalades, fruit or nut puree and fruit or nut pastes, being cooked preparations; whether or not containing added sugar or other sweetening matter"
200710,6,2007,IV,"Jams, fruit jellies, marmalades, fruit or nut puree and fruit or nut pastes; homogenised, cooked preparations, whether or not containing added sugar or other sweetening matter"
200791,6,2007,IV,"Jams, jellies, marmalades, purees and pastes; of citrus fruit, being cooked preparations (excluding homogenised), whether or not containing added sugar or other sweetening matter"
200799,6,2007,IV,"Jams, fruit jellies, marmalades, purees and pastes; of fruit or nuts n.e.c. in heading no. 2007, cooked preparations (excluding homogenised), whether or not containing added sugar or other sweetening matter"
2008,4,20,IV,"Fruit, nuts and other edible parts of plants; prepared or preserved in ways n.e.c., whether or not containing added sugar or other sweetening matter or spirit, not elsewhere specified or included"
200811,6,2008,IV,"Nuts; ground-nuts, whether or not containing added sugar, other sweetening matter or spirit"
200819,6,2008,IV,"Nuts and other seeds; whether or not containing added sugar, other sweetening matter or spirit (excluding ground-nuts except in mixtures)"
200820,6,2008,IV,"Fruit; pineapples, prepared or preserved in ways n.e.c. in heading no. 2007, whether or not containing added sugar, other sweetening matter or spirit"
200830,6,2008,IV,"Fruit; citrus, prepared or preserved in ways n.e.c. in heading no. 2007, whether or not containing added sugar, other sweetening matter or spirit"
200840,6,2008,IV,"Fruit; pears, prepared or preserved in ways n.e.c. in heading no. 2007, whether or not containing added sugar, other sweetening matter or spirit"
200850,6,2008,IV,"Fruit; apricots, prepared or preserved in ways n.e.c. in heading no. 2007, whether or not containing added sugar, other sweetening matter or spirit"
200860,6,2008,IV,"Fruit; cherries, prepared or preserved in ways n.e.c. in heading no. 2007, whether or not containing added sugar, other sweetening matter or spirit"
200870,6,2008,IV,"Fruit; peaches, including nectarines, prepared or preserved in ways n.e.c. in heading no. 2007 and 2008, whether or not containing added sugar, other sweetening matter or spirit"
200880,6,2008,IV,"Fruit; strawberries, prepared or preserved in ways n.e.c. in heading no. 2007, whether or not containing added sugar, other sweetening matter or spirit"
200891,6,2008,IV,"Fruit, palm hearts; prepared or preserved, whether or not containing added sugar, other sweetening matter or spirit"
200893,6,2008,IV,"Fruit; cranberries (Vaccinium macrocarpon, Vaccinium oxycoccos); Iingonberries (Vaccinium vitis-idaea), prepared or preserved, whether or not containing added sugar, other sweetening matter or spirit"
200897,6,2008,IV,"Fruit, nuts and other edible parts of plants; mixtures (other than those of subheading no 2008.19); prepared or preserved in ways n.e.c. in headings 2007 and 2008, whether or not containing added sugar, or other sweetening matter or spirit, n.e.c."
200899,6,2008,IV,"Fruit, nuts and other edible parts of plants; prepared or preserved, whether or not containing added sugar, other sweetening matter or spirit, n.e.c. in heading no. 2008"
2009,4,20,IV,"Fruit or nut juices (including grape must and coconut water) and vegetable juices, unfermented, not containing added spirit, whether or not containing added sugar or other sweetening matter"
200911,6,2009,IV,"Juice; orange, frozen, unfermented, (not containing added spirit), whether or not containing added sugar or other sweetening matter"
200912,6,2009,IV,"Juice; orange, not frozen, of a Brix value not exceeding 20, unfermented, not containing added spirit, whether or not containing added sugar or other sweetening matter"
200919,6,2009,IV,"Juice; orange, not frozen, of a Brix value exceeding 20, unfermented, not containing added spirit, whether or not containing added sugar or other sweetening matter"
200921,6,2009,IV,"Juice; grapefruit or pomelo, of a Brix value not exceeding 20, unfermented, (not containing added spirit), whether or not containing added sugar or other sweetening matter"
200929,6,2009,IV,"Juice; grapefruit or pomelo, of a Brix value exceeding 20, unfermented, not containing added spirit, whether or not containing added sugar or other sweetening matter"
200931,6,2009,IV,"Juice; of single citrus fruit (excluding orange, grapefruit or pomelo), of a Brix value not exceeding 20, unfermented, not containing added spirit, whether or not containing added sugar or other sweetening matter"
200939,6,2009,IV,"Juice; of single citrus fruit (excluding orange, grapefruit or pomelo), of a Brix value exceeding 20, unfermented, not containing added spirit, whether or not containing added sugar or other sweetening matter"
200941,6,2009,IV,"Juice; pineapple, of a Brix value not exceeding 20, unfermented, (not containing added spirit), whether or not containing added sugar or other sweetening matter"
200949,6,2009,IV,"Juice; pineapple, of a Brix value exceeding 20, unfermented, not containing added spirit, whether or not containing added sugar or other sweetening matter"
200950,6,2009,IV,"Juice; tomato, unfermented, not containing added spirit, whether or not containing added sugar or other sweetening matter"
200961,6,2009,IV,"Juice; grape, of a Brix value not exceeding 30, unfermented, (not containing added spirit), whether or not containing added sugar or other sweetening matter"
200969,6,2009,IV,"Juice; grape, of a Brix value exceeding 30, unfermented, not containing added spirit, whether or not containing added sugar or other sweetening matter"
200971,6,2009,IV,"Juice; apple, of a Brix value not exceeding 20, unfermented, (not containing added spirit), whether or not containing added sugar or other sweetening matter"
200979,6,2009,IV,"Juice; apple, of a Brix value exceeding 20, unfermented, not containing added spirit, whether or not containing added sugar or other sweetening matter"
200981,6,2009,IV,"Juice; cranberry (Vaccinium macrocarpon, Vaccinium oxycoccos); Iingonberry (Vaccinium vitis-idaea), unfermented, not containing added spirit, whether or not containing added sugar or other sweetening matter"
200989,6,2009,IV,"Juice; of any single fruit, nut or vegetable n.e.c. in heading no. 2009, unfermented, not containing added spirit, whether or not containing added sugar or other sweetening matter"
200990,6,2009,IV,"Juices; mixtures of fruits or vegetables (but not nut juice), unfermented, not containing added spirit, whether or not containing added sugar or other sweetening matter"
21,2,TOTAL,IV,Miscellaneous edible preparations
2101,4,21,IV,"Extracts, essences, concentrates of coffee, tea or mate; preparations with a basis of these products or with a basis of coffee, tea or mate; roasted chicory and other roasted coffee substitutes and extracts, essences and concentrates thereof"
210111,6,2101,IV,"Extracts, essences and concentrates; of coffee, and preparations with a basis of these extracts, essences or concentrates or with a basis of coffee"
210112,6,2101,IV,"Preparations with a basis of extracts, essences or concentrates or with a basis of coffee"
210120,6,2101,IV,"Extracts, essences and concentrates; of tea or mate, and preparations with a basis of these extracts, essences or concentrates or with a basis of tea or mate"
210130,6,2101,IV,"Chicory, roasted and other roasted coffee substitutes; extracts, essences and concentrates thereof"
2102,4,21,IV,"Yeasts (active or inactive); other single-cell micro-organisms, dead (but not including vaccines of heading no. 3002); prepared baking powders"
210210,6,2102,IV,Yeasts; active
210220,6,2102,IV,"Yeasts; inactive, other single-cell micro-organisms, dead"
210230,6,2102,IV,Baking powders; prepared
2103,4,21,IV,"Sauces and preparations therefor; mixed condiments and mixed seasonings, mustard flour and meal and prepared mustard"
210310,6,2103,IV,Sauces; soya
210320,6,2103,IV,Sauces; tomato ketchup and other tomato sauces
210330,6,2103,IV,Mustard flour and meal and prepared mustard
210390,6,2103,IV,Sauces and preparations therefor; mixed condiments and mixed seasonings
2104,4,21,IV,Soups and broths and preparations therefor; homogenised composite food preparations
210410,6,2104,IV,Soups and broths and preparations therefor
210420,6,2104,IV,Homogenised composite food preparations
2105,4,21,IV,Ice cream and other edible ice; whether or not containing cocoa
210500,6,2105,IV,Ice cream and other edible ice; whether or not containing cocoa
2106,4,21,IV,Food preparations not elsewhere specified or included
210610,6,2106,IV,Protein; concentrates and textured protein substances
210690,6,2106,IV,Food preparations; n.e.c. in item no. 2106.10
22,2,TOTAL,IV,"Beverages, spirits and vinegar"
2201,4,22,IV,"Waters, including natural or artificial mineral waters and aerated waters, not containing added sugar or other sweetening matter nor flavoured; ice and snow"
220110,6,2201,IV,"Waters; mineral and aerated, including natural or artificial, (not containing added sugar or other sweetening matter nor flavoured)"
220190,6,2201,IV,"Waters; other than mineral and aerated, (not containing added sugar or other sweetening matter nor flavoured), ice and snow"
2202,4,22,IV,"Waters, including mineral and aerated waters, containing added sugar or sweetening matter, flavoured; other non-alcoholic beverages, not including fruit, nut or vegetable juices of heading no. 2009"
220210,6,2202,IV,"Waters; including mineral and aerated, containing added sugar or other sweetening matter or flavoured"
220291,6,2202,IV,Non-alcoholic beverages; non-alcoholic beer
220299,6,2202,IV,"Non-alcoholic beverages; other than non-alcoholic beer, n.e.c. in item no. 2202.10, not including fruit, nut or vegetable juices of heading no. 2009"
2203,4,22,IV,Beer made from malt
220300,6,2203,IV,Beer; made from malt
2204,4,22,IV,"Wine of fresh grapes, including fortified wines; grape must other than that of heading no. 2009"
220410,6,2204,IV,Wine; sparkling
220421,6,2204,IV,"Wine; still, in containers holding 2 litres or less"
220422,6,2204,IV,"Wine; still, in containers holding more than 2 litres but not more than 10 litres"
220429,6,2204,IV,"Wine; still, in containers holding more than 10 litres"
220430,6,2204,IV,"Grape must; n.e.c. in heading no. 2009, n.e.c. in item no. 2204.2"
2205,4,22,IV,"Vermouth and other wine of fresh grapes, flavoured with plants or aromatic substances"
220510,6,2205,IV,"Vermouth and other wine of fresh grapes, flavoured with plants or aromatic substances, in containers holding 2 litres or less"
220590,6,2205,IV,"Vermouth and other wine of fresh grapes, flavoured with plants or aromatic substances, in containers holding more than 2 litres"
2206,4,22,IV,"Fermented beverages, n.e.c. in chapter 22; (e.g. cider, perry, mead, sake)"
220600,6,2206,IV,"Beverages, fermented; (e.g. cider, perry, mead, sake)"
2207,4,22,IV,"Ethyl alcohol, undenatured; of an alcoholic strength by volume of 80% vol. or higher; ethyl alcohol and other spirits, denatured, of any strength"
220710,6,2207,IV,Undenatured ethyl alcohol; of an alcoholic strength by volume of 80% vol. or higher
220720,6,2207,IV,"Ethyl alcohol and other spirits; denatured, of any strength"
2208,4,22,IV,"Ethyl alcohol, undenatured; of an alcoholic strength by volume of less than 80% volume; spirits, liqueurs and other spirituous beverages"
220820,6,2208,IV,Spirits obtained by distilling grape wine or grape marc
220830,6,2208,IV,Whiskies
220840,6,2208,IV,Rum and other spirits obtained by distilling fermented sugar-cane products
220850,6,2208,IV,Gin and geneva
220860,6,2208,IV,Vodka
220870,6,2208,IV,Liqueurs and cordials
220890,6,2208,IV,"Spirits, liqueurs and other spirituous beverages; n.e.c. in heading no. 2208"
2209,4,22,IV,Vinegar and substitutes for vinegar obtained from acetic acid
220900,6,2209,IV,Vinegar and substitutes for vinegar; obtained from acetic acid
23,2,TOTAL,IV,"Food industries, residues and wastes thereof; prepared animal fodder"
2301,4,23,IV,"Flours, meal and pellets, of meat or meat offal, of fish or of crustaceans, molluscs or other aquatic invertebrates, unfit for human consumption; greaves"
230110,6,2301,IV,"Flours, meals and pellets; of meat or meat offal, greaves"
230120,6,2301,IV,"Flours, meals and pellets; of fish or of crustaceans, molluscs or other aquatic invertebrates"
2302,4,23,IV,"Bran, sharps and other residues; whether or not in the form of pellets derived from the sifting, milling or other working of cereals or of leguminous plants"
230210,6,2302,IV,"Bran, sharps and other residues; of maize (corn), whether or not in the form of pellets, derived from the sifting, milling or other workings thereof"
230230,6,2302,IV,"Bran, sharps and other residues; of wheat, whether or not in the form of pellets, derived from the sifting, milling or other workings thereof"
230240,6,2302,IV,"Bran, sharps and other residues; of other cereals, whether or not in the form of pellets, derived from the sifting, milling or other workings thereof"
230250,6,2302,IV,"Bran, sharps and other residues; of leguminous plants, whether or not in the form of pellets, derived from the sifting, milling or other workings thereof"
2303,4,23,IV,"Residues of starch manufacture, similar residues; beet-pulp, bagasse and other waste of sugar manufacture, brewing or distilling dregs and waste, whether or not in the form of pellets"
230310,6,2303,IV,Residues of starch manufacture and similar residues; whether or not in the form of pellets
230320,6,2303,IV,"Beet-pulp, bagasse and other waste of sugar manufacture; whether or not in the form of pellets"
230330,6,2303,IV,Brewing or distilling dregs and waste; whether or not in the form of pellets
2304,4,23,IV,"Oil-cake and other solid residues; whether or not ground or in the form of pellets, resulting from the extraction of soya-bean oil"
230400,6,2304,IV,"Oil-cake and other solid residues; whether or not ground or in the form of pellets, resulting from the extraction of soya-bean oil"
2305,4,23,IV,"Oil-cake and other solid residues; whether or not ground or in the form of pellets, resulting from the extraction of ground-nut oil"
230500,6,2305,IV,"Oil-cake and other solid residues; whether or not ground or in the form of pellets, resulting from the extraction of ground-nut oil"
2306,4,23,IV,"Oil-cake and other solid residues; whether or not ground or in the form of pellets, resulting from the extraction of vegetable or microbial fats or oils, other than those of heading no. 2304 or 2305"
230610,6,2306,IV,"Oil-cake and other solid residues; whether or not ground or in the form of pellets, resulting from the extraction of cotton seed oils"
230620,6,2306,IV,"Oil-cake and other solid residues; whether or not ground or in the form of pellets, resulting from the extraction of linseed oils"
230630,6,2306,IV,"Oil-cake and other solid residues; whether or not ground or in the form of pellets, resulting from the extraction of sunflower seed oils"
230641,6,2306,IV,"Oil-cake and other solid residues; whether or not ground or in the form of pellets, resulting from the extraction of low erucic acid rape or colza seed oils"
230649,6,2306,IV,"Oil-cake and other solid residues; whether or not ground or in the form of pellets, resulting from the extraction of rape seed oils (other than low erucic acid rape or colza)"
230650,6,2306,IV,"Oil-cake and other solid residues; whether or not ground or in the form of pellets, resulting from the extraction of coconut or copra seed oils"
230660,6,2306,IV,"Oil-cake and other solid residues; whether or not ground or in the form of pellets, resulting from the extraction of palm nuts or kernels oils"
230690,6,2306,IV,"Oil-cake and other solid residues; whether or not ground or in the form of pellets, resulting from the extraction of oils, n.e.c. in heading no. 2306"
2307,4,23,IV,Wine lees; argol
230700,6,2307,IV,Wine lees; argol
2308,4,23,IV,"Vegetable materials and vegetable waste, vegetable residues and bi-products; whether or not in the form of pellets, of a kind used in animal feeding, not elsewhere specified or included"
230800,6,2308,IV,"Vegetable materials and vegetable waste, vegetable residues and by-products; whether or not in the form of pellets, of a kind used in animal feeding, not elsewhere specified or included"
2309,4,23,IV,Preparations of a kind used in animal feeding
230910,6,2309,IV,"Dog or cat food; put up for retail sale, used in animal feeding"
230990,6,2309,IV,"Dog or cat food; (not put up for retail sale), used in animal feeding"
24,2,TOTAL,IV,"Tobacco and manufactured tobacco substitutes; products, whether or not containing nicotine, intended for inhalation without combustion; other nicotine containing products intended for the intake of nicotine into the human body"
2401,4,24,IV,"Tobacco, unmanufactured; tobacco refuse"
240110,6,2401,IV,"Tobacco, (not stemmed or stripped)"
240120,6,2401,IV,Tobacco; partly or wholly stemmed or stripped
240130,6,2401,IV,Tobacco refuse
2402,4,24,IV,"Cigars, cheroots, cigarillos and cigarettes; of tobacco or of tobacco substitutes"
240210,6,2402,IV,"Cigars, cheroots and cigarillos; containing tobacco including the weight of every band, wrapper or attachment thereto"
240220,6,2402,IV,Cigarettes; containing tobacco
240290,6,2402,IV,"Cigars, cigarillos and cheroots; containing tobacco substitutes including the weight of every band, wrapper or attachment thereto"
2403,4,24,IV,Manufactured tobacco and manufactured tobacco substitutes n.e.c; homogenised or reconstituted tobacco; tobacco extracts and essences
240311,6,2403,IV,"Tobacco; smoking, water pipe tobacco as specified in Subheading Note 1 to this Chapter, whether or not containing tobacco substitutes in any proportion"
240319,6,2403,IV,"Tobacco; smoking, other than water pipe tobacco, whether or not containing tobacco substitutes in any proportion"
240391,6,2403,IV,Tobacco; homogenised or reconstituted
240399,6,2403,IV,Tobacco; other than homogenised or reconstituted or smoking
2404,4,24,IV,"Products containing tobacco, reconstituted tobacco, nicotine, or tobacco or nicotine substitutes, intended for inhalation without combustion; other nicotine containing products intended for the intake of nicotine into the human body"
240411,6,2404,IV,"Products containing tobacco or reconstituted tobacco, intended for inhalation without combustion"
240412,6,2404,IV,"Products containing nicotine, other than tobacco or reconstituted tobacco, intended for inhalation without combustion"
240419,6,2404,IV,"Products containing tobacco or nicotine substitutes, intended for inhalation without combustion"
240491,6,2404,IV,"Products n.e.c. in heading 2404, intended for the intake of nicotine into the human body, for oral application"
240492,6,2404,IV,"Products n.e.c. in heading 2404, intended for the intake of nicotine into the human body, for transdermal application"
240499,6,2404,IV,"Products n.e.c. in heading 2404, intended for the intake of nicotine into the human body, by ways other than inhalation, and other than oral or transdermal application"
25,2,TOTAL,V,"Salt; sulphur; earths, stone; plastering materials, lime and cement"
2501,4,25,V,Salt (including table salt and denatured salt); pure sodium chloride whether or not in aqueous solution; sea water
250100,6,2501,V,Salt (including table salt and denatured salt); pure sodium chloride whether or not in aqueous solution; sea water
2502,4,25,V,Iron pyrites; unroasted
250200,6,2502,V,Iron pyrites; unroasted
2503,4,25,V,"Sulphur of all kinds; other than sublimed, precipitated and colloidal sulphur"
250300,6,2503,V,"Sulphur of all kinds; other than sublimed, precipitated and colloidal sulphur"
2504,4,25,V,Graphite; natural
250410,6,2504,V,"Graphite; natural, in powder or in flakes"
250490,6,2504,V,"Graphite; natural, in other forms, excluding powder or flakes"
2505,4,25,V,"Sands of all kinds; natural, whether or not coloured, other than metal-bearing sands of chapter 26"
250510,6,2505,V,"Sands; natural, silica and quartz sands, whether or not coloured"
250590,6,2505,V,"Sands; natural, (other than silica and quartz sands), whether or not coloured, (other than metal-bearing sands of chapter 26)"
2506,4,25,V,"Quartz; (other than natural sands), quartzite, whether or not roughly trimmed or merely cut, by sawing or otherwise, into blocks or slabs of a rectangular (including square) shape"
250610,6,2506,V,Quartz; other than natural sands
250620,6,2506,V,"Quartzite; whether or not roughly trimmed or merely cut, by sawing or otherwise, into blocks or slabs of a rectangular (including square) shape"
2507,4,25,V,Kaolin and other kaolinic clays; whether or not calcined
250700,6,2507,V,Kaolin and other kaolinic clays; whether or not calcined
2508,4,25,V,"Clays; (not including expanded clays of heading no. 6806), andalusite kyanite and sillimanite, whether or not calcined; mullite; chamotte or dinas earth"
250810,6,2508,V,"Clays (excluding expanded clays of heading no. 6806); bentonite, whether or not calcined"
250830,6,2508,V,"Clays (excluding expanded clays of heading no. 6806); fireclay, whether or not calcined"
250840,6,2508,V,"Clays (excluding expanded clays of heading no. 6806); n.e.c. in heading no. 2508, whether or not calcined"
250850,6,2508,V,"Clays (excluding expanded clays of heading no. 6806); andalusite, kyanite and sillimanite, whether or not calcined"
250860,6,2508,V,Clays (excluding expanded clays of heading no. 6806); mullite
250870,6,2508,V,Clays (excluding expanded clays of heading no. 6806); chamotte or dinas earths
2509,4,25,V,Chalk
250900,6,2509,V,Chalk
2510,4,25,V,Natural calcium phosphates; natural aluminium calcium phosphates and phosphatic chalk
251010,6,2510,V,"Natural calcium phosphates, natural aluminium calcium phosphates and phosphatic chalk; unground"
251020,6,2510,V,"Natural calcium phosphates, natural aluminium calcium phosphates and phosphatic chalk; ground"
2511,4,25,V,"Natural barium sulphate (barytes); natural barium carbonate, (witherite) whether or not calcined, other than barium oxide of heading no. 2816"
251110,6,2511,V,Barium sulphate (barytes); natural
251120,6,2511,V,"Barium carbonate (witherite); natural, whether or not calcined, other than barium oxide of heading no. 2816"
2512,4,25,V,"Siliceous fossil meals (e.g. kieselguhr, tripolite and diatomite) and similar siliceous earths; whether or not calcined, of an apparent specific gravity of 1 or less"
251200,6,2512,V,"Siliceous fossil meals (e.g. kieselguhr, tripolite and diatomite) and similar siliceous earths; whether or not calcined, of an apparent specific gravity of 1 or less"
2513,4,25,V,"Pumice stone; emery; natural corundum, natural garnet and other natural abrasives, whether or not heat treated"
251310,6,2513,V,"Pumice stone, whether or not heat treated"
251320,6,2513,V,"Emery, natural corundum, natural garnet and other natural abrasives, whether or not heat-treated"
2514,4,25,V,"Slate, whether or not roughly trimmed or merely cut, by sawing or otherwise, into blocks or slabs of a rectangular (including square) shape"
251400,6,2514,V,"Slate; whether or not roughly trimmed or merely cut, by sawing or otherwise, into blocks or slabs of a rectangular (including square) shape"
2515,4,25,V,"Marble, travertine, ecaussine and other calcareous stone; of an apparent specific gravity of less than 2.5, alabaster, whether cut by sawing etc, into blocks, slabs of a rectangular (square) shape"
251511,6,2515,V,"Marble and travertine; having a specific gravity of 2.5 or more, crude or roughly trimmed by sawing or otherwise, into blocks or slabs of a rectangular (including square) shape"
251512,6,2515,V,"Marble and travertine; merely cut, by sawing or otherwise, into blocks or slabs of a rectangular (including square) shape, having a specific gravity of 2.5 or more"
251520,6,2515,V,"Ecaussine and other calcareous monumental or building stone; alabaster, having a specific gravity of 2.5 or more"
2516,4,25,V,"Granite, porphyry, basalt, sandstone, other monumental and building stone, whether or not roughly trimmed, cut, by sawing etc, into blocks or slabs of a rectangular (including square) shape"
251611,6,2516,V,Granite; crude or roughly trimmed
251612,6,2516,V,"Granite; merely cut, by sawing or otherwise, into blocks or slabs of a rectangular (including square) shape"
251620,6,2516,V,"Sandstone;. whether or not roughly trimmed, cut, by sawing etc, into blocks or slabs of a rectangular (including square) shape"
251690,6,2516,V,"Monumental or building stone; n.e.c. in heading no. 2516, whether or not roughly trimmed or merely cut, by sawing or otherwise, into blocks or slabs of a rectangular (including square) shape"
2517,4,25,V,"Pebbles, gravel, crushed stone for concrete aggregates for road or railway ballast, shingle or flint; macadam of slag, dross etc tarred granules, chippings, powder of stones of heading no. 2515 and 2516"
251710,6,2517,V,"Pebbles, gravel, broken or crushed stone; of a kind commonly used for concrete aggregates, for road metalling or for railway or other ballast, shingle and flint, whether or not heat-treated"
251720,6,2517,V,"Macadam of slag, dross or similar industrial waste; whether or not incorporating the materials in Tariff item 2517.10.00"
251730,6,2517,V,Tarred macadam
251741,6,2517,V,"Stones; of marble, in granules, chippings and powder, whether or not heat-treated"
251749,6,2517,V,"Stones; of heading no. 2515 or 2516 (excluding marble), in granules, chippings and powder, whether or not heat-treated"
2518,4,25,V,"Dolomite, whether or not calcined or sintered, including dolomite roughly trimmed or merely cut, by sawing or otherwise, into blocks or slabs of a rectangular (including square) shape"
251810,6,2518,V,"Dolomite, not calcined or sintered; including dolomite roughly trimmed, or merely cut by sawing or otherwise into blocks or slabs of rectangular (including square) shape"
251820,6,2518,V,"Dolomite, calcined or sintered; including dolomite roughly trimmed, or merely cut by sawing or otherwise into blocks or slabs of rectangular (including square) shape"
2519,4,25,V,"Natural magnesium carbonate (magnesite); fused magnesia; dead-burned (sintered) magnesia, whether or not containing small quantities of other oxides added before sintering; magnesium oxide, pure or not"
251910,6,2519,V,Magnesium carbonate (magnesite); natural
251990,6,2519,V,"Magnesia, fused or dead-burned (sintered); whether or not containing small quantities of other oxides added before sintering, other magnesium oxide, whether or not pure, (not natural magnesium carbonate)"
2520,4,25,V,"Gypsum; anhydrite; plasters (consisting of calcined gypsum or calcium sulphate), coloured or not, with or without small quantities of accelerators or retarders"
252010,6,2520,V,Gypsum; anhydrite
252020,6,2520,V,"Plasters; (consisting of calcined gypsum or calcium sulphate), whether or not coloured, with or without small quantities of accelerators or retarders"
2521,4,25,V,"Limestone flux; limestone and other calcareous stone, of a kind used for the manufacture of lime or cement"
252100,6,2521,V,"Limestone flux; limestone and other calcareous stone, of a kind used for the manufacture of lime or cement"
2522,4,25,V,"Quicklime, slaked lime and hydraulic lime; other than calcium oxide and hydroxide of heading no. 2825"
252210,6,2522,V,Quicklime; excluding calcium oxide and hydroxide of heading no. 2825
252220,6,2522,V,Slaked lime; excluding calcium oxide and hydroxide of heading no. 2825
252230,6,2522,V,Hydraulic lime; excluding calcium oxide and hydroxide of heading no. 2825
2523,4,25,V,"Portland cement, aluminous cement (ciment fondu), slag cement, supersulphate cement and similar hydraulic cements, whether or not coloured or in the form of clinkers"
252310,6,2523,V,Cement clinkers (whether or not coloured)
252321,6,2523,V,"Cement; portland, white, whether or not artificially coloured"
252329,6,2523,V,"Cement; portland, other than white, whether or not artificially coloured"
252330,6,2523,V,"Cement; aluminous (ciment fondu), whether or not coloured or in the form of clinkers"
252390,6,2523,V,Cement; hydraulic kinds n.e.c. in heading no. 2523
2524,4,25,V,Asbestos
252410,6,2524,V,Asbestos; crocidolite (blue asbestos)
252490,6,2524,V,Asbestos; other than crocidolite (blue asbestos)
2525,4,25,V,"Mica, including splittings; mica waste"
252510,6,2525,V,Mica; crude and rifted into sheets or splittings
252520,6,2525,V,Mica; powder
252530,6,2525,V,Mica; waste
2526,4,25,V,"Natural steatite; whether or not roughly trimmed or merely cut, by sawing or otherwise, into blocks or slabs of a rectangular (including square) shape; talc"
252610,6,2526,V,"Steatite; natural, (not crushed or powdered), whether or not roughly trimmed or merely cut, by sawing or otherwise, into blocks or slabs of a rectangular (including square) shape; talc"
252620,6,2526,V,"Steatite; natural, crushed, powdered, whether or not roughly trimmed or merely cut, by sawing or otherwise, into blocks or slabs of a rectangular (including square) shape; talc"
2528,4,25,V,"Natural borates and concentrates thereof (whether or not calcined), but not including borates separated from natural brine; natural boric acid containing not more than 85 % of H3BO3 calculated on the dry weight"
252800,6,2528,V,"Natural borates and concentrates thereof (whether or not calcined), but not including borates separated from natural brine; natural boric acid containing not more than 85 % of H3BO3 calculated on the dry weight"
2529,4,25,V,Feldspar; leucite; nepheline and nepheline syenite; fluorspar
252910,6,2529,V,Feldspar
252921,6,2529,V,Fluorspar; containing by weight 97% or less of calcium fluoride
252922,6,2529,V,Fluorspar; containing by weight more than 97% of calcium fluoride
252930,6,2529,V,Leucite; nepheline and nepheline syenite
2530,4,25,V,Mineral substances not elsewhere specified or included
253010,6,2530,V,"Vermiculite, perlite and chlorites; unexpanded"
253020,6,2530,V,"Kieserite, epsomite (natural magnesium sulphates)"
253090,6,2530,V,Mineral substances; n.e.c. in chapter 25
26,2,TOTAL,V,"Ores, slag and ash"
2601,4,26,V,Iron ores and concentrates; including roasted iron pyrites
260111,6,2601,V,Iron ores and concentrates; non-agglomerated
260112,6,2601,V,Iron ores and concentrates; agglomerated (excluding roasted iron pyrites)
260120,6,2601,V,Iron pyrites; roasted
2602,4,26,V,"Manganese ores and concentrates, including ferruginous manganese ores and concentrates with a manganese content of 20% or more, calculated on the dry weight"
260200,6,2602,V,"Manganese ores and concentrates, including ferruginous manganese ores and concentrates with a manganese content of 20% or more, calculated on the dry weight"
2603,4,26,V,Copper ores and concentrates
260300,6,2603,V,Copper ores and concentrates
2604,4,26,V,Nickel ores and concentrates
260400,6,2604,V,Nickel ores and concentrates
2605,4,26,V,Cobalt ores and concentrates
260500,6,2605,V,Cobalt ores and concentrates
2606,4,26,V,Aluminium ores and concentrates
260600,6,2606,V,Aluminium ores and concentrates
2607,4,26,V,Lead ores and concentrates
260700,6,2607,V,Lead ores and concentrates
2608,4,26,V,Zinc ores and concentrates
260800,6,2608,V,Zinc ores and concentrates
2609,4,26,V,Tin ores and concentrates
260900,6,2609,V,Tin ores and concentrates
2610,4,26,V,Chromium ores and concentrates
261000,6,2610,V,Chromium ores and concentrates
2611,4,26,V,Tungsten ores and concentrates
261100,6,2611,V,Tungsten ores and concentrates
2612,4,26,V,Uranium or thorium ores and concentrates
261210,6,2612,V,Uranium ores and concentrates
261220,6,2612,V,Thorium ores and concentrates
2613,4,26,V,Molybdenum ores and concentrates
261310,6,2613,V,Molybdenum ores and concentrates; roasted
261390,6,2613,V,Molybdenum ores and concentrates; other than roasted
2614,4,26,V,Titanium ores and concentrates
261400,6,2614,V,Titanium ores and concentrates
2615,4,26,V,"Niobium, tantalum, vanadium or zirconium ores and concentrates"
261510,6,2615,V,Zirconium ores and concentrates
261590,6,2615,V,"Niobium, tantalum, vanadium ores and concentrates"
2616,4,26,V,Precious metal ores and concentrates
261610,6,2616,V,Silver ores and concentrates
261690,6,2616,V,Precious metal ores and concentrates; (excluding silver)
2617,4,26,V,Ores and concentrates; n.e.c. in heading no. 2601
261710,6,2617,V,Antimony ores and concentrates
261790,6,2617,V,Ores and concentrates n.e.c. in chapter 26; other than antimony
2618,4,26,V,Granulated slag (slag sand) from the manufacture of iron or steel
261800,6,2618,V,"Slag, granulated (slag sand); from the manufacture or iron or steel"
2619,4,26,V,"Slag, dross; (other than granulated slag), scalings and other waste from the manufacture of iron or steel"
261900,6,2619,V,"Slag, dross; (other than granulated slag), scalings and other waste from the manufacture of iron or steel"
2620,4,26,V,"Slag, ash and residues; (not from the manufacture of iron or steel) containing metals, arsenic or their compounds"
262011,6,2620,V,"Slag, ash and residues; (not from the manufacture of iron or steel), containing mainly zinc, hard zinc spelter"
262019,6,2620,V,"Slag, ash and residues; (not from the manufacture of iron or steel), containing mainly zinc, other than hard zinc spelter"
262021,6,2620,V,"Slag, ash and residues; (not from the manufacture of iron or steel), containing mainly lead; leaded gasoline sludges and leaded anti-knock compound sludges"
262029,6,2620,V,"Slag, ash and residues; (not from the manufacture of iron or steel), containing mainly lead; excluding leaded gasoline sludges and leaded anti-knock compound sludges"
262030,6,2620,V,"Slag, ash and residues; (not from the manufacture of iron or steel), containing mainly copper"
262040,6,2620,V,"Slag, ash and residues; (not from the manufacture of iron or steel), containing mainly aluminium"
262060,6,2620,V,"Slag, ash and residues; (not from the manufacture of iron or steel), containing arsenic, mercury, thallium or their mixtures, of a kind used for the extraction of arsenic or those metals or for the manufacture of their chemical compounds"
262091,6,2620,V,"Slag, ash and residues; (not from the manufacture of iron or steel), containing antimony, beryllium, cadmium, chromium or their mixtures"
262099,6,2620,V,"Slag, ash and residues; (not from the manufacture of iron or steel), containing mainly metals or their compounds, n.e.c. in heading no. 2620"
2621,4,26,V,Slag and ash n.e.c. in chapter 26; including seaweed ash (kelp) and ash and residues from the incineration of municipal waste
262110,6,2621,V,Slag and ash; ash and residues from the incineration of municipal waste
262190,6,2621,V,Slag and ash n.e.c. in chapter 26; including seaweed ash (kelp) but excluding ash and residues from the incineration of municipal waste
27,2,TOTAL,V,"Mineral fuels, mineral oils and products of their distillation; bituminous substances; mineral waxes"
2701,4,27,V,"Coal; briquettes, ovoids and similar solid fuels manufactured from coal"
270111,6,2701,V,"Coal; anthracite, whether or not pulverised, but not agglomerated"
270112,6,2701,V,"Coal; bituminous, whether or not pulverised, but not agglomerated"
270119,6,2701,V,"Coal; (other than anthracite and bituminous), whether or not pulverised but not agglomerated"
270120,6,2701,V,"Briquettes, ovoids and similar solid fuels; manufactured from coal"
2702,4,27,V,"Lignite; whether or not agglomerated, excluding jet"
270210,6,2702,V,"Lignite; whether or not pulverised, but not agglomerated, excluding jet"
270220,6,2702,V,"Lignite; agglomerated, excluding jet"
2703,4,27,V,"Peat; (including peat litter), whether or not agglomerated"
270300,6,2703,V,"Peat; (including peat litter), whether or not agglomerated"
2704,4,27,V,"Coke and semi-coke; of coal, lignite or peat, whether or not agglomerated; retort carbon"
270400,6,2704,V,"Coke and semi-coke; of coal, lignite or peat, whether or not agglomerated; retort carbon"
2705,4,27,V,"Coal gas, water gas, producer gas and similar gases, other than petroleum gases and other gaseous hydrocarbons"
270500,6,2705,V,"Gases; coal, water, producer and similar gases (excluding petroleum and other gaseous hydrocarbons)"
2706,4,27,V,"Tar distilled from coal, from lignite, peat and other mineral tars, whether or not dehydrated or partially distilled; including reconstituted tars"
270600,6,2706,V,"Tar; distilled from coal, lignite or peat, and other mineral tars, whether or not dehydrated or partially distilled, including reconstituted tars"
2707,4,27,V,Oils and other products of the distillation of high temperature coal tar; similar products in which the weight of the aromatic constituents exceeds that of the non-aromatic constituents
270710,6,2707,V,Oils and products of the distillation of high temperature coal tar; benzol (benzene)
270720,6,2707,V,Oils and products of the distillation of high temperature coal tar; toluol (toluene)
270730,6,2707,V,Oils and products of the distillation of high temperature coal tar; xylol (xylenes)
270740,6,2707,V,Oils and products of the distillation of high temperature coal tar; naphthalene
270750,6,2707,V,"Aromatic hydrocarbon mixtures; n.e.c. in heading no. 2707, of which 65% or more by volume (including losses) distils at 250 degrees Celsius by the ISO 3405 method (equivalent to the ASTM D 86 method)"
270791,6,2707,V,Oils and other products of the distillation of high temperature coal tar; creosote oils
270799,6,2707,V,Oils and other products of the distillation of high temperature coal tar; n.e.c. in heading no. 2707
2708,4,27,V,Pitch and pitch coke; obtained from coal tar or from other mineral tars
270810,6,2708,V,Pitch; obtained from coal tar or from other mineral tars
270820,6,2708,V,Pitch coke; obtained from coal tar or from other mineral tars
2709,4,27,V,Petroleum oils and oils obtained from bituminous minerals; crude
270900,6,2709,V,"Oils; petroleum oils and oils obtained from bituminous minerals, crude"
2710,4,27,V,"Petroleum oils and oils from bituminous minerals, not crude; preparations n.e.c, containing by weight 70% or more of petroleum oils or oils from bituminous minerals; these being the basic constituents of the preparations; waste oils"
271012,6,2710,V,"Petroleum oils and oils from bituminous minerals, not containing biodiesel, not crude, not waste oils; preparations n.e.c, containing by weight 70% or more of petroleum oils or oils from bituminous minerals; light oils and preparations"
271019,6,2710,V,"Petroleum oils and oils from bituminous minerals, not containing biodiesel, not crude, not waste oils; preparations n.e.c, containing by weight 70% or more of petroleum oils or oils from bituminous minerals; not light oils and preparations"
271020,6,2710,V,"Petroleum oils and oils from bituminous minerals, containing biodiesel, not crude, not waste oils; preparations n.e.c, containing by weight 70% or more of petroleum oils or oils from bituminous minerals"
271091,6,2710,V,"Waste Oils; of petroleum or obtained from bituminous minerals, not crude; and preparations n.e.c., weight 70% or preparations of the same, containing polychlorinated biphenyls (PCBs), polychorinated terphenyls (PCTs) or polybrominated biphenyls (PBBs)"
271099,6,2710,V,"Waste Oils; of petroleum or obtained from bituminous minerals, not crude and preparations n.e.c., weight 70% or preparations of the same, not containing polychlorinated biphenyls (PCBs), polychorinated terphenyls (PCTs) or polybrominated biphenyls (PBBs)"
2711,4,27,V,Petroleum gases and other gaseous hydrocarbons
271111,6,2711,V,"Petroleum gases and other gaseous hydrocarbons; liquefied, natural gas"
271112,6,2711,V,"Petroleum gases and other gaseous hydrocarbons; liquefied, propane"
271113,6,2711,V,"Petroleum gases and other gaseous hydrocarbons; liquefied, butanes"
271114,6,2711,V,"Petroleum gases and other gaseous hydrocarbons; liquefied, ethylene, propylene, butylene and butadiene"
271119,6,2711,V,"Petroleum gases and other gaseous hydrocarbons; liquefied, n.e.c. in heading no. 2711"
271121,6,2711,V,"Petroleum gases and other gaseous hydrocarbons; in gaseous state, natural gas"
271129,6,2711,V,"Petroleum gases and other gaseous hydrocarbons; in gaseous state, other than natural gas"
2712,4,27,V,"Petroleum jelly; paraffin wax, micro-crystalline petroleum wax, slack wax, ozokerite, lignite wax, peat wax, other mineral waxes, similar products obtained by synthesis, other processes; coloured or not"
271210,6,2712,V,Petroleum jelly
271220,6,2712,V,"Paraffin wax; containing by weight less than 0.75% of oil, obtained by synthesis or by other processes, whether or not coloured"
271290,6,2712,V,"Paraffin wax; containing by weight 0.75% or more of oil, obtained by synthesis or by other processes, whether or not coloured"
2713,4,27,V,"Petroleum coke, petroleum bitumen; other residues of petroleum oils or oils obtained from bituminous minerals"
271311,6,2713,V,"Petroleum coke; (not calcined), obtained from bituminous minerals"
271312,6,2713,V,"Petroleum coke; calcined, obtained from bituminous minerals"
271320,6,2713,V,Petroleum bitumen; obtained from bituminous minerals
271390,6,2713,V,Residues; of petroleum oils or of oils obtained from bituminous minerals
2714,4,27,V,"Bitumen and asphalt, natural; bituminous or oil shale and tar sands; asphaltites and asphaltic rocks"
271410,6,2714,V,Bituminous or oil shale and tar sands
271490,6,2714,V,"Bitumen and asphalt, natural; asphaltites and asphaltic rock"
2715,4,27,V,"Bituminous mixtures based on natural asphalt; on natural bitumen, on petroleum bitumen, on mineral tar or on mineral tar pitch (e.g. bituminous mastics, cut-backs)"
271500,6,2715,V,"Bituminous mixtures based on natural asphalt, on natural bitumen, on petroleum bitumen, on mineral tar or on mineral tar pitch (e.g. bituminous mastics, cut-backs)"
2716,4,27,V,Electrical energy
271600,6,2716,V,Electrical energy
28,2,TOTAL,VI,"Inorganic chemicals; organic and inorganic compounds of precious metals; of rare earth metals, of radio-active elements and of isotopes"
2801,4,28,VI,"Fluorine, chlorine, bromine and iodine"
280110,6,2801,VI,Chlorine
280120,6,2801,VI,Iodine
280130,6,2801,VI,Fluorine; bromine
2802,4,28,VI,"Sulphur; sublimed or precipitated, colloidal sulphur"
280200,6,2802,VI,"Sulphur; sublimed or precipitated, colloidal sulphur"
2803,4,28,VI,Carbon; carbon blacks and other forms of carbon n.e.c.
280300,6,2803,VI,Carbon; carbon blacks and other forms of carbon n.e.c.
2804,4,28,VI,"Hydrogen, rare gases and other non-metals"
280410,6,2804,VI,Hydrogen
280421,6,2804,VI,"Gases, rare; argon"
280429,6,2804,VI,"Gases, rare; other than argon"
280430,6,2804,VI,Nitrogen
280440,6,2804,VI,Oxygen
280450,6,2804,VI,Boron; tellurium
280461,6,2804,VI,Silicon; containing by weight not less than 99.99% of silicon
280469,6,2804,VI,Silicon; containing by weight less than 99.99% of silicon
280470,6,2804,VI,Phosphorus
280480,6,2804,VI,Arsenic
280490,6,2804,VI,Selenium
2805,4,28,VI,"Alkali or alkaline-earth metals; rare-earth metals, scandium and yttrium, whether or not intermixed or interalloyed; mercury"
280511,6,2805,VI,Alkali or alkali-earth metals; sodium
280512,6,2805,VI,Alkali or alkali-earth metals; calcium
280519,6,2805,VI,Alkali or alkali-earth metals; other than sodium and calcium
280530,6,2805,VI,"Earth-metals, rare; scandium and yttrium, whether or not intermixed or interalloyed"
280540,6,2805,VI,Mercury
2806,4,28,VI,Hydrogen chloride (hydrochloric acid); chlorosulphuric acid
280610,6,2806,VI,Hydrogen chloride (hydrochloric acid)
280620,6,2806,VI,Chlorosulphuric acid
2807,4,28,VI,Sulphuric acid; oleum
280700,6,2807,VI,Sulphuric acid; oleum
2808,4,28,VI,Nitric acid; sulphonitric acids
280800,6,2808,VI,Nitric acid; sulphonitric acids
2809,4,28,VI,"Diphosphorus pentaoxide; phosphoric acid; polyphosphoric acids, whether or not chemically defined"
280910,6,2809,VI,Diphosphorus pentoxide
280920,6,2809,VI,Phosphoric acid and polyphosphoric acids
2810,4,28,VI,Oxides of boron; boric acids
281000,6,2810,VI,Oxides of boron; boric acids
2811,4,28,VI,Inorganic acids and other inorganic oxygen compounds of non-metals; n.e.c. in heading no. 2806 to 2810
281111,6,2811,VI,Hydrogen fluoride (hydrofluoric acid)
281112,6,2811,VI,Hydrogen cyanide (hydrocyanic acid)
281119,6,2811,VI,Inorganic acids; other than hydrogen fluoride
281121,6,2811,VI,Carbon dioxide
281122,6,2811,VI,Silicon dioxide
281129,6,2811,VI,"Inorganic oxygen compounds; of non-metals, n.e.c. in item no. 2811.2"
2812,4,28,VI,Halides and halide oxides of non-metals
281211,6,2812,VI,Carbonyl dichloride (phosgene)
281212,6,2812,VI,Phosphorus oxychloride
281213,6,2812,VI,Phosphorus trichloride
281214,6,2812,VI,Phosphorus pentachloride
281215,6,2812,VI,Sulphur monochloride
281216,6,2812,VI,Sulphur dichloride
281217,6,2812,VI,Thionyl chloride
281219,6,2812,VI,"Arsenic trichloride and other chlorides and chloride oxides, n.e.c. in item no. 2812"
281290,6,2812,VI,Halides and halide oxides of non-metals; excluding chloride
2813,4,28,VI,Sulphides of non-metals; commercial phosphorus trisulphide
281310,6,2813,VI,Carbon disulphide
281390,6,2813,VI,"Sulphides of non-metals, (excluding carbon); commercial phosphorus trisulphide"
2814,4,28,VI,Ammonia; anhydrous or in aqueous solution
281410,6,2814,VI,Ammonia; anhydrous
281420,6,2814,VI,Ammonia; in aqueous solution
2815,4,28,VI,Sodium hydroxide (caustic soda); potassium hydroxide (caustic potash) peroxides of sodium or potassium
281511,6,2815,VI,Sodium hydroxide (caustic soda); solid
281512,6,2815,VI,Sodium hydroxide (caustic soda); in aqueous solution (soda lye or liquid soda)
281520,6,2815,VI,Potassium hydroxide (caustic potash)
281530,6,2815,VI,Peroxides of sodium or potassium
2816,4,28,VI,"Hydroxide and peroxide of magnesium; oxides, hydroxides and peroxides of strontium or barium"
281610,6,2816,VI,Hydroxide and peroxide of magnesium
281640,6,2816,VI,"Oxides, hydroxides and peroxides, of strontium or barium"
2817,4,28,VI,Zinc; oxide and peroxide
281700,6,2817,VI,Zinc; oxide and peroxide
2818,4,28,VI,Aluminium oxide (including artificial corundum); aluminium hydroxide
281810,6,2818,VI,Aluminium oxide; artificial corundum
281820,6,2818,VI,Aluminium oxide; other than artificial corundum
281830,6,2818,VI,Aluminium hydroxide
2819,4,28,VI,Chromium oxides and hydroxides
281910,6,2819,VI,Chromium trioxide
281990,6,2819,VI,Chromium oxides and hydroxides; excluding chromium trioxide
2820,4,28,VI,Manganese oxides
282010,6,2820,VI,Manganese dioxide
282090,6,2820,VI,Manganese oxides; excluding manganese dioxide
2821,4,28,VI,Iron oxides and hydroxides; earth colours containing 70% or more by weight of combined iron evaluated as Fe2o3
282110,6,2821,VI,Iron oxides and hydroxides
282120,6,2821,VI,Earth colours; containing 70% or more by weight of combined iron evaluated as Fe2o3
2822,4,28,VI,Cobalt oxides and hydroxides; commercial cobalt oxides
282200,6,2822,VI,Cobalt oxides and hydroxides; commercial cobalt oxides
2823,4,28,VI,Titanium oxides
282300,6,2823,VI,Titanium oxides
2824,4,28,VI,Lead oxides; red lead and orange lead
282410,6,2824,VI,"Lead; lead monoxide (litharge, massicot)"
282490,6,2824,VI,Lead oxides; n.e.c. in heading no. 2824
2825,4,28,VI,"Hydrazine and hydroxylamine and their inorganic salts; other inorganic bases; other metal oxides, hydroxides and peroxides"
282510,6,2825,VI,Hydrazine and hydroxylamine and their inorganic salts
282520,6,2825,VI,Lithium oxide and hydroxide
282530,6,2825,VI,Vanadium oxides and hydroxides
282540,6,2825,VI,Nickel oxides and hydroxides
282550,6,2825,VI,Copper oxides and hydroxides
282560,6,2825,VI,Germanium oxides and zirconium dioxide
282570,6,2825,VI,Molybdenum oxides and hydroxides
282580,6,2825,VI,Antimony oxides
282590,6,2825,VI,"Inorganic bases, metal oxides, hydroxides and peroxides; n.e.c. in heading no. 2825"
2826,4,28,VI,"Fluorides; fluorosilicates, fluoroaluminates and other complex fluorine salts"
282612,6,2826,VI,Fluorides; of aluminium
282619,6,2826,VI,Fluorides; other than of aluminium
282630,6,2826,VI,Sodium hexafluoroaluminate (synthetic cryolite)
282690,6,2826,VI,"Fluorides; fluorosilicates, fluoroaluminates and other complex fluorine salts, n.e.c. in heading no. 2826"
2827,4,28,VI,Chlorides; chloride oxides and chloride hydroxides; bromides and bromide oxides; iodides and iodide oxides
282710,6,2827,VI,Chlorides; of ammonium
282720,6,2827,VI,Chlorides; of calcium
282731,6,2827,VI,Chlorides; of magnesium
282732,6,2827,VI,Chlorides; of aluminium
282735,6,2827,VI,Chlorides; of nickel
282739,6,2827,VI,"Chlorides; other than of ammonium, calcium, magnesium, aluminium and nickel"
282741,6,2827,VI,Chloride oxides and chloride hydroxides; of copper
282749,6,2827,VI,Chloride oxides and chloride hydroxides; other than of copper
282751,6,2827,VI,Bromides; of sodium or of potassium
282759,6,2827,VI,Bromides and bromide oxides; other than item no. 2827.51
282760,6,2827,VI,Iodides and iodide oxides
2828,4,28,VI,Hypochlorites; commercial calcium hypochlorite; chlorites; hypobromites
282810,6,2828,VI,Hypochlorites; commercial calcium hypochlorite and other calcium hypochlorites
282890,6,2828,VI,Hypochlorites; n.e.c. in heading no. 2828
2829,4,28,VI,Chlorates and perchlorates; bromates and perbromates; iodates and periodates
282911,6,2829,VI,Chlorates; of sodium
282919,6,2829,VI,Chlorates; other than sodium
282990,6,2829,VI,Perchlorates; bromates and perbromates; iodates and periodates
2830,4,28,VI,Sulphides; polysulphides whether or not chemically defined
283010,6,2830,VI,"Sulphides; of sodium, whether or not chemically defined"
283090,6,2830,VI,"Sulphides and polysulphides; whether or not chemically defined, other than sulphides of sodium"
2831,4,28,VI,Dithionites and sulphoxylates
283110,6,2831,VI,Dithionites and sulphoxylates; of sodium
283190,6,2831,VI,Dithionites and sulphoxylates; other than sodium
2832,4,28,VI,Sulphites; thiosulphates
283210,6,2832,VI,Sulphites; of sodium
283220,6,2832,VI,Sulphites; other than of sodium
283230,6,2832,VI,Thiosulphates
2833,4,28,VI,Sulphates; alums; peroxosulphates (persulphates)
283311,6,2833,VI,Sodium sulphates; disodium sulphate
283319,6,2833,VI,Sodium sulphates; other than disodium sulphate
283321,6,2833,VI,Sulphates; of magnesium
283322,6,2833,VI,Sulphates; of aluminium
283324,6,2833,VI,Sulphates; of nickel
283325,6,2833,VI,Sulphates; of copper
283327,6,2833,VI,Sulphates; of barium
283329,6,2833,VI,Sulphates; n.e.c. in item no. 2833.2
283330,6,2833,VI,Alums
283340,6,2833,VI,Peroxosulphates (persulphates)
2834,4,28,VI,Nitrites; nitrates
283410,6,2834,VI,Nitrites
283421,6,2834,VI,Nitrates; of potassium
283429,6,2834,VI,Nitrates; of other than potassium
2835,4,28,VI,"Phosphinates (hypophosphites), phosphonates (phosphites), and phosphates; and polyphosphates, whether or not chemically defined"
283510,6,2835,VI,"Phosphinates (hypophosphites) and phosphonates (phosphites), whether or not chemically defined"
283522,6,2835,VI,"Phosphates; of mono- or disodium, whether or not chemically defined"
283524,6,2835,VI,"Phosphates; of potassium, whether or not chemically defined"
283525,6,2835,VI,"Phosphates; calcium hydrogenorthophosphate (dicalcium phosphate), whether or not chemically defined"
283526,6,2835,VI,"Phosphates; of calcium n.e.c. in item no. 2835.25, whether or not chemically defined"
283529,6,2835,VI,"Phosphates; (other than of mono- or disodium, other than of potassium or of calcium hydrogenorthophosphate (dicalcium phosphate) and excluding other phosphates of calcium), whether or not chemically defined"
283531,6,2835,VI,"Polyphosphates; sodium triphosphate (sodium tripolyphosphate), whether or not chemically defined"
283539,6,2835,VI,"Polyphosphates; other than sodium triphosphate (sodium tripolyphosphate), whether or not chemically defined"
2836,4,28,VI,Carbonates; peroxocarbonates (percarbonates); commercial ammonium carbonate containing ammonium carbamate
283620,6,2836,VI,Carbonates; disodium carbonate
283630,6,2836,VI,Carbonates; sodium hydrogen carbonate (sodium bicarbonate)
283640,6,2836,VI,Carbonates; potassium carbonate
283650,6,2836,VI,Carbonates; calcium carbonate
283660,6,2836,VI,Carbonates; barium carbonate
283691,6,2836,VI,Carbonates; lithium carbonate
283692,6,2836,VI,Carbonates; strontium carbonate
283699,6,2836,VI,Carbonates; n.e.c. in heading no. 2836 and other than lithium or strontium
2837,4,28,VI,"Cyanides, cyanide oxides and complex cyanides"
283711,6,2837,VI,Cyanides and cyanide oxides; of sodium
283719,6,2837,VI,Cyanides and cyanide oxides; other than of sodium
283720,6,2837,VI,Complex cyanides
2839,4,28,VI,Silicates; commercial alkali metal silicates
283911,6,2839,VI,Silicates; sodium metasilicates
283919,6,2839,VI,Silicates; of sodium (excluding sodium metasilicates)
283990,6,2839,VI,"Silicates; commercial alkali metal silicates, other than of sodium"
2840,4,28,VI,Borates; peroxoborates (perborates)
284011,6,2840,VI,"Borates; disodium tetraborate (refined borax), anhydrous"
284019,6,2840,VI,"Borates; disodium tetraborate (refined borax), other than anhydrous"
284020,6,2840,VI,Borates; n.e.c. in heading no. 2840
284030,6,2840,VI,Peroxoborates (perborates)
2841,4,28,VI,Salts of oxometallic or peroxometallic acids
284130,6,2841,VI,Salts; sodium dichromate
284150,6,2841,VI,"Salts; chromates, dichromates, peroxochromates; n.e.c. in heading no. 2841"
284161,6,2841,VI,"Salts; of oxometallic or peroxometallic acids, manganites, manganates and permanganates, potassium permanganate"
284169,6,2841,VI,"Salts; of oxometallic or peroxometallic acids, manganites, manganates and permanganates, other than potassium permanganate"
284170,6,2841,VI,Salts; molybdates
284180,6,2841,VI,Salts; tungstates (wolframates)
284190,6,2841,VI,Salts of oxometallic or peroxometallic acids; n.e.c. in heading no. 2841
2842,4,28,VI,"Salts of inorganic acids or peroxoacids, n.e.c. including aluminosilicates whether or not chemically defined, but excluding azides"
284210,6,2842,VI,"Salts of inorganic acids or peroxoacids, double or complex silicates, including aluminosilicates, whether or not chemically defined, excluding azides"
284290,6,2842,VI,"Salts; of inorganic acids or peroxoacids, other than double or complex silicates, including aluminosilicates, whether or not chemically, excluding azides"
2843,4,28,VI,"Colloidal precious metals; inorganic or organic compounds of precious metals, whether or not chemically defined; amalgams of precious metals"
284310,6,2843,VI,Colloidal precious metals; whether or not chemically defined
284321,6,2843,VI,Silver compounds; silver nitrates
284329,6,2843,VI,Silver compounds; excluding silver nitrates
284330,6,2843,VI,Gold compounds
284390,6,2843,VI,"Inorganic or organic compounds of precious metals, n.e.c.; amalgams"
2844,4,28,VI,Radioactive chemical elements and radioactive isotopes (including the fissile or fertile chemical elements and isotopes); and their compounds; mixtures and residues containing these products
284410,6,2844,VI,"Uranium; natural uranium and its compounds, alloys, dispersions (including cermets), ceramic products and mixtures containing natural uranium or natural uranium compounds"
284420,6,2844,VI,"Uranium; enriched in U235, plutonium, their compounds, alloys dispersions (including cermets), ceramic products and mixtures containing uranium enriched in U235, plutonium or compounds of these products"
284430,6,2844,VI,"Uranium; depleted in U235, thorium, their compounds, alloys, dispersions (including cermets), ceramic products and mixtures containing uranium depleted in U235, thorium; compounds of these products"
284441,6,2844,VI,"Radioactive elements; tritium and its compounds; alloys, dispersions (including cermets), ceramic products and mixtures containing tritium or its compounds"
284442,6,2844,VI,"Radioactive elements; actinium-225, 227, californium-253, curium-240, 241, 242, 243, 244, einsteinium-253, 254, gadolinium-148, polonium-208, 209, 210, radium-223, uranium-230 or 232, compounds; alloys, dispersions, ceramic products and mixtures"
284443,6,2844,VI,"Radioactive elements, isotopes and compounds; other alloys, dispersions (including cermets), ceramic products and mixtures containing these elements, isotopes or compounds"
284444,6,2844,VI,"Radioactive elements, isotopes, compounds n.e.c. in heading no. 2844, alloys, dispersions (including cermets), ceramic products, mixtures containing the elements, isotopes, compounds; radioactive residues"
284450,6,2844,VI,Spent (irradiated) fuel elements (cartridges) of nuclear reactors
2845,4,28,VI,"Isotopes other than those of heading no. 2844; compounds, inorganic or organic, of such isotopes, whether or not chemically defined"
284510,6,2845,VI,Heavy water (deuterium oxide)
284520,6,2845,VI,Boron enriched in boron-10 and its compounds
284530,6,2845,VI,Lithium enriched in lithium-6 and its compounds
284540,6,2845,VI,Helium-3
284590,6,2845,VI,"Isotopes other than those of heading no. 2844, 2845.20, 2845.30 or 2845.40; compounds, inorganic or organic, of such isotopes, whether or not chemically defined"
2846,4,28,VI,"Compounds, inorganic or organic, of rare-earth metals; of yttrium or of scandium or of mixtures of these metals"
284610,6,2846,VI,Cerium compounds
284690,6,2846,VI,"Compounds, inorganic or organic (excluding cerium), of rare-earth metals, of yttrium, scandium or of mixtures of these metals"
2847,4,28,VI,Hydrogen peroxide; whether or not solidified with urea
284700,6,2847,VI,Hydrogen peroxide; whether or not solidified with urea
2849,4,28,VI,"Carbides, whether or not chemically defined"
284910,6,2849,VI,"Carbides; of calcium, whether or not chemically defined"
284920,6,2849,VI,"Carbides; of silicon, whether or not chemically defined"
284990,6,2849,VI,"Carbides; whether or not chemically defined, other than of calcium or silicon"
2850,4,28,VI,"Hydrides, nitrides, azides, silicides and borides, whether or not chemically defined, other than compounds which are also carbides of heading no. 2849"
285000,6,2850,VI,"Hydrides, nitrides, azides, silicides and borides, whether or not chemically defined, other than compounds which are also carbides of heading no. 2849"
2852,4,28,VI,"Inorganic or organic compounds of mercury, excluding amalgams, whether or not chemically defined"
285210,6,2852,VI,"Inorganic or organic compounds of mercury, excluding amalgams, chemically defined"
285290,6,2852,VI,"Inorganic or organic compounds of mercury; excluding amalgams, not chemically defined,"
2853,4,28,VI,"Phosphides, chemically defined or not, not ferrophosphorus; other inorganic compounds n.e.c. (including distilled, conductivity water and water of like purity); liquid air, rare gases removed or not; compressed air; amalgams, not precious metal amalgams"
285310,6,2853,VI,Inorganic compounds; cyanogen chloride (chlorcyan)
285390,6,2853,VI,"Phosphides, chemically defined or not, not ferrophosphorus; other inorganic compounds n.e.c. (including distilled, conductivity water and water of like purity); liquid air, rare gases removed or not; compressed air; amalgams, not precious metal amalgams"
29,2,TOTAL,VI,Organic chemicals
2901,4,29,VI,Acyclic hydrocarbons
290110,6,2901,VI,Acyclic hydrocarbons; saturated
290121,6,2901,VI,"Acyclic hydrocarbons; unsaturated, ethylene"
290122,6,2901,VI,"Acyclic hydrocarbons; unsaturated, propene (propylene)"
290123,6,2901,VI,"Acyclic hydrocarbons; unsaturated, butene (butylene) and isomers thereof"
290124,6,2901,VI,"Acyclic hydrocarbons; unsaturated, buta-1,3-diene and isoprene"
290129,6,2901,VI,"Acyclic hydrocarbons; unsaturated, n.e.c. in heading no. 2901"
2902,4,29,VI,Cyclic hydrocarbons
290211,6,2902,VI,Cyclic hydrocarbons; cyclohexane
290219,6,2902,VI,"Cyclic hydrocarbons; cyclanes, cyclenes and cycloterpenes, excluding cyclohexane"
290220,6,2902,VI,Cyclic hydrocarbons; benzene
290230,6,2902,VI,Cyclic hydrocarbons; toluene
290241,6,2902,VI,Cyclic hydrocarbons; o-xylene
290242,6,2902,VI,Cyclic hydrocarbons; m-xylene
290243,6,2902,VI,Cyclic hydrocarbons; p-xylene
290244,6,2902,VI,Cyclic hydrocarbons; mixed xylene isomers
290250,6,2902,VI,Cyclic hydrocarbons; styrene
290260,6,2902,VI,Cyclic hydrocarbons; ethylbenzene
290270,6,2902,VI,Cyclic hydrocarbons; cumene
290290,6,2902,VI,Cyclic hydrocarbons; n.e.c. in heading no. 2902
2903,4,29,VI,Halogenated derivatives of hydrocarbons
290311,6,2903,VI,Saturated chlorinated derivatives of acyclic hydrocarbons; chloromethane (methyl chloride) and chloroethane (ethyl chloride)
290312,6,2903,VI,Saturated chlorinated derivatives of acyclic hydrocarbons; dichloromethane (methylene chloride)
290313,6,2903,VI,Saturated chlorinated derivatives of acyclic hydrocarbons; chloroform (trichloromethane)
290314,6,2903,VI,Saturated chlorinated derivatives of acyclic hydrocarbons; carbon tetrachloride
290315,6,2903,VI,"Saturated chlorinated derivatives of acyclic hydrocarbons; ethylene dichloride (ISO) (1,2-dichloroethane)"
290319,6,2903,VI,Saturated chlorinated derivatives of acyclic hydrocarbons; n.e.c. in item no. 2903.1
290321,6,2903,VI,Unsaturated chlorinated derivatives of acyclic hydrocarbons; vinyl chloride (chloroethylene)
290322,6,2903,VI,Unsaturated chlorinated derivatives of acyclic hydrocarbons; trichloroethylene
290323,6,2903,VI,Unsaturated chlorinated derivatives of acyclic hydrocarbons; tetrachloroethylene (perchloroethylene)
290329,6,2903,VI,Unsaturated chlorinated derivatives of acyclic hydrocarbons; n.e.c. in item no. 2903.2
290341,6,2903,VI,Saturated fluorinated derivatives of acyclic hydrocarbons; trifluoromethane (HFC-23)
290342,6,2903,VI,Saturated fluorinated derivatives of acyclic hydrocarbons; difluoromethane (HFC-32)
290343,6,2903,VI,"Saturated fluorinated derivatives of acyclic hydrocarbons; fluoromethane (HFC-41), 1,2-difluoroethane (HFC-152) and 1,1-difluoroethane (HFC-152a)"
290344,6,2903,VI,"Saturated fluorinated derivatives of acyclic hydrocarbons; pentafluoroethane (HFC-125), 1,1,1-trifluoroethane (HFC-143a) and 1,1,2-trifluoroethane (HFC-143)"
290345,6,2903,VI,"Saturated fluorinated derivatives of acyclic hydrocarbons; 1,1,1,2-tetrafluoroethane (HFC-134a) and 1,1,2,2-tetrafluoroethane (HFC-134)"
290346,6,2903,VI,"Saturated fluorinated derivatives of acyclic hydrocarbons; 1,1,1,2,3,3,3-heptafluoropropane (HFC-227ea), 1,1,1,2,2,3-hexafluoropropane (HFC-236cb), 1,1,1,2,3,3-hexafluoropropane (HFC-236ea) and 1,1,1,3,3,3-hexafluoropropane (HFC-236fa)"
290347,6,2903,VI,"Saturated fluorinated derivatives of acyclic hydrocarbons; 1,1,1,3,3-pentafluoropropane (HFC-245fa) and 1,1,2,2,3-pentafluoropropane (HFC-245ca)"
290348,6,2903,VI,"Saturated fluorinated derivatives of acyclic hydrocarbons; 1,1,1,3,3-pentafluorobutane (HFC-365mfc) and 1,1,1,2,2,3,4,5,5,5-decafluoropentane (HFC-43-10mee)"
290349,6,2903,VI,Saturated fluorinated derivatives of acyclic hydrocarbons; n.e.c. in item no 2903.4
290351,6,2903,VI,"Unsaturated fluorinated derivatives of acyclic hydrocarbons; 2,3,3,3-tetrafluoropropene (HFO-1234yf), 1,3,3,3-tetrafluoropropene (HFO-1234ze) and (Z)-1,1,1,4,4,4-hexafluoro-2-butene (HFO-1336mzz)"
290359,6,2903,VI,Unsaturated fluorinated derivatives of acyclic hydrocarbons; n.e.c. in item no. 2903.5
290361,6,2903,VI,Brominated or iodinated derivatives of acyclic hydrocarbons; methyl bromide (bromomethane)
290362,6,2903,VI,"Brominated or iodinated derivatives of acyclic hydrocarbons; ethylene dibromide (ISO) (1,2-dibromoethane)"
290369,6,2903,VI,Brominated or iodinated derivatives of acyclic hydrocarbons; n.e.c. in item no. 2903.6
290371,6,2903,VI,Halogenated derivatives of acyclic hydrocarbons containing two or more different halogens; chlorodifluoromethane (HCFC-22)
290372,6,2903,VI,Halogenated derivatives of acyclic hydrocarbons containing two or more different halogens; dichlorotrifluoroethane (HCFC-123)
290373,6,2903,VI,"Halogenated derivatives of acyclic hydrocarbons containing two or more different halogens; dichlorofluoroethanes (HCFC-141, 141b)"
290374,6,2903,VI,"Halogenated derivatives of acyclic hydrocarbons containing two or more different halogens; chlorodifluoroethanes HCFC-142, 142b)"
290375,6,2903,VI,"Halogenated derivatives of acyclic hydrocarbons containing two or more different halogens; dichloropentafluoropropanes (HCFC-225, 225ca, 225cb)"
290376,6,2903,VI,"Halogenated derivatives of acyclic hydrocarbons containing two or more different halogens; bromochlorodifluoromethane (Halon-1211), bromotrifluoromethane (Halon-1301), and dibromotetrafluoroethanes (Halon-2402)"
290377,6,2903,VI,"Halogenated derivatives of acyclic hydrocarbons containing two or more different halogens; n.e.c. in headings 290371 to 290376, perhalogenated only with fluorine and chlorine"
290378,6,2903,VI,"Halogenated derivatives of acyclic hydrocarbons containing two or more different halogens; perhalogenated derivatives, other than those only with fluorine and chlorine, n.e.c. in item no. 2903.71 to 2903.76"
290379,6,2903,VI,Halogenated derivatives of acyclic hydrocarbons containing two or more different halogens; n.e.c. in item no. 2903.7
290381,6,2903,VI,"Halogenated derivatives of cyclanic, cyclenic or cycloterpenic hydrocarbons; 1,2,3,4,5,6-Hexachlorocyclohexane (HCH (ISO)), including lindane (ISO, INN)"
290382,6,2903,VI,"Halogenated derivatives of cyclanic, cyclenic or cycloterpenic hydrocarbons; aldrin (ISO), chlordane (ISO), and heptachlor (ISO)"
290383,6,2903,VI,"Halogenated derivatives of cyclanic, cyclenic or cycloterpenic hydrocarbons; mirex (ISO)"
290389,6,2903,VI,"Halogenated derivatives of cyclanic, cyclenic or cycloterpenic hydrocarbons; n.e.c. in item no. 2903.8"
290391,6,2903,VI,"Halogenated derivatives of aromatic hydrocarbons; chlorobenzene, o-dichlorobenzene, and p-dichlorobenzene"
290392,6,2903,VI,"Halogenated derivatives of aromatic hydrocarbons; hexachlorobenzene (ISO) and DDT (ISO) (clofenotane (INN), and 1,1,1-trichloro-2,2-bis(p-chlorophenyl)ethane)"
290393,6,2903,VI,Halogenated derivatives of aromatic hydrocarbons; pentachlorobenzene (ISO)
290394,6,2903,VI,Halogenated derivatives of aromatic hydrocarbons; hexabromobiphenyls
290399,6,2903,VI,"Halogenated derivatives of aromatic hydrocarbons; n.e.c. in item no. 2903.91, 2903.92, 2903.93 and 2903.94"
2904,4,29,VI,"Sulphonated, nitrated or nitrosated derivatives of hydrocarbons; whether or not halogenated"
290410,6,2904,VI,"Derivatives of hydrocarbons; containing only sulpho groups, their salts and ethyl esters, whether or not halogenated"
290420,6,2904,VI,"Derivatives of hydrocarbons; containing only nitro or only nitroso groups, whether or not halogenated"
290431,6,2904,VI,"Derivatives of hydrocarbons; perfluorooctane sulphonic acid, whether or not halogenated"
290432,6,2904,VI,"Derivatives of hydrocarbons; ammonium perfluorooctane sulphonate, whether or not halogenated"
290433,6,2904,VI,"Derivatives of hydrocarbons; lithium perfluorooctane sulphonate, whether or not halogenated"
290434,6,2904,VI,"Derivatives of hydrocarbons; potassium perfluorooctane sulphonate, whether or not halogenated"
290435,6,2904,VI,"Derivatives of hydrocarbons; salts of perfluorooctane sulphonic acid n.e.c in heading no. 2904, whether or not halogenated"
290436,6,2904,VI,"Derivatives of hydrocarbons; perfluorooctane sulphonyl fluoride, whether or not halogenated"
290491,6,2904,VI,"Derivatives of hydrocarbons; trichloronitromethane (chloropicrin), whether or not halogenated"
290499,6,2904,VI,"Derivatives of hydrocarbons n.e.c. in heading no. 2904, whether or not halogenated"
2905,4,29,VI,"Acyclic alcohols and their halogenated, sulphonated, nitrated or nitrosated derivatives"
290511,6,2905,VI,"Alcohols; saturated monohydric, methanol (methyl alcohol)"
290512,6,2905,VI,"Alcohols; saturated monohydric, propan-1-ol (propyl alcohol) and propan-2-ol (isopropyl alcohol)"
290513,6,2905,VI,"Alcohols; saturated monohydric, butan-1-ol (n-butyl alcohol)"
290514,6,2905,VI,"Alcohols; saturated monohydric, butanols excluding item no. 2905.13"
290516,6,2905,VI,"Alcohols; saturated monohydric, octanol (octyl alcohol) and isomers thereof"
290517,6,2905,VI,"Alcohols; saturated monohydric, dodecan-1-ol (lauryl alcohol), hexadecan-1-ol (cetyl alcohol) and octadecan-1-ol (stearyl alcohol)"
290519,6,2905,VI,"Alcohols; saturated monohydric, n.e.c. in item no. 2905.1"
290522,6,2905,VI,"Alcohols; unsaturated monohydric, acyclic terpene alcohols"
290529,6,2905,VI,"Alcohols; acyclic, unsaturated monohydric, (other than acyclic terpene alcohols)"
290531,6,2905,VI,"Alcohols; acyclic, diols; ethylene glycol (ethanediol)"
290532,6,2905,VI,"Alcohols; acyclic, diols; propylene glycol (propane-1, 2-diol)"
290539,6,2905,VI,"Alcohols; acyclic, diols, other than ethylene glycol (ethandiol) or propylene glycol (propane-1,2-diol)"
290541,6,2905,VI,"Alcohols; polyhydric, 2-ethyl-2- (hydroxymethyl) propane-1,3-diol (trimethylolpropane)"
290542,6,2905,VI,"Alcohols; polyhydric, pentaerythritol"
290543,6,2905,VI,"Alcohols; polyhydric, mannitol"
290544,6,2905,VI,"Alcohols; polyhydric, d-glucitol (sorbitol)"
290545,6,2905,VI,"Alcohols; polyhydric, glycerol"
290549,6,2905,VI,"Alcohols; polyhydric, n.e.c. in item no. 2905.4"
290551,6,2905,VI,"Alcohols; acyclic; halogenated, sulphonated, nitrated or nitrosated derivatives thereof, ethchlorvynol (INN)"
290559,6,2905,VI,"Alcohols; acyclic; halogenated, sulphonated, nitrated or nitrosated derivatives thereof, other than ethchlorvynol (INN)"
2906,4,29,VI,"Alcohols; cyclic, and their halogenated, sulphonated, nitrated or nitrosated derivatives"
290611,6,2906,VI,"Alcohols; cyclanic, cyclenic or cycloterpenic and derivatives, menthol"
290612,6,2906,VI,"Alcohols; cyclanic, cyclenic or cycloterpenic and derivatives, cyclohexanol, methylcyclohexanols and dimethylcyclohexanols"
290613,6,2906,VI,"Alcohols; cyclanic, cyclenic or cycloterpenic and derivatives, sterols and inositols"
290619,6,2906,VI,"Alcohols; cyclanic, cyclenic or cycloterpenic and derivatives, n.e.c. in item no. 2906.1"
290621,6,2906,VI,"Alcohols; aromatic alcohols and derivatives, benzyl alcohol"
290629,6,2906,VI,"Alcohols; aromatic and derivatives, other than benzyl alcohol"
2907,4,29,VI,"Phenols; monophenols, polyphenols, and phenol-alcohols"
290711,6,2907,VI,Monophenols; phenol (hydroxybenzene) and its salts
290712,6,2907,VI,Monophenols; cresols and their salts
290713,6,2907,VI,"Monophenols; octylphenol, nonylphenol and their isomers, salts thereof"
290715,6,2907,VI,Monophenols; naphthols and their salts
290719,6,2907,VI,Monophenols; n.e.c. in item no. 2907.1
290721,6,2907,VI,Polyphenols; resorcinol and its salts
290722,6,2907,VI,Polyphenols; hydroquinone (quinol) and its salts
290723,6,2907,VI,"Polyphenols; 4,4'-isopropylidenediphenol (bisphenol A, diphenylolpropane) and its salts"
290729,6,2907,VI,Phenol-alcohols and polyphenols n.e.c. in item number 2907.2
2908,4,29,VI,"Phenols or phenol-alcohols; halogenated, sulphonated, nitrated or nitrosated derivatives"
290811,6,2908,VI,Phenol or phenol-alcohol derivatives containing only halogen substituents and their salts; pentachlorophenol (ISO)
290819,6,2908,VI,Phenol or phenol-alcohol derivatives containing only halogen substituents and their salts; other than pentachlorophenol (ISO)
290891,6,2908,VI,"Phenol or phenol-alcohol derivatives, sulphonated, nitrated or nitrosated derivatives thereof; dinoseb (ISO) and its salts"
290892,6,2908,VI,"Phenol or phenol-alcohol derivatives, sulphonated, nitrated or nitrosated derivatives thereof; 4,6-dinitro-o-cresol (DNOC (ISO)) and its salts"
290899,6,2908,VI,"Phenol or phenol-alcohol derivatives, sulphonated, nitrated or nitrosated derivatives thereof; other than dinoseb (ISO), and 4,6-dinitro-o-cresol (DNOC (ISO)), and their salts"
2909,4,29,VI,"Ethers, ether-alcohols, ether-phenols, ether-alcohol-phenols, alcohol peroxides, ether peroxides, acetal and hemiacetal peroxides, ketone peroxides (chemically defined or not), and their halogenated, sulphonated, nitrated or nitrosated derivatives"
290911,6,2909,VI,"Ethers; acyclic, and their halogenated, sulphonated, nitrated or nitrosated derivatives, diethyl ether"
290919,6,2909,VI,"Ethers; acyclic, and their halogenated, sulphonated, nitrated or nitrosated derivatives, other than diethyl ether"
290920,6,2909,VI,"Ethers; cyclanic, cyclenic or cycloterpenic and their halogenated, sulphonated, nitrated or nitrosated derivatives"
290930,6,2909,VI,"Ethers; aromatic, and their halogenated, sulphonated, nitrated or nitrosated derivatives"
290941,6,2909,VI,"Ether-alcohols and their halogenated, sulphonated, nitrated or nitrosated derivatives; 2,2-oxydiethanol (diethylene glycol, digol)"
290943,6,2909,VI,"Ether-alcohols and their halogenated, sulphonated, nitrated or nitrosated derivatives; monobutyl ethers of ethylene glycol or of diethylene glycol"
290944,6,2909,VI,"Ether-alcohols and their halogenated, sulphonated, nitrated or nitrosated derivatives; monoalkylethers of ethylene glycol or of diethylene glycol n.e.c. in heading no. 2909"
290949,6,2909,VI,"Ether-alcohols and their halogenated, sulphonated, nitrated or nitrosated derivatives; n.e.c. in item no. 2909.4"
290950,6,2909,VI,"Ether-phenols, ether-alcohol-phenols and their halogenated, sulphonated, nitrated or nitrosated derivatives"
290960,6,2909,VI,"Alcohol peroxides, ether peroxides, acetal and hemiacetal peroxides, ketone peroxides and their halogenated, sulphonated, nitrated or nitrosated derivatives"
2910,4,29,VI,"Epoxides, epoxyalcohols, epoxyphenols and epoxyethers; with a three-membered ring and their halogenated, sulphonated, nitrated or nitrosated derivatives"
291010,6,2910,VI,"Epoxides, epoxyalcohols, epoxyphenols and epoxyethers; with a three-membered ring and their halogenated, sulphonated, nitrated or nitrosated derivatives; oxirane (ethylene oxide)"
291020,6,2910,VI,"Epoxides, epoxyalcohols, epoxyphenols and epoxyethers; with a three-membered ring and their halogenated, sulphonated, nitrated or nitrosated derivatives, methyloxirane (propylene oxide)"
291030,6,2910,VI,"Epoxides, epoxyalcohols, epoxyphenols and epoxyethers; with a three-membered ring and their halogenated, sulphonated, nitrated or nitrosated derivatives, 1-chloro-2,3-epoxypropane (epichlorohydrin)"
291040,6,2910,VI,"Epoxides, epoxyalcohols, epoxyphenols and epoxyethers; with a three-membered ring and their halogenated, sulphonated, nitrated or nitrosated derivatives, dieldrin (ISO, INN)"
291050,6,2910,VI,"Epoxides, epoxyalcohols, epoxyphenols and epoxyethers; with a three-membered ring and their halogenated, sulphonated, nitrated or nitrosated derivatives, endrin (ISO)"
291090,6,2910,VI,"Epoxides, epoxyalcohols, epoxyphenols and epoxyethers; with a three-membered ring and their halogenated, sulphonated, nitrated or nitrosated derivatives, n.e.c. in heading no. 2910"
2911,4,29,VI,"Acetals and hemiacetals; whether or not with other oxygen function, and their halogenated, sulphonated, nitrated or nitrostated derivatives"
291100,6,2911,VI,"Acetals and hemiacetals; whether or not with other oxygen function, and their halogenated, sulphonated, nitrated or nitrosated derivatives"
2912,4,29,VI,"Aldehydes, whether or not with other oxygen function; cyclic polymers of aldehydes; paraformaldehyde"
291211,6,2912,VI,"Aldehydes; acyclic, without other oxygen function, methanal (formaldehyde)"
291212,6,2912,VI,"Aldehydes; acyclic, without other oxygen function, ethanal (acetaldehyde)"
291219,6,2912,VI,"Aldehydes; acyclic, without other oxygen function, n.e.c. in item no. 2912.1"
291221,6,2912,VI,"Aldehydes; cyclic, without other oxygen function, benzaldehyde"
291229,6,2912,VI,"Aldehydes; cyclic, without other oxygen function, other than benzaldehyde"
291241,6,2912,VI,"Aldehydes; aldehyde-ethers, aldehyde-phenols and aldehydes with other oxygen function, vanillin (4-hydroxy-3-methoxybenzaldehyde)"
291242,6,2912,VI,"Aldehydes; aldehyde-ethers, aldehyde-phenols and aldehydes with other oxygen function, ethylvanillin (3-ethoxy-4-hydroxybenzaldehyde)"
291249,6,2912,VI,"Aldehyde-alcohols, aldehyde-ethers, aldehyde-phenols and aldehydes with other oxygen function; other than vanillin (4-hydroxy-3-methoxybenzaldehyde) and ethylvanillin (3-ethoxy-4-hydroxybenzaldehyde)"
291250,6,2912,VI,Aldehydes; cyclic polymers of aldehydes
291260,6,2912,VI,Paraformaldehyde
2913,4,29,VI,"Aldehydes; halogenated, sulphonated, nitrated or nitrosated derivatives of products of heading no. 2912"
291300,6,2913,VI,"Aldehydes; halogenated, sulphonated, nitrated or nitrosated derivatives of products of heading no. 2912"
2914,4,29,VI,"Ketones and quinones; whether or not with other oxygen function, and their halogenated, sulphonated, nitrated or nitrostated derivatives"
291411,6,2914,VI,"Ketones; acyclic, without other oxygen function, acetone"
291412,6,2914,VI,"Ketones; acyclic, without other oxygen function, butanone (methyl ethyl ketone)"
291413,6,2914,VI,"Ketones; acyclic, without other oxygen function, 4-methylpentan-2-one (methyl isobutyl ketone)"
291419,6,2914,VI,"Ketones; acyclic, without other oxygen function, n.e.c. in item no. 2914.1"
291422,6,2914,VI,"Ketones; cyclanic, cyclenic or cycloterpenic, without other oxygen function, cyclohexanone and methylcyclohexanones"
291423,6,2914,VI,"Ketones; cyclanic, cyclenic or cycloterpenic, without other oxygen function, ionones and methylionones"
291429,6,2914,VI,"Ketones; cyclanic, cyclenic or cycloterpenic, without other oxygen function, other than cyclohexanone, methylcyclohexanones, ionones, and methylionones"
291431,6,2914,VI,"Ketones; aromatic, (without other oxygen function), phenylacetone (phenylpropan-2-one)"
291439,6,2914,VI,"Ketones; aromatic, (without other oxygen function), excluding phenylacetone (phenylpropan-2-one)"
291440,6,2914,VI,Ketone-alcohols and ketone-aldehydes
291450,6,2914,VI,Ketone-phenols and ketones with other oxygen function
291461,6,2914,VI,Quinones; anthraquinone
291462,6,2914,VI,Quinones; coenzyme Q10 (ubidecarenone (INN))
291469,6,2914,VI,Quinones; other than anthraquinone and coenzyme Q10 (ubidecarenone (INN))
291471,6,2914,VI,"Ketones and quinones; halogenated, sulphonated, nitrated or nitrosated derivatives; chlordecone (ISO)"
291479,6,2914,VI,"Ketones and quinones; halogenated, sulphonated, nitrated or nitrosated derivatives, other than chlordecone (ISO)"
2915,4,29,VI,"Acids; saturated acyclic monocarboxylic acids and their anhydrides, halides, peroxides and peroxyacids; their halogenated, sulphonated, nitrated or nitrosated derivatives"
291511,6,2915,VI,Acids; saturated acyclic monocarboxylic acids; formic acid
291512,6,2915,VI,Acids; saturated acyclic monocarboxylic acids; salts of formic acids
291513,6,2915,VI,Acids; saturated acyclic monocarboxylic acids; esters of formic acid
291521,6,2915,VI,Acids; saturated acyclic monocarboxylic acids; acetic acid
291524,6,2915,VI,Acids; saturated acyclic monocarboxylic acids; acetic anhydride
291529,6,2915,VI,Acids; saturated acyclic monocarboxylic acids; acetic acid and its salts n.e.c. in item no. 2915.2
291531,6,2915,VI,Acids; saturated acyclic monocarboxylic acids; ethyl acetate
291532,6,2915,VI,Acids; saturated acyclic monocarboxylic acids; vinyl acetate
291533,6,2915,VI,Acids; saturated acyclic monocarboxylic acids; n-butyl acetate
291536,6,2915,VI,Acids; saturated acyclic monocarboxylic acids; dinoseb (ISO) acetate
291539,6,2915,VI,Acids; saturated acyclic monocarboxylic acids; esters of acetic acid n.e.c. in item no. 2915.3
291540,6,2915,VI,"Acids; saturated acyclic monocarboxylic acids; mono-, di- or trichloroacetic acids, their salts and esters"
291550,6,2915,VI,"Acids; saturated acyclic monocarboxylic acids; propionic acid, its salts and esters"
291560,6,2915,VI,"Acids; saturated acyclic monocarboxylic acids; butanoic acids, pentanoic acids, their salts and esters"
291570,6,2915,VI,"Acids; saturated acyclic monocarboxylic acids; palmitic acid, stearic acid, their salts and esters"
291590,6,2915,VI,"Acids; saturated acyclic monocarboxylic acids; anhydrides, halides, peroxides, peroxyacids and halogenated, sulphonated, nitrated or nitrosated derivatives, n.e.c. in heading no. 2915"
2916,4,29,VI,"Acids; unsaturated acyclic monocarboxylic, cyclic monocarboxylic, their anhydrides, halides, peroxides and peroxyacids; their halogenated, sulphonated, nitrated or nitrosated derivatives"
291611,6,2916,VI,Acids; unsaturated acyclic monocarboxylic acids; acrylic acid and its salts
291612,6,2916,VI,Acids; unsaturated acyclic monocarboxylic acids; esters of acrylic acid
291613,6,2916,VI,Acids; unsaturated acyclic monocarboxylic acids; methacrylic acid and its salts
291614,6,2916,VI,Acids; unsaturated acyclic monocarboxylic acids; esters of methacrylic acid
291615,6,2916,VI,"Acids; unsaturated acyclic monocarboxylic acids; oleic, linoleic or linolenic acids, their salts and esters"
291616,6,2916,VI,"Acids; unsaturated acyclic monocarboxylic, cyclic monocarboxylic, their anhydrides, halides, peroxides and peroxyacids; their halogenated, sulphonated, nitrated or nitrosated derivatives, binapacryl (ISO)"
291619,6,2916,VI,"Acids; unsaturated acyclic monocarboxylic, cyclic monocarboxylic, their anhydrides, halides, peroxides and peroxyacids; their halogenated, sulphonated, nitrated or nitrosated derivatives, n.e.c. in item no. 2916.1"
291620,6,2916,VI,"Acids; cyclanic, cyclenic or cycloterpenic monocarboxylic acids, their anhydrides, halides, peroxides, peroxyacids and their derivatives"
291631,6,2916,VI,"Acids; aromatic monocarboxylic acids, benzoic acid, its salts and esters"
291632,6,2916,VI,"Acids; aromatic monocarboxylic acids, benzoyl peroxide and benzoyl chloride"
291634,6,2916,VI,"Acids; aromatic monocarboxylic acids, phenylacetic acid and its salts"
291639,6,2916,VI,"Acids; aromatic monocarboxylic acids, and their anhydrides, halides, peroxides, peroxyacids and their derivatives, other than benzoic acid, its salts and esters, benzoyl peroxide and benzoyl chloride, phenylacetic acid and its salts"
2917,4,29,VI,"Acids; polycarboxylic acids, their anhydrides, halides, peroxides and peroxy-acids; their halogenated, sulphonated, nitrated or nitrosated derivatives"
291711,6,2917,VI,"Acids; acyclic polycarboxylic acids; oxalic acid, its salts and esters"
291712,6,2917,VI,"Acids; acyclic polycarboxylic acids; adipic acid, its salts and esters"
291713,6,2917,VI,"Acids; acyclic polycarboxylic acids; azelaic acid, sebacic acid, their salts and esters"
291714,6,2917,VI,Acids; acyclic polycarboxylic acids; maleic anhydride
291719,6,2917,VI,Acids; acyclic polycarboxylic acids; n.e.c. in item no. 2917.1
291720,6,2917,VI,"Acids; cyclanic, cyclenic or cycloterpenic polycarboxylic acids, their anhydrides, halides, peroxides, peroxyacids and derivatives"
291732,6,2917,VI,Acids; aromatic polycarboxylic acids; dioctyl orthophthalates
291733,6,2917,VI,Acids; aromatic polycarboxylic acids; dinonyl or didecyl orthophthalates
291734,6,2917,VI,Acids; aromatic polycarboxylic acids; other esters of orthophthalic acids
291735,6,2917,VI,Acids; aromatic polycarboxylic acids; phthalic anhydride
291736,6,2917,VI,Acids; aromatic polycarboxylic acids; terephthalic acid and its salts
291737,6,2917,VI,Acids; aromatic polycarboxylic acids; dimethyl terephthalate
291739,6,2917,VI,Acids; aromatic polycarboxylic acids; n.e.c. in item no. 2917.3
2918,4,29,VI,"Acids; carboxylic acid with additional oxygen function and their anhydrides, halides, peroxides, peroxyacids; their halogenated, sulphonated, nitrated or nitrosated derivatives"
291811,6,2918,VI,"Acids; carboxylic acids, (with alcohol function but without other oxygen function), lactic acid, its salts and esters"
291812,6,2918,VI,"Acids; carboxylic acids, (with alcohol function but without other oxygen function), tartaric acid"
291813,6,2918,VI,"Acids; carboxylic acids, (with alcohol function but without other oxygen function); salts and esters of tartaric acid"
291814,6,2918,VI,"Acids; carboxylic acids, (with alcohol function but without other oxygen function), citric acid"
291815,6,2918,VI,"Acids; carboxylic acids, (with alcohol function but without other oxygen function), salts and esters of citric acid"
291816,6,2918,VI,"Acids; carboxylic acids, (with alcohol function but without other oxygen function), gluconic acid, its salts and esters"
291817,6,2918,VI,"Acids; carboxylic acids, (with alcohol function but without other oxygen function), 2,2-Diphenyl-2-hydroxyacetic acid (benzilic acid)"
291818,6,2918,VI,"Acids; carboxylic acids, (with alcohol function but without other oxygen function), chlorobenzilate (ISO)"
291819,6,2918,VI,"Acids; carboxylic acids, (with alcohol function but without other oxygen function), other than lactic, tartaric, citric, and gluconic acids and their salts and esters"
291821,6,2918,VI,"Acids; carboxylic acids, (with phenol function but without other oxygen function), salicylic acid and its salts"
291822,6,2918,VI,"Acids; carboxylic acids, (with phenol function but without other oxygen function), o-acetylsalicylic acid, its salts and esters"
291823,6,2918,VI,"Acids; carboxylic acids, (with phenol function but without other oxygen function), other esters of salicylic acid and its salts n.e.c. in item no. 2918.2"
291829,6,2918,VI,"Acids; carboxylic acids, (with phenol function but without other oxygen function), their anhydrides, halides, peroxides, peroxyacids and their derivatives, n.e.c. in item no. 2918.2"
291830,6,2918,VI,"Acids; carboxylic acids, (with aldehyde or ketone function but without other oxygen function), their anhydrides, halides, peroxides, peroxyacids and their derivatives"
291891,6,2918,VI,"Acids; carboxylic acids, with additional oxygen function (not alcohol, phenol, aldehyde or ketone) and their anhydrides, halides, peroxides and peroxyacids; 2,4,5-T (ISO) (2,4,5-trichlorophenoxyacetic acid), its salts and esters"
291899,6,2918,VI,"Acids; carboxylic acids, with additional oxygen function (not alcohol, phenol, aldehyde or ketone) and their anhydrides, halides, peroxides and peroxyacids; their halogenated, sulphonated, nitrated or nitrosated derivatives; other than 2,4,5-T (ISO)"
2919,4,29,VI,"Esters; phosphoric, and their salts, including lactophosphates, their halogenated, sulphonated, nitrated or nitrosated derivatives"
291910,6,2919,VI,"Esters; phosphoric, and their salts, including lactophosphates, their halogenated, sulphonated, nitrated or nitrosated derivatives; tris(2,3-dibromopropyl) phosphate"
291990,6,2919,VI,"Esters; phosphoric, and their salts, including lactophosphates, their halogenated, sulphonated, nitrated or nitrosated derivatives; other than tris(2,3-dibromopropyl) phosphate"
2920,4,29,VI,"Esters of other inorganic acids of non-metals (other than of hydrogen halides) and their salts, their halogenated, sulphonated, nitrated or nitrosated derivatives"
292011,6,2920,VI,"Esters; thiophosphoric esters (phosphorothioates) and their salts, their halogenated, sulphonated, nitrated or nitrosated derivatives, parathion (ISO) and parathion-methyl (ISO) (methyl-parathion)"
292019,6,2920,VI,Esters; thiophosphoric esters (phosphorothioates) and their salts; other than parathion (ISO) and parathion-methyl (ISO) (methyl-parathion)
292021,6,2920,VI,"Esters; phosphite esters and their salts; their halogenated, sulphonated, nitrated or nitrosated derivatives, dimethyl phosphite"
292022,6,2920,VI,"Esters; phosphite esters and their salts; their halogenated, sulphonated, nitrated or nitrosated derivatives, diethyl phosphite"
292023,6,2920,VI,"Esters; phosphite esters and their salts; their halogenated, sulphonated, nitrated or nitrosated derivatives, trimethyl phosphite"
292024,6,2920,VI,"Esters; phosphite esters and their salts; their halogenated, sulphonated, nitrated or nitrosated derivatives, triethyl phosphite"
292029,6,2920,VI,"Esters; phosphite esters and their salts; their halogenated, sulphonated, nitrated or nitrosated derivatives, n.e.c. in heading no. 2920"
292030,6,2920,VI,"Esters; of other inorganic acids of non-metals (excluding esters of hydrogen halides) and their salts; their halogenated, sulphonated, nitrated or nitrosated derivatives, endosulfan (ISO)"
292090,6,2920,VI,"Esters; other than thiophosphoric esters (phosphorothioates) and phosphite esters and their salts, their halogenated, sulphonated, nitrated or nitrosated derivatives, n.e.c. in heading no. 2920"
2921,4,29,VI,Amine-function compounds
292111,6,2921,VI,"Amine-function compounds; acyclic monoamines and their derivatives, methylamine, di- or trimethylamine and their salts"
292112,6,2921,VI,"Amine-function compounds; acyclic monoamines and their derivatives, and salts thereof, 2-(N,N-Dimethylamino)ethylchloride hydrochloride"
292113,6,2921,VI,"Amine-function compounds; acyclic monoamines and their derivatives, and salts thereof, 2-(N,N-Diethylamino)ethylchloride hydrochloride"
292114,6,2921,VI,"Amine-function compounds; acyclic monoamines and their derivatives, and salts thereof, 2-(N,N-Diisopropylamino)ethylchloride hydrochloride"
292119,6,2921,VI,"Amine-function compounds; acyclic monoamines and their derivatives, and salts thereof, n.e.c. in item no. 2921.1"
292121,6,2921,VI,"Amine-function compounds; acyclic polyamines and their derivatives, ethylenediamine and its salts"
292122,6,2921,VI,"Amine-function compounds; acyclic polyamines and their derivatives, hexamethylenediamine and its salts"
292129,6,2921,VI,"Amine-function compounds; acyclic polyamines and their derivatives, and salts thereof, n.e.c. in item no. 2921.2"
292130,6,2921,VI,"Amine-function compounds; cyclanic, cyclenic or cycloterpenic mono- or polyamines and their derivatives; salts thereof"
292141,6,2921,VI,"Amine-function compounds; aromatic monoamines and their derivatives, aniline and its salts"
292142,6,2921,VI,"Amine-function-compounds; aromatic monoamines and their derivatives, aniline derivatives and their salts"
292143,6,2921,VI,"Amine-function compounds; aromatic monoamines and their derivatives, toluidines and their derivatives; salts thereof"
292144,6,2921,VI,"Amine-function compounds; aromatic monoamines and their derivatives, diphenylamine and its derivatives; salts thereof"
292145,6,2921,VI,"Amine-function compounds; aromatic monoamines and their derivatives; 1-naphthylamine (alpha-naphthylamine), 2-naphthylamine (beta-naphthaylamine) and their derivatives; salts thereof"
292146,6,2921,VI,"Amine-function compounds; aromatic monoamines and derivatives; amfetamine (INN), benzfetamine (INN), dexamfetamine (INN), etilamfetamine (INN), fencamfamin (INN), lefetamine (INN), levamfetamine (INN), mefenorex (INN) and phentermine (INN); salts thereof"
292149,6,2921,VI,Amine-function compounds; aromatic monoamines and their derivatives; salts thereof; n.e.c. in item no. 2921.4
292151,6,2921,VI,"Amine-function compounds; aromatic amines and their derivatives; o-, m-, p-phenylenediamine, diaminotoluenes and their derivatives; salts thereof"
292159,6,2921,VI,"Amine-function compounds; aromatic polyamines and their derivatives, other than item no. 2921.51"
2922,4,29,VI,Oxygen-function amino-compounds
292211,6,2922,VI,"Amino-alcohols, other than those containing more than one kind of oxygen function; their ethers and esters; salts thereof, monoethanolamine and its salts"
292212,6,2922,VI,"Amino-alcohols, other than those containing more than one kind of oxygen function; their ethers and esters; salts thereof, diethanolamine and its salts"
292214,6,2922,VI,"Amino-alcohols, other than those containing more than one kind of oxygen function; their ethers and esters; salts thereof; dextropropoxyphene (INN) and its salts"
292215,6,2922,VI,"Amino-alcohols, other than those containing more than one kind of oxygen function; their ethers and esters; salts thereof, triethanolamine"
292216,6,2922,VI,"Amino-alcohols, other than those containing more than one kind of oxygen function; their ethers and esters; salts thereof, Diethanolammonium perfluorooctane sulphonate"
292217,6,2922,VI,"Amino-alcohols, other than those containing more than one kind of oxygen function; their ethers and esters; salts thereof, Methyldiethanolamine and ethyldiethanolamine"
292218,6,2922,VI,"Amino-alcohols, other than those containing more than one kind of oxygen function; their ethers and esters; salts thereof, 2-(N,N- Diisopropylamino)ethanol"
292219,6,2922,VI,"Amino-alcohols, other than those containing more than one kind of oxygen function, their ethers and esters; salts thereof, n.e.c. in item no. 2922.1"
292221,6,2922,VI,"Amino-naphthols and other amino-phenols, other than those containing more than one kind of oxygen function; their ethers and esters; salts thereof, aminohydroxynaphthalenesulphonic acids and their salts"
292229,6,2922,VI,"Amino-naphthols and other amino-phenols, other than those containing more than one kind of oxygen function, their ethers and esters; salts thereof n.e.c. in item no. 2922.2"
292231,6,2922,VI,"Amino-aldehydes, amino-ketones and amino-quinones; other than those containing more than one kind of oxygen function, salts thereof"
292239,6,2922,VI,"Amino-aldehydes, amino-ketones and amino-quinones; other than those containing more than one kind of oxygen function; salts thereof, excluding amfepramone (INN), methadone (INN), and normethadone (INN) and salts thereof"
292241,6,2922,VI,"Amino-acids, other than those containing more than one kind of oxygen function, and their esters; lysine and its esters; salts thereof"
292242,6,2922,VI,"Amino-acids, other than those containing more than one kind of oxygen function, and their esters; glutamic acid and its esters; salts thereof"
292243,6,2922,VI,"Amino-acids, other than those containing more than one kind of oxygen function, and their esters; anthranilic acid and its esters; salts thereof"
292244,6,2922,VI,"Amino-acids, other than those containing more than one kind of oxygen function, and their esters; tilidine (INN) and its esters; salts thereof"
292249,6,2922,VI,"Amino-acids, other than those containing more than one kind of oxygen function, their esters; salts thereof, excluding lysine, glutamic acid, anthranalic acid and tilidine, their esters and salts thereof"
292250,6,2922,VI,"Amino-alcohol-phenols, amino-acid-phenols and other amino-compounds with oxygen function"
2923,4,29,VI,"Quaternary ammonium salts and hydroxides; lecithins and other phosphoaminolipids, whether or not chemically defined"
292310,6,2923,VI,"Quaternary ammonium salts and hydroxides; choline and its salts, whether or not chemically defined"
292320,6,2923,VI,"Lecithins and other phosphoaminolipids, whether or not chemically defined"
292330,6,2923,VI,"Quaternary ammonium salts and hydroxides; tetraethylammonium perfluorooctane sulphonate, whether or not chemically defined"
292340,6,2923,VI,"Quaternary ammonium salts and hydroxides; didecyldimethylammonium perfluorooctane sulphonate, whether or not chemically defined"
292390,6,2923,VI,Quaternary ammonium salts and hydroxides; whether or not chemically defined n.e.c. in heading no. 2923
2924,4,29,VI,Carboxyamide-function compounds; amide-function compounds of carbonic acid
292411,6,2924,VI,Acyclic amides (including acyclic carbamates) and their derivatives; salts thereof; meprobamate (INN)
292412,6,2924,VI,"Acyclic amides (including acyclic carbamates) and their derivatives; salts thereof; fluoroacetamide (ISO), monocrotophos (ISO) and phosphamidon (ISO)"
292419,6,2924,VI,"Acyclic amides (including acyclic carbamates) and their derivatives; salts thereof, other than meprobamate (INN), fluoroacetamide (ISO), monocrotophos (ISO) or phosphamidon (ISO)"
292421,6,2924,VI,"Cyclic amides (including cyclic carbamates) and their derivatives, ureines and their derivatives; salts thereof"
292423,6,2924,VI,Cyclic amides (including cyclic carbamates) and their derivatives; 2-acetamidobenzoic acid (N-acetylanthranillic acid) and its salts
292424,6,2924,VI,Cyclic amides (including cyclic carbamates) and their derivatives; ethinamate and its salts
292425,6,2924,VI,Cyclic amides (including cyclic carbamates) and their derivatives; alachlor (ISO) and its salts
292429,6,2924,VI,"Cyclic amides (including cyclic carbamates) and their derivatives; other than the derivatives and salts of ureines, 2-acetamidobenzoic acid (N-acetylanthancillic acid),ethinamate S, and alachlor (ISO) and their derivatives and salts"
2925,4,29,VI,Carboxyimide-function compounds (including saccharin and its salts) and imine-function compounds
292511,6,2925,VI,Imides and their derivatives; saccharin and its salts
292512,6,2925,VI,Imides and their derivatives; glutethimide (INN)
292519,6,2925,VI,Imides and their derivatives; other than saccharin and glutethimide (INN)
292521,6,2925,VI,Imines and their derivatives; salts thereof; chlordimeform (ISO)
292529,6,2925,VI,Imines and their derivatives; salts thereof; other than chlordimeform (ISO)
2926,4,29,VI,Nitrile-function compounds
292610,6,2926,VI,Nitrile-function compounds; acrylonitrile
292620,6,2926,VI,Nitrile-function compounds; 1-cyanoguanidine (dicyandiamide)
292630,6,2926,VI,"Nitrile-function compounds; fenproporex (INN) and its salts; methadone (INN) intermediate (4-cyano-2-dimethylamino-4,4-diphenylbutane)"
292640,6,2926,VI,Nitrile-function compounds; alpha-phenylacetoacetonitrile
292690,6,2926,VI,Nitrile-function compounds; n.e.c. heading no. 2926
2927,4,29,VI,"Diazo-, azo- or azoxy-compounds"
292700,6,2927,VI,"Diazo-, azo- or azoxy compounds"
2928,4,29,VI,Organic derivatives of hydrazine or of hydroxylamine
292800,6,2928,VI,Organic derivatives of hydrazine or of hydroxylamine
2929,4,29,VI,"Nitrogen-function compounds, n.e.c. in chapter 29"
292910,6,2929,VI,"Nitrogen-function compounds; n.e.c. in chapter 29, isocyanates"
292990,6,2929,VI,"Nitrogen-function compounds; n.e.c. in chapter 29, excluding isocyanates"
2930,4,29,VI,Organo-sulphur compounds
293010,6,2930,VI,"Organo-sulphur compounds; 2-(N,N-Diethylamino) ethanethiol"
293020,6,2930,VI,Organo-sulphur compounds; thiocarbamates and dithiocarbamates
293030,6,2930,VI,"Organo-sulphur compounds; thiuram mono-, di- or tetrasulphides"
293040,6,2930,VI,Organo-sulphur compounds; methionine
293060,6,2930,VI,"Organo-sulphur compounds; 2-(N,N-Diethylamino)ethanethiol"
293070,6,2930,VI,Organo-sulphur compounds; bis(2-hydroxyethyl)sulfide (thiodiglycol (INN))
293080,6,2930,VI,"Organo-sulphur compounds; aldicarb (ISO), captafol (ISO) and methamidophos (ISO)"
293090,6,2930,VI,Organo-sulphur compounds; n.e.c. in heading no. 2930
2931,4,29,VI,Other organo-inorganic compounds
293110,6,2931,VI,Organo-inorganic compounds; tetramethyl lead and tetraethyl lead
293120,6,2931,VI,Organo-inorganic compounds; tributyltin compounds
293141,6,2931,VI,Non-halogenated organo-phosphorous derivatives; dimethyl methylphosphonate
293142,6,2931,VI,Non-halogenated organo-phosphorous derivatives; dimethyl propylphosphonate
293143,6,2931,VI,Non-halogenated organo-phosphorous derivatives; diethyl ethylphosphonate
293144,6,2931,VI,Non-halogenated organo-phosphorous derivatives; methylphosphonic acid
293145,6,2931,VI,Non-halogenated organo-phosphorous derivatives; salt of methylphosphonic acid and (aminominomethyl) urea (1:1)
293146,6,2931,VI,"Non-halogenated organo-phosphorous derivatives; 2,4,6-tripropyl-1,3,5,2,4,6-trioxatriphosphinane 2,4,6-trioxide"
293147,6,2931,VI,"Non-halogenated organo-phosphorous derivatives; (5-ethyl-2-methyl-2-oxido-1,3,2-dioxaphosphinan-5-yl) methyl methyl methylphosphonate"
293148,6,2931,VI,"Non-halogenated organo-phosphorous derivatives; 3,9-dimethyl-2,4,8,10-tetraoxa-3,9-diphosphaspiro[5.5] undecane 3,9-dioxide"
293149,6,2931,VI,"Non-halogenated organo-phosphorous derivatives; other non-halogenated organo-phosphorous derivatives, n.e.c. in item no. 2931.4"
293151,6,2931,VI,Halogenated organo-phosphorous derivatives; methylphosphonic dichloride
293152,6,2931,VI,Halogenated organo-phosphorous derivatives; propylphosphonic dichloride
293153,6,2931,VI,Halogenated organo-phosphorous derivatives; O-(3-chloropropyl) O-[4-nitro-3-(trifluoromethyl)phenyl] methylphosphonothionate
293154,6,2931,VI,Halogenated organo-phosphorous derivatives; trichlorfon (ISO)
293159,6,2931,VI,"Halogenated organo-phosphorous derivatives; other halogenated organo-phosphorous derivatives, n.e.c. in item no. 2931.5"
293190,6,2931,VI,"Organo-inorganic compounds; other than tetramethyl lead, tetraethyl lead, tributyltin compounds, and other organo-phosphorous derivatives"
2932,4,29,VI,Heterocyclic compounds with oxygen hetero-atom(s) only
293211,6,2932,VI,"Heterocyclic compounds; with oxygen hetero-atom(s) only, containing an unfused furan ring (whether or not hydrogenated) in the structure, tetrahydrofuran"
293212,6,2932,VI,"Heterocyclic compounds; with oxygen hetero-atom(s) only, containing an unfused furan ring (whether or not hydrogenated) in the structure, 2-furaldehyde (furfuraldehyde)"
293213,6,2932,VI,"Heterocyclic compounds; with oxygen hetero-atom(s) only, containing an unfused furan ring (whether or not hydrogenated) in the structure, furfuryl alcohol and tetrahydrofurfuryl alcohol"
293214,6,2932,VI,"Heterocyclic compounds; with oxygen hetero-atom(s) only, containing an unfused furan ring (whether or not hydrogenated) in the structure, sucralose"
293219,6,2932,VI,"Heterocyclic compounds; with oxygen hetero-atom(s) only, containing an unfused furan ring (whether or not hydrogenated) in the structure, n.e.c. in item no. 2932.1"
293220,6,2932,VI,"Heterocyclic compounds; with oxygen hetero-atom(s) only, containing an unfused furan ring (whether or not hydrogenated) in the structure, lactones"
293291,6,2932,VI,"Heterocyclic compounds; with oxygen hetero-atom(s) only, (other than lactones or compounds containing an unfused furan ring (whether or not hydrogenated) in the structure), isosafrole"
293292,6,2932,VI,"Heterocyclic compounds; with oxygen hetero-atom(s) only, (other than lactones or compounds containing an unfused furan ring (whether or not hydrogenated) in the structure), 1-(1,3-Benzodioxol-5-yl)propan-2-one"
293293,6,2932,VI,"Heterocyclic compounds; with oxygen hetero-atom(s) only, (other than lactones or compounds containing an unfused furan ring (whether or not hydrogenated) in the structure), piperonal"
293294,6,2932,VI,"Heterocyclic compounds; with oxygen hetero-atom(s) only, (other than lactones or compounds containing an unfused furan ring (whether or not hydrogenated) in the structure), safrole"
293295,6,2932,VI,"Heterocyclic compounds; with oxygen hetero-atom(s) only, (other than lactones or compounds containing an unfused furan ring (whether or not hydrogenated) in the structure), tetrahydrocannabinols (all isomers)"
293296,6,2932,VI,"Heterocyclic compounds; with oxygen hetero-atom(s) only, (other than lactones or compounds containing an unfused furan ring (whether or not hydrogenated) in the structure), carbofuran (ISO)"
293299,6,2932,VI,"Heterocyclic compounds; with oxygen hetero-atom(s) only, no lactones or unfused furan rings in the structure, other than isosafrole, 1-(1,3-benzodiaxol-5-yl) propan-2-one, piperonal, safrole, tetrahydrocannabinols (all isomers), carbofuran (ISO)"
2933,4,29,VI,Heterocyclic compounds with nitrogen hetero-atom(s) only
293311,6,2933,VI,"Heterocyclic compounds; with nitrogen hetero-atom(s) only, containing an unfused pyrazole ring (whether or not hydrogenated) in the structure, phenazone (antipyrin) and its derivatives"
293319,6,2933,VI,"Heterocyclic compounds; with nitrogen hetero-atom(s) only, containing an unfused pyrazole ring (whether or not hydrogenated) in the structure, other than henazone (antipyrin) and its derivatives"
293321,6,2933,VI,"Heterocyclic compounds; with nitrogen hetero-atom(s) only, containing an unfused imidazole ring (whether or not hydrogenated) in the structure, hydantoin and its derivatives"
293329,6,2933,VI,"Heterocyclic compounds; with nitrogen hetero-atom(s) only, containing an unfused imidazole ring (whether or not hydrogenated) in the structure, other than hydantoin and its derivatives"
293331,6,2933,VI,"Heterocyclic compounds; containing an unfused pyridine ring (whether or not hydrogenated) in the structure, pyridine and its salts"
293332,6,2933,VI,"Heterocyclic compounds; containing an unfused pyridine ring (whether or not hydrogenated) in the structure, piperidine and its salts"
293333,6,2933,VI,"Heterocyclic compounds; containing an unfused pyridine ring (whether or not hydrogenated) in the structure, alfentanil (INN), anileridine (INN), bezitramide (INN), bromazepam (INN), carfentanil (INN), difenoxin (INN), diphenoxylate (INN), dipipanone (INN)"
293334,6,2933,VI,"Heterocyclic compounds; containing an unfused pyridine ring (whether or not hydrogenated) in the structure, other fentanyls and their derivatives"
293335,6,2933,VI,"Heterocyclic compounds; containing an unfused pyridine ring (whether or not hydrogenated) in the structure, 3-quinuclidinol"
293336,6,2933,VI,"Heterocyclic compounds; containing an unfused pyridine ring (whether or not hydrogenated) in the structure, 4-anilino-N-phenethylpiperidine (ANPP)"
293337,6,2933,VI,"Heterocyclic compounds; containing an unfused pyridine ring (whether or not hydrogenated) in the structure, N-phenethyl-4-piperdone (NPP)"
293339,6,2933,VI,"Heterocyclic compounds; containing an unfused pyridine ring (whether or not hydrogenated) in the structure, n.e.c. in 2933.3"
293341,6,2933,VI,"Heterocyclic compounds; containing a quinoline or isoquinoline ring-system (whether or not hydrogenated) in the structure, not further fused, levorphanol (INN) and its salts"
293349,6,2933,VI,"Heterocyclic compounds; containing a quinoline or isoquinoline ring-system (whether or not hydrogenated) in the structure, not further fused, other than levorphanol (INN) and its salts"
293352,6,2933,VI,"Heterocyclic compounds; containing a pyrimidine ring (whether or not hydrogenated) or piperazine ring in the structure, malonylurea (barbituric acid) and its salts"
293353,6,2933,VI,"Allobarbital (INN), amobarbital (INN), barbital (INN), butalbital (INN), butobarbital, cyclobarbital (INN), methylphenobarbital (INN), pentobarbital (INN), phenobarbital (INN), secbutabarbital (INN), secobarbital (INN) and vinylbital (INN); salts thereof"
293354,6,2933,VI,"Heterocyclic compounds; containing a pyrimidine ring (whether or not hydrogenated) or piperazine ring in the structure, other derivatives of malonylurea (barbituric acid) and salts thereof, n.e.c. in 2933.53"
293355,6,2933,VI,"Heterocyclic compounds; containing a pyrimidine ring (whether or not hydrogenated) or piperazine ring in the structure; loprazolam (INN), mecloqualone (INN), methaqualone (INN), and zipeprol (INN); salts thereof"
293359,6,2933,VI,"Heterocyclic compounds; containing a pyrimidine ring (whether or not hydrogenated) or piperazine ring in the structure, (other than malonylurea and its derivatives, loprazolam, mecloqualone, methaqualone, zipeprol, and salts thereof) n.e.c. in 2933.5"
293361,6,2933,VI,"Heterocyclic compounds; containing an unfused triazine ring (whether or not hydrogenated) in the structure, melamine"
293369,6,2933,VI,"Heterocyclic compounds; containing an unfused triazine ring (whether or not hydrogenated) in the structure, others excluding melamine"
293371,6,2933,VI,Heterocyclic compounds; lactams; 6-hexanelactam (epsilon-caprolactam)
293372,6,2933,VI,Heterocyclic compounds; lactams; clobazam (INN) and methyprylon (INN)
293379,6,2933,VI,Heterocyclic compounds; lactams; other than 6-hexanelactam (epsilon caprolactam) and clobazam (INN) and methyprylon (INN)
293391,6,2933,VI,"Heterocyclic compounds; alprazolam (INN), camazepam (INN), chlordiazepoxide (INN), clonazepam (INN), clorazepate, delorazepam (INN), diazepam (INN), estazolam (INN), ethyl loflazepate (INN), fludiazepam (INN), flunitrazepam (INN), (cont)"
293392,6,2933,VI,Heterocyclic compounds; azinphos-methyl (ISO)
293399,6,2933,VI,Heterocyclic compounds; n.e.c. in headings no. 2933
2934,4,29,VI,"Nucleic acids and their salts, whether or not chemically defined; other heterocyclic compounds"
293410,6,2934,VI,Heterocyclic compounds; containing an unfused thiazole ring (whether or not hydrogenated) in the structure
293420,6,2934,VI,"Heterocyclic compounds; containing in the structure, a benzothiazole ring-system (whether or not hydrogenated), not further fused"
293430,6,2934,VI,"Heterocyclic compounds; containing in the structure, a phenothiazine ring-system (whether or not hydrogenated), not further fused"
293491,6,2934,VI,"Heterocyclic compounds; other heterocyclic compounds, n.e.c. in 2934.1, 2934.2 and 2934.3"
293492,6,2934,VI,"Heterocyclic compounds; other fentanyls n.e.c. in 2934, and their derivatives"
293499,6,2934,VI,"Nucleic acids and their salts, other heterocyclic compounds, n.e.c. in heading number 2934"
2935,4,29,VI,Sulphonamides
293510,6,2935,VI,Sulphonamides; N-methylperfluorooctane sulphonamide
293520,6,2935,VI,Sulphonamides; N-ethylperfluorooctane sulphonamide
293530,6,2935,VI,Sulphonamides; N-ethyl-N-(2-hydroxyethyl) perfluorooctane sulphonamide
293540,6,2935,VI,Sulphonamides; N-(2-hydroxyethyl)-N-methylperfluorooctane sulphonamide
293550,6,2935,VI,Sulphonamides; other perfluorooctane sulphonamides
293590,6,2935,VI,Sulphonamides; n.e.c. in heading no. 2935
2936,4,29,VI,"Provitamins, vitamins; natural or reproduced by synthesis (including natural concentrates) derivatives thereof used as vitamins, and intermixtures of the fore-going, whether or not in any solvent"
293621,6,2936,VI,"Vitamins; vitamins A and their derivatives, unmixed"
293622,6,2936,VI,"Vitamins; vitamin B1 and its derivatives, unmixed"
293623,6,2936,VI,"Vitamins; vitamin B2 and its derivatives, unmixed"
293624,6,2936,VI,"Vitamins; D- or DL-pantothenic acid (vitamin B5) and its derivatives, unmixed"
293625,6,2936,VI,"Vitamins; vitamin B6 and its derivatives, unmixed"
293626,6,2936,VI,"Vitamins; vitamin B12 and its derivatives, unmixed"
293627,6,2936,VI,"Vitamins; vitamin C and its derivatives, unmixed"
293628,6,2936,VI,"Vitamins; vitamin E and its derivatives, unmixed"
293629,6,2936,VI,"Vitamins; n.e.c. in item no. 2936.2, and their derivatives, unmixed"
293690,6,2936,VI,"Vitamins; n.e.c. in heading no. 2936, including natural concentrates"
2937,4,29,VI,"Hormones, prostaglandins, thromboxanes and leukotrienes, natural or reproduced by synthesis; derivatives and structural analogues thereof, including chain modified polypeptides, used primarily as hormones."
293711,6,2937,VI,"Polypeptide hormones, protein hormones and glycoprotein hormones, their derivatives and structural analogues; somatotropin, its derivatives and structural analogues"
293712,6,2937,VI,"Polypeptide hormones, protein hormones and glycoprotein hormones, their derivatives and structural analogues; insulin and its salts"
293719,6,2937,VI,"Polypeptide hormones, protein hormones and glycoprotein hormones, their derivatives and structural analogues; other than somatotropin, (its derivatives and structural anaologues) and insulin and its salts"
293721,6,2937,VI,"Steroidal hormones, their derivatives and structural analogues; cortisone, hydrocortisone, prednisone (dehydrocortisone) and prednisolone (dehydrohydrocortisone)"
293722,6,2937,VI,"Steroidal hormones, their derivatives and structural analogues; halogenated derivatives of corticosteroidal hormones"
293723,6,2937,VI,"Steroidal hormones, their derivatives and structural analogues; oestrogens and progestogens"
293729,6,2937,VI,"Steroidal hormones, their derivatives and structural analogues; other than cortisone, hydrocortisone, prednisone (dehydrocortisone), prednisolone (dehydrohydrocortisone), halogenated derivatives of corticosteroidal hormones, oestrogen and progestogens"
293750,6,2937,VI,"Prostaglandins, thromboxanes and leukotrienes, their derivatives and structural analogues"
293790,6,2937,VI,"Hormones, prostaglandins, thromboxanes and leukotrienes, natural or reproduced by synthesis; derivatives and structural analogues thereof, including chain modified polypeptides, used primarily as hormones, n.e.c. in heading 2937"
2938,4,29,VI,"Glycosides, natural or reproduced by synthesis, and their salts, ethers, esters and other derivatives"
293810,6,2938,VI,Glycosides; rutoside (rutin) and its derivatives
293890,6,2938,VI,"Glycosides; natural or reproduced by synthesis, other than rutoside (rutin) and its derivatives"
2939,4,29,VI,"Alkaloids; natural or reproduced by synthesis, and their salts, ethers, esters and other derivatives"
293911,6,2939,VI,Alkaloids; of opium and their derivatives; salts thereof
293919,6,2939,VI,"Alkaloids; of opium and their derivatives; other than in 2939.11, salts thereof"
293920,6,2939,VI,Alkaloids; of cinchona and their derivatives; salts thereof
293930,6,2939,VI,Alkaloids; caffeine and its salts
293941,6,2939,VI,Alkaloids; of ephedrine and their derivatives; salts thereof
293942,6,2939,VI,Alkaloids; of ephedrine and their derivatives; pseudoephedrine (INN) and its salts
293943,6,2939,VI,Alkaloids; of ephedrine and their derivatives; cathine (INN) and its salts
293944,6,2939,VI,Alkaloids; of ephedrine and their derivatives; norephedrine and its salts
293945,6,2939,VI,"Alkaloids; of ephedrine and their derivatives; levometamfetamine, metamfetamine (INN), metamefetamine racemate and their salts"
293949,6,2939,VI,"Alkaloids; of ephedrine and their derivatives; other than ephedrine, pseudoephedrine (INN), norephedrine, cathine (INN), levometamfetamine, metamfetamine (INN), metamefetamine racemate and their salts"
293951,6,2939,VI,"Alkaloids; theophylline and aminophylline (theophylline-ethylenediamine) and their derivatives; salts thereof, fenetylline (INN) and its salts"
293959,6,2939,VI,"Alkaloids; theophylline and aminophylline (theophylline-ethylenediamine) and their derivatives; salts thereof, other than fenetylline"
293961,6,2939,VI,"Alkaloids; of rye ergot and their derivatives, ergometrine (INN) and its salts"
293962,6,2939,VI,"Alkaloids; of rye ergot and their derivatives, ergotamine (INN) and its salts"
293963,6,2939,VI,"Alkaloids; of rye ergot and their derivatives, lysergic acid and its salts"
293969,6,2939,VI,"Alkaloids; of rye ergot and their derivatives, salts thereof, n.e.c. in item no. 2939.6"
293972,6,2939,VI,"Alkaloids; of vegetal origin, cocaine, ecgonine; salts, esters and other derivatives thereof"
293979,6,2939,VI,"Alkaloids; of vegetal origin, other than cocaine, ecgonine; salts, esters and other derivatives; n.e.c. in heading no. 2939"
293980,6,2939,VI,"Alkaloids; natural or reproduced by synthesis, and their salts, esters and other derivatives n.e.c. in heading no. 2939"
2940,4,29,VI,"Sugars, chemically pure, other than sucrose, lactose, maltose, glucose and fructose; sugar ethers, sugar acetals and sugar esters, and their salts, other than the products of heading 29.37, 29.38, or 29.39"
294000,6,2940,VI,"Sugars, chemically pure, other than sucrose, lactose, maltose, glucose and fructose; sugar ethers, sugar acetals and sugar esters, and their salts, other than the products of heading 29.37, 29.38, or 29.39"
2941,4,29,VI,Antibiotics
294110,6,2941,VI,Antibiotics; penicillins and their derivatives with a penicillanic acid structure; salts thereof
294120,6,2941,VI,Antibiotics; streptomycins and their derivatives; salts thereof
294130,6,2941,VI,Antibiotics; tetracyclines and their derivatives; salts thereof
294140,6,2941,VI,Antibiotics; chloramphenicol and its derivatives; salts thereof
294150,6,2941,VI,Antibiotics; erythromycin and its derivatives; salts thereof
294190,6,2941,VI,Antibiotics; n.e.c. in heading no. 2941
2942,4,29,VI,Organic compounds; n.e.c. in chapter 29
294200,6,2942,VI,Organic compounds; n.e.c. in chapter 29
30,2,TOTAL,VI,Pharmaceutical products
3001,4,30,VI,"Glands and other organs (extracts, secretions thereof) for organo-therapeutic uses, dried, powdered or not; heparin and its salts; other human or animal substances for therapeutic or prophylactic uses n.e.c."
300120,6,3001,VI,"Glands and other organs; extracts of glands or other organs or of their secretions, for organo-therapeutic uses"
300190,6,3001,VI,"Glands and other organs; heparin and its salts; other human or animal substances prepared for therapeutic or prophylactic uses, n.e.c. in heading 3001"
3002,4,30,VI,"Human blood; animal blood for therapeutic, prophylactic or diagnostic uses; antisera, other blood fractions, immunological products, modified or obtained by biotechnological processes; vaccines, toxins, cultures of micro-organisms (excluding yeasts) etc"
300212,6,3002,VI,"Blood, human or animal, antisera, other blood fractions and immunological products; antisera and other blood fractions"
300213,6,3002,VI,"Blood, human or animal, antisera, other blood fractions and immunological products; immunological products, unmixed, not put up in measured doses or in forms or packings for retail sale"
300214,6,3002,VI,"Blood, human or animal, antisera, other blood fractions and immunological products; immunological products, mixed, put up in measured doses or in forms or packings for retail sale"
300215,6,3002,VI,"Blood, human or animal, antisera, other blood fractions and immunological products; immunological products, put up in measured doses or in forms or packings for retail sale"
300241,6,3002,VI,"Vaccines, toxins, cultures of micro-organisms (excluding yeasts) and similar products; for human medicine"
300242,6,3002,VI,"Vaccines, toxins, cultures of micro-organisms (excluding yeasts) and similar products; for veterinary medicine"
300249,6,3002,VI,"Toxins, cultures of micro-organisms (excluding yeasts) and similar products; n.e.c. in item 3002.3"
300251,6,3002,VI,"Cell cultures, whether or not modified; cell therapy products"
300259,6,3002,VI,"Cell cultures, whether or not modified; other cell cultures not including cell therapy products"
300290,6,3002,VI,"Toxins, cultures of micro-organisms (excluding yeasts) and similar products"
3003,4,30,VI,"Medicaments; (not goods of heading no. 3002, 3005 or 3006) of two or more constituents mixed together for therapeutic or prophylactic use not in measured doses or in forms or packings for retail sale"
300310,6,3003,VI,"Medicaments; containing penicillins, streptomycins or their derivatives, for therapeutic or prophylactic uses, (not in measured doses, not packaged for retail sale)"
300320,6,3003,VI,"Medicaments; containing antibiotics other than penicillins, streptomycins and their derivatives, for therapeutic or prophylactic uses, (not in measured doses, not packaged for retail sale)"
300331,6,3003,VI,"Medicaments; containing insulin, for therapeutic or prophylactic uses, not packaged for retail sale"
300339,6,3003,VI,"Medicaments; containing hormones (excluding insulin), (but not containing antibiotics), for therapeutic or prophylactic uses, not packaged for retail sale"
300341,6,3003,VI,"Medicaments; containing alkaloids or their derivatives, containing ephedrine or its salts, for therapeutic or prophylactic uses, (not packaged for retail sale)"
300342,6,3003,VI,"Medicaments; containing alkaloids or their derivatives, containing pseudoephedrine (INN) or its salts, for therapeutic or prophylactic uses, (not packaged for retail sale)"
300343,6,3003,VI,"Medicaments; containing alkaloids or their derivatives, containing norephedrine or its salts, for therapeutic or prophylactic uses, (not packaged for retail sale)"
300349,6,3003,VI,"Medicaments; containing alkaloids or their derivatives; other than ephedrine, pseudoephedrine (INN) or norephedrine or their salts; for therapeutic or prophylactic uses, (not packaged for retail sale)"
300360,6,3003,VI,"Medicaments; containing antimalarial active principles described in subheading note 2 to this chapter, for therapeutic or prophylactic uses, (not packaged for retail sale)"
300390,6,3003,VI,"Medicaments; (not containing antibiotics, hormones, alkaloids or their derivatives), for therapeutic or prophylactic uses, (not packaged for retail sale)"
3004,4,30,VI,"Medicaments; (not goods of heading no. 3002, 3005 or 3006) consisting of mixed or unmixed products for therapeutic or prophylactic use, put up in measured doses (incl. those in the form of transdermal admin. systems) or packed for retail sale"
300410,6,3004,VI,"Medicaments; containing penicillins, streptomycins or their derivatives, for therapeutic or prophylactic uses, packaged for retail sale"
300420,6,3004,VI,"Medicaments; containing antibiotics (other than penicillins, streptomycins or their derivatives), for therapeutic or prophylactic uses, packaged for retail sale"
300431,6,3004,VI,"Medicaments; containing insulin, for therapeutic or prophylactic uses, packaged for retail sale"
300432,6,3004,VI,"Medicaments; containing corticosteroid hormones, their derivatives or structural analogues (but not containing antibiotics), for therapeutic or prophylactic uses, packaged for retail sale"
300439,6,3004,VI,"Medicaments; containing hormones (but not insulin), adrenal cortex hormones or antibiotics, for therapeutic or prophylactic uses, packaged for retail sale"
300441,6,3004,VI,"Medicaments; containing alkaloids or their derivatives, containing ephedrine or its salts, for therapeutic or prophylactic uses, packaged for retail sale"
300442,6,3004,VI,"Medicaments; containing alkaloids or their derivatives, containing pseudoephedrine (INN) or its salts, for therapeutic or prophylactic uses, packaged for retail sale"
300443,6,3004,VI,"Medicaments; containing alkaloids or their derivatives, containing norephedrine or its salts, for therapeutic or prophylactic uses, packaged for retail sale"
300449,6,3004,VI,"Medicaments; containing alkaloids or their derivatives; other than ephedrine, pseudoephedrine (INN) or norephedrine or their salts; for therapeutic or prophylactic uses, packaged for retail sale"
300450,6,3004,VI,"Medicaments; containing vitamins or their derivatives, for therapeutic or prophylactic use, packaged for retail sale"
300460,6,3004,VI,"Medicaments; containing antimalarial active principles described in Subheading Note 2 to this Chapter, for therapeutic or prophylactic uses, packaged for retail sale"
300490,6,3004,VI,"Medicaments; consisting of mixed or unmixed products n.e.c. in heading no. 3004, for therapeutic or prophylactic uses, packaged for retail sale"
3005,4,30,VI,"Wadding, gauze, bandages (dressings, adhesive plasters, poultices), impregnated or coated with pharmaceutical substances or in forms or packings for retail sale, for medical, surgical or veterinary use"
300510,6,3005,VI,"Dressings, adhesive; and other articles having an adhesive layer, packed for retail sale for medical, surgical, dental or veterinary purposes"
300590,6,3005,VI,"Wadding, gauze, bandages and similar articles; (excluding adhesive dressings), impregnated or coated with pharmaceutical substances, packaged for retail sale"
3006,4,30,VI,Pharmaceutical goods
300610,6,3006,VI,"Pharmaceutical goods; sterile surgical catgut, suture materials, tissue adhesives, laminaria, laminaria tents, absorbable surgical or dental haemostatics, and surgical or dental adhesion barriers"
300630,6,3006,VI,"Pharmaceutical goods; opacifying preparations for x-ray examinations, diagnostic reagents designed to be administered to the patient"
300640,6,3006,VI,"Pharmaceutical goods; dental cements and other dental fillings, bone reconstruction cements"
300650,6,3006,VI,Pharmaceutical goods; first aid boxes and kits
300660,6,3006,VI,"Pharmaceutical goods; chemical contraceptive preparations based on hormones, on other products of heading 2937 or on spermicides"
300670,6,3006,VI,Pharmaceutical goods; Gel preparations designed to be used in human or veterinary medicine as a lubricant for parts of the body for surgical operations or physical examinations or as a coupling agent between the body and medical instruments
300691,6,3006,VI,Pharmaceutical goods; appliances identifiable for ostomy use
300692,6,3006,VI,Pharmaceutical goods; waste pharmaceuticals
300693,6,3006,VI,"Pharmaceutical goods; placebos and blinded (or double-blinded) clinical trial kits for a recognised clinical trial, put up in measured doses"
31,2,TOTAL,VI,Fertilizers
3101,4,31,VI,"Fertilizers; animal or vegetable, whether or not mixed together or chemically treated; fertilizers produced by the mixing or chemical treatment of animal or vegetable products"
310100,6,3101,VI,"Fertilizers, animal or vegetable; whether or not mixed together or chemically treated; fertilizers, produced by the mixing or chemical treatment of animal or vegetable products"
3102,4,31,VI,"Fertilizers; mineral or chemical, nitrogenous"
310210,6,3102,VI,"Fertilizers, mineral or chemical; nitrogenous, urea, whether or not in aqueous solution"
310221,6,3102,VI,"Fertilizers, mineral or chemical; nitrogenous, ammonium sulphate"
310229,6,3102,VI,"Fertilizers, mineral or chemical; nitrogenous, other than ammonium sulphate"
310230,6,3102,VI,"Fertilizers, mineral or chemical; nitrogenous, ammonium nitrate, whether or not in aqueous solution"
310240,6,3102,VI,"Fertilizers, mineral or chemical; ammonium nitrate with calcium carbonate or other inorganic non-fertilizing substances, mixtures thereof"
310250,6,3102,VI,"Fertilizers, mineral or chemical; nitrogenous, sodium nitrate"
310260,6,3102,VI,"Fertilizers, mineral or chemical; nitrogenous, double salts and mixtures of calcium nitrate and ammonium nitrate"
310280,6,3102,VI,"Fertilizers, mineral or chemical; nitrogenous, mixtures of urea and ammonium nitrate in aqueous or ammoniacal solution"
310290,6,3102,VI,"Fertilizers, mineral or chemical; nitrogenous, other kinds including mixtures not specified in the foregoing subheadings"
3103,4,31,VI,"Fertilizers; mineral or chemical, phosphatic"
310311,6,3103,VI,"Fertilizers, mineral or chemical; phosphatic, superphosphates, containing by weight 35% or more of diphosphorus pentaoxide (P2O5)"
310319,6,3103,VI,"Fertilizers, mineral or chemical; phosphatic, superphosphates, other than containing by weight 35% or more of diphosphorus pentaoxide (P2O5)"
310390,6,3103,VI,"Fertilizers, mineral or chemical; phosphatic, n.e.c. in heading no. 3103"
3104,4,31,VI,"Fertilizers; mineral or chemical, potassic"
310420,6,3104,VI,"Fertilizers, mineral or chemical; potassic, potassium chloride"
310430,6,3104,VI,"Fertilizers, mineral or chemical; potassic, potassium sulphate"
310490,6,3104,VI,"Fertilizers, mineral or chemical; potassic, n.e.c. in heading no. 3104"
3105,4,31,VI,"Fertilizers; mineral or chemical, containing 2 or 3 of the elements nitrogen, phosphorus, potassium; other fertilisers; goods of chapter 31 in tablets or packages of gross weight not exceeding 10kg"
310510,6,3105,VI,"Fertilizers, mineral or chemical; in tablets or similar forms or in packages of a gross weight not exceeding 10kg"
310520,6,3105,VI,"Fertilizers, mineral or chemical; containing the three fertilizing elements nitrogen, phosphorus and potassium"
310530,6,3105,VI,"Fertilizers, mineral or chemical; diammonium hydrogenorthophosphate (diammonium phosphate)"
310540,6,3105,VI,"Fertilizers, mineral or chemical; ammonium dihydrogenorthophosphate (monoammonium phosphate) and mixtures thereof with diammonium hydrogenorthophosphate (diammonium phosphate)"
310551,6,3105,VI,"Fertilizers, mineral or chemical; containing nitrates and phosphates"
310559,6,3105,VI,"Fertilizers, mineral or chemical; containing the two fertilizing elements nitrogen and phosphorus, other than nitrates and phosphates"
310560,6,3105,VI,"Fertilizers, mineral or chemical; containing the two fertilizing elements phosphorus and potassium"
310590,6,3105,VI,"Fertilizers, mineral or chemical; n.e.c. in heading no. 3105"
32,2,TOTAL,VI,"Tanning or dyeing extracts; tannins and their derivatives; dyes, pigments and other colouring matter; paints, varnishes; putty, other mastics; inks"
3201,4,32,VI,"Tanning extracts of vegetable origin; tannins and their salts, ethers, esters and other derivatives"
320110,6,3201,VI,Tanning extracts of vegetable origin; quebracho extract
320120,6,3201,VI,Tanning extracts of vegetable origin; wattle extract
320190,6,3201,VI,"Tanning extracts of vegetable origin; tannins and their salts, ethers, esters and other derivatives, (excluding quebracho or wattle extract)"
3202,4,32,VI,"Tanning substances; synthetic organic or inorganic tanning substances; tanning preparations, whether or not containing natural tanning substances, enzymatic preparations for pre-tanning"
320210,6,3202,VI,Tanning substances; synthetic organic tanning substances
320290,6,3202,VI,"Tanning substances; inorganic tanning substances; tanning preparations, whether or not containing natural tanning substances; enzymatic preparations for pre- tanning"
3203,4,32,VI,"Colouring matter of vegetable or animal origin (including dyeing extracts, not animal black); whether or not chemically defined; preparations based on colouring matter of vegetable or animal origin"
320300,6,3203,VI,"Colouring matter of vegetable or animal origin, including dyeing extracts not animal black, whether or not chemically defined; preparations based on colouring matter of vegetable or animal origin"
3204,4,32,VI,Synthetic organic colouring matter and preparations based thereon; synthetic organic products used as fluorescent brightening agents or as luminophores; whether or not chemically defined
320411,6,3204,VI,Dyes; disperse dyes and preparations based thereon
320412,6,3204,VI,"Dyes; acid, whether or not premetallised and preparations based thereon, mordant dyes and preparations based thereon"
320413,6,3204,VI,Dyes; basic dyes and preparations based thereon
320414,6,3204,VI,Dyes; direct dyes and preparations based thereon
320415,6,3204,VI,Dyes; vat dyes (including those usable in that state as pigments) and preparations based thereon
320416,6,3204,VI,Dyes; reactive dyes and preparations based thereon
320417,6,3204,VI,Dyes; pigments and preparations based thereon
320418,6,3204,VI,Dyes; carotenoid colouring matters and preparations based thereon
320419,6,3204,VI,"Dyes; n.e.c., including mixtures of colouring matter of two or more of those from item no. 3204.11 to 3204.19"
320420,6,3204,VI,Dyes; synthetic organic products of a kind used as fluorescent brightening agents
320490,6,3204,VI,"Dyes; synthetic organic products n.e.c. in heading no. 3204 (e.g. of a kind used as luminophores), whether or not chemically defined"
3205,4,32,VI,Colour lakes; preparations based on colour lakes as specified in note 3 to this chapter
320500,6,3205,VI,Colour lakes; preparations based on colour lakes as specified in note 3 to this chapter
3206,4,32,VI,"Colouring matter and preparations thereof n.e.c. in heading no. 3203, 3204, 3205; inorganic products, kind used as luminophores whether or not chemically defined"
320611,6,3206,VI,"Colouring matter; pigments and preparations based on titanium dioxide, containing 80% or more by weight of titanium dioxide calculated on the dry matter"
320619,6,3206,VI,"Colouring matter; pigments and preparations based on titanium dioxide, containing less than 80% by weight of titanium dioxide calculated on the dry weight"
320620,6,3206,VI,Colouring matter; pigments and preparations based on chromium compounds
320641,6,3206,VI,Colouring matter; ultramarine and preparations based thereon
320642,6,3206,VI,Colouring matter; lithopone and other pigments and preparations based on zinc sulphide
320649,6,3206,VI,Colouring matter; other preparations n.e.c. in item no. 3206.4
320650,6,3206,VI,Colouring matter; inorganic products of a kind used as luminophores
3207,4,32,VI,"Pigments, prepared; opacifiers, colours, vitrifiable enamels, glazes, engobes (slips), liquid lustres etc as used in the ceramic enamelling or glass industry; glass frit and powder, granules or flakes"
320710,6,3207,VI,"Pigments; prepared pigments, opacifiers, colours and similar preparations"
320720,6,3207,VI,"Enamels and glazes; vitrifiable enamels and glazes, engobes (slips) and similar preparations"
320730,6,3207,VI,Lustres; liquid lustres and similar preparations
320740,6,3207,VI,"Glass; glass frit and other glass, in the form of powder, granules or flakes"
3208,4,32,VI,"Paints, varnishes; (enamels and lacquers) based on synthetic polymers or chemically modified natural polymers, dispersed or dissolved in a non-aqueous medium"
320810,6,3208,VI,"Paints and varnishes; based on polyesters, dispersed or dissolved in a non-aqueous medium"
320820,6,3208,VI,"Paints and varnishes; based on acrylic or vinyl polymers, dispersed or dissolved in a non-aqueous medium"
320890,6,3208,VI,"Paints and varnishes; based on polymers n.e.c. in heading no. 3208, dispersed or dissolved in a non-aqueous medium"
3209,4,32,VI,"Paints and varnishes (including enamels and lacquers) based on synthetic or chemically modified natural polymers, dispersed or dissolved in an aqueous medium"
320910,6,3209,VI,"Paints and varnishes; based on acrylic or vinyl polymers, dispersed or dissolved in an aqueous medium"
320990,6,3209,VI,"Paints and varnishes; (based on polymers other than acrylic or vinyl), dispersed or dissolved in an aqueous medium"
3210,4,32,VI,"Paints and varnishes (including enamels, lacquers and distempers), excluding those of heading no. 3209, prepared water pigments of a kind used for finishing leather"
321000,6,3210,VI,"Paints and varnishes; (including enamels, lacquers and distempers), prepared water pigments of a kind used for finishing leather"
3211,4,32,VI,Driers; prepared
321100,6,3211,VI,Driers; prepared
3212,4,32,VI,"Pigments (metallic powders and flakes) dispersed in non-aqueous media in liquid or paste form, as used in manufacture of paints (including enamels); stamping foils, dyes etc in forms, packing for retail sale"
321210,6,3212,VI,"Pigments; of a kind used in the manufacture of paints, stamping foils"
321290,6,3212,VI,"Pigments; of a kind used in the manufacture of paints, other than stamping foils"
3213,4,32,VI,"Colours; artists, students, or signboard painters, modifying tints, amusement colours and the like; in tablets, tubes, jars, bottles, pan or in similar forms or packings"
321310,6,3213,VI,"Colours; in sets, of a kind used by artists, students or signboard painters"
321390,6,3213,VI,"Colours; (other than in sets), of a kind used by artists, students or signboard painters"
3214,4,32,VI,"Glaziers' putty, grafting putty, resin cements, caulking compounds and other mastics; painters' fillings; non-refractory surfacing preparations for facades, indoor walls, floors, ceilings or the like"
321410,6,3214,VI,Mastics; painters' fillings
321490,6,3214,VI,Mastics; n.e.c. in heading no. 3214
3215,4,32,VI,"Ink; printing, writing or drawing ink and other inks; whether or not concentrated or solid"
321511,6,3215,VI,"Ink; for printing, black, whether or not concentrated or solid"
321519,6,3215,VI,"Ink; for printing, other than black, whether or not concentrated or solid"
321590,6,3215,VI,"Ink; writing, drawing and other inks, n.e.c. in heading no. 3215, whether or not concentrated or solid"
33,2,TOTAL,VI,"Essential oils and resinoids; perfumery, cosmetic or toilet preparations"
3301,4,33,VI,"Oils; essential (concretes, absolutes); concentrates thereof in fats, fixed oils, waxes or the like (obtained by enfleurage or maceration); aqueous distillates, solutions and terpenic by-products thereof; resinoids; extracted oleoresins"
330112,6,3301,VI,"Oils, essential; of orange (terpeneless or not), including concretes and absolutes"
330113,6,3301,VI,"Oils, essential; of lemon (terpeneless or not), including concretes and absolutes"
330119,6,3301,VI,"Oils, essential; of citrus fruits n.e.c. in heading no. 3301 (terpeneless or not), including concretes and absolutes"
330124,6,3301,VI,"Oils, essential; of peppermint (Mentha piperita), terpeneless or not, including concretes and absolutes"
330125,6,3301,VI,"Oils, essential; of mints (excluding peppermint), terpeneless or not, including concretes and absolutes"
330129,6,3301,VI,"Oils, essential; n.e.c. in heading no. 3301 (terpeneless or not), including concretes and absolutes"
330130,6,3301,VI,Resinoids
330190,6,3301,VI,"Oils, essential; concentrates in fats, fixed oils, waxes and the like, terpenic by-products, aqueous distillates and solutions, extracted oleoresins, n.e.c. in heading no. 3301"
3302,4,33,VI,"Odoriferous substances and mixtures (including alcoholic solutions) with a basis of one or more of these substances, of a kind used as raw materials in industry; other preparations based on odoriferous substances, of a kind used for beverage manufacture"
330210,6,3302,VI,Odoriferous substances and mixtures; of a kind used in the food or drink industries
330290,6,3302,VI,Odoriferous substances and mixtures; used as raw materials in industries other than the food or drink industries
3303,4,33,VI,Perfumes and toilet waters
330300,6,3303,VI,Perfumes and toilet waters
3304,4,33,VI,"Cosmetic and toilet preparations; beauty, make-up and skin care preparations (excluding medicaments, including sunscreen or sun tan preparations), manicure or pedicure preparations"
330410,6,3304,VI,Cosmetic and toilet preparations; lip make-up
330420,6,3304,VI,Cosmetic and toilet preparations; eye make-up
330430,6,3304,VI,Cosmetic and toilet preparations; manicure or pedicure preparations
330491,6,3304,VI,"Cosmetic and toilet preparations; powders, whether or not compressed (excluding lip, eye, manicure or pedicure preparations)"
330499,6,3304,VI,"Cosmetic and toilet preparations; n.e.c. in heading no. 3304, for the care of the skin (excluding medicaments, including sunscreen or sun tan preparations)"
3305,4,33,VI,Hair preparations; for use on the hair
330510,6,3305,VI,Hair preparations; shampoos
330520,6,3305,VI,Hair preparations; for permanent waving or straightening
330530,6,3305,VI,Hair preparations; lacquers
330590,6,3305,VI,Hair preparations; n.e.c. in heading no. 3305
3306,4,33,VI,"Oral or dental hygiene preparations; including fixative pastes and powders; yarn used to clean between the teeth (dental floss), in individual retail packages"
330610,6,3306,VI,Oral or dental hygiene preparations; dentifrices
330620,6,3306,VI,Oral or dental hygiene preparations; yarn used to clean between the teeth (dental floss)
330690,6,3306,VI,Oral or dental hygiene preparations; other than dentifrices
3307,4,33,VI,"Perfumery, cosmetic or toilet preparations; pre-shave, shaving, after-shave, bath preparations; personal deodorants and depilatories; room deodorisers, perfumed or not with disinfectant properties or not"
330710,6,3307,VI,"Perfumery, cosmetic or toilet preparations; pre-shave, shaving or after-shave preparations"
330720,6,3307,VI,"Perfumery, cosmetic or toilet preparations; personal deodorants and antiperspirants"
330730,6,3307,VI,"Perfumery, cosmetic or toilet preparations; perfumed bath salts and other bath preparations"
330741,6,3307,VI,"Perfumes and deodorizers; perfuming or deodorizing preparations for rooms, agarbatti and other odoriferous preparations which operate by burning (including those used during religious rites)"
330749,6,3307,VI,"Perfumes and deodorizers; perfuming or deodorizing preparations for rooms, (excluding those which operate by burning)"
330790,6,3307,VI,Perfumes and deodorizers; perfuming or deodorizing preparations n.e.c. in heading no. 3307
34,2,TOTAL,VI,"Soap, organic surface-active agents; washing, lubricating, polishing or scouring preparations; artificial or prepared waxes, candles and similar articles, modelling pastes, dental waxes and dental preparations with a basis of plaster"
3401,4,34,VI,"Soap; organic surface-active preparations used as soap, skin washing, in bars, cakes, moulded pieces, shapes, liquid or cream, containing soap or not; for retail, paper, wadding, felt and nonwovens, impregnated, coated or covered with soap or detergent"
340111,6,3401,VI,"Soap and organic surface-active products; in the form of bars, cakes, moulded shapes, and paper, wadding, felt and nonwovens, impregnated, coated or covered with soap or detergent, for toilet use (including medicated products)"
340119,6,3401,VI,"Soap and organic surface-active products; in the form of bars, cakes, moulded shapes, and paper, wadding, felt and nonwovens, impregnated, coated or covered with soap or detergent, not for toilet use"
340120,6,3401,VI,Soap; in forms n.e.c. in item no. 3401.11
340130,6,3401,VI,"Organic surface-active products and preparations for washing the skin, in the form of liquid or cream and put up for retail sale, whether or not containing soap"
3402,4,34,VI,"Organic surface-active agents (not soap); surface-active, washing (including auxiliary washing) and cleaning preparations, containing soap or not, excluding those of heading no. 3401"
340231,6,3402,VI,"Anionic organic surface-active agents (other than soap); linear alkylbenzene sulphonic acids and their salts, whether or not put up for retail sale"
340239,6,3402,VI,"Anionic organic surface-active agents (other than soap); other than linear alkylbenzene sulphonic acids and their salts, whether or not put up for retail sale"
340241,6,3402,VI,"Organic surface-active agents; cationic (other than soap), whether or not put up for retail sale"
340242,6,3402,VI,"Organic surface-active agents; non-ionic (other than soap), whether or not put up for retail sale"
340249,6,3402,VI,"Organic surface-active agents; whether or not put up for retail sale, n.e.c. in item no. 3402"
340250,6,3402,VI,"Washing and cleaning preparations; powders, flakes and granules, surface-active, whether or not containing soap (excluding those of heading no. 3401), put up for retail sale"
340290,6,3402,VI,"Washing and cleaning preparations; surface-active, whether or not containing soap (excluding those of heading no. 3401), including auxiliary washing preparations, not for retail sale"
3403,4,34,VI,Lubricating preparations and those used in oil or grease treatment of textile and similar materials; excluding preparations containing 70% or more (by weight) of petroleum or bituminous mineral oils
340311,6,3403,VI,"Lubricating preparations; for the treatment of textile and similar materials (leather, furskins etc), containing less than 70% (by weight) of petroleum oils or oils obtained from bituminous minerals"
340319,6,3403,VI,"Lubricating preparations; (other than for the treatment of textile and similar materials), containing less than 70% (by weight) of petroleum oils or oils obtained from bituminous minerals"
340391,6,3403,VI,"Lubricating preparations; for the treatment of textile and similar materials (leather, furskins etc), (not containing petroleum oils or oils obtained from bituminous minerals)"
340399,6,3403,VI,"Lubricating preparations; other than for the treatment of textile and similar materials, not containing petroleum oils or oils obtained from bituminous minerals"
3404,4,34,VI,"Waxes; artificial, prepared"
340420,6,3404,VI,"Waxes; artificial and prepared, of poly(oxyethylene) (polyethylene glycol)"
340490,6,3404,VI,"Waxes; artificial and prepared, other than of polyethylene glycol"
3405,4,34,VI,"Polishes, creams, scouring pastes, powders and similar; in any form, (including articles impregnated, coated or covered with such), for furniture, footwear, floors, coachwork, glass or metal"
340510,6,3405,VI,"Polishes, creams and similar preparations; for footwear or leather, excluding waxes of heading no. 3404"
340520,6,3405,VI,"Polishes, creams and similar preparations; for the maintenance of wooden furniture, floors or other woodwork, excluding waxes of heading no. 3404"
340530,6,3405,VI,"Polishes, creams and similar preparations; for coachwork, other than metal polishes, excluding waxes of heading no. 3404"
340540,6,3405,VI,"Scouring pastes and powders and other scouring preparations; (whether or not in the form of paper, wadding, felt, nonwovens, cellular plastics, cellular rubber, impregnated, coated or covered)"
340590,6,3405,VI,"Polishes, creams and similar preparations; n.e.c. in heading no. 3405, excluding waxes of heading no. 3404"
3406,4,34,VI,"Candles, tapers and the like"
340600,6,3406,VI,"Candles, tapers and the like"
3407,4,34,VI,"Modelling pastes, including those for children; dental wax, impression compounds, in sets or packings for retail sale or in plates and similar forms; dentistry preparations with plaster base"
340700,6,3407,VI,"Modelling pastes; preparations known as dental wax, put up in sets, in packings for retail sale or in plates, horseshoe shapes, sticks or similar forms, other preparations for use in dentistry"
35,2,TOTAL,VI,Albuminoidal substances; modified starches; glues; enzymes
3501,4,35,VI,"Casein, caseinates and other casein derivatives; casein glues"
350110,6,3501,VI,Casein
350190,6,3501,VI,Caseinates and other casein derivatives; casein glues
3502,4,35,VI,"Albumins (including concentrates of two or more whey proteins, containing by weight more than 80% whey proteins, calculated on the dry matter), albuminates and other albumin derivatives"
350211,6,3502,VI,"Albumins; egg albumin, dried"
350219,6,3502,VI,"Albumins; egg albumin, not dried"
350220,6,3502,VI,"Albumins; milk albumin, including concentrates of two or more whey proteins"
350290,6,3502,VI,"Albumins, albuminates and other albumin derivatives; other than egg or milk albumin, including concentrates of two or more whey proteins"
3503,4,35,VI,"Gelatin (including gelatin in rectangular sheets, whether or not surface-worked or coloured) and gelatin derivatives; isinglass; other glues of animal origin, excluding casein glues of heading no. 3501"
350300,6,3503,VI,"Gelatin (including gelatin in rectangular sheets, whether or not surface-worked or coloured) and gelatin derivatives; isinglass; other glues of animal origin, excluding casein glues of heading no. 3501"
3504,4,35,VI,"Peptones and their derivatives; other protein substances and their derivatives n.e.c. or included; hide powder, whether or not chromed"
350400,6,3504,VI,"Peptones and their derivatives; other protein substances and their derivatives n.e.c. or included, hide powder, whether or not chromed"
3505,4,35,VI,Dextrins and other modified starches (e.g. pregelatinised or esterified starches); glues based on starches or on dextrins or other modified starches
350510,6,3505,VI,Dextrins and other modified starches
350520,6,3505,VI,"Glues; based on starches, or on dextrins or other modified starches"
3506,4,35,VI,"Prepared glues and other prepared adhesives, n.e.c. or included; products suitable for use as glues or adhesives, put up for retail sale as glues or adhesives, not exceeding 1kg net weight"
350610,6,3506,VI,"Glues or adhesives; prepared, products suitable for use as glues or adhesives, put up for retail sale as glues or adhesives, not exceeding a net weight of 1kg"
350691,6,3506,VI,"Adhesives; prepared, based on polymers of heading 3901 to 3913 or on rubber"
350699,6,3506,VI,"Glues and other adhesives; prepared, n.e.c. in heading no. 3506, not exceeding a net weight of 1kg"
3507,4,35,VI,Enzymes; prepared enzymes not elsewhere specified or included
350710,6,3507,VI,Enzymes; rennet and concentrates thereof
350790,6,3507,VI,Enzymes and prepared enzymes; other than rennet and concentrates thereof
36,2,TOTAL,VI,Explosives; pyrotechnic products; matches; pyrophoric alloys; certain combustible preparations
3601,4,36,VI,Explosives; propellent powders
360100,6,3601,VI,Explosives; propellent powders
3602,4,36,VI,"Prepared explosives, other than propellent powders"
360200,6,3602,VI,"Explosives, prepared; other than propellent powders"
3603,4,36,VI,Safety fuses; detonating cords; percussion or detonating caps; igniters; electric detonators
360310,6,3603,VI,Safety fuses
360320,6,3603,VI,Detonating cords
360330,6,3603,VI,Percussion caps
360340,6,3603,VI,Detonating caps
360350,6,3603,VI,Igniters
360360,6,3603,VI,Electric detonators
3604,4,36,VI,"Fireworks, signalling flares, rain rockets, fog signals and other pyrotechnic articles"
360410,6,3604,VI,Pyrotechnic products; fireworks
360490,6,3604,VI,"Pyrotechnic products; signalling flares, rain rockets, fog signals and other pyrotechnic articles (excluding fireworks)"
3605,4,36,VI,Matches; other than pyrotechnic articles of heading no. 3604
360500,6,3605,VI,Matches; other than pyrotechnic articles of heading no. 3604
3606,4,36,VI,Ferro-cerium and other pyrophoric alloys in all forms; articles of combustible materials n.e.c. in chapter 36
360610,6,3606,VI,"Fuels; liquid or liquefied-gas, in containers, of a kind used for filling or refilling cigarette or similar lighters and of a capacity not exceeding 300cm3"
360690,6,3606,VI,Ferro-cerium and other pyrophoric alloys in all forms; articles of combustible materials n.e.c. in chapter 36
37,2,TOTAL,VI,Photographic or cinematographic goods
3701,4,37,VI,"Photographic plates and film in the flat, sensitised, unexposed, of any material other than paper, paperboard or textiles; instant print film in the flat, sensitised, unexposed, whether or not in packs"
370110,6,3701,VI,"Photographic plates and film; for x-ray, in the flat, sensitised, unexposed, of any material other than paper, paperboard or textiles"
370120,6,3701,VI,"Photographic plates and film; instant print film, in the flat, sensitised, unexposed, whether or not in packs"
370130,6,3701,VI,"Photographic plates and film; in the flat, sensitised, unexposed, with any side exceeding 225mm, of any materials other than paper, paperboard or textiles"
370191,6,3701,VI,"Photographic plates and film; for colour photography (polychrome), in the flat, sensitised, unexposed, with no side exceeding 255mm, of any material other than paper, paperboard or textiles"
370199,6,3701,VI,"Photographic plates and film; (for other than colour photography), in the flat, sensitised, unexposed, with no side exceeding 255mm, of any material other than paper, paperboard or textiles"
3702,4,37,VI,"Photographic film in rolls, sensitised, unexposed, of any material other than paper, paperboard or textiles; instant print film in rolls, sensitised, unexposed"
370210,6,3702,VI,"Photographic film; for x-rays, in rolls, sensitised and unexposed (other than of paper, paperboard or textiles)"
370231,6,3702,VI,"Photographic film; for colour photography (polychrome), in rolls, sensitised, unexposed, without sprocket holes, of a width not exceeding 105mm (other than of paper, paperboard or textiles)"
370232,6,3702,VI,"Photographic film; in rolls, with silver halide emulsion, sensitised, unexposed, without sprocket holes, of a width not exceeding 105mm (other than of paper, paperboard or textiles)"
370239,6,3702,VI,"Photographic film; in rolls, (other than with silver halide emulsion and for colour photography), sensitised, unexposed, without sprocket holes, of a width not exceeding 105mm (other than of paper, paperboard or textiles)"
370241,6,3702,VI,"Photographic film; for colour photography (polychrome), in rolls, sensitised, unexposed, without sprocket holes, of a width exceeding 610mm and of a length exceeding 200m (other than of paper, paperboard or textiles)"
370242,6,3702,VI,"Photographic film; in rolls, (other than for colour photography), sensitised, unexposed, without sprocket holes, of a width exceeding 610mm and of a length exceeding 200m (other than of paper, paperboard or textiles)"
370243,6,3702,VI,"Photographic film; in rolls, sensitised, unexposed, without sprocket holes, of a width exceeding 610mm and of a length not exceeding 200m (other than of paper, paperboard or textiles)"
370244,6,3702,VI,"Photographic film; in rolls, sensitised, unexposed, without sprocket holes, of a width exceeding 105mm but not exceeding 610mm (other than of paper, paperboard or textiles)"
370252,6,3702,VI,"Photographic film; for colour photography (polychrome), in rolls, sensitised, unexposed, of a width not exceeding 16mm (other than of paper, paperboard or textiles)"
370253,6,3702,VI,"Photographic film; for colour photography (polychrome) slides, in rolls, sensitised, unexposed, of a width exceeding 16mm but not exceeding 35mm and of a length not exceeding 30m (other than of paper, paperboard or textiles)"
370254,6,3702,VI,"Photographic film; for colour photography (polychrome), in rolls, sensitised, unexposed, of a width exceeding 16mm but not 35mm and of a length not exceeding 30m, excluding film for slides (other than of paper, paperboard or textiles)"
370255,6,3702,VI,"Photographic film; for colour photography (polychrome), in rolls, sensitised, unexposed, of a width exceeding 16mm but not 35mm and of a length exceeding 30m (other than of paper, paperboard or textiles)"
370256,6,3702,VI,"Photographic film; for colour photography (polychrome), in rolls, sensitised, unexposed, of a width exceeding 35mm (other than of paper, paperboard or textiles)"
370296,6,3702,VI,"Photographic film; other than for colour photography, in rolls, sensitised, unexposed, of a width not exceeding 35mm and of a length not exceeding 30m (other than of paper, paperboard or textiles)"
370297,6,3702,VI,"Photographic film; other than for colour photography, in rolls, sensitised, unexposed, of a width not exceeding 35mm and of a length exceeding 30m (other than paper, paperboard or textiles)"
370298,6,3702,VI,"Photographic film; other than for colour photography, in rolls, sensitised, unexposed, of a width exceeding 35mm (other than of paper, paperboard or textiles)"
3703,4,37,VI,"Photographic paper, paperboard and textiles; sensitised, unexposed"
370310,6,3703,VI,"Photographic paper, paperboard and textiles; in rolls, sensitised, unexposed, of a width exceeding 610mm"
370320,6,3703,VI,"Photographic paper, paperboard and textiles; for colour photography (polychrome), (other than in rolls of a width exceeding 610mm), sensitised, unexposed"
370390,6,3703,VI,"Photographic paper, paperboard and textiles; (for other than colour photography, other than in rolls of a width exceeding 610mm), sensitised, unexposed"
3704,4,37,VI,"Photographic plates, film, paper, paperboard and textiles, exposed but not developed"
370400,6,3704,VI,"Photographic plates, film, paper, paperboard and textiles; exposed but not developed"
3705,4,37,VI,"Photographic plates and film; exposed and developed, other than cinematographic film"
370500,6,3705,VI,"Photographic plates and film; exposed and developed, other than cinematographic film"
3706,4,37,VI,"Cinematographic film; exposed and developed, whether or not incorporating sound track or consisting only of sound track"
370610,6,3706,VI,"Cinematographic film; exposed and developed, whether or not incorporating sound track or consisting only of sound track, of a width of 35cm or more"
370690,6,3706,VI,"Cinematographic film; exposed and developed, whether or not incorporating a sound track or consisting only of sound track, of a width less than 35mm"
3707,4,37,VI,"Chemical preparations for photographic uses (other than varnishes, glues, adhesives and similar preparations); unmixed products for photographic uses, put up in measured portions or for retail sale"
370710,6,3707,VI,"Photographic goods; sensitised emulsions, put up in measured portions or put up for retail sale in a form ready for use"
370790,6,3707,VI,"Photographic goods; chemical preparations other than sensitised emulsions, put up in measured portions or put up for retail sale in a form ready for use"
38,2,TOTAL,VI,Chemical products n.e.c.
3801,4,38,VI,"Artificial graphite; colloidal or semi-colloidal graphite; preparations based on graphite or other carbon in the form of pastes, blocks, plates or other semi-manufactures"
380110,6,3801,VI,Graphite; artificial
380120,6,3801,VI,Graphite; colloidal or semi-colloidal
380130,6,3801,VI,Carbonaceous pastes; for electrodes and similar pastes for furnace linings
380190,6,3801,VI,"Graphite or other carbon based preparations; in the form of pastes, blocks, plates or other semi-manufactures"
3802,4,38,VI,"Activated carbon; activated natural mineral products; animal black, including spent animal black"
380210,6,3802,VI,Carbon; activated
380290,6,3802,VI,"Chemical products; activated natural mineral products, animal black, including spent animal black"
3803,4,38,VI,"Tall oil, whether or not refined"
380300,6,3803,VI,"Chemical products; tall oil, whether or not refined"
3804,4,38,VI,"Residual lyes from the manufacture of wood pulp, whether or not concentrated, desugared or chemically treated, including lignin sulphonates, but excluding tall oil of heading no. 3803"
380400,6,3804,VI,"Lyes, residual; from the manufacture of wood pulp, whether or not concentrated, desugared or chemically treated, including lignin sulphonates but excluding tall oil of heading no. 3803"
3805,4,38,VI,"Gum, wood or sulphate turpentine, other terpenic oils; crude dipentene; sulphite turpentine, other crude para-cymene; pine oil containing alpha-terpineol as the main constituent"
380510,6,3805,VI,"Terpenic oils; gum, wood or sulphate turpentine oils"
380590,6,3805,VI,"Terpenic oils; produced by the treatment of coniferous woods, crude dipentene, sulphite turpentine and other crude para-cymene, n.e.c. in heading no. 3805"
3806,4,38,VI,Rosin and resin acids and derivatives thereof; rosin spirit and rosin oils; run gums
380610,6,3806,VI,Rosin and resin acids
380620,6,3806,VI,"Rosin and resin; salts of rosin, of resin acids or of derivatives of rosin or resin acids, other than salts of rosin adducts"
380630,6,3806,VI,Ester gums
380690,6,3806,VI,"Rosin; spirit and oils, n.e.c. in heading no. 3806"
3807,4,38,VI,"Wood tar; wood tar oils; wood creosote; wood naphtha; vegetable pitch; brewers' pitch and similar preparations based on rosin, resin acids or on vegetable pitch"
380700,6,3807,VI,"Wood tar; wood tar oils; wood creosote; wood naphtha; vegetable pitch; brewers' pitch and similar preparations based on rosin, resin acids or on vegetable pitch"
3808,4,38,VI,"Insecticides, rodenticides, fungicides, herbicides, anti-sprouting products, plant growth regulators, disinfectants and the like, put up in forms or packings for retail sale or as preparations or articles"
380852,6,3808,VI,"Insecticides and the like; containing goods specified in Subheading Note 1 to this Chapter; for retail sale or as preparations or articles; DDT (ISO) (clofenotane (INN)), in packings of 300g or less"
380859,6,3808,VI,"Insecticides, rodenticides, fungicides, disinfectants, herbicides and the like; containing goods specified in Subheading Note 1 to this Chapter; not DDT (ISO) (clofenotane (INN)), put up in forms or packings for retail sale or as preparations or articles"
380861,6,3808,VI,Insecticides and the like; containing goods specified in Subheading Note 2 to this Chapter; in packings of a net weight content not exceeding 300g; for retail sale or as preparations or articles
380862,6,3808,VI,"Insecticides; containing goods specified in Subheading Note 2 to this Chapter; put up in forms or packings for retail sale or as preparations or articles, in packings of a net weight content exceeding 300g but not exceeding 7.5kg"
380869,6,3808,VI,"Insecticides; containing goods named in Subheading Note 2 to this Chapter, put up in forms or packings for retail sale or as preparations or articles, in packings of a net weight content exceeding 7.5kg"
380891,6,3808,VI,Insecticides; other than containing goods specified in Subheading Notes 1 & 2 to this Chapter; put up in forms or packings for retail sale or as preparations or articles
380892,6,3808,VI,Fungicides; other than containing goods specified in Subheading Note 1 to this Chapter; put up in forms or packings for retail sale or as preparations or articles
380893,6,3808,VI,"Herbicides, anti-sprouting products and plant-growth regulators; other than containing goods of Subheading Note 1 to this Chapter; put up in forms or packings for retail sale or as preparations or articles"
380894,6,3808,VI,Disinfectants; other than containing goods specified in Subheading Note 1 in this Chapter; put up in forms or packings for retail sale or as preparations or articles
380899,6,3808,VI,"Rodenticides and other similar products n.e.c. in heading no. 3808.9; other than containing goods specified in Subheading Note 1 in this Chapter, put up in forms or packings for retail sale or as preparations or articles"
3809,4,38,VI,"Finishing agents, dye carriers to accelerate the dyeing, fixing of dyestuffs, other products and preparations, of a kind used in the textile, paper, leather or like industries, n.e.c. or included"
380910,6,3809,VI,"Finishing agents and dye carriers; to accelerate dyeing or fixing of dye-stuffs, other products and preparations, used in textile, paper, leather etc industries, with basis of amylaceous substances, n.e.c."
380991,6,3809,VI,"Finishing agents and dye carriers; to accelerate dyeing or fixing of dye-stuffs, other products and preparations, used in the textile industry (excluding those with a basis of amylaceous substances)"
380992,6,3809,VI,"Finishing agents and dye carriers; to accelerate dyeing or fixing of dye-stuffs, other products and preparations, used in the paper industry (excluding those with a basis of amylaceous substances)"
380993,6,3809,VI,"Finishing agents and dye carriers; to accelerate dyeing or fixing of dye-stuffs, other products and preparations, used in the leather or like (excluding paper and textile) industries, (excluding those with a basis of amylaceous substances)"
3810,4,38,VI,"Metal-pickling preparations; fluxes etc for soldering, brazing; welding powders, pastes of metal and other materials; preparations used as cores or coatings for welding electrodes or rods"
381010,6,3810,VI,"Pickling preparations for metal surfaces; soldering, brazing or welding powders and pastes consisting of metal and other materials"
381090,6,3810,VI,"Fluxes and other auxiliary preparations; for soldering, brazing or welding, or preparations used as cores or coatings for welding electrodes or rods"
3811,4,38,VI,"Anti-knock preparations, oxidation and gum inhibitors, viscosity improvers, anti-corrosive preparations and the like, for mineral oils (including gasoline) or other liquids used for the same purposes"
381111,6,3811,VI,Anti-knock preparations; based on lead compounds
381119,6,3811,VI,Anti-knock preparations; other than those based on lead compounds
381121,6,3811,VI,Lubricating oil additives; containing petroleum oils or oils obtained from bituminous minerals
381129,6,3811,VI,Lubricating oil additives; not containing petroleum oils or oils obtained from bituminous minerals
381190,6,3811,VI,"Oxidation and gum inhibitors, viscosity improvers, anti-corrosive preparations, other prepared additives for mineral oils or liquids used as mineral oils (including gasoline), n.e.c. in heading no. 3811"
3812,4,38,VI,"Prepared rubber accelerators; compound plasticisers for rubber or plastics, n.e.c. or included; anti-oxidising preparations and other compound stabilisers for rubber or plastics"
381210,6,3812,VI,Rubber accelerators; prepared
381220,6,3812,VI,"Plasticisers, compound; for rubber or plastics"
381231,6,3812,VI,"Anti-oxidising preparations and other compound stabilisers; for rubber or plastics, mixtures of oligomers of 2,2,4-trimethyl-1,2-dihydroquinoline (TMQ)"
381239,6,3812,VI,"Anti-oxidising preparations and other compound stabilisers; for rubber or plastics, other than mixtures of oligomers of 2,2,4-trimethyl-1,2-dihydroquinoline (TMQ)"
3813,4,38,VI,Preparations and charges for fire extinguishers; charged fire-extinguishing grenades
381300,6,3813,VI,Fire-extinguishers; preparations and charges and charged fire-extinguishing grenades
3814,4,38,VI,"Organic composite solvents and thinners, not elsewhere specified or included; prepared paint or varnish removers"
381400,6,3814,VI,"Solvents and thinners; organic composite solvents and thinners, n.e.c. or included, prepared paint or varnish removers"
3815,4,38,VI,"Reaction initiators, reaction accelerators and catalytic preparations n.e.c. or included"
381511,6,3815,VI,"Catalysts, supported; reaction initiators, reaction accelerators and catalytic preparations, with nickel or nickel compounds as the active substance, n.e.c. or included"
381512,6,3815,VI,"Catalysts, supported; reaction initiators, reaction accelerators and catalytic preparations, with precious metal or precious metal compounds as the active substance, n.e.c. or included"
381519,6,3815,VI,"Catalysts, supported; reaction initiators, reaction accelerators and catalytic preparations, with an active substance other than nickel or precious metals or their compounds, n.e.c. or included"
381590,6,3815,VI,"Reaction initiators, reaction accelerators and catalytic preparations, unsupported, n.e.c. or included"
3816,4,38,VI,"Refractory cements, mortars, concretes and similar compositions, including dolomite ramming mix, other than products of heading 38.01"
381600,6,3816,VI,"Refractory cements, mortars, concretes and similar compositions, including dolomite ramming mix, other than products of heading 38.01"
3817,4,38,VI,"Mixed alkylbenzenes and mixed alkylnaphthalenes, other than those of heading no. 2707 or 2902"
381700,6,3817,VI,"Mixed alkylbenzenes and mixed alkylnaphthalenes, other than those of heading no. 2707 or 2902"
3818,4,38,VI,"Chemical elements doped for use in electronics, in the form of discs, wafers or similar forms; chemical compounds doped for use in electronics"
381800,6,3818,VI,"Chemical elements; doped for use in electronics, in the form of discs, wafers or similar forms; chemical compounds doped for use in electronics"
3819,4,38,VI,"Hydraulic brake fluids and other prepared liquids for hydraulic transmission, not containing or containing less than 70% by weight of petroleum oils or oils obtained from bituminous minerals"
381900,6,3819,VI,"Hydraulic fluids; for brakes and other prepared liquids for hydraulic transmission, not containing or containing less than 70% by weight of petroleum oils or oils obtained from bituminous minerals"
3820,4,38,VI,Anti-freezing preparations and prepared de-icing fluids
382000,6,3820,VI,Anti-freezing preparations and prepared de-icing fluids
3821,4,38,VI,"Prepared culture media for the development or maintenance of micro-organisms (including viruses and the like) or of plant, human or animal cells"
382100,6,3821,VI,"Prepared culture media for the development or maintenance of micro-organisms (including viruses and the like) or of plant, human or animal cells"
3822,4,38,VI,"Reagents; diagnostic or laboratory reagents on a backing, prepared diagnostic or laboratory reagents whether or not on a backing, whether or not put up in the form of kits, other than those of heading 30.06; certified reference materials"
382211,6,3822,VI,"Reagents; diagnostic or laboratory reagents on a backing, prepared diagnostic or laboratory reagents whether or not on a backing, whether or not put up in the form of kits; for malaria"
382212,6,3822,VI,"Reagents; diagnostic or laboratory reagents on a backing, prepared diagnostic or laboratory reagents whether or not on a backing, whether or not put up in the form of kits; for zika and other diseases transmitted by mosquitoes of the genus Aedes"
382213,6,3822,VI,"Reagents; diagnostic or laboratory reagents on a backing, prepared diagnostic or laboratory reagents whether or not on a backing, whether or not put up in the form of kits; for blood grouping"
382219,6,3822,VI,"Reagents; diagnostic or laboratory reagents on a backing, prepared diagnostic or laboratory reagents whether or not on a backing, whether or not put up in the form of kits; n.e.c.in item 3822.1"
382290,6,3822,VI,"Reagents; diagnostic or laboratory reagents on a backing, prepared diagnostic or laboratory reagents whether or not on a backing, or put up in the form of kits, other than those of heading 30.06; certified reference materials, n.e.c. in heading 3822"
3823,4,38,VI,Industrial monocarboxylic fatty acids; acid oils from refining; industrial fatty alcohols
382311,6,3823,VI,"Industrial monocarboxylic fatty acids, acid oils from refining; stearic acid"
382312,6,3823,VI,"Industrial monocarboxylic fatty acids, acid oils from refining; oleic acid"
382313,6,3823,VI,"Industrial monocarboxylic fatty acids, acid oils from refining; tall oil fatty acids"
382319,6,3823,VI,"Industrial monocarboxylic fatty acids; acid oils from refining; (other than stearic acid, oleic acid or tall oil fatty acids)"
382370,6,3823,VI,Industrial fatty alcohols
3824,4,38,VI,"Prepared binders for foundry moulds or cores; chemical products and preparations of the chemical or allied industries (including those consisting of mixtures of natural products), not elsewhere specified or included"
382410,6,3824,VI,"Binders, prepared; for foundry moulds or cores"
382430,6,3824,VI,"Metal carbides, non-agglomerated; mixed together or with metallic binders"
382440,6,3824,VI,"Cements, mortars or concretes; their prepared additives"
382450,6,3824,VI,Mortars and concretes; non-refractory
382460,6,3824,VI,Sorbitol; other than that of subheading no. 2905.44
382481,6,3824,VI,"Chemical products, mixtures and preparations; containing goods specified in Subheading Note 3 to this Chapter; containing oxirane (ethylene oxide)"
382482,6,3824,VI,"Chemical products, mixtures and preparations; containing goods specified in Subheading Note 3 to this Chapter; containing polychlorinated biphenyls (PCBs), polychlorinated terphenyls (PCTs) or polybrominated biphenyls (PBBs)"
382483,6,3824,VI,"Chemical products, mixtures and preparations; containing goods specified in Subheading Note 3 to this Chapter; containing tris(2,3-dibromopropyl) phosphate"
382484,6,3824,VI,"Chemical products, mixtures and preparations; containing aldrin, camphechlor (toxaphene), chlordane, chlordecone, DDT (chlorfenotane, 1,1,1-trichloro-2,2-bis(p-chlorophenyl)ethane), dieldrin, endosulfan, endrin, heptachlor or mirex"
382485,6,3824,VI,"Chemical products, mixtures and preparations; containing goods specified in Subheading Note 3 to this Chapter; containing 1,2,3,4,5,6-hexachlorocyclohexane (HCH (ISO)), including lindane (ISO, INN)"
382486,6,3824,VI,"Chemical products, mixtures and preparations; containing goods specified in Subheading Note 3 to this Chapter; containing pentachlorobenzene (ISO) or hexachlorobenzene (ISO)"
382487,6,3824,VI,"Chemical products, mixtures and preparations; containing goods specified in Subheading Note 3 to this Chapter; containing perfluorooctane sulphonic acid, its salts, perfluorooctane sulphonamides, or perfluorooctane sulphonyl fluoride"
382488,6,3824,VI,"Chemical products, mixtures and preparations; containing goods specified in Subheading Note 3 to this Chapter; containing tetra-, penta-, hexa-, hepta- or octabromodiphenyl ethers"
382489,6,3824,VI,"Chemical products, mixtures and preparations; containing goods specified in Subheading Note 3 to this Chapter; containing short-chain chlorinated paraffins"
382491,6,3824,VI,"Chemical products, mixtures and preparations; consisting mainly of (5-ethyl-2-methyl-2-oxido-1,3,2-dioxaphosphinan-5-yl)methyl methyl methylphosphonate and bis[(5-ethyl-2-methyl-2-oxido-1,3,2-dioxaphosphinan-5-yl)methyl] methylphosphonate"
382492,6,3824,VI,"Chemical products, mixtures and preparations; polyglycol esters of methylphosphonic acid"
382499,6,3824,VI,"Chemical products, mixtures and preparations; n.e.c. heading 3824"
3825,4,38,VI,"Residual products of the chemical or allied industries, not elsewhere specified or included; municipal waste; sewage sludge; other residual products."
382510,6,3825,VI,"Residual products of the chemical or allied industries, not elsewhere specified or included; municipal waste"
382520,6,3825,VI,"Residual products of the chemical or allied industries, not elsewhere specified or included; sewage sludge"
382530,6,3825,VI,"Residual products of the chemical or allied industries, not elsewhere specified or included; clinical waste"
382541,6,3825,VI,"Residual products of the chemical or allied industries, not elsewhere specified or included; halogenated waste organic solvents"
382549,6,3825,VI,"Residual products of the chemical or allied industries, not elsewhere specified or included; waste organic solvents, other than halogenated"
382550,6,3825,VI,"Residual products of chemical or allied industries, not elsewhere specified or included; wastes of metal pickling liquors, hydraulic fluids, brake fluids and anti-freeze fluids"
382561,6,3825,VI,"Residual products of the chemical or allied industries, not elsewhere specified or included; (other than sewage sludge, municipal waste or waste covered in 27.10); other wastes n.e.c. in 3825; those mainly containing organic constituents"
382569,6,3825,VI,"Residual products of the chemical or allied industries, not elsewhere specified or included; (other than sewage sludge, municipal waste or waste covered by 27.10); other wastes n.e.c. in 3825; except those mainly containing organic constituents"
382590,6,3825,VI,"Residual products of the chemical or allied industries, not elsewhere specified or included; n.e.c. in 3825 or 27.10"
3826,4,38,VI,Biodiesel and mixtures thereof; not containing or containing less than 70% by weight of petroleum oils or oils obtained from bituminous minerals
382600,6,3826,VI,Biodiesel and mixtures thereof; not containing or containing less than 70% by weight of petroleum oils or oils obtained from bituminous minerals
3827,4,38,VI,"Mixtures containing halogenated derivatives of methane, ethane or propane, not elsewhere specified or included"
382711,6,3827,VI,"Mixtures containing halogenated derivatives of methane, ethane or propane, not elsewhere specified or included; containing chlorofluorocarbons (CFCs), whether or not containing hydrochlorofluorocarbons (HCFCs), perfluorocarbons (PFCs) or hydrofluorocarbon"
382712,6,3827,VI,"Mixtures containing halogenated derivatives of methane, ethane or propane, not elsewhere specified or included; containing hydrobromofluorocarbons (HBFCs)"
382713,6,3827,VI,"Mixtures containing halogenated derivatives of methane, ethane or propane, not elsewhere specified or included; containing carbon tetrachloride"
382714,6,3827,VI,"Mixtures containing halogenated derivatives of methane, ethane or propane, not elsewhere specified or included; containing 1,1,1-trichloroethane (methyl chloroform)"
382720,6,3827,VI,"Mixtures containing halogenated derivatives of methane, ethane or propane, not elsewhere specified or included; containing bromochlorodifluoromethane (Halon-1211), bromotrifluoromethane (Halon-1301) or dibromotetrafluoroethanes (Halon-2402)"
382731,6,3827,VI,"Mixtures containing halogenated derivatives of methane, ethane or propane; containing hydrochlorofluorocarbons (HCFCs), perfluorocarbons (PFCs) or hydrofluorocarbons (HFCs) or not, but not containing chlorofluorocarbons (CFCs); containing substances of su"
382732,6,3827,VI,"Mixtures containing halogenated methane, ethane, propane; containing hydrochlorofluorocarbons (HCFCs), perfluorocarbons (PFCs) or hydrofluorocarbons (HFCs) or not, not chlorofluorocarbons (CFCs); containing substances of subheadings 2903.71 to 2903.75"
382739,6,3827,VI,"Mixtures containing halogenated methane, ethane, or propane; containing hydrochlorofluorocarbons (HCFCs), perfluorocarbons (PFCs) or hydrofluorocarbons (HFCs) or not, but not chlorofluorocarbons (CFCs); n.e.c. in subheading 3827.3"
382740,6,3827,VI,"Mixtures containing halogenated derivatives of methane, ethane or propane; containing hydrochlorofluorocarbons (HCFCs), perfluorocarbons (PFCs) or hydrofluorocarbons (HFCs) or not, but not containing chlorofluorocarbons (CFCs); containing bromomethane (me"
382751,6,3827,VI,"Mixtures containing halogenated derivatives of methane, ethane or propane; containing trifluoromethan (HFC-23) or perfluorocarbons (PFCs) but not containing chlorofluorocarbons (CFCs) or hydrochlorofluorocarbons (HCFCs); containing trifluoromethane (HFC-2"
382759,6,3827,VI,"Mixtures containing halogenated derivatives of methane, ethane or propane; containing trifluoromethan (HFC-23) or perfluorocarbons (PFCs) not containing chlorofluorocarbons (CFCs) or hydrochlorofluorocarbons (HCFCs); other mixtures n.e.c. in subheading 38"
382761,6,3827,VI,"Mixtures containing halogenated derivatives of methane, ethane or propane; containing other hydrofluorocarbons (HFCs) but not containing chlorofluorocarbons (CFCs) or hydrochlorofluorocarbons (HCFCs); containing 15% or more by mass of 1,1,1-trifluoroethan"
382762,6,3827,VI,"Mixtures containing halogenated derivatives of methane, ethane or propane; containing other hydrofluorocarbons (HFCs) but not containing chlorofluorocarbons (CFCs) or hydrochlorofluorocarbons (HCFCs); other mixtures, not included in the subheading above, "
382763,6,3827,VI,"Mixtures containing halogenated derivatives of methane, ethane or propane; containing other hydrofluorocarbons (HFCs) but not containing chlorofluorocarbons (CFCs) or hydrochlorofluorocarbons (HCFCs); other mixtures not included in the subheadings above, "
382764,6,3827,VI,"Mixtures containing halogenated derivatives of methane, ethane or propane; containing other hydrofluorocarbons (HFCs) but not containing chlorofluorocarbons (CFCs) or hydrochlorofluorocarbons (HCFCs); other mixtures, not included in the subheadings above,"
382765,6,3827,VI,"Mixtures containing halogenated derivatives of methane, ethane or propane; containing other hydrofluorocarbons (HFCs) but not containing chlorofluorocarbons (CFCs) or hydrochlorofluorocarbons (HCFCs); other mixtures, not included in the subheadings above,"
382768,6,3827,VI,"Mixtures containing halogenated derivatives of methane, ethane or propane; containing other hydrofluorocarbons (HFCs) but not containing chlorofluorocarbons (CFCs) or hydrochlorofluorocarbons (HCFCs); other mixtures, not included in the subheadings above,"
382769,6,3827,VI,"Mixtures containing halogenated derivatives of methane, ethane or propane; containing other hydrofluorocarbons (HFCs) but not containing chlorofluorocarbons (CFCs) or hydrochlorofluorocarbons (HCFCs); n.e.c. in items no. 3827.5 and 3827.6, not containing "
382790,6,3827,VI,"Mixtures containing halogenated derivatives of methane, ethane or propane; n.e.c. in subheading no 3827"
39,2,TOTAL,VII,Plastics and articles thereof
3901,4,39,VII,"Polymers of ethylene, in primary forms"
390110,6,3901,VII,"Ethylene polymers; in primary forms, polyethylene having a specific gravity of less than 0.94"
390120,6,3901,VII,"Ethylene polymers; in primary forms, polyethylene having a specific gravity of 0.94 or more"
390130,6,3901,VII,"Ethylene polymers; in primary forms, ethylene-vinyl acetate copolymers"
390140,6,3901,VII,"Ethylene polymers; in primary forms, ethylene-alpha-olefin copolymers, having a specific gravity of less than 0.94"
390190,6,3901,VII,"Ethylene polymers; in primary forms, n.e.c. in heading no. 3901"
3902,4,39,VII,"Polymers of propylene or of other olefins, in primary forms"
390210,6,3902,VII,"Propylene, other olefin polymers; polypropylene in primary forms"
390220,6,3902,VII,"Propylene, other olefin polymers; polyisobutylene in primary forms"
390230,6,3902,VII,"Propylene, other olefin polymers; propylene copolymers in primary forms"
390290,6,3902,VII,"Propylene, other olefin polymers; n.e.c. in heading no. 3902, in primary forms"
3903,4,39,VII,"Polymers of styrene, in primary forms"
390311,6,3903,VII,"Styrene polymers; expansible polystyrene, in primary forms"
390319,6,3903,VII,"Styrene polymers; (other than expansible polystyrene), in primary forms"
390320,6,3903,VII,"Styrene polymers; styrene-acrylonitrile (SAN) copolymers, in primary forms"
390330,6,3903,VII,"Styrene polymers; acrylonitrile-butadiene-styrene (ABS) copolymers, in primary forms"
390390,6,3903,VII,"Styrene polymers; in primary forms, n.e.c. in heading no. 3903"
3904,4,39,VII,"Polymers of vinyl chloride or of other halogenated olefins, in primary forms"
390410,6,3904,VII,"Vinyl chloride, other halogenated olefin polymers; poly(vinyl chloride), not mixed with any other substances, in primary forms"
390421,6,3904,VII,"Vinyl chloride, other halogenated olefin polymers; non-plasticised poly(vinyl chloride), in primary forms, mixed with other substances"
390422,6,3904,VII,"Vinyl chloride, other halogenated olefin polymers; plasticised poly(vinyl chloride), in primary forms, mixed with other substances"
390430,6,3904,VII,"Vinyl chloride, other halogenated olefin polymers; vinyl chloride-vinyl acetate copolymers, in primary forms"
390440,6,3904,VII,"Vinyl chloride, other halogenated olefin polymers; vinyl chloride copolymers, in primary forms n.e.c. in heading no. 3904"
390450,6,3904,VII,"Vinyl chloride, other halogenated olefin polymers; vinylidene chloride polymers, in primary forms"
390461,6,3904,VII,"Halogenated olefin polymers; fluoro-polymers, polytetrafluoroethylene, in primary forms"
390469,6,3904,VII,"Halogenated olefin polymers; fluoro-polymers (other than polytetrafluoroethylene), in primary forms"
390490,6,3904,VII,"Vinyl chloride, other halogenated olefin polymers; n.e.c. in heading no. 3904"
3905,4,39,VII,"Polymers of vinyl acetate or of other vinyl esters, in primary forms; other vinyl polymers in primary forms"
390512,6,3905,VII,"Poly(vinyl acetate); in aqueous dispersion, in primary forms"
390519,6,3905,VII,"Poly(vinyl acetate); (other than in aqueous dispersion), in primary forms"
390521,6,3905,VII,"Vinyl acetate copolymers; in aqueous dispersion, in primary forms"
390529,6,3905,VII,"Vinyl acetate copolymers; (other than in aqueous dispersion), in primary forms"
390530,6,3905,VII,Poly(vinyl alcohol); whether or not containing unhydrolysed acetate groups
390591,6,3905,VII,"Vinyl acetate, vinyl ester polymers, vinyl polymers; n.e.c. in heading no. 3905, in primary forms, copolymers"
390599,6,3905,VII,"Vinyl acetate, vinyl ester polymers, vinyl polymers; n.e.c. in heading no. 3905, in primary forms, other than copolymers"
3906,4,39,VII,Acrylic polymers in primary forms
390610,6,3906,VII,"Acrylic polymers; poly(methyl methacrylate), in primary forms"
390690,6,3906,VII,"Acrylic polymers; (other than polymethyl methacrylate), in primary forms"
3907,4,39,VII,"Polyacetals, other polyethers and epoxide resins, in primary forms; polycarbonates, alkyd resins, polyallyl esters and other polyesters, in primary forms"
390710,6,3907,VII,Polyacetals; in primary forms
390721,6,3907,VII,"Polyethers other than polyacetals; in primary forms, bis(polyoxyethylene) methylphosphonate"
390729,6,3907,VII,"Polyethers other than polyacetals, and bis(polyoxyethylene) methylphosphonate; in primary forms"
390730,6,3907,VII,Epoxide resins; in primary forms
390740,6,3907,VII,Polycarbonates; in primary forms
390750,6,3907,VII,Alkyd resins; in primary forms
390761,6,3907,VII,"Poly(ethylene terephthalate); in primary forms, having a viscosity of 78ml/g or higher"
390769,6,3907,VII,"Poly(ethylene terephthalate); in primary forms, having a viscosity of less than 78ml/g"
390770,6,3907,VII,Poly(lactic acid); in primary forms
390791,6,3907,VII,"Polyesters; n.e.c. in heading no. 3907, unsaturated, in primary forms"
390799,6,3907,VII,"Polyesters; n.e.c. in heading no. 3907, saturated, in primary forms"
3908,4,39,VII,Polyamides in primary forms
390810,6,3908,VII,"Polyamides; polyamide-6, -11, -12, -6,6, -6,9, -6,10 or -6,12, in primary forms"
390890,6,3908,VII,"Polyamides; n.e.c. in heading no. 3908, in primary forms"
3909,4,39,VII,"Amino-resins, phenolic resins and polyurethanes, in primary forms"
390910,6,3909,VII,"Amino-resins; urea and thiourea resins, in primary forms"
390920,6,3909,VII,"Amino-resins; melamine resins, in primary forms"
390931,6,3909,VII,"Amino-resins; n.e.c. in heading no. 3909, in primary forms, poly(methylene phenyl isocyanate) (Crude MDI, polymeric MDI)"
390939,6,3909,VII,"Amino-resins; n.e.c. in heading no. 3909, in primary forms, other than poly(methylene phenyl isocyanate) (Crude MDI, polymeric MDI)"
390940,6,3909,VII,Phenolic resins; in primary forms
390950,6,3909,VII,Polyurethanes; in primary forms
3910,4,39,VII,Silicones in primary forms
391000,6,3910,VII,Silicones; in primary forms
3911,4,39,VII,"Petroleum resins, coumarone-indene resins, polyterpenes, polysulphides, polysulphones and similar products of chemical synthesis n.e.c. in chapter 39, in primary forms"
391110,6,3911,VII,"Petroleum resins, coumarone, indene or coumarone-indene resins and polyterpenes; in primary forms"
391120,6,3911,VII,"Petroleum resins, poly(1,3-phenylene methylphosphonate), in primary forms"
391190,6,3911,VII,"Polysulphides, polysulphones and similar products of chemical synthesis n.e.c. in chapter 39; in primary forms"
3912,4,39,VII,"Cellulose and its chemical derivatives, n.e.c. or included, in primary forms"
391211,6,3912,VII,"Cellulose acetates; non-plasticised, in primary forms"
391212,6,3912,VII,"Cellulose acetates; plasticised, in primary forms"
391220,6,3912,VII,Cellulose nitrates (including collodions); in primary forms
391231,6,3912,VII,"Cellulose ethers; carboxymethylcellulose and its salts, in primary forms"
391239,6,3912,VII,"Cellulose ethers; (other than carboxymethylcellulose and its salts), in primary forms"
391290,6,3912,VII,"Cellulose and its chemical derivatives; n.e.c. in item no. 3912, in primary forms"
3913,4,39,VII,"Natural polymers (e.g. alginic acid) and modified natural polymers (e.g. hardened proteins, chemical derivatives of natural rubber), n.e.c. or included, in primary forms"
391310,6,3913,VII,"Polymers, natural; alginic acid, its salts and esters, in primary forms"
391390,6,3913,VII,"Polymers, natural and modified natural; in primary forms (excluding alginic acid, its salts and esters)"
3914,4,39,VII,"Ion-exchangers; based on polymers of heading no. 3901 to 3913, in primary forms"
391400,6,3914,VII,"Ion-exchangers; based on polymers of heading no. 3901 to 3913, in primary forms"
3915,4,39,VII,"Waste, parings and scrap, of plastics"
391510,6,3915,VII,"Ethylene polymers; waste, parings and scrap"
391520,6,3915,VII,"Styrene polymers; waste, parings and scrap"
391530,6,3915,VII,"Vinyl chloride polymers; waste, parings and scrap"
391590,6,3915,VII,"Plastics n.e.c. in heading no. 3915; waste, parings and scrap"
3916,4,39,VII,"Monofilament of which any cross-sectional dimension exceeds 1mm, rods, sticks and profile shapes, whether or not surface-worked but not otherwise worked, of plastics"
391610,6,3916,VII,"Ethylene polymers; monofilament, of which any cross-sectional dimension exceeds 1mm, rods, sticks and profile shapes, whether or not surface-worked but not otherwise worked"
391620,6,3916,VII,"Vinyl chloride polymers; monofilament, of which any cross-sectional dimension exceeds 1mm, rods, sticks and profile shapes, whether or not surface-worked but not otherwise worked"
391690,6,3916,VII,"Plastics; monofilament, of plastics n.e.c. in heading no. 3916, cross-sectional dimension exceeds 1mm, rods, sticks and profile shapes, whether or not surface-worked but not otherwise worked"
3917,4,39,VII,"Tubes, pipes and hoses and fittings thereof (for example, joints, elbows, flanges), of plastics"
391710,6,3917,VII,Plastics; artificial guts (sausage casings) of hardened protein or of cellulosic materials
391721,6,3917,VII,"Plastics; tubes, pipes and hoses thereof, rigid, of polymers of ethylene"
391722,6,3917,VII,"Plastics; tubes, pipes and hoses thereof, rigid, of polymers of propylene"
391723,6,3917,VII,"Plastics; tubes, pipes and hoses thereof, rigid, of polymers of vinyl chloride"
391729,6,3917,VII,"Plastics; tubes, pipes and hoses thereof, rigid, of plastics n.e.c. in heading no. 3917"
391731,6,3917,VII,"Plastics; tubes, pipes and hoses thereof, flexible, having a minimum burst pressure of 27.6MPa"
391732,6,3917,VII,"Plastics; tubes, pipes and hoses thereof, other than those of item no. 3917.31, not reinforced or otherwise combined with other materials, without fittings"
391733,6,3917,VII,"Plastics; tubes, pipes and hoses thereof, other than those of item no. 3917.31, not reinforced or otherwise combined with other materials, with fittings"
391739,6,3917,VII,"Plastics; tubes, pipes and hoses thereof, n.e.c. in item no. 3917.30"
391740,6,3917,VII,"Plastics; tube, pipe and hose fittings (e.g. joints, elbows, flanges)"
3918,4,39,VII,"Floor coverings of plastics, self-adhesive or not, in rolls or tiles; wall or ceiling coverings of plastics, in rolls of a width not less than 45cm"
391810,6,3918,VII,"Floor, wall or ceiling coverings; of polymers of vinyl chloride, whether or not self-adhesive, in rolls or in the form of tiles"
391890,6,3918,VII,"Floor, wall or ceiling coverings; of plastics (excluding polymers of vinyl chloride), whether or not self-adhesive, in rolls or in the form of tiles"
3919,4,39,VII,"Self-adhesive plates, sheets, film, foil, tape, strip and other flat shapes, of plastics, whether or not in rolls"
391910,6,3919,VII,"Plastics; plates, sheets, film, foil, tape, strip, other flat shapes thereof, self-adhesive, in rolls of a width not exceeding 20cm"
391990,6,3919,VII,"Plastics; plates, sheets, film, foil, tape, strip, other flat shapes thereof, self-adhesive, other than in rolls of a width not exceeding 20cm"
3920,4,39,VII,"Plastics; plates, sheets, film, foil and strip (not self-adhesive); non-cellular and not reinforced, laminated, supported or similarly combined with other materials, n.e.c. in chapter 39"
392010,6,3920,VII,"Plastics; plates, sheets, film, foil and strip (not self-adhesive), of polymers of ethylene, non-cellular and not reinforced, laminated, supported or similarly combined with other materials"
392020,6,3920,VII,"Plastics; of polymers of propylene, plates, sheets, film, foil and strip (not self-adhesive), non-cellular and not reinforced, laminated, supported or similarly combined with other materials"
392030,6,3920,VII,"Plastics; of polymers of styrene, plates, sheets, film, foil and strip (not self-adhesive), non-cellular and not reinforced, laminated, supported or similarly combined with other materials"
392043,6,3920,VII,"Plastics; polymers of vinyl chloride, containing by weight not less than 6% of plasticisers; plates, sheets, film, foil and strip (not self-adhesive), non-cellular and not reinforced, laminated, supported or similarly combined with other materials"
392049,6,3920,VII,"Plastics; polymers of vinyl chloride, containing by weight, less than 6% of plasticisers; plates, sheets, film, foil and strip (not self-adhesive), non-cellular and not reinforced, laminated, supported or similarly combined with other materials"
392051,6,3920,VII,"Plastics; of acrylic polymers, polymethyl methacrylate, plates, sheets, film, foil and strip (not self-adhesive), non-cellular and not reinforced, laminated, supported or similarly combined with other materials"
392059,6,3920,VII,"Plastics; of acrylic polymers (excluding polymethyl methacrylate), plates, sheets, film, foil and strip (not self-adhesive), non-cellular and not reinforced, laminated, supported or similarly combined with other materials"
392061,6,3920,VII,"Plastics; plates, sheets, film, foil and strip (not self-adhesive), of polycarbonates, non-cellular and not reinforced, laminated, supported or similarly combined with other materials"
392062,6,3920,VII,"Plastics; plates, sheets, film, foil and strip (not self-adhesive), of poly(ethylene terephthalate), non-cellular and not reinforced, laminated, supported or similarly combined with other materials"
392063,6,3920,VII,"Plastics; plates, sheets, film, foil and strip (not self-adhesive), of unsaturated polyesters, non-cellular and not reinforced, laminated, supported or similarly combined with other materials"
392069,6,3920,VII,"Plastics; plates, sheets, film, foil and strip (not self-adhesive), of polyesters n.e.c. in heading no. 3920, non-cellular and not reinforced, laminated, supported or similarly combined with other materials"
392071,6,3920,VII,"Plastics; plates, sheets, film, foil and strip (not self-adhesive), of regenerated cellulose; non-cellular and not reinforced, laminated, supported or similarly combined with other materials"
392073,6,3920,VII,"Plastics; plates, sheets, film, foil and strip (not self-adhesive), of cellulose acetate, non-cellular and not reinforced, laminated, supported or similarly combined with other materials"
392079,6,3920,VII,"Plastics; plates, sheets, film, foil and strip (not self-adhesive), of cellulose derivatives n.e.c. in heading no. 3920, non-cellular and not reinforced, laminated, supported or similarly combined with other materials"
392091,6,3920,VII,"Plastics; plates, sheets, film, foil and strip (not self-adhesive), of poly(vinyl butyral), non-cellular and not reinforced, laminated, supported or similarly combined with other materials"
392092,6,3920,VII,"Plastics; plates, sheets, film, foil and strip (not self-adhesive), of polyamides, non-cellular and not reinforced, laminated, supported or similarly combined with other materials"
392093,6,3920,VII,"Plastics; plates, sheets, film, foil and strip (not self-adhesive), of amino-resins, non-cellular and not reinforced, laminated, supported or similarly combined with other materials"
392094,6,3920,VII,"Plastics; plates, sheets, film, foil and strip (not self-adhesive), of phenolic resins, non-cellular and not reinforced, laminated, supported or similarly combined with other materials"
392099,6,3920,VII,"Plastics; plates, sheets, film, foil and strip (not self-adhesive), of plastics n.e.c. in heading no. 3920, non-cellular and not reinforced, laminated, supported or similarly combined with other materials"
3921,4,39,VII,"Plastic plates, sheets, film, foil and strip n.e.c. in chapter 39"
392111,6,3921,VII,"Plastics; plates, sheets, film, foil and strip, of polymers of styrene, cellular"
392112,6,3921,VII,"Plastics; plates, sheets, film, foil and strip, of polymers of vinyl chloride, cellular"
392113,6,3921,VII,"Plastics; plates, sheets, film, foil and strip, of polyurethanes, cellular"
392114,6,3921,VII,"Plastics; plates, sheets, film, foil and strip, of regenerated cellulose, cellular"
392119,6,3921,VII,"Plastics; plates, sheets, film, foil and strip, of plastics n.e.c. in heading no. 3921, cellular"
392190,6,3921,VII,"Plastics; plates, sheets, film, foil and strip, other than cellular"
3922,4,39,VII,"Sanitary ware; baths, shower-baths, sinks, wash-basins, bidets, lavatory pans, seats and covers, flushing cisterns and sanitary ware, of plastics"
392210,6,3922,VII,"Plastics; baths, shower-baths, sinks and wash-basins"
392220,6,3922,VII,Plastics; lavatory seats and covers
392290,6,3922,VII,"Plastics; bidets, lavatory pans, flushing cisterns and similar sanitary ware n.e.c. in heading no. 3922"
3923,4,39,VII,"Plastic articles for the conveyance or packing of goods; stoppers, lids, caps and other closures of plastics"
392310,6,3923,VII,"Plastics; boxes, cases, crates and similar articles for the conveyance or packing of goods"
392321,6,3923,VII,"Ethylene polymers; sacks and bags (including cones), for the conveyance or packing of goods"
392329,6,3923,VII,"Plastics; sacks and bags (including cones), for the conveyance or packing of goods, of plastics other than ethylene polymers"
392330,6,3923,VII,"Plastics; carboys, bottles, flasks and similar articles, for the conveyance or packing of goods"
392340,6,3923,VII,"Plastics; spools, cops, bobbins and similar supports, for the conveyance or packing of goods"
392350,6,3923,VII,"Plastics; stoppers, lids, caps and other closures, for the conveyance or packing of goods"
392390,6,3923,VII,Plastics; articles for the conveyance or packing of goods n.e.c. in heading no. 3923
3924,4,39,VII,"Tableware, kitchenware, other household articles and hygienic or toilet articles, of plastics"
392410,6,3924,VII,Plastics; tableware and kitchenware
392490,6,3924,VII,Plastics; household articles and hygienic or toilet articles
3925,4,39,VII,Plastics; builders' wares n.e.c. or included
392510,6,3925,VII,"Plastics; builders' ware, reservoirs, tanks, vats and similar containers of a capacity exceeding 300 litres"
392520,6,3925,VII,"Plastics; builders' ware, doors, windows and their frames and thresholds for doors"
392530,6,3925,VII,"Plastics; builders' ware, shutters, blinds (including venetian blinds) and similar articles and parts thereof"
392590,6,3925,VII,"Plastics; builders' ware, n.e.c. or included in heading no. 3925"
3926,4,39,VII,"Articles of plastics and articles of other materials of heading no. 3901 to 3914, n.e.c. in chapter 39"
392610,6,3926,VII,Plastics; office or school supplies
392620,6,3926,VII,"Plastics; articles of apparel and clothing accessories (including gloves, mittens and mitts)"
392630,6,3926,VII,"Plastics; fittings for furniture, coachwork or the like"
392640,6,3926,VII,Plastics; statuettes and other ornamental articles
392690,6,3926,VII,Plastics; other articles n.e.c. in chapter 39
40,2,TOTAL,VII,Rubber and articles thereof
4001,4,40,VII,"Natural rubber, balata, gutta-percha, guayule, chicle and similar gums; in primary forms or in plates, sheets or strip"
400110,6,4001,VII,"Rubber; natural rubber latex, whether or not pre-vulcanised, in primary forms or in plates, sheets or strip"
400121,6,4001,VII,"Rubber; natural (excluding latex), in smoked sheets"
400122,6,4001,VII,"Rubber; technically specified natural rubber (TSNR), in primary forms or in plates, sheets or strip (excluding latex and smoked sheets)"
400129,6,4001,VII,"Rubber; natural (excluding latex, technically specified natural rubber and smoked sheets), in primary forms or in plates, sheets or strip"
400130,6,4001,VII,"Balata, gutta-percha, guayule, chicle and similar natural gums; in primary forms or in plates, sheets or strip"
4002,4,40,VII,"Synthetic rubber and factice derived from oils, in primary forms or in plates, sheets or strip; mixtures of heading no. 4001 and 4002, in primary forms or in plates, sheets or strip"
400211,6,4002,VII,"Rubber; synthetic, styrene-butadiene rubber (SBR) and carboxylated styrene-butadiene rubber (XSBR) latex, in primary forms or in plates, sheets or strip"
400219,6,4002,VII,"Rubber; synthetic, styrene-butadiene rubber (SBR) and carboxylated styrene-butadiene rubber (XSBR), (other than latex), in primary forms or in plates, sheets or strip"
400220,6,4002,VII,"Rubber; synthetic, butadiene rubber (BR), in primary forms or in plates, sheets or strip"
400231,6,4002,VII,"Rubber; synthetic, isobutene-isoprene (butyl) rubber (IIR), in primary forms or in plates, sheets or strip"
400239,6,4002,VII,"Rubber; synthetic, halo-isobutene-isoprene rubber (CIIR or BIIR), in primary forms or in plates, sheets or strip"
400241,6,4002,VII,"Rubber; synthetic, chloroprene (chlorobutadiene) rubber (CR), latex, in primary forms or in plates, sheets or strip"
400249,6,4002,VII,"Rubber; synthetic, chloroprene (chlorobutadiene) rubber (CR), (other than latex), in primary forms or in plates, sheets or strip"
400251,6,4002,VII,"Rubber; synthetic, acrylonitrile-butadiene rubber (NBR), latex, in primary forms or in plates, sheets or strip"
400259,6,4002,VII,"Rubber; synthetic, acrylonitrile-butadiene rubber (NBR), (other than latex), in primary forms or in plates, sheets or strip"
400260,6,4002,VII,"Rubber; synthetic, isoprene rubber (IR), in primary forms or in plates, sheets or strip"
400270,6,4002,VII,"Rubber; synthetic, ethylene-propylene-non-conjugated diene rubber (EPDM), in primary forms or in plates, sheets or strip"
400280,6,4002,VII,"Rubber; mixtures of natural and synthetic rubbers of heading no. 4001 and 4002, in primary forms or in plates, sheets or strip"
400291,6,4002,VII,"Rubber; synthetic, n.e.c. in heading 4002, latex, in primary forms or in plates, sheets or strip"
400299,6,4002,VII,"Rubber; synthetic, n.e.c. in heading 4002, (other than latex), in primary forms or in plates, sheets or strip"
4003,4,40,VII,"Reclaimed rubber in primary forms or in plates, sheets or strip"
400300,6,4003,VII,"Rubber; reclaimed rubber, in primary forms or in plates, sheets or strip"
4004,4,40,VII,"Waste, parings and scrap of rubber (other than hard rubber) and powders and granules obtained therefrom"
400400,6,4004,VII,"Rubber; waste, parings and scrap of rubber (other than hard rubber) and powders and granules obtained therefrom"
4005,4,40,VII,"Compounded rubber, unvulcanised, in primary forms or in plates, sheets or strip"
400510,6,4005,VII,"Rubber; unvulcanised, compounded with carbon black or silica, in primary forms or in plates, sheets or strip"
400520,6,4005,VII,"Rubber; unvulcanised, compounded, solutions and dispersions other than those of item no. 4005.10"
400591,6,4005,VII,"Rubber; unvulcanised, (compounded other than with carbon black or silica), in plates, sheets and strip"
400599,6,4005,VII,"Rubber; unvulcanised, (compounded other than with carbon black or silica), in primary forms, (other than plates, sheets, strip, solutions or dispersions)"
4006,4,40,VII,"Unvulcanised rubber in other forms (e.g. rods, tubes and profile shapes) and articles (e.g. discs and rings)"
400610,6,4006,VII,"Rubber; unvulcanised, camel-back strips for retreading rubber tyres"
400690,6,4006,VII,"Rubber; unvulcanised, other than camel back strips for retreading rubber tyres"
4007,4,40,VII,Vulcanised rubber thread and cord
400700,6,4007,VII,"Rubber; vulcanised, thread and cord"
4008,4,40,VII,"Plates, sheets, strip, rods and profile shapes, of vulcanised rubber other than hard rubber"
400811,6,4008,VII,"Rubber; vulcanised (other than hard rubber), in plates, sheets and strip of cellular rubber"
400819,6,4008,VII,"Rubber; vulcanised (other than hard rubber), cellular rubber, (other than in plates, sheets or strip)"
400821,6,4008,VII,"Rubber; vulcanised (other than hard rubber), in plates, sheets and strip, of non-cellular rubber"
400829,6,4008,VII,"Rubber; vulcanised (other than hard rubber), non-cellular rubber, in forms other than plates, sheets or strip"
4009,4,40,VII,"Tubes, pipes and hoses, of vulcanised rubber (other than hard rubber), with or without their fittings (e.g. joints, elbows, flanges)"
400911,6,4009,VII,"Rubber; vulcanised (other than hard rubber), tubing, piping and hoses, not reinforced or otherwise combined with other materials, without fittings"
400912,6,4009,VII,"Rubber; vulcanised (other than hard rubber), tubing, piping and hoses, not reinforced or otherwise combined with other materials, with fittings"
400921,6,4009,VII,"Rubber; vulcanised (other than hard rubber), tubing, piping and hoses, reinforced or otherwise combined only with metal, without fittings"
400922,6,4009,VII,"Rubber; vulcanised (other than hard rubber), tubing, piping and hoses, reinforced or otherwise combined only with metal, with fittings"
400931,6,4009,VII,"Rubber; vulcanised (other than hard rubber), tubing, piping and hoses, reinforced or otherwise combined only with textile materials, without fittings"
400932,6,4009,VII,"Rubber; vulcanised (other than hard rubber), tubing, piping and hoses, reinforced or otherwise combined only with textile materials, with fittings"
400941,6,4009,VII,"Rubber; vulcanised (other than hard rubber), tubing, piping and hoses, reinforced or otherwise combined with materials other than metal or textiles, without fittings"
400942,6,4009,VII,"Rubber; vulcanised (other than hard rubber), tubing, piping and hoses, reinforced or otherwise combined with materials other than metal or textiles, with fittings"
4010,4,40,VII,"Conveyor or transmission belts or belting, of vulcanised rubber"
401011,6,4010,VII,"Rubber; vulcanised, conveyor belts or belting, reinforced only with metal"
401012,6,4010,VII,"Rubber; vulcanised, conveyor belts or belting, reinforced only with textile materials"
401019,6,4010,VII,"Rubber; vulcanised, conveyor belts or belting, (reinforced with other than metal only or textile materials only)"
401031,6,4010,VII,"Rubber; vulcanised, endless transmission belts of trapezoidal cross-section (V-belts), V-ribbed, of an outside circumference exceeding 60cm but not exceeding 180 cm"
401032,6,4010,VII,"Rubber; vulcanised, endless transmission belts of trapezoidal cross-section (V-belts), other than V-ribbed, of an outside circumference exceeding 60cm but not exceeding 180 cm"
401033,6,4010,VII,"Rubber; vulcanised, endless transmission belts of trapezoidal cross-section (V-belts), V-ribbed, of an outside circumference exceeding 180cm but not exceeding 240 cm"
401034,6,4010,VII,"Rubber; vulcanised, endless transmission belts of trapezoidal cross-section (V-belts), other than V-ribbed, of an outside circumference exceeding 180cm but not exceeding 240 cm"
401035,6,4010,VII,"Rubber; vulcanised, endless synchronous belts, of an outside circumference exceeding 60 cm but not exceeding 150 cm"
401036,6,4010,VII,"Rubber; vulcanised, endless synchronous belts, of an outside circumference exceeding 150 cm but not exceeding 198 cm"
401039,6,4010,VII,"Rubber; vulcanised, conveyor or transmission belts or belting, n.e.c. in heading no. 4010"
4011,4,40,VII,"New pneumatic tyres, of rubber"
401110,6,4011,VII,"Rubber; new pneumatic tyres, of a kind used on motor cars (including station wagons and racing cars)"
401120,6,4011,VII,"Rubber; new pneumatic tyres, of a kind used on buses or lorries"
401130,6,4011,VII,"Rubber; new pneumatic tyres, of a kind used on aircraft"
401140,6,4011,VII,"Rubber; new pneumatic tyres, of a kind used on motorcycles"
401150,6,4011,VII,"Rubber; new pneumatic tyres, of a kind used on bicycles"
401170,6,4011,VII,"Rubber; new pneumatic tyres, of a kind used on agricultural or forestry vehicles and machines"
401180,6,4011,VII,"Rubber; new pneumatic tyres, of a kind used on construction, mining or industrial handling vehicles and machines"
401190,6,4011,VII,"Rubber; new pneumatic tyres, of a kind used on light commercial vehicles"
4012,4,40,VII,"Retreaded or used pneumatic tyres of rubber; solid or cushion tyres, tyre treads and tyre flaps, of rubber"
401211,6,4012,VII,Retreaded tyres; of a kind used on motor cars (including station wagons and racing cars)
401212,6,4012,VII,Retreaded tyres; of a kind used on motor buses or lorries
401213,6,4012,VII,Retreaded tyres; of a kind used on aircraft
401219,6,4012,VII,"Retreaded tyres; other than of a kind used on motor cars (including station wagons and racing cars), buses and lorries and aircraft"
401220,6,4012,VII,Rubber; used pneumatic tyres
401290,6,4012,VII,Rubber; tyres n.e.c. in heading no. 4012
4013,4,40,VII,"Inner tubes, of rubber"
401310,6,4013,VII,"Rubber; inner tubes, of a kind used on motorcars (including station wagons and racing cars), buses and lorries"
401320,6,4013,VII,"Rubber; inner tubes, of a kind used on bicycles"
401390,6,4013,VII,"Rubber; inner tubes, n.e.c. in heading no. 4013"
4014,4,40,VII,"Hygienic or pharmaceutical articles (including teats), of vulcanised rubber other than hard rubber, with or without fittings of hard rubber"
401410,6,4014,VII,"Rubber; vulcanised (other than hard rubber), sheath contraceptives"
401490,6,4014,VII,"Rubber; vulcanised (other than hard rubber), hygienic or pharmaceutical articles (excluding sheath contraceptives), with or without fittings of hard rubber"
4015,4,40,VII,"Articles of apparel and clothing accessories (including gloves, mittens and mitts), for all purposes, of vulcanised rubber other than hard rubber"
401512,6,4015,VII,"Rubber; vulcanised (other than hard rubber), gloves, of a kind used for medical, surgical, dental or veterinary purposes"
401519,6,4015,VII,"Rubber; vulcanised (other than hard rubber), gloves, mittens and mitts other than surgical gloves"
401590,6,4015,VII,"Rubber; vulcanised (other than hard rubber), articles of apparel and clothing accessories (other than gloves, mittens and mitts)"
4016,4,40,VII,"Articles of vulcanised rubber other than hard rubber, n.e.c. in chapter 40"
401610,6,4016,VII,"Rubber; vulcanised (other than hard rubber), moulded rubber mats and mats of non-rectangular shape made by cutting from the piece, of cellular rubber"
401691,6,4016,VII,"Rubber; vulcanised (other than hard rubber), floor coverings and mats, of non-cellular rubber"
401692,6,4016,VII,"Rubber; vulcanised (other than hard rubber), erasers, of non-cellular rubber"
401693,6,4016,VII,"Rubber; vulcanised (other than hard rubber), gaskets, washers and other seals, of non-cellular rubber"
401694,6,4016,VII,"Rubber; vulcanised (other than hard rubber), boat or dock fenders, whether or not inflatable, of non-cellular rubber"
401695,6,4016,VII,"Rubber; vulcanised (other than hard rubber), inflatable articles (other than boat or dock fenders), of non-cellular rubber"
401699,6,4016,VII,"Rubber; vulcanised (other than hard rubber), articles n.e.c. in heading no. 4016, of non-cellular rubber"
4017,4,40,VII,"Hard rubber (e.g. ebonite) in all forms, including waste and scrap; articles of hard rubber"
401700,6,4017,VII,"Rubber; ebonite and other hard rubbers in all forms, including waste and scrap, and articles of hard rubber"
41,2,TOTAL,VIII,Raw hides and skins (other than furskins) and leather
4101,4,41,VIII,"Raw hides and skins of bovine (including buffalo) or equine animals (fresh, salted, dried, limed, pickled, otherwise preserved but not tanned, parchment dressed or further prepared), whether or not dehaired or split"
410120,6,4101,VIII,"Raw hides and skins; whole, unsplit, of bovine or equine animals, of a weight per skin not exceeding 8kg when simply dried, 10kg when dry-salted or 16kg when fresh, wet-salted or otherwise preserved"
410150,6,4101,VIII,"Hides and skins; raw, whole, of bovine or equine animals, of a weight per skin exceeding 16 kg"
410190,6,4101,VIII,"Hides and skins; other than whole, but including butts, bends and bellies, of bovine (including. buffalo) and equine animals, fresh, salted or preserved, but not tanned, parchment dressed or further prepared, whether or not dehaired or split"
4102,4,41,VIII,"Raw skins of sheep or lambs (fresh, salted, dried, limed, pickled or otherwise preserved, but not further prepared), whether or not with wool on or split"
410210,6,4102,VIII,"Skins; raw, of sheep or lambs, fresh, or salted, dried, limed, pickled or otherwise preserved, (but not tanned, parchment-dressed or further prepared), with wool on"
410221,6,4102,VIII,"Skins; raw, of sheep or lambs, pickled (but not tanned, parchment-dressed or further preserved), without wool on"
410229,6,4102,VIII,"Hides and skins; raw, of animals n.e.c. in this chapter, fresh, salted, dried, limed, pickled or otherwise preserved, (but not tanned, parchment-dressed or further prepared), whether or not dehaired or split"
4103,4,41,VIII,"Raw hides and skins n.e.c in headings no. 4101, 4102; fresh, salted, dried, pickled or otherwise preserved, not further prepared, whether or not dehaired or split"
410320,6,4103,VIII,"Hides and skins; raw, of reptiles (fresh or salted, dried, limed, pickled or otherwise preserved, but not tanned, parchment-dressed or further prepared), whether or not dehaired or split"
410330,6,4103,VIII,"Hides and skins; raw, of swine, (fresh or salted, dried, limed, pickled or otherwise preserved, but not tanned, parchment-dressed or further prepared), whether or not dehaired or split"
410390,6,4103,VIII,"Hides and skins; raw, of animals n.e.c. in this chapter, fresh, salted, dried, limed, pickled or otherwise preserved, (but not tanned, parchment-dressed or further prepared), whether or not dehaired or split"
4104,4,41,VIII,"Tanned or crust hides and skins of bovine (including buffalo) or equine animals, without hair on, whether or not split, but not further prepared"
410411,6,4104,VIII,"Tanned or crust hides and skins; without hair on, bovine or equine, in the wet state (including wet-blue), full grains, unsplit; grain splits"
410419,6,4104,VIII,"Tanned or crust hides and skins; bovine or equine, without hair on, in the wet state (including wet-blue), excluding full grains, unsplit; grain splits"
410441,6,4104,VIII,"Tanned or crust hides and skins; bovine or equine, without hair on, in the dry state (crust), full grains, unsplit; grain splits"
410449,6,4104,VIII,"Tanned or crust hides and skins; bovine or equine, without hair on, in the dry state (crust), (other than full grains, unsplit; grain splits)"
4105,4,41,VIII,"Tanned or crust skins of sheep and lambs, without wool on, whether or not split, but not further prepared"
410510,6,4105,VIII,"Tanned or crust skins of sheep or lambs, without wool on, whether or not split, but not further prepared, in the wet state (including wet-blue)"
410530,6,4105,VIII,"Tanned or crust skins; of sheep or lambs, without wool on, whether or not split, but not further prepared, in the dry state (crust)"
4106,4,41,VIII,"Tanned or crust hides and skins of other animals, without wool or hair on, whether or not split, but not further prepared"
410621,6,4106,VIII,"Tanned or crust hides and skins; of goats or kids, without wool or hair on, whether or not split, but not further prepared, in the wet state (including wet-blue)"
410622,6,4106,VIII,"Tanned or crust hides and skins; of goats or kids, without hair on, whether or not split, but not further prepared, in the dry state (crust)"
410631,6,4106,VIII,"Tanned or crust hides and skins; of swine, without hair on, whether or not split, but not further prepared, in the wet state (including wet-blue)"
410632,6,4106,VIII,"Tanned or crust hides and skins; of swine, without hair on, whether or not split, but not further prepared, in the dry state (crust)"
410640,6,4106,VIII,"Tanned or crust hides and skins; of reptiles, whether or not split, but not further prepared"
410691,6,4106,VIII,"Tanned or crust hides and skins; of animals other than equine, ovine, bovine, goats or kids, swine and reptiles, without wool or hair on, whether or not split, but not further prepared, in the wet state (including wet-blue)"
410692,6,4106,VIII,"Tanned or crust hides and skins; of animals other than equine, ovine, bovine, goats or kids, swine and reptiles, without wool or hair on, whether or not split, but not further prepared, in the dry state (crust)"
4107,4,41,VIII,"Leather further prepared after tanning or crusting, including parchment-dressed leather, of bovine (including buffalo) or equine animals, without hair on, whether or not split, other than leather of heading 41.14"
410711,6,4107,VIII,"Leather; further prepared after tanning or crusting, including parchment-dressed leather, of bovine (including buffalo) or equine animals, without hair on, other than leather of heading 41.14, whole hides and skins, full grain, unsplit"
410712,6,4107,VIII,"Leather; further prepared after tanning or crusting, including parchment-dressed leather, of bovine (including buffalo) or equine animals, without hair on, other than leather of heading 41.14, whole hides and skins, grain splits"
410719,6,4107,VIII,"Leather; further prepared after tanning or crusting, including parchment-dressed, of bovine (including buffalo) or equine animals, without hair on, split or not, other than leather of heading 41.14, (other than grain splits and full grains, unsplit)"
410791,6,4107,VIII,"Leather; further prepared after tanning or crusting, including parchment-dressed, of bovine (including buffalo) or equine animals, without hair on, other than leather of heading 41.14, not whole hides and skins, but including sides, full grain, unsplit"
410792,6,4107,VIII,"Leather; further prepared after tanning or crusting, including parchment-dressed, of bovine (including buffalo) or equine animals, without hair on, other than leather of heading 41.14, not whole hides and skins, but including sides, grain splits"
410799,6,4107,VIII,"Leather; further prepared after tanning or crusting, incl. parchment-dressed, of bovine (including buffalo) or equine animals, no hair, excluding leather of heading 41.14, and whole hides and skins, and sides, (full grains, unsplit and grain splits)"
4112,4,41,VIII,"Leather further prepared after tanning or crusting, including parchment dressed leather, of sheep or lamb, without wool on, whether or not split, other than leather of heading 41.14"
411200,6,4112,VIII,"Leather; further prepared after tanning or crusting, including parchment dressed leather, of sheep or lamb, without wool on, whether or not split, other than leather of heading 41.14"
4113,4,41,VIII,"Leather further prepared after tanning or crusting, including parchment-dressed leather, of animals (other than ovine), without wool or hair on, whether or not split, other than leather of heading 41.14"
411310,6,4113,VIII,"Leather; further prepared after tanning or crusting, including parchment-dressed leather, without hair on, whether or not split, other than leather of heading 41.14, of goats and kids"
411320,6,4113,VIII,"Leather; further prepared after tanning or crusting, including parchment-dressed leather, without hair on, whether or not split, other than leather of heading 41.14, of swine"
411330,6,4113,VIII,"Leather; further prepared after tanning or crusting, including parchment-dressed leather, of reptiles, whether or not split, other than leather of heading 41.14"
411390,6,4113,VIII,"Leather; further prepared after tanning or crusting, including parchment-dressed leather, of animals (other than sheep and lambs, goats and kids, swine and reptiles), without wool or hair on, whether or not split, other than leather of heading 41.14"
4114,4,41,VIII,Chamois (including combination chamois) leather; patent leather and patent laminated leather; metallised leather
411410,6,4114,VIII,Leather; chamois (including combination chamois)
411420,6,4114,VIII,Leather; patent leather and laminated patent leather; metallised leather
4115,4,41,VIII,"Composition leather with a basis of leather or leather fibre, in slabs, sheets or strip, in rolls or not; parings and other waste of leather or of composition leather, not suitable for the manufacture of leather articles; leather dust, powder and flour"
411510,6,4115,VIII,"Leather; composition leather with a basis of leather or leather fibre, in slabs, sheets or strip, whether or not in rolls"
411520,6,4115,VIII,"Leather; parings and other waste, of leather or composition leather; not suitable for the manufacture of leather articles; leather dust, powder and flour"
42,2,TOTAL,VIII,"Articles of leather; saddlery and harness; travel goods, handbags and similar containers; articles of animal gut (other than silk-worm gut)"
4201,4,42,VIII,"Saddlery and harness for any animal (including traces, leads, knee pads, muzzles, saddle cloths, saddle bags, dog coats and the like) of any material"
420100,6,4201,VIII,"Saddlery and harness; for any animal (including traces, leads, knee pads, muzzles, saddle cloths, saddle bags, dog coats and the like), of any materials"
4202,4,42,VIII,"Trunks; suit, camera, jewellery, cutlery cases; travel, tool, similar bags; wholly or mainly covered by leather, composition leather, plastic sheeting, textile materials, vulcanised fibre, paperboard"
420211,6,4202,VIII,"Cases and containers; trunks, suit-cases, vanity-cases, executive-cases, brief-cases, school satchels and similar containers, with outer surface of leather or of composition leather"
420212,6,4202,VIII,"Cases and containers; trunks, suit-cases, vanity-cases, executive-cases, brief-cases, school satchels and similar containers, with outer surface of plastics or of textile materials"
420219,6,4202,VIII,"Cases and containers; trunks, suit-cases, vanity-cases, executive-cases, brief-cases, school satchels and similar containers, of vulcanised fibre or of paperboard, or wholly or mainly covered with such materials or with paper"
420221,6,4202,VIII,"Cases and containers; handbags (whether or not with shoulder strap and including those without handle), with outer surface of leather or of composition leather"
420222,6,4202,VIII,"Cases and containers; handbags (whether or not with shoulder strap and including those without handle), with outer surface of sheeting of plastics or of textile materials"
420229,6,4202,VIII,"Cases and containers; handbags (whether or not with shoulder strap and including those without handle), of vulcanised fibre or of paperboard, or wholly or mainly covered with such materials or with paper"
420231,6,4202,VIII,"Cases and containers; of a kind normally carried in the pocket or in the handbag, with outer surface of leather or of composition leather"
420232,6,4202,VIII,"Cases and containers; of a kind normally carried in the pocket or in the handbag, with outer surface of sheeting of plastics or of textile materials"
420239,6,4202,VIII,"Cases and containers; of a kind normally carried in the pocket or in the handbag, of vulcanised fibre or of paperboard, or wholly or mainly covered with such materials or with paper"
420291,6,4202,VIII,"Cases and containers; n.e.c. in heading 4202, with outer surface of leather or of composition leather"
420292,6,4202,VIII,"Cases and containers; n.e.c. in heading 4202, with outer surface of sheeting of plastics or of textile materials"
420299,6,4202,VIII,"Cases and containers; n.e.c. in heading 4202, of vulcanised fibre or of paperboard, or wholly or mainly covered with such materials or with paper"
4203,4,42,VIII,"Articles of apparel and clothing accessories, of leather or of composition leather"
420310,6,4203,VIII,"Apparel; articles of apparel, of leather or of composition leather"
420321,6,4203,VIII,"Clothing accessories; gloves, mittens and mitts, specially designed for use in sports, of leather or composition leather, padded"
420329,6,4203,VIII,"Clothing accessories; gloves, mittens and mitts, n.e.c. in heading no. 4203, of leather or composition leather, not specially designed for use in sports"
420330,6,4203,VIII,"Clothing accessories; belts and bandoliers, of leather or of composition leather"
420340,6,4203,VIII,"Clothing accessories; of leather or of composition leather, n.e.c. in heading no. 4203"
4205,4,42,VIII,Leather or composition leather articles n.e.c. in chapter 42
420500,6,4205,VIII,"Leather articles; n.e.c. in chapter 42, of leather or composition leather"
4206,4,42,VIII,"Articles of gut (other than silk-worm gut), of goldbeater's skin, of bladders or of tendons"
420600,6,4206,VIII,"Articles of gut (other than silk-worm gut), of goldbeater's skin, of bladders or of tendons"
43,2,TOTAL,VIII,Furskins and artificial fur; manufactures thereof
4301,4,43,VIII,"Raw furskins (including heads, tails, paws, other pieces or cuttings, suitable for furriers' use), excluding raw hides and skins of heading no. 4101, 4102 or 4103"
430110,6,4301,VIII,"Furskins; raw, of mink, whole, with or without head, tail or paws"
430130,6,4301,VIII,"Furskins; raw, of Astrakhan, Broadtail, Caracul, Persian and similar lamb, Indian, Chinese, Mongolian or Tibetan lamb, whole, with or without head, tail or paws"
430160,6,4301,VIII,"Furskins; raw, of fox, whole, with or without head, tail or paws"
430180,6,4301,VIII,"Furskins; raw, of animals n.e.c. in heading no. 4301, whole, with or without head, tail or paws (excluding goods of heading no. 4101, 4102 and 4103)"
430190,6,4301,VIII,"Furskins; raw, heads, tails, paws and other pieces or cuttings, suitable for furrier's use, excluding goods of heading no. 4101, 4102 and 4103"
4302,4,43,VIII,"Tanned or dressed furskins (including heads, tails, paws, other pieces, cuttings), unassembled, or assembled (without addition of other materials), excluding those of heading no. 4303"
430211,6,4302,VIII,"Furskins; tanned or dressed, of mink, whole, with or without head, tail or paws, not assembled"
430219,6,4302,VIII,"Furskins; tanned or dressed, whole, with or without head, tail or paws, not assembled, n.e.c. in heading no. 4302, excluding goods or heading no. 4303"
430220,6,4302,VIII,"Furskins; tanned or dressed, heads, tails, paws and other pieces or cuttings, not assembled, excluding goods of heading no. 4303"
430230,6,4302,VIII,"Furskins; tanned or dressed, whole skins and pieces or cuttings thereof, assembled, excluding goods of heading no. 4303"
4303,4,43,VIII,"Articles of apparel, clothing accessories and other articles of furskin"
430310,6,4303,VIII,Furskin articles; apparel and clothing accessories
430390,6,4303,VIII,Furskin articles; other than apparel and clothing accessories
4304,4,43,VIII,Artificial fur and articles thereof
430400,6,4304,VIII,"Fur, artificial; articles thereof"
44,2,TOTAL,IX,Wood and articles of wood; wood charcoal
4401,4,44,IX,"Fuel wood, in logs, billets, twigs, faggots or similar forms; wood in chip or particles; sawdust and wood waste and scrap, whether or not agglomerated in logs, briquettes, pellets or similar forms"
440111,6,4401,IX,"Wood; for fuel, in logs, in billets, in twigs, in faggots or similar forms, whether or not agglomerated, coniferous"
440112,6,4401,IX,"Wood; for fuel, in logs, in billets, in twigs, in faggots or similar forms, whether or not agglomerated, non-coniferous"
440121,6,4401,IX,"Wood; for fuel, in chips or particles, coniferous, whether or not agglomerated"
440122,6,4401,IX,"Wood; for fuel, in chips or particles, non-coniferous, whether or not agglomerated"
440131,6,4401,IX,"Wood; for fuel, sawdust and wood waste and scrap, agglomerated in wood pellets"
440132,6,4401,IX,"Wood; for fuel, sawdust and wood waste and scrap, agglomerated in wood briquettes"
440139,6,4401,IX,"Wood; for fuel, sawdust and wood waste and scrap, agglomerated in logs or similar forms, other than wood pellets or wood briquettes"
440141,6,4401,IX,"Wood; for fuel, sawdust and wood waste and scrap, not agglomerated; sawdust"
440149,6,4401,IX,"Wood; for fuel, sawdust and wood waste and scrap, not agglomerated and not including sawdust"
4402,4,44,IX,"Wood charcoal (including shell or nut charcoal), whether or not agglomerated"
440210,6,4402,IX,"Wood; charcoal of bamboo, whether or not agglomerated"
440220,6,4402,IX,"Wood; charcoal of nut or shell, whether or not agglomerated"
440290,6,4402,IX,"Wood; charcoal of wood other than bamboo, nut or shell, whether or not agglomerated"
4403,4,44,IX,"Wood in the rough, whether or not stripped of bark or sapwood, or roughly squared"
440311,6,4403,IX,"Wood; coniferous species, in the rough, whether or not stripped of bark or sapwood, or roughly squared; treated with paint, stains, creosote or other preservatives"
440312,6,4403,IX,"Wood; non-coniferous species, in the rough, whether or not stripped of bark or sapwood, or roughly squared; treated with paint, stains, creosote or other preservatives"
440321,6,4403,IX,"Wood; coniferous species, of pine (Pinus spp.), in the rough, whether or not stripped of bark or sapwood, or roughly squared, untreated, of which the smallest cross-sectional dimension is 15 cm or more"
440322,6,4403,IX,"Wood; coniferous species, of pine (Pinus spp.), in the rough, whether or not stripped of bark or sapwood, or roughly squared, untreated, of which any cross-sectional dimension is less than 15 cm"
440323,6,4403,IX,"Wood; coniferous species, of fir (Abies spp.) and spruce (Picea spp.), in the rough, whether or not stripped of bark or sapwood, or roughly squared, untreated, of which the smallest cross-sectional dimension is 15 cm or more"
440324,6,4403,IX,"Wood; coniferous species, of fir (Abies spp.) and spruce (Picea spp.), in the rough, whether or not stripped of bark or sapwood, or roughly squared, untreated, of which any cross-sectional dimension is less than 15 cm"
440325,6,4403,IX,"Wood; coniferous species n.e.c. in headings 4403.21 or 4403.23, in the rough, whether or not stripped of bark or sapwood, or roughly squared, untreated, of which the smallest cross-sectional dimension is 15 cm or more"
440326,6,4403,IX,"Wood; coniferous species n.e.c in headings 4403.22 or 4403.24, in the rough, whether or not stripped of bark or sapwood, or roughly squared, untreated, of which any cross-sectional dimension is less than 15 cm"
440341,6,4403,IX,"Wood, tropical; as specified in Subheading Note 2 to this Chapter, dark red meranti, light red meranti and meranti bakau, in the rough, whether or not stripped of bark or sapwood, or roughly squared, untreated"
440342,6,4403,IX,"Wood, tropical; teak, in the rough, whether or not stripped of bark or sapwood, or roughly squared, untreated"
440349,6,4403,IX,"Wood, tropical; other than dark red meranti, light red meranti meranti bakau and teak, in the rough, whether or not stripped of bark or sapwood, or roughly squared, untreated"
440391,6,4403,IX,"Wood; oak, in the rough, whether or not stripped of bark or sapwood, or roughly squared, untreated"
440393,6,4403,IX,"Wood; of beech (Fagus spp.), in the rough, whether or not stripped of bark or sapwood, or roughly squared, untreated, of which the smallest cross-sectional dimension is 15 cm or more"
440394,6,4403,IX,"Wood; of beech (Fagus spp.), in the rough, whether or not stripped of bark or sapwood, or roughly squared, untreated, of which any cross-sectional dimension is less than 15 cm"
440395,6,4403,IX,"Wood; of birch (Betula spp.), in the rough, whether or not stripped of bark or sapwood, or roughly squared, untreated, of which the smallest cross-sectional dimension is 15 cm or more"
440396,6,4403,IX,"Wood; of birch (Betula spp.), in the rough, whether or not stripped of bark or sapwood, or roughly squared, untreated, of which any cross-sectional dimension is less than 15 cm"
440397,6,4403,IX,"Wood; of poplar and aspen (Populus spp.), in the rough, whether or not stripped of bark or sapwood, or roughly squared, untreated"
440398,6,4403,IX,"Wood; of eucalyptus (Eucalyptus spp.), in the rough, whether or not stripped of bark or sapwood, or roughly squared, untreated"
440399,6,4403,IX,"Wood; in the rough, whether or not stripped of bark or sapwood, or roughly squared, untreated, n.e.c. in heading no. 4403"
4404,4,44,IX,"Hoopwood; split poles; piles, pickets, stakes of wood, pointed, not sawn lengthwise; wooden sticks, roughly trimmed, not turned, bent, etc., suitable for walking sticks, umbrellas, tool handles, etc."
440410,6,4404,IX,"Wood; coniferous, split poles, piles, pickets, stakes, pointed but not sawn lengthwise; sticks for umbrellas, tool handles etc, roughly trimmed but not turned or bent; chipwood etc, hoopwood"
440420,6,4404,IX,"Wood; non-coniferous, split poles, piles, pickets, stakes, pointed but not sawn lengthwise; sticks for umbrellas, tool handles etc, roughly trimmed but not turned or bent; chipwood etc, hoopwood"
4405,4,44,IX,Wood wool; wood flour
440500,6,4405,IX,Wood; wood wool and wood flour
4406,4,44,IX,Railway or tramway sleepers (cross-ties) of wood
440611,6,4406,IX,"Wood; railway or tramway sleepers (cross-ties), not impregnated, coniferous"
440612,6,4406,IX,"Wood; railway or tramway sleepers (cross-ties), not impregnated, non-coniferous"
440691,6,4406,IX,"Wood; railway or tramway sleepers (cross-ties), impregnated, coniferous"
440692,6,4406,IX,"Wood; railway or tramway sleepers (cross-ties), impregnated, non-coniferous"
4407,4,44,IX,"Wood sawn or chipped lengthwise, sliced or peeled, whether or not planed, sanded or finger-jointed, of a thickness exceeding 6mm"
440711,6,4407,IX,"Wood; coniferous species, of pine (Pinus spp.), sawn or chipped lengthwise, sliced or peeled, whether or not planed, sanded or finger-jointed, of a thickness exceeding 6mm"
440712,6,4407,IX,"Wood; coniferous species, of fir (Abies spp.) and spruce (Picea spp.), sawn or chipped lengthwise, sliced or peeled, whether or not planed, sanded or finger-jointed, of a thickness exceeding 6mm"
440713,6,4407,IX,"Wood; coniferous species, of S-P-F (spruce (Picea spp.), pine (Pinus spp.) and fir (Abies spp.)), sawn or chipped lengthwise, sliced or peeled, whether or not planed, sanded or finger-jointed, of a thickness exceeding 6mm"
440714,6,4407,IX,"Wood; coniferous species, of Hem-fir (western hemlock (Tsuga heterophylla) and fir (Abies spp.))"
440719,6,4407,IX,"Wood; coniferous species, other than of pine (Pinus spp.) or fir (Abies spp.) or spruce (Picea spp.), sawn or chipped lengthwise, sliced or peeled, whether or not planed, sanded or finger-jointed, of a thickness exceeding 6mm"
440721,6,4407,IX,"Wood, tropical; as specified in Subheading Note 2 to this Chapter, mahogany (Swietenia spp.), sawn or chipped lengthwise, sliced or peeled, whether or not planed, sanded or finger-jointed, thicker than 6mm"
440722,6,4407,IX,"Wood, tropical; virola, imbuia and balsa, sawn or chipped lengthwise, sliced or peeled, whether or not planed, sanded or finger-jointed, thicker than 6mm"
440723,6,4407,IX,"Wood, tropical; teak, sawn or chipped lengthwise, sliced or peeled, planed, square dressed, structural, thicker than 6mm"
440725,6,4407,IX,"Wood, tropical; dark red meranti, light red meranti and meranti bakau, sawn or chipped lengthwise, sliced or peeled, whether or not planed, sanded or finger-jointed, thicker than 6mm"
440726,6,4407,IX,"Wood, tropical; white lauan, white meranti, white seraya, yellow meranti and alan, sawn or chipped lengthwise, sliced or peeled, whether or not planed, sanded or finger-jointed, thicker than 6mm"
440727,6,4407,IX,"Wood, tropical; sapelli, sawn or chipped lengthwise, sliced or peeled, whether or not planed, sanded or finger-jointed, thicker than 6mm"
440728,6,4407,IX,"Wood, tropical; iroko, sawn or chipped lengthwise, sliced or peeled, whether or not planed, sanded or finger-jointed, thicker than 6mm"
440729,6,4407,IX,"Wood, tropical, n.e.c. in item no. 4407.2, sawn or chipped lengthwise, sliced or peeled, whether or not planed, sanded or finger-jointed, of a thickness exceeding 6mm"
440791,6,4407,IX,"Wood; oak (Quercus spp.), sawn or chipped lengthwise, sliced or peeled, whether or not planed, sanded or finger-jointed, thicker than 6mm"
440792,6,4407,IX,"Wood; beech (Fagus spp.), sawn or chipped lengthwise, sliced or peeled, whether or not planed, sanded or finger-jointed, thicker than 6mm"
440793,6,4407,IX,"Wood; maple (Acer spp.), sawn or chipped lengthwise, sliced or peeled, whether or not planed, sanded or finger-jointed, thicker than 6mm"
440794,6,4407,IX,"Wood; cherry (Prunus spp.), sawn or chipped lengthwise, sliced or peeled, whether or not planed, sanded or finger-jointed, thicker than 6mm"
440795,6,4407,IX,"Wood; ash (Fraxinus spp.), sawn or chipped lengthwise, sliced or peeled, whether or not planed, sanded or finger-jointed, thicker than 6mm"
440796,6,4407,IX,"Wood; of birch (Betula spp.), sawn or chipped lengthwise, sliced or peeled, of a thickness exceeding 6mm, whether or not planed, sanded or finger-jointed"
440797,6,4407,IX,"Wood; of poplar and aspen (Populus spp.), sawn or chipped lengthwise, sliced or peeled, of a thickness exceeding 6mm, whether or not planed, sanded or finger-jointed"
440799,6,4407,IX,"Wood; sawn or chipped lengthwise, sliced or peeled, of a thickness exceeding 6mm, whether or not planed, sanded or finger-jointed, n.e.c. in heading no. 4407"
4408,4,44,IX,"Sheets for veneering (including those obtained by slicing laminated wood), for plywood or for similar laminated wood and other wood, sawn lengthwise, sliced or peeled, planed or not, sanded, spliced or end-jointed, of a thickness not exceeding 6 mm"
440810,6,4408,IX,"Wood; coniferous, sheets for veneering (including those obtained by slicing laminated wood), for plywood or similar laminated wood and other wood, sawn lengthwise, sliced or peeled, planed or not, sanded, spliced or end-jointed, not over 6 mm thick"
440831,6,4408,IX,"Wood, tropical; as specified in Subheading Note 2 to this Chapter, dark red meranti, light red meranti, meranti bakau, sheets for veneer, plywood or other wood, sawn lengthwise, sliced or peeled, planed or not, sanded or end-jointed, not thicker than 6mm"
440839,6,4408,IX,"Wood, of tropical wood; as in Subheading note 2 to this Chapter, n.e.c. in heading no. 4408.31, sheets for veneer or plywood, other wood sawn length wise, sliced or peeled, whether or not planed, sanded or end-jointed, not thicker than 6mm"
440890,6,4408,IX,"Wood; n.e.c. in heading no. 4408, sheets for veneer or plywood, other wood sawn lengthwise, sliced or peeled, whether or not planed, sanded or end-jointed, not exceeding 6mm in thickness"
4409,4,44,IX,"Wood (including strips, friezes for parquet flooring, not assembled), continuously shaped (tongued, grooved, v-jointed, beaded or the like) along any edges, ends or faces, whether or not planed, sanded or end-jointed"
440910,6,4409,IX,"Wood; coniferous (including unassembled strips and friezes for parquet flooring), continuously shaped along any edges, ends or faces, whether or not planed, sanded or end-jointed"
440921,6,4409,IX,"Wood; bamboo (including unassembled strips and friezes for parquet flooring), continuously shaped along any edges, ends or faces, whether or not planed, sanded or end-jointed"
440922,6,4409,IX,"Wood; tropical (including unassembled strips and friezes for parquet flooring), continuously shaped along any edges, ends or faces, whether or not planed, sanded or end-jointed"
440929,6,4409,IX,"Wood; non-coniferous, other than bamboo or tropical wood, (including unassembled strips and friezes for parquet flooring), continuously shaped along any edges, ends or faces, whether or not planed, sanded or end-jointed"
4410,4,44,IX,"Particle board, oriented strand board (OSB) and similar board (e.g. waferboard) of wood or other ligneous materials, whether or not agglomerated with resins or other organic binding substances"
441011,6,4410,IX,"Particle board of wood, whether or not agglomerated with resins or other organic binding substances"
441012,6,4410,IX,"Oriented strand board (OSB) of wood, whether or not agglomerated with resins or other organic binding substances"
441019,6,4410,IX,"Wafer board and similar board of wood n.e.c. in item no. 4410.1, whether or not agglomerated with resins or other organic binding substances"
441090,6,4410,IX,"Particle board, oriented strand board (OSB) and similar board of ligneous materials other than wood, whether or not agglomerated with resins or other organic binding substances"
4411,4,44,IX,"Fibreboard of wood or other ligneous materials, whether or not bonded with resins or other organic substances"
441112,6,4411,IX,"Medium density fibreboard (MDF), of a thickness not exceeding 5 mm"
441113,6,4411,IX,"Medium density fibreboard (MDF), of a thickness exceeding 5 mm but not exceeding 9 mm"
441114,6,4411,IX,"Medium density fibreboard (MDF), of a thickness exceeding 9 mm"
441192,6,4411,IX,"Fibreboard (other than MDF) of a density exceeding 0.8g/cm3, of wood or other ligneous materials, bonded or not with resins or other organic substances"
441193,6,4411,IX,"Fibreboard (other than MDF) of a density exceeding 0.5g/cm3 but not 0.8g/cm3, of wood or other ligneous materials, bonded or not with resins or other organic substances"
441194,6,4411,IX,"Fibreboard (other than MDF) of a density not exceeding 0.5g/cm3, of wood or other ligneous materials, bonded or not with resins or other organic substances"
4412,4,44,IX,"Plywood, veneered panels and similar laminated wood"
441210,6,4412,IX,"Plywood, veneered panels and similar laminated wood; of bamboo"
441231,6,4412,IX,"Plywood; consisting only of sheets of wood (not bamboo), each ply 6mm or thinner, with at least one outer ply of tropical wood"
441233,6,4412,IX,"Plywood; with sheets of wood only; not bamboo; each ply 6mm or less, with at least one outer ply of alder, ash, beech, birch, cherry, chestnut, elm, eucalyptus, hickory, horse chestnut, lime, maple, oak, plane, poplar, aspen, robinia, tulipwood or walnut"
441234,6,4412,IX,"Plywood; consisting only of sheets of wood (not bamboo), each ply 6mm or thinner, with at least one outer ply of non-coniferous wood not listed in subheading 4412.33"
441239,6,4412,IX,"Plywood; consisting only of sheets of wood (not bamboo), each ply 6mm or thinner, with both outer plies of coniferous wood"
441241,6,4412,IX,"Plywood, veneered panels and similar laminated wood; laminated veneered lumber (LVL); with at least one outer ply of tropical wood"
441242,6,4412,IX,Laminated veneered lumber (LVL); with at least one outer ply of non-coniferous wood
441249,6,4412,IX,Laminated veneered lumber (LVL); with both outer plies of coniferous wood
441251,6,4412,IX,"Blockboard, laminboard and battenboard; with at least one outer layer of tropical wood"
441252,6,4412,IX,"Blockboard, laminboard and battenboard; with at least one outer ply of non-coniferous wood, (not containing particle board)"
441259,6,4412,IX,"Blockboard, laminboard and battenboard; with both outer plies of coniferous wood"
441291,6,4412,IX,"Plywood; n.e.c. in heading 4412, with at least one outer ply of tropical wood"
441292,6,4412,IX,"Plywood; n.e.c. in heading 4412, with at least one outer ply of non-coniferous wood"
441299,6,4412,IX,"Plywood; n.e.c. in heading 4412, with both outer plies of coniferous wood"
4413,4,44,IX,"Densified wood, in blocks, plates, strips or profile shapes"
441300,6,4413,IX,"Wood; densified wood, in blocks, plates, strips or profile shapes"
4414,4,44,IX,"Wooden frames; for paintings, photographs, mirrors or similar objects"
441410,6,4414,IX,"Wooden frames; for paintings, photographs, mirrors or similar objects; of tropical wood"
441490,6,4414,IX,"Wooden frames; for paintings, photographs, mirrors or similar objects; not of tropical wood"
4415,4,44,IX,"Packing cases, boxes, crates, drums and similar packings, of wood; cable-drums of wood; pallets, box pallets and other load boards, of wood; pallet collars of wood"
441510,6,4415,IX,"Wood; cases, boxes, crates, drums, similar packings and cable-drums"
441520,6,4415,IX,"Wood; pallets, box pallets and other load boards; pallet collars"
4416,4,44,IX,"Casks, barrels, vats, tubs and other coopers' products and parts thereof, of wood, including staves"
441600,6,4416,IX,"Wood; casks, barrels, vats, tubs and other coopers' products and parts thereof, of wood, including staves"
4417,4,44,IX,"Tools, tool bodies, tool handles, broom or brush bodies and handles, of wood; boot or shoe lasts and trees, of wood"
441700,6,4417,IX,"Wood; tools, tool bodies, tool handles, broom or brush bodies and handles, boot and shoe lasts and trees, of wood"
4418,4,44,IX,"Builders' joinery and carpentry of wood, including cellular wood panels, assembled flooring panels, shingles and shakes"
441811,6,4418,IX,"Wood; windows, French-windows and their frames; of tropical wood"
441819,6,4418,IX,"Wood; windows, French-windows and their frames; (of other than tropical wood)"
441821,6,4418,IX,"Wood; doors and their frames and thresholds, of tropical wood;"
441829,6,4418,IX,"Wood; doors and their frames and thresholds, (of other than tropical wood)"
441830,6,4418,IX,wood; posts and beams other than products of subheadings 4418.81 to 4418.89
441840,6,4418,IX,Wood; shuttering for concrete constructional work
441850,6,4418,IX,Wood; shingles and shakes
441873,6,4418,IX,"Wood; assembled flooring panels, of bamboo or with at least the top layer (wear layer) of bamboo"
441874,6,4418,IX,"Wood; assembled flooring panels, not of bamboo or with at least the top layer (wear layer) of bamboo, for mosaic floors"
441875,6,4418,IX,"Wood; assembled flooring panels, not of bamboo or with at least the top layer (wear layer) of bamboo, multilayer"
441879,6,4418,IX,"Wood; assembled flooring panels, n.e.c in headings 4418.73, 4418.74 or 4418.75"
441881,6,4418,IX,"Wood; engineered structural timber products, glue-laminated timber (glulam)"
441882,6,4418,IX,"Wood; engineered structural timber products, cross-laminated timber (CLT or X-lam)"
441883,6,4418,IX,"Wood; engineered structural timber products, I beams"
441889,6,4418,IX,"Wood; engineered structural timber products, other than glue-laminated timber (glulam), cross-laminated timber (CLT or X-lam), or I beams"
441891,6,4418,IX,"Wood; builders' joinery and carpentry of wood n.e.c. in heading no. 4418, of bamboo"
441892,6,4418,IX,"Wood; builders' joinery and carpentry of wood n.e.c. in heading no. 4418, cellular wood panels"
441899,6,4418,IX,"Wood; builders' joinery and carpentry of wood n.e.c. in heading no. 4418, other than of bamboo or cellular wood panels"
4419,4,44,IX,"Tableware and kitchenware, of wood"
441911,6,4419,IX,"Tableware and kitchenware, of wood; of bamboo, bread boards, chopping boards and similar boards"
441912,6,4419,IX,"Tableware and kitchenware, of wood; of bamboo, chopsticks"
441919,6,4419,IX,"Tableware and kitchenware, of wood; of bamboo, n.e.c. in heading 4419"
441920,6,4419,IX,"Tableware and kitchenware, of wood; of tropical wood"
441990,6,4419,IX,"Tableware and kitchenware, of wood; not of bamboo or tropical wood"
4420,4,44,IX,"Wood marquetry and inlaid wood; caskets and cases for jewellery or cutlery, and similar articles of wood; statuettes and other ornaments of wood; wooden articles of furniture not falling in chapter 94"
442011,6,4420,IX,"Wood; statuettes and other ornaments, of tropical wood"
442019,6,4420,IX,"Wood; statuettes and other ornaments, of other than tropical wood"
442090,6,4420,IX,"Wood; marquetry and inlaid wood, caskets and cases for jewellery or cutlery and similar articles of wood, wooden articles of furniture not falling in chapter 94"
4421,4,44,IX,Wooden articles n.e.c. in heading no. 4414 to 4420
442110,6,4421,IX,Wood; clothes hangers
442120,6,4421,IX,Wood; coffins
442191,6,4421,IX,"Wood; of bamboo, articles n.e.c. in heading no. 4414 to 4420 (excluding clothes hangers)"
442199,6,4421,IX,"Wood; not of bamboo, articles n.e.c. in heading no. 4414 to 4420 (excluding clothes hangers)"
45,2,TOTAL,IX,Cork and articles of cork
4501,4,45,IX,"Natural cork, raw or simply prepared; waste cork; crushed, granulated or ground cork"
450110,6,4501,IX,"Cork; natural cork, raw or simply prepared"
450190,6,4501,IX,"Cork; waste cork, crushed, granulated or ground cork"
4502,4,45,IX,"Natural cork, debacked or roughly squared, or in rectangular (including square) blocks, plates, sheets or strip, (including sharp-edged blanks for corks or stoppers)"
450200,6,4502,IX,"Cork; natural cork, debacked or roughly squared, or in rectangular (including square) blocks, plates, sheets or strip, (including sharp-edged blanks for corks or stoppers)"
4503,4,45,IX,Cork; articles of natural cork
450310,6,4503,IX,"Cork; corks and stoppers, of natural cork"
450390,6,4503,IX,Cork; articles of natural cork other than corks and stoppers
4504,4,45,IX,Agglomerated cork (with or without a binding substance) and articles of agglomerated cork
450410,6,4504,IX,"Cork; blocks, plates, sheets and strip, tiles of any shape, solid cylinders (including discs), of agglomerated cork (with or without a binding substance)"
450490,6,4504,IX,"Cork; articles of agglomerated cork (with or without a binding substance), n.e.c. in heading no. 4504"
46,2,TOTAL,IX,"Manufactures of straw, esparto or other plaiting materials; basketware and wickerwork"
4601,4,46,IX,"Plaits and similar products of plaiting materials, assembled into strips or not; plaiting materials, plaits and the like bound together in parallel strands or woven in sheet form, finished articles or not"
460121,6,4601,IX,"Plaiting materials, plaits and similar products of plaiting materials; mats, matting and screens, of bamboo"
460122,6,4601,IX,"Plaiting materials, plaits and similar products of plaiting materials; mats, matting and screens, of rattan"
460129,6,4601,IX,"Plaiting materials, plaits and similar products of plaiting materials; mats, matting and screens, of vegetable materials other than bamboo or rattan"
460192,6,4601,IX,"Plaiting materials, plaits and similar products of plaiting materials; (not mats, matting or screens), of bamboo"
460193,6,4601,IX,"Plaiting materials, plaits and similar products of plaiting materials; (not mats, matting or screens), of rattan"
460194,6,4601,IX,"Plaiting materials, plaits and similar products of plaiting materials; (not mats, matting or screens), of vegetable materials other than bamboo or rattan"
460199,6,4601,IX,"Plaiting materials, plaits and similar products of plaiting materials; products of non-vegetable materials"
4602,4,46,IX,"Basketwork, wickerwork and other articles, made directly to shape from plaiting materials or made up from goods of heading no. 4601; articles of loofah"
460211,6,4602,IX,"Basketwork, wickerwork and other articles; of bamboo, made directly to shape from plaiting materials or made up from goods of heading no. 4601"
460212,6,4602,IX,"Basketwork, wickerwork and other articles; of rattan, made directly to shape from plaiting materials or made up from goods of heading no. 4601"
460219,6,4602,IX,"Basketwork, wickerwork and other articles; of vegetable materials (not bamboo or rattan), made directly to shape from plaiting materials or made up from goods of heading no. 4601; articles of loofah"
460290,6,4602,IX,"Basketwork, wickerwork and other articles; of non-vegetable materials, made directly to shape from plaiting materials or made up from goods of heading no. 4601"
47,2,TOTAL,X,Pulp of wood or other fibrous cellulosic material; recovered (waste and scrap) paper or paperboard
4701,4,47,X,"Wood pulp, mechanical wood pulp"
470100,6,4701,X,Wood pulp; mechanical wood pulp
4702,4,47,X,"Chemical wood pulp, dissolving grades"
470200,6,4702,X,"Wood pulp; chemical wood pulp, dissolving grades"
4703,4,47,X,"Chemical wood pulp, soda or sulphate, other than dissolving grades"
470311,6,4703,X,"Wood pulp; chemical wood pulp, soda or sulphate, (other than dissolving grades), unbleached, of coniferous wood"
470319,6,4703,X,"Wood pulp; chemical wood pulp, soda or sulphate, (other than dissolving grades), unbleached, of non-coniferous wood"
470321,6,4703,X,"Wood pulp; chemical wood pulp, soda or sulphate, (other than dissolving grades), semi-bleached or bleached, of coniferous wood"
470329,6,4703,X,"Wood pulp; chemical wood pulp, soda or sulphate, (other than dissolving grades), semi-bleached or bleached, of non-coniferous wood"
4704,4,47,X,"Chemical wood pulp, sulphite, other than dissolving grades"
470411,6,4704,X,"Wood pulp; chemical wood pulp, sulphite, (other than dissolving grades), unbleached, of coniferous wood"
470419,6,4704,X,"Wood pulp; chemical wood pulp, sulphite, (other than dissolving grades), unbleached, of non-coniferous wood"
470421,6,4704,X,"Wood pulp; chemical wood pulp, sulphite, (other than dissolving grades), semi-bleached or bleached, of coniferous wood"
470429,6,4704,X,"Wood pulp; chemical wood pulp, sulphite, (other than dissolving grades), semi-bleached or bleached, of non-coniferous wood"
4705,4,47,X,Wood pulp obtained by a combination of mechanical and chemical pulping processes
470500,6,4705,X,Wood pulp; obtained by a combination of mechanical and chemical pulping processes
4706,4,47,X,Pulps of fibres derived from recovered (waste and scrap) paper or paperboard or of other fibrous cellulosic material
470610,6,4706,X,Pulp; cotton linters pulp
470620,6,4706,X,Pulp; of fibres derived from recovered (waste and scrap) paper or paperboard
470630,6,4706,X,Pulp; of bamboo
470691,6,4706,X,"Pulp; of fibrous cellulosic material, other than of bamboo or fibres derived from recovered (waste and scrap) paper or paperboard or from cotton linters pulp, mechanical"
470692,6,4706,X,"Pulp; of fibrous cellulosic material, other than of bamboo or fibres derived from recovered (waste and scrap) paper or paperboard or from cotton linters pulp, chemical"
470693,6,4706,X,"Pulp; of fibrous cellulosic material, other than of bamboo or fibres derived from recovered (waste and scrap) paper or paperboard or from cotton linters pulp, obtained by a combination of mechanical and chemical processes"
4707,4,47,X,Waste and scrap of paper and paperboard
470710,6,4707,X,"Paper or paperboard; waste and scrap, of unbleached kraft paper or paperboard or corrugated paper or paperboard"
470720,6,4707,X,"Paper or paperboard; waste and scrap, paper or paperboard made mainly of bleached chemical pulp, not coloured in the mass"
470730,6,4707,X,"Paper or paperboard; waste and scrap, paper or paperboard made mainly of mechanical pulp (e.g. newspapers, journals and similar printed matter)"
470790,6,4707,X,"Paper or paperboard; waste and scrap, of paper or paperboard n.e.c. in heading no. 4707 and of unsorted waste and scrap"
48,2,TOTAL,X,"Paper and paperboard; articles of paper pulp, of paper or paperboard"
4801,4,48,X,"Newsprint, in rolls or sheets"
480100,6,4801,X,"Newsprint; made of fibres obtained essentially by a chemi-mechanical process or of a weight, per m2, of more than 57g but not more than 65g, in rolls or sheets"
4802,4,48,X,"Uncoated paper and paperboard, used for writing, printing or other graphics, non perforated punch-cards and punch tape paper, in rolls or rectangular sheets, of any size, other than paper of heading 4801 or 4803; hand-made paper and paperboard"
480210,6,4802,X,Hand-made paper or paperboard
480220,6,4802,X,"Uncoated paper and paperboard (not 4801 or 4803); of a kind used as a base for photo-sensitive, heat-sensitive or electro-sensitive paper or paperboard, in rolls or sheets"
480240,6,4802,X,"Uncoated paper and paperboard (not 4801 or 4803); wallpaper base, in rolls or sheets"
480254,6,4802,X,"Uncoated paper and paperboard (not 4801 or 4803); printing, writing or graphic, 10% or less by weight of mechanical or chemi-mechanical processed fibre, weighing less than 40g/m2, in rolls or sheets"
480255,6,4802,X,"Uncoated paper and paperboard (not 4801 or 4803); printing, writing or graphic, 10% or less by weight of mechanical or chemi-mechanical processed fibre, weighing 40g/m2 to 150g/m2, in rolls"
480256,6,4802,X,"Uncoated paper and paperboard (not 4801 or 4803); printing, writing or graphic, 10% or less by weight of mechanical or chemi-mechanical processed fibre, weight 40-150g/m2, in sheets 435mm or less by 297mm or less (unfolded)"
480257,6,4802,X,"Uncoated paper and paperboard (not 4801 or 4803); printing, writing or graphic, 10% or less by weight of mechanical or chemi-mechanical processed fibre, weight 40-150g/m2, n.e.c. in item no. 4802.55 or 4802.56"
480258,6,4802,X,"Uncoated paper and paperboard (not 4801 or 4803); printing, writing or graphic, 10% or less by weight of mechanical or chemi-mechanical processed fibre, weighing more than 150g/m2"
480261,6,4802,X,"Uncoated paper and paperboard (not 4801 or 4803); over 10% by weight of mechanical or chemi-mechanical processed fibre, in rolls"
480262,6,4802,X,"Uncoated paper and paperboard (not 4801 or 4803); over 10% by weight of mechanical or chemi-mechanical processed fibre, in sheets 435mm or less by 297mm or less (unfolded)"
480269,6,4802,X,"Uncoated paper and paperboard (not 4801 or 4803); over 10% by weight of mechanical or chemi-mechanical processed fibre, other than rolls, other than sheets 435mm or less by 297mm or less (unfolded)"
4803,4,48,X,"Tissue, towel, napkin stock or similar; for household or sanitary uses, cellulose wadding, webs of cellulose fibres, in rolls over 36cm in width or rectangular sheets with one side exceeding 36cm when unfolded"
480300,6,4803,X,"Tissue, towel, napkin stock or similar; for household or sanitary use, cellulose, wadding webs of cellulose fibres, in rolls exceeding 36cm in width or rectangular sheets with one side more than 36cm in unfolded state"
4804,4,48,X,"Uncoated kraft paper and paperboard, in rolls or sheets, other than that of heading no. 4802 or 4803"
480411,6,4804,X,"Kraft paper and paperboard; kraftliner, uncoated, unbleached, in rolls or sheets, other than that of heading no. 4802 or 4803"
480419,6,4804,X,"Kraft paper and paperboard; kraftliner, uncoated, bleached, in rolls or sheets, other than that of heading no. 4802 or 4803"
480421,6,4804,X,"Kraft paper and paperboard; sack kraft paper, uncoated, unbleached, in rolls or sheets, other than that of heading no. 4802 or 4803"
480429,6,4804,X,"Kraft paper and paperboard; sack kraft paper, uncoated, bleached, in rolls or sheets, other than that of heading no. 4802 or 4803"
480431,6,4804,X,"Kraft paper and paperboard; uncoated, unbleached, weight 150g/m2 or less, in rolls or sheets, other than that of heading no. 4802 or 4803"
480439,6,4804,X,"Kraft paper and paperboard; uncoated, bleached, weight 150g/m2 or less, in rolls or sheets, other than that of heading no. 4802 or 4803"
480441,6,4804,X,"Kraft paper and paperboard; uncoated, unbleached, weight more than 150g/m2 but less than 225g/m2, in rolls or sheets, other than that of heading no. 4802 or 4803"
480442,6,4804,X,"Kraft paper and paperboard; uncoated, weight between 150 and 225g/m2, bleached uniformly throughout, more than 95% of total fibre content consists of chemically processed wood fibres, in rolls or sheets"
480449,6,4804,X,"Kraft paper and paperboard; uncoated, weight more than 150g/m2 but less than 225g/m2, in rolls or sheets, n.e.c. in item no. 4804.4, other than that of heading no. 4802 or 4803"
480451,6,4804,X,"Kraft paper and paperboard; uncoated, unbleached, weight 225g/m2 or more, in rolls or sheets, other than that of heading no. 4802 or 4803"
480452,6,4804,X,"Kraft paper and paperboard; uncoated, weight 225g/m2 or more, bleached uniformly throughout, more than 95% of total fibre content consists of chemically processed wood fibres, in rolls or sheets"
480459,6,4804,X,"Kraft paper and paperboard; uncoated, weight 225g/m2 or more, in rolls or sheets, n.e.c. in item no. 4804.5, other than that of heading no. 4802 or 4803"
4805,4,48,X,"Uncoated paper and paperboard n.e.c., in rolls or sheets"
480511,6,4805,X,"Paper and paperboard; uncoated, semi-chemical fluting paper, rolls or sheets"
480512,6,4805,X,"Paper and paperboard; uncoated, straw fluting paper, rolls or sheets"
480519,6,4805,X,"Paper and paperboard; uncoated, fluting paper other than semi-chemical or straw, rolls or sheets"
480524,6,4805,X,"Paper & paperboard; uncoated, testliner (recycled linerboard), weight 150g/m2, or less, in rolls or sheets"
480525,6,4805,X,"Paper & paperboard; uncoated, testliner (recycled linerboard), weight over 150g/m2, in rolls or sheets"
480530,6,4805,X,"Paper and paperboard; sulphite wrapping paper, uncoated, in rolls or sheets"
480540,6,4805,X,"Paper and paperboard; filter paper and paperboard, uncoated, in rolls or sheets"
480550,6,4805,X,"Paper and paperboard; felt paper and paperboard, uncoated, in rolls or sheets"
480591,6,4805,X,"Paper and paperboard; uncoated, weight 150g/m2 or less, in rolls or sheets, n.e.c. in heading no.4805"
480592,6,4805,X,"Paper and paperboard; uncoated, weight more than 150g/m2 but less than 225 g/m2, in rolls or sheets, n.e.c. in heading no. 4805"
480593,6,4805,X,"Paper and paperboard; uncoated, weight 225/m2 or more, in rolls or sheets, n.e.c. in heading no. 4805"
4806,4,48,X,"Vegetable parchment, greaseproof papers, tracing papers, glassine and other glazed transparent or translucent papers, in rolls or sheets"
480610,6,4806,X,"Paper; vegetable parchment, in rolls or sheets"
480620,6,4806,X,"Paper; greaseproof papers, in rolls or sheets"
480630,6,4806,X,"Paper; tracing papers, in rolls or sheets"
480640,6,4806,X,"Paper; glassine and other glazed transparent or translucent papers, in rolls or sheets"
4807,4,48,X,"Composite paper and paperboard, (made by sticking layers together with an adhesive), not surface-coated or impregnated, whether or not internally reinforced, in rolls or sheets"
480700,6,4807,X,"Paper and paperboard; composite (made by sticking layers together with an adhesive), not surface-coated or impregnated, whether or not internally reinforced, in rolls or sheets"
4808,4,48,X,"Paper and paperboard, corrugated (with or without glued flat surface sheets), creped, crinkled, embossed or perforated, in rolls or sheets other than paper of the kind described in heading 4803"
480810,6,4808,X,"Paper and paperboard; corrugated, whether or not perforated, in rolls or sheets, other than paper of heading 4803"
480840,6,4808,X,"Paper and paperboard; kraft paper, creped or crinkled, whether or not embossed or perforated, in rolls or sheets, other than paper of heading 4803"
480890,6,4808,X,"Paper and paperboard; other than corrugated (with or without glued flat surface sheets) or kraft paper, creped or crinkled, whether or not embossed or perforated, in rolls or sheets, other than paper of heading 4803"
4809,4,48,X,"Carbon paper, self copy paper, and other copying or transfer papers (including coated or impregnated paper for duplicator stencils or offset plates), whether or not printed, in rolls or sheets"
480920,6,4809,X,"Paper; self-copy paper, whether or not printed, in rolls or sheets"
480990,6,4809,X,"Paper; carbon paper and other copying or transfer papers (including coated or impregnated paper for duplicator stencils or offset plates), whether or not printed, in rolls or sheets"
4810,4,48,X,"Paper and paperboard, coated one or both sides with kaolin (china clay) or inorganic substances, with binder or not, no other coating, surface coloured or not, surface decorated or printed, in rolls or rectangular (including square) sheets, of any size"
481013,6,4810,X,"Paper and paperboard; coated with kaolin or other inorganic substances, for printing & writing, graphics, containing no, or not more than 10% by weight of total fibres obtained by mechanical or chemi-mechanical process, in rolls"
481014,6,4810,X,"Paper and paperboard; coated with kaolin or other inorganic substances, for printing/writing/graphics, having 10% or less by weight of total fibres got mechanical/chemi-mechanical process, sheets, sides 435mm or less by 297mm or less, unfolded,"
481019,6,4810,X,"Paper and paperboard; coated with kaolin or other inorganic substances, for printing/writing/graphics, having 10% or less by weight of total fibres got by mechanical/chemi-mechanical process, sides exceeding 435mm and 297mm, unfolded, sheets"
481022,6,4810,X,"Paper and paperboard; coated with kaolin or other inorganic substances only, having more than 10% of mechanical or chemi-mechanical processed fibres, for writing, printing or other graphic purposes, light-weight coated paper, in rolls or sheets"
481029,6,4810,X,"Paper and paperboard; coated with kaolin or other inorganic substances only, having more than 10% of mechanically processed fibres, (excluding light-weight paper), for writing, printing or other graphic purposes, in rolls or sheets"
481031,6,4810,X,"Kraft paper and paperboard; uniformly bleached throughout, coated with inorganic substances, more than 95% of chemically processed wood fibres, weight 150g/m2 or less, for non-graphic purposes, in rolls or sheets"
481032,6,4810,X,"Kraft paper and paperboard; uniformly bleached throughout, coated with inorganic substances, more than 95% of chemically processed wood fibres, weight more than 150g/m2, for non-graphic purposes, in rolls or sheets"
481039,6,4810,X,"Kraft paper and paperboard; coated with kaolin or other inorganic substances only, for non-graphic purposes, n.e.c. in item no. 4810.31 and 4810.32, in rolls or sheets"
481092,6,4810,X,"Paper and paperboard; multi-ply, coated with kaolin or other inorganic substances only, for non-graphic purposes, n.e.c. in heading no. 4810, in rolls or sheets"
481099,6,4810,X,"Paper and paperboard; coated with inorganic substances only, whether or not surface-coloured, surface-decorated or printed, n.e.c. in heading no. 4810, in rolls or sheets"
4811,4,48,X,"Paper, paperboard, cellulose wadding and webs of cellulose fibres, coated, impregnated, covered, surface-coloured, decorated or printed, rolls or sheets, other than goods of heading no. 4803, 4809, or 4810"
481110,6,4811,X,"Paper and paperboard; tarred, bituminised or asphalted, in rolls or sheets, other than goods of heading no. 4803, 4809, or 4810"
481141,6,4811,X,"Paper and paperboard; self-adhesive, in rolls or sheets, other than goods of heading no. 4803, 4809, or 4810"
481149,6,4811,X,"Paper and paperboard; gummed or adhesive paper and paperboard (excluding self-adhesive), in rolls or sheets, other than goods of heading no. 4803, 4809, or 4810"
481151,6,4811,X,"Paper and paperboard; coated, impregnated or covered with plastics (excluding adhesives), bleached, weighing more than 150g/m2, other than goods of heading no. 4803, 4809, or 4810"
481159,6,4811,X,"Paper and paperboard; coated, impregnated or covered with plastics (excluding adhesives), other than bleached and weighing more than 150g/m2, other than goods of heading no. 4803, 4809, or 4810"
481160,6,4811,X,"Paper and paperboard; coated, impregnated or covered with wax, paraffin wax, stearin, oil or glycerol, other than goods of heading no. 4803, 4809, or 4810"
481190,6,4811,X,"Paper, paperboard, cellulose wadding and webs of soft cellulose fibres; coated, impregnated, covered, surface-decorated or surface-coloured, n.e.c. in heading no. 4811, in rolls or sheets"
4812,4,48,X,"Filter blocks, slabs and plates of paper pulp"
481200,6,4812,X,"Paper pulp; filter blocks, slabs and plates of paper pulp"
4813,4,48,X,"Cigarette paper, whether or not cut to size or in the form of booklets or tubes"
481310,6,4813,X,"Paper, cigarette; in the form of booklets or tubes"
481320,6,4813,X,"Paper, cigarette; in rolls of a width not exceeding 5cm"
481390,6,4813,X,"Paper, cigarette; (other than in rolls of a width not exceeding 5cm, or in booklets or tubes)"
4814,4,48,X,Wallpaper and similar wall coverings; window transparencies of paper
481420,6,4814,X,"Wallpaper and similar wall coverings; coated or covered on the face side, with a grained, embossed, coloured, design-printed or otherwise decorated layer of plastics"
481490,6,4814,X,Wallpaper and similar wall coverings and window transparencies of paper; n.e.c. in heading 4814
4816,4,48,X,"Carbon paper, self-copy paper and other copying or transfer papers, (other than those of heading no. 4809), duplicator stencils and offset plates, of paper whether or not put up in boxes"
481620,6,4816,X,"Paper; self-copy paper (other than those of heading no. 4809), whether or not put up in boxes"
481690,6,4816,X,"Paper; carbon paper and other copying or transfer papers (other than those of heading no. 4809), n.e.c. in item no. 4816.20"
4817,4,48,X,"Envelopes, letter cards, plain postcards and correspondence cards, of paper, paperboard; boxes, pouches, wallets and writing compendiums, of paper or paperboard containing assortment of paper stationery"
481710,6,4817,X,Paper and paperboard; envelopes
481720,6,4817,X,"Paper and paperboard; letter cards, plain postcards and correspondence cards"
481730,6,4817,X,"Paper and paperboard; boxes, pouches, wallets and writing compendiums containing an assortment of paper stationery"
4818,4,48,X,"Toilet paper, width 36cm or less or cut to size/shape; handkerchiefs, tissues, towels, serviettes, bed sheets and similar household or hospital articles, apparel and clothing accessories of paper pulp, paper, cellulose wadding or webs of cellulose fibres"
481810,6,4818,X,Paper articles; toilet paper
481820,6,4818,X,"Paper articles; handkerchiefs, cleansing or facial tissues and towels"
481830,6,4818,X,"Paper articles; tablecloths and serviettes, of paper, cellulose wadding or fibres"
481850,6,4818,X,"Paper articles; apparel and clothing accessories of paper, cellulose wadding or fibres"
481890,6,4818,X,"Paper articles; articles of paper, cellulose wadding or fibres, n.e.c. in heading no. 4818"
4819,4,48,X,"Cartons, boxes, cases, bags and the like, of paper, paperboard, cellulose wadding or fibres; box files, letter trays and the like, of paper or paperboard, of a kind used in offices, shops or the like"
481910,6,4819,X,"Paper and paperboard; cartons, boxes and cases, of corrugated paper or paperboard"
481920,6,4819,X,"Paper and paperboard; folding cartons, boxes and cases, of non-corrugated paper or paperboard"
481930,6,4819,X,"Paper and paperboard; sacks and bags of paper, paperboard, cellulose wadding or fibres, having a base of a width of 40cm or more"
481940,6,4819,X,"Paper and paperboard; sacks and bags, including cones, of paper, paperboard, cellulose wadding or fibres, having a base width less than 40cm"
481950,6,4819,X,"Paper and paperboard; packing containers, including record sleeves, of paper, paperboard, cellulose wadding or fibres, n.e.c. in heading no. 4819"
481960,6,4819,X,"Paper and paperboard; box files, letter trays, storage boxes and similar articles, used in offices, shops or the like of paper, paperboard, cellulose wadding or webs of cellulose fibres"
4820,4,48,X,"Registers, account books, diaries and similar; albums for samples or collections, of paper or paperboard"
482010,6,4820,X,"Paper and paperboard; registers, account books, note books, order books, receipt books, letter pads, memorandum pads, diaries and similar articles"
482020,6,4820,X,Paper and paperboard; exercise books
482030,6,4820,X,"Paper and paperboard; binders, folders and file covers"
482040,6,4820,X,Paper and paperboard; manifold business forms and interleaved carbon sets
482050,6,4820,X,Paper and paperboard; albums for samples or for collections
482090,6,4820,X,Paper or paperboard; stationery n.e.c. in heading no. 4820
4821,4,48,X,"Paper or paperboard labels of all kinds, whether or not printed"
482110,6,4821,X,"Paper and paperboard; labels or all kinds, printed"
482190,6,4821,X,"Paper and paperboard; labels of all kinds, unprinted"
4822,4,48,X,"Bobbins, spools, cops and similar supports of paper pulp, paper or paperboard (whether or not perforated or hardened)"
482210,6,4822,X,"Paper pulp, paper or paperboard; bobbins, spools, cops and similar supports, of a kind used for winding textile yarn (whether or not perforated or hardened)"
482290,6,4822,X,"Paper pulp, paper or paperboard; bobbins, spools, cops and similar supports, other than of a kind used for winding textile yarn (whether or not perforated or hardened)"
4823,4,48,X,"Paper, paperboard, cellulose wadding and webs of cellulose fibres; cut to size or shape, articles of paper pulp, paper and paper-board, cellulose wadding or webs of cellulose fibres, n.e.c. in chapter 48"
482320,6,4823,X,Paper and paperboard; filter paper and paperboard
482340,6,4823,X,"Paper and paperboard; rolls, sheets and dials, printed for self-recording apparatus"
482361,6,4823,X,"Paper and paperboard; trays, dishes, plates, cups and the like, of bamboo paper or paperboard"
482369,6,4823,X,"Paper and paperboard; trays, dishes, plates, cups and the like, of paper or paperboard other than of bamboo"
482370,6,4823,X,Paper pulp; moulded or pressed articles or paper pulp
482390,6,4823,X,"Paper pulp, paper, paperboard, cellulose wadding or webs of cellulose fibres; articles n.e.c. in heading no. 4823"
49,2,TOTAL,X,"Printed books, newspapers, pictures and other products of the printing industry; manuscripts, typescripts and plans"
4901,4,49,X,"Printed books, brochures, leaflets and similar printed matter, whether or not in single sheets"
490110,6,4901,X,"Printed matter; in single sheets, whether or not folded"
490191,6,4901,X,"Printed matter; dictionaries, encyclopaedias and serial instalments thereof"
490199,6,4901,X,"Printed matter; books, brochures, leaflets and similar printed matter n.e.c. in item no. 4901.10 or 4901.91"
4902,4,49,X,"Newspapers, journals and periodicals, whether or not illustrated or containing advertising material"
490210,6,4902,X,"Newspapers, journals and periodicals; whether or not illustrated or containing advertising material, appearing at least four times a week"
490290,6,4902,X,"Newspapers, journals and periodicals; whether or not illustrated or containing advertising material, appearing less frequently than four times a week"
4903,4,49,X,"Children's picture, drawing or colouring books"
490300,6,4903,X,"Printed matter; children's picture, drawing or colouring books"
4904,4,49,X,"Music, printed or in manuscript, whether or not bound or illustrated"
490400,6,4904,X,"Music; printed or in manuscript, whether or not bound or illustrated"
4905,4,49,X,"Maps and hydrographic or similar charts of all kinds, including atlases, wall maps, topographical plans and globes, printed"
490520,6,4905,X,"Maps and hydrographic or similar charts; printed in book form, including atlases, topographical plans and similar"
490590,6,4905,X,"Maps and hydrographic or similar charts; (printed other than in book form), including wall maps, topographical plans and similar"
4906,4,49,X,"Plans and drawings; for architectural, engineering, industrial, commercial, topographical or similar, being originals drawn by hand; hand-written texts; photo- graphic reproductions; their carbon copies"
490600,6,4906,X,"Plans and drawings; for architectural, engineering, industrial, commercial, topographical or similar, being originals drawn by hand; hand-written texts; photo- graphic reproductions; their carbon copies"
4907,4,49,X,"Unused postage, revenue or similar stamps of current or new issue in the country in which they have, or will have, a recognised face value; stamp-impressed paper; cheque forms; banknotes, stock, share or bond certificates and the like of similar title"
490700,6,4907,X,"Unused postage, revenue or similar stamps of current or new issue in the country in which they have, or will have, a recognised face value; stamp-impressed paper; cheque forms; banknotes, stock, share or bond certificates and the like of similar title"
4908,4,49,X,Transfers (decalcomanias)
490810,6,4908,X,"Printed matter; transfers (decalcomanias), vitrifiable"
490890,6,4908,X,"Printed matter; transfers (decalcomanias), other than vitrifiable"
4909,4,49,X,"Printed or illustrated postcards; printed cards bearing personal greetings, messages or announcements, whether or not illustrated, with or without envelopes or trimmings"
490900,6,4909,X,"Printed or illustrated postcards; printed cards bearing personal greetings, messages or announcements, whether or not illustrated, with or without envelopes or trimmings"
4910,4,49,X,"Calendars of any kind, printed, including calendar blocks"
491000,6,4910,X,"Calendars; printed, of any kind, including calendar blocks"
4911,4,49,X,"Printed matter, n.e.c., including printed pictures and photographs"
491110,6,4911,X,"Printed matter; trade advertising material, commercial catalogues and the like"
491191,6,4911,X,"Printed matter; pictures, designs and photographs, n.e.c. in item no. 4911.10"
491199,6,4911,X,Printed matter; n.e.c. in heading no. 4911
50,2,TOTAL,XI,Silk
5001,4,50,XI,Silk-worm cocoons suitable for reeling
500100,6,5001,XI,Silk; silk-worm cocoons suitable for reeling
5002,4,50,XI,Raw silk (not thrown)
500200,6,5002,XI,Silk; raw silk (not thrown)
5003,4,50,XI,"Silk waste (including cocoons unsuitable for reeling, yarn waste and garnetted stock)"
500300,6,5003,XI,"Silk waste (including cocoons unsuitable for reeling, yarn waste and garnetted stock)"
5004,4,50,XI,"Silk; yarn (other than yarn spun from silk waste), not put up for retail sale"
500400,6,5004,XI,"Silk; yarn (other than yarn spun from silk waste), not put up for retail sale"
5005,4,50,XI,"Yarn spun from silk waste, not put up for retail sale"
500500,6,5005,XI,"Silk; yarn spun from silk waste, not put up for retail sale"
5006,4,50,XI,"Silk yarn and yarn spun from silk waste, put up for retail sale; silk-worm gut"
500600,6,5006,XI,"Silk yarn and yarn spun from silk waste; put up for retail sale, and silk-worm gut"
5007,4,50,XI,Woven fabrics of silk or of silk waste
500710,6,5007,XI,Silk; woven fabrics of noil silk
500720,6,5007,XI,"Silk; woven fabrics, containing 85% or more by weight of silk or of silk waste other than noil silk"
500790,6,5007,XI,Silk; woven fabrics n.e.c. in heading no. 5007
51,2,TOTAL,XI,"Wool, fine or coarse animal hair; horsehair yarn and woven fabric"
5101,4,51,XI,"Wool, not carded or combed"
510111,6,5101,XI,"Wool; (not carded or combed), greasy (including fleece-washed wool), shorn"
510119,6,5101,XI,"Wool; (other than shorn), greasy (including fleece-washed wool), not carded or combed"
510121,6,5101,XI,"Wool; (not carded or combed), degreased, (not carbonised), shorn"
510129,6,5101,XI,"Wool; (not carded or combed), degreased, (not carbonised), (other than shorn)"
510130,6,5101,XI,"Wool; (not carded or combed), carbonised"
5102,4,51,XI,"Fine or coarse animal hair, not carded or combed"
510211,6,5102,XI,"Hair; fine animal hair, not carded or combed, of kashmir (cashmere) goats"
510219,6,5102,XI,"Hair; fine animal hair, not carded or combed, other than of kashmir (cashmere) goats"
510220,6,5102,XI,"Hair; coarse animal hair, not carded or combed"
5103,4,51,XI,"Waste of wool or of fine or coarse animal hair, including yarn waste but excluding garnetted stock"
510310,6,5103,XI,"Wool and hair; noils of wool or of fine animal hair, including yarn waste, but excluding garnetted stock"
510320,6,5103,XI,"Wool and hair; waste of wool or of fine animal hair, including yarn waste, but excluding garnetted stock and noils of wool or of fine animal hair"
510330,6,5103,XI,"Wool and hair; waste of coarse animal hair, including yarn waste, but excluding garnetted stock"
5104,4,51,XI,"Wool, or fine or coarse animal hair; garnetted stock"
510400,6,5104,XI,Wool and hair; garnetted stock of wool or of fine or coarse animal hair
5105,4,51,XI,Wool and fine or coarse animal hair; carded or combed (including combed wool in fragments)
510510,6,5105,XI,Wool; carded
510521,6,5105,XI,"Wool; wool tops and other combed wool, in fragments"
510529,6,5105,XI,"Wool; wool tops and other combed wool, other than in fragments"
510531,6,5105,XI,"Hair; fine animal hair, carded or combed, of kashmir (cashmere) goats"
510539,6,5105,XI,"Hair; fine animal hair, carded or combed, other than of kashmir (cashmere) goats"
510540,6,5105,XI,"Hair; coarse animal hair, carded or combed"
5106,4,51,XI,"Yarn of carded wool, not put up for retail sale"
510610,6,5106,XI,"Yarn; of carded wool, containing 85% or more by weight of wool, not put up for retail sale"
510620,6,5106,XI,"Yarn; of carded wool, containing less than 85% by weight of wool, not put up for retail sale"
5107,4,51,XI,"Yarn of combed wool, not put up for retail sale"
510710,6,5107,XI,"Yarn; of combed wool, containing 85% or more by weight of wool, not put up for retail sale"
510720,6,5107,XI,"Yarn; of combed wool, containing less than 85% by weight of wool, not put up for retail sale"
5108,4,51,XI,"Yarn of fine animal hair (carded or combed), not put up for retail sale"
510810,6,5108,XI,"Yarn; of fine animal hair, carded, not put up for retail sale"
510820,6,5108,XI,"Yarn; of fine animal hair, combed, not put up for retail sale"
5109,4,51,XI,"Yarn of wool or of fine animal hair, put up for retail sale"
510910,6,5109,XI,"Yarn; of wool or of fine animal hair, containing 85% or more by weight of wool or fine animal hair, put up for retail sale"
510990,6,5109,XI,"Yarn; of wool or of fine animal hair, containing less than 85% by weight of wool or fine animal hair, put up for retail sale"
5110,4,51,XI,"Yarn of coarse animal hair or of horsehair (including gimped horsehair yarn), whether or not put up for retail sale"
511000,6,5110,XI,"Yarn; of coarse animal hair or of horsehair (including gimped horsehair yarn), whether or not put up for retail sale"
5111,4,51,XI,Woven fabrics of carded wool or of carded fine animal hair
511111,6,5111,XI,"Fabrics, woven; of carded wool or of carded fine animal hair, containing 85% or more by weight of wool or of fine animal hair, of a weight not exceeding 300g/m2"
511119,6,5111,XI,"Fabrics, woven; of carded wool or of carded fine animal hair, containing 85% or more by weight of wool or of fine animal hair, of a weight exceeding 300g/m2"
511120,6,5111,XI,"Fabrics, woven; of carded wool or carded fine animal hair, containing less than 85% by weight of wool or fine animal hair, mixed mainly or solely with man-made filaments"
511130,6,5111,XI,"Fabrics, woven; of carded wool or carded fine animal hair, containing less than 85% by weight of wool or fine animal hair, mixed mainly or solely with man-made staple fibres"
511190,6,5111,XI,"Fabrics, woven; of carded wool or carded fine animal hair, containing less than 85% by weight of wool or fine animal hair, mixed mainly or solely with fibres n.e.c. in heading no. 5111"
5112,4,51,XI,Woven fabrics of combed wool or of combed fine animal hair
511211,6,5112,XI,"Fabrics, woven; of combed wool or combed fine animal hair, containing 85% or more by weight of wool or fine animal hair, of a weight not exceeding 200g/m2"
511219,6,5112,XI,"Fabrics, woven; of combed wool or combed fine animal hair, containing 85% or more by weight of wool or fine animal hair, of a weight exceeding 200g/m2"
511220,6,5112,XI,"Fabrics, woven; of combed wool or combed fine animal hair, containing less than 85% by weight of wool or fine animal hair, mixed mainly or solely with man-made filaments"
511230,6,5112,XI,"Fabrics, woven; of combed wool or combed fine animal hair, containing less than 85% by weight of wool or fine animal hair, mixed mainly or solely with man-made staple fibres"
511290,6,5112,XI,"Fabrics, woven; of combed wool or combed fine animal hair, containing less than 85% by weight of wool or fine animal hair, mixed mainly or solely with fibres n.e.c. in heading no. 5112"
5113,4,51,XI,Woven fabrics of coarse animal hair or of horsehair
511300,6,5113,XI,"Fabrics, woven; of coarse animal hair or of horsehair"
52,2,TOTAL,XI,Cotton
5201,4,52,XI,Cotton; not carded or combed
520100,6,5201,XI,Cotton; not carded or combed
5202,4,52,XI,Cotton waste (including yarn waste and garnetted stock)
520210,6,5202,XI,Cotton; yarn waste (including thread waste)
520291,6,5202,XI,Cotton; garnetted stock waste
520299,6,5202,XI,Cotton; waste other than garnetted stock and yarn (including thread) waste
5203,4,52,XI,"Cotton, carded or combed"
520300,6,5203,XI,Cotton; carded or combed
5204,4,52,XI,"Cotton sewing thread, whether or not put up for retail sale"
520411,6,5204,XI,"Cotton; sewing thread, containing 85% or more by weight of cotton, not put up for retail sale"
520419,6,5204,XI,"Cotton; sewing thread, containing less than 85% by weight of cotton, not put up for retail sale"
520420,6,5204,XI,"Cotton; sewing thread, put up for retail sale"
5205,4,52,XI,"Cotton yarn (other than sewing thread), containing 85% or more by weight of cotton, not put up for retail sale"
520511,6,5205,XI,"Cotton yarn; (not sewing thread), single, of uncombed fibres, 85% or more by weight of cotton, measuring 714.29 decitex or more, (not exceeding 14 metric number), not for retail sale"
520512,6,5205,XI,"Cotton yarn; (not sewing thread), single, of uncombed fibres, 85% or more by weight of cotton, less than 714.29 but not less than 232.56 decitex (exceeding 14 but not exceeding 43 metric number), not for retail sale"
520513,6,5205,XI,"Cotton yarn; (not sewing thread), single, of uncombed fibres, 85% or more by weight of cotton, less than 232.56 but not less than 192.31 decitex (exceeding 43 but not exceeding 52 metric number), not for retail sale"
520514,6,5205,XI,"Cotton yarn; (not sewing thread), single, of uncombed fibres, 85% or more by weight of cotton, less than 192.31 but not less than 125 decitex (exceeding 52 but not exceeding 80 metric number), not for retail sale"
520515,6,5205,XI,"Cotton yarn; (not sewing thread), single, of uncombed fibres, 85% or more by weight of cotton, measuring less than 125 decitex (exceeding 80 metric number), not for retail sale"
520521,6,5205,XI,"Cotton yarn; (not sewing thread), single, of combed fibres, 85% or more by weight of cotton, measuring 714.29 decitex or more, (not exceeding 14 metric number), not for retail sale"
520522,6,5205,XI,"Cotton yarn; (not sewing thread), single, of combed fibres, 85% or more by weight of cotton, less than 714.29 but not less than 232.56 decitex (exceeding 14 but not exceeding 43 metric number), not for retail sale"
520523,6,5205,XI,"Cotton yarn; (not sewing thread), single, of combed fibres, 85% or more by weight of cotton, less than 232.56 but not less than 192.31 decitex (exceeding 43 but not exceeding 52 metric number), not for retail sale"
520524,6,5205,XI,"Cotton yarn; (not sewing thread), single, of combed fibres, 85% or more by weight of cotton, less than 192.31 but not less than 125 decitex (exceeding 52 but not exceeding 80 metric number), not for retail sale"
520526,6,5205,XI,"Cotton yarn; (not sewing thread), single, of combed fibres, 85% or more by weight of cotton, less than 125 but not less than 106.38 decitex (over 80 but not over 94 metric number), not for retail sale"
520527,6,5205,XI,"Cotton yarn; (not sewing thread), single, of combed fibres, 85% or more by weight of cotton, less than 106.38 but not less than 83.33 decitex (over 94 but not over 120 metric number), not for retail sale"
520528,6,5205,XI,"Cotton yarn; (not sewing thread), single, of combed fibres, 85% or more by weight of cotton, measuring less than 83.33 decitex (exceeding 120 metric number), not for retail sale"
520531,6,5205,XI,"Cotton yarn; (not sewing thread), multiple or cabled, of uncombed fibres, 85% or more by weight of cotton, 714.29 decitex or more (not exceeding 14 metric number) per single yarn, not for retail sale"
520532,6,5205,XI,"Cotton yarn; (not sewing thread), multiple or cabled, of uncombed fibres, 85% or more by weight of cotton, 714.28 to 232.56 decitex (15 to 43 metric number) per single yarn, not for retail sale"
520533,6,5205,XI,"Cotton yarn; (not sewing thread), multiple or cabled, of uncombed fibres, 85% or more by weight of cotton, 232.55 to 192.31 decitex (44 to 52 metric number) per single yarn, not for retail sale"
520534,6,5205,XI,"Cotton yarn; (not sewing thread), multiple or cabled, of uncombed fibres, 85% or more by weight of cotton, 192.30 to 125 decitex (53 to 80 metric number) per single yarn, not for retail sale"
520535,6,5205,XI,"Cotton yarn; (not sewing thread), multiple or cabled, of uncombed fibres, 85% or more by weight of cotton, less than 125 decitex (exceeding 80 metric number), per single yarn, not for retail sale"
520541,6,5205,XI,"Cotton yarn; (not sewing thread), multiple or cabled, of combed fibres, 85% or more by weight of cotton, 714.29 decitex or more (not exceeding 14 metric number) per single yarn, not for retail sale"
520542,6,5205,XI,"Cotton yarn; (not sewing thread), multiple or cabled, of combed fibres, 85% or more by weight of cotton, 714.28 to 232.56 decitex (15 to 43 metric number) per single yarn, not for retail sale"
520543,6,5205,XI,"Cotton yarn; (not sewing thread), multiple or cabled, of combed fibres, 85% or more by weight of cotton, 232.55 to 192.31 decitex (44 to 52 metric number) per single yarn, not for retail sale"
520544,6,5205,XI,"Cotton yarn; (not sewing thread), multiple or cabled, of combed fibres, 85% or more by weight of cotton, 192.30 to 125 decitex (53 to 80 metric number) per single yarn, not for retail sale"
520546,6,5205,XI,"Cotton yarn; (not sewing thread), multiple or cabled, of combed fibres, 85% or more by weight of cotton, 124 to 106.38 decitex (81 to 94 metric number) per single yarn, not for retail sale"
520547,6,5205,XI,"Cotton yarn; (not sewing thread), multiple or cabled, of combed fibres, 85% or more by weight of cotton, 106.37 to 83.33 decitex (95 to 120 metric number) per single yarn, not for retail sale"
520548,6,5205,XI,"Cotton yarn; (not sewing thread), multiple or cabled, of combed fibres, 85% or more by weight of cotton, less than 83.33 decitex (exceeding 120 metric number) per single yarn, not for retail sale"
5206,4,52,XI,"Cotton yarn (other than sewing thread), containing less than 85% by weight of cotton, not put up for retail sale"
520611,6,5206,XI,"Cotton yarn; (not sewing thread), single, of uncombed fibres, less than 85% by weight of cotton, measuring 714.29 decitex or more (not exceeding 14 metric number), not for retail sale"
520612,6,5206,XI,"Cotton yarn; (not sewing thread), single, of uncombed fibres, less than 85% by weight of cotton, less than 714.29 but not less than 232.56 decitex (exceeding 14 but not exceeding 43 metric number), not for retail sale"
520613,6,5206,XI,"Cotton yarn; (not sewing thread), single, of uncombed fibres, less than 85% by weight of cotton, less than 232.56 but not less than 192.31 decitex (exceeding 43 but not exceeding 52 metric number), not for retail sale"
520614,6,5206,XI,"Cotton yarn; (not sewing thread), single, of uncombed fibres, less than 85% by weight of cotton, less than 192.31 but not less than 125 decitex (exceeding 52 but not exceeding 80 metric number), not for retail sale"
520615,6,5206,XI,"Cotton yarn; (not sewing thread), single, of uncombed fibres, less than 85% by weight of cotton, measuring less than 125 decitex (exceeding 80 metric number), not for retail sale"
520621,6,5206,XI,"Cotton yarn; (not sewing thread), single, of combed fibres, less than 85% by weight of cotton, measuring 714.29 decitex or more, (not exceeding 14 metric number), not for retail sale"
520622,6,5206,XI,"Cotton yarn; (not sewing thread), single, of combed fibres, less than 85% by weight of cotton, less than 714.29 but not less than 232.56 decitex (exceeding 14 but not exceeding 43 metric number), not for retail sale"
520623,6,5206,XI,"Cotton yarn; (not sewing thread), single, of combed fibres, less than 85% by weight of cotton, less than 232.56 but not less than 192.31 decitex (exceeding 43 but not exceeding 52 metric number), not for retail sale"
520624,6,5206,XI,"Cotton yarn; (not sewing thread), single, of combed fibres, less than 85% by weight of cotton, less than 192.31 but not less than 125 decitex (exceeding 52 but not exceeding 80 metric number), not for retail sale"
520625,6,5206,XI,"Cotton yarn; (not sewing thread), single, of combed fibres, less than 85% by weight of cotton, measuring less than 125 decitex (exceeding 80 metric number), not for retail sale"
520631,6,5206,XI,"Cotton yarn; (not sewing thread), multiple or cabled, of uncombed fibres, less than 85% by weight of cotton, 714.29 decitex or more (not exceeding 14 metric number) per single yarn, not for retail sale"
520632,6,5206,XI,"Cotton yarn; (not sewing thread), multiple or cabled, of uncombed fibres, less than 85% by weight of cotton, 714.28 to 232.56 decitex (15 to 43 metric number) per single yarn, not for retail sale"
520633,6,5206,XI,"Cotton yarn; (not sewing thread), multiple or cabled, of uncombed fibres, less than 85% by weight of cotton, 232.55 to 192.31 decitex (44 to 52 metric number) per single yarn, not for retail sale"
520634,6,5206,XI,"Cotton yarn; (not sewing thread), multiple or cabled, of uncombed fibres, less than 85% by weight of cotton, 192.30 to 125 decitex (53 to 80 metric number) per single yarn, not for retail sale"
520635,6,5206,XI,"Cotton yarn; (not sewing thread), multiple or cabled, of uncombed fibres, less than 85% by weight of cotton, less than 125 decitex (exceeding 80 metric number) per single yarn, not for retail sale"
520641,6,5206,XI,"Cotton yarn; (not sewing thread), multiple or cabled, of combed fibres, less than 85% by weight of cotton, 714.29 decitex or more (not exceeding 14 metric number) per single yarn, not for retail sale"
520642,6,5206,XI,"Cotton yarn; (not sewing thread), multiple or cabled, of combed fibres, less than 85% by weight of cotton, 714.28 to 232.56 decitex (15 to 43 metric number) per single yarn, not for retail sale"
520643,6,5206,XI,"Cotton yarn; (not sewing thread), multiple or cabled, of combed fibres, less than 85% by weight of cotton, 232.55 to 192.31 decitex (44 to 52 metric number) per single yarn, not for retail sale"
520644,6,5206,XI,"Cotton yarn; (not sewing thread), multiple or cabled, of combed fibres, less than 85% by weight of cotton, 192.30 to 125 decitex (53 to 80 metric number) per single yarn, not for retail sale"
520645,6,5206,XI,"Cotton yarn; (not sewing thread), multiple or cabled, of combed fibres, less than 85% by weight of cotton, less than 125 decitex (exceeding 80 metric number) per single yarn, not for retail sale"
5207,4,52,XI,"Cotton yarn (other than sewing thread), put up for retail sale"
520710,6,5207,XI,"Cotton yarn; (not sewing thread), containing 85% or more by weight of cotton, put up for retail sale"
520790,6,5207,XI,"Cotton yarn; (not sewing thread), containing less than 85% by weight of cotton, put up for retail sale"
5208,4,52,XI,"Woven fabrics of cotton, containing 85% or more by weight of cotton, weighing not more than 200 g/m2"
520811,6,5208,XI,"Fabrics, woven; containing 85% or more by weight of cotton, unbleached, plain weave, weighing not more than 100g/m2"
520812,6,5208,XI,"Fabrics, woven; containing 85% or more by weight of cotton, unbleached, plain weave, weighing more than 100g/m2 but not more than 200g/m2"
520813,6,5208,XI,"Fabrics, woven; containing 85% or more by weight of cotton, unbleached, 3-thread or 4-thread twill, including cross twill, weighing not more than 200g/m2"
520819,6,5208,XI,"Fabrics, woven; containing 85% or more by weight of cotton, unbleached, of weaves n.e.c. in item no. 5208.1, weighing not more than 200g/m2"
520821,6,5208,XI,"Fabrics, woven; containing 85% or more by weight of cotton, bleached, plain weave, weighing not more than 100g/m2"
520822,6,5208,XI,"Fabrics, woven; containing 85% or more by weight of cotton, bleached, plain weave, weighing more than 100g/m2 but not more than 200g/m2"
520823,6,5208,XI,"Fabrics, woven; containing 85% or more by weight of cotton, bleached, 3-thread or 4-thread twill, including cross twill, weighing not more than 200g/m2"
520829,6,5208,XI,"Fabrics, woven; containing 85% or more by weight of cotton, bleached, of weaves n.e.c. in item no. 5208.2, weighing not more than 200g/m2"
520831,6,5208,XI,"Fabrics, woven; containing 85% or more by weight of cotton, dyed, plain weave, weighing not more than 100g/m2"
520832,6,5208,XI,"Fabrics, woven; containing 85% or more by weight of cotton, dyed, plain weave, weighing more than 100g/m2 but not more than 200g/m2"
520833,6,5208,XI,"Fabrics, woven; containing 85% or more by weight of cotton, dyed, 3-thread or 4-thread twill, including cross twill, weighing not more than 200g/m2"
520839,6,5208,XI,"Fabrics, woven; containing 85% or more by weight of cotton, dyed, of weaves n.e.c. in item no. 5208.3 weighing not more than 200g/m2"
520841,6,5208,XI,"Fabrics, woven; containing 85% or more by weight of cotton, of yarns of different colours, plain weave, weighing not more than 100g/m2"
520842,6,5208,XI,"Fabrics, woven; containing 85% or more by weight of cotton, of yarns of different colours, weighing more than 100g/m2 but not more than 200g/m2"
520843,6,5208,XI,"Fabrics, woven; containing 85% or more by weight of cotton, of yarns of different colours, 3-thread or 4-thread twill, including cross twill, weighing not more than 200g/m2"
520849,6,5208,XI,"Fabrics, woven; containing 85% or more by weight of cotton, of yarns of different colours, of weaves n.e.c. in item no. 5208.4, weighing not more than 200g/m2"
520851,6,5208,XI,"Fabrics, woven; containing 85% or more by weight of cotton, printed, plain weave, weighing not more than 100g/m2"
520852,6,5208,XI,"Fabrics, woven; containing 85% or more by weight of cotton, printed, plain weave, weighing more than 100g/m2 but not more than 200g/m2"
520859,6,5208,XI,"Fabrics, woven; containing 85% or more by weight of cotton, printed, of weaves n.e.c. in item no. 5208.5, weighing not more than 200g/m2"
5209,4,52,XI,"Woven fabrics of cotton, containing 85% or more by weight of cotton, weighing more than 200g/m2"
520911,6,5209,XI,"Fabrics, woven; containing 85% or more by weight of cotton, unbleached, plain weave, weighing more than 200g/m2"
520912,6,5209,XI,"Fabrics, woven; containing 85% or more by weight of cotton, unbleached, 3-thread or 4-thread twill, including cross twill, weighing more than 200g/m2"
520919,6,5209,XI,"Fabrics, woven; containing 85% or more by weight of cotton, unbleached, of weaves n.e.c. in item no. 5209.1, weighing more than 200g/m2"
520921,6,5209,XI,"Fabrics, woven; containing 85% or more by weight of cotton, bleached, plain weave, weighing more than 200g/m2"
520922,6,5209,XI,"Fabrics, woven; containing 85% or more by weight of cotton, bleached, 3-thread or 4-thread twill, including cross twill, weighing more than 200g/m2"
520929,6,5209,XI,"Fabrics, woven; containing 85% or more by weight of cotton, bleached, of weaves n.e.c. in item no. 5209.2, weighing more than 200g/m2"
520931,6,5209,XI,"Fabrics, woven; containing 85% or more by weight of cotton, dyed, plain weave, weighing more than 200g/m2"
520932,6,5209,XI,"Fabrics, woven; containing 85% or more by weight of cotton, dyed, 3-thread or 4-thread twill, including cross twill, weighing more than 200g/m2"
520939,6,5209,XI,"Fabrics, woven; containing 85% or more by weight of cotton, dyed, of weaves n.e.c. in item no. 5209.3, weighing more than 200g/m2"
520941,6,5209,XI,"Fabrics, woven; containing 85% or more by weight of cotton, of yarns of different colours, plain weave, weighing more than 200g/m2"
520942,6,5209,XI,"Fabrics, woven; containing 85% or more by weight of cotton, of yarns of different colours, weighing more than 200g/m2, denim"
520943,6,5209,XI,"Fabrics, woven; containing 85% or more by weight of cotton, of yarns of different colours, 3-thread or 4-thread twill, including cross twill, weighing more than 200g/m2"
520949,6,5209,XI,"Fabrics, woven; containing 85% or more by weight of cotton, of yarns of different colours, of weaves n.e.c. in item no. 5209.4, weighing more than 200g/m2"
520951,6,5209,XI,"Fabrics, woven; containing 85% or more by weight of cotton, printed, plain weave, weighing more than 200g/m2"
520952,6,5209,XI,"Fabrics, woven; containing 85% or more by weight of cotton, printed, 3-thread or 4-thread twill, including cross twill, weighing more than 200g/m2"
520959,6,5209,XI,"Fabrics, woven; containing 85% or more by weight of cotton, printed, of weaves n.e.c. in item no. 5209.5, weighing more than 200g/m2"
5210,4,52,XI,"Woven fabrics of cotton, containing less than 85% by weight of cotton, mixed mainly or solely with man-made fibres, weighing not more than 200 g/m2"
521011,6,5210,XI,"Fabrics, woven; containing less than 85% by weight of cotton, mixed mainly or solely with man-made fibres, unbleached, plain weave, weighing 200g/m2 or less"
521019,6,5210,XI,"Fabrics, woven; containing less than 85% by weight of cotton, mixed mainly or solely with man-made fibres, unbleached, of weaves n.e.c. in item no. 5210.1, weighing 200g/m2 or less"
521021,6,5210,XI,"Fabrics, woven; containing less than 85% by weight of cotton, mixed mainly or solely with man-made fibres, bleached, plain weave, weighing 200g/m2 or less"
521029,6,5210,XI,"Fabrics, woven; containing less than 85% by weight of cotton, mixed mainly or solely with man-made fibres, weighing 200g/m2 or less, bleached, of weaves n.e.c. in item no. 5210.2"
521031,6,5210,XI,"Fabrics, woven; containing less than 85% by weight of cotton, mixed mainly or solely with man-made fibres, weighing 200g/m2 or less, dyed, plain weave"
521032,6,5210,XI,"Fabrics, woven; containing less than 85% by weight of cotton, mixed mainly or solely with man-made fibres, weighing 200g/m2 or less, dyed, 3-thread or 4-thread twill, including cross twill"
521039,6,5210,XI,"Fabrics, woven; containing less than 85% by weight of cotton, mixed mainly or solely with man-made fibres, weighing 200g/m2 or less, dyed, of weaves n.e.c. in item no. 5210.3"
521041,6,5210,XI,"Fabrics, woven; containing less than 85% by weight of cotton, mixed mainly or solely with man-made fibres, weighing 200g/m2 or less, of yarns of different colours, plain weave"
521049,6,5210,XI,"Fabrics, woven; containing less than 85% by weight of cotton, mixed mainly or solely with man-made fibres, weighing 200g/m2 or less, of yarns of different colours, of weaves n.e.c. in item no. 5210.4"
521051,6,5210,XI,"Fabrics, woven; containing less than 85% by weight of cotton, mixed mainly or solely with man-made fibres, weighing 200g/m2 or less, printed, plain weave"
521059,6,5210,XI,"Fabrics, woven; containing less than 85% by weight of cotton, mixed mainly or solely with man-made fibres, weighing 200g/m2 or less, printed, of weaves n.e.c. in item no. 5210.5"
5211,4,52,XI,"Woven fabrics of cotton, containing less than 85% by weight of cotton, mixed mainly or solely with man-made fibres, weighing more than 200g/m2"
521111,6,5211,XI,"Fabrics, woven; containing less than 85% by weight of cotton, mixed mainly or solely with man-made fibres, unbleached, plain weave, weighing more than 200g/m2"
521112,6,5211,XI,"Fabrics, woven; containing less than 85% by weight of cotton, mixed mainly or solely with man-made fibres, unbleached, 3- or 4-thread twill, including cross twill, weighing more than 200g/m2"
521119,6,5211,XI,"Fabrics, woven; containing less than 85% by weight of cotton, mixed mainly or solely with man-made fibres, unbleached, of weaves n.e.c. in item no. 5211.1, weighing more than 200g/m2"
521120,6,5211,XI,"Fabrics, woven; containing less than 85% by weight of cotton, mixed mainly or solely with man-made fibres, weighing more than 200g/m2, bleached"
521131,6,5211,XI,"Fabrics, woven; containing less than 85% by weight of cotton, mixed mainly or solely with man-made fibres, weighing more than 200g/m2, dyed, plain weave"
521132,6,5211,XI,"Fabrics, woven; containing less than 85% by weight of cotton, mixed mainly or solely with man-made fibres, weighing more than 200g/m2, dyed, 3-thread or 4-thread twill, including cross twill"
521139,6,5211,XI,"Fabrics, woven; containing less than 85% by weight of cotton, mixed mainly or solely with man-made fibres, weighing more than 200g/m2, dyed, of weaves n.e.c. in item no. 5211.3"
521141,6,5211,XI,"Fabrics, woven; containing less than 85% by weight of cotton, mixed mainly or solely with man-made fibres, weighing more than 200g/m2, of yarns of different colours, plain weave"
521142,6,5211,XI,"Fabrics, woven; containing less than 85% by weight of cotton, mixed mainly or solely with man-made fibres, weighing more than 200g/m2, of yarns of different colours, denim"
521143,6,5211,XI,"Fabrics, woven; containing less than 85% by weight of cotton, mixed mainly or solely with man-made fibres, weighing more than 200g/m2, of yarns of different colours, 3-thread or 4-thread twill, including cross twill"
521149,6,5211,XI,"Fabrics, woven; containing less than 85% by weight of cotton, mixed mainly or solely with man-made fibres, weighing more than 200g/m2, of yarns of different colours, of weaves n.e.c. in item no. 5211.4"
521151,6,5211,XI,"Fabrics, woven; containing less than 85% by weight of cotton, mixed mainly or solely with man-made fibres, weighing more than 200g/m2, printed, plain weave"
521152,6,5211,XI,"Fabrics, woven; containing less than 85% by weight of cotton, mixed mainly or solely with man-made fibres, weighing more than 200g/m2, printed, 3-thread or 4-thread twill, including cross twill"
521159,6,5211,XI,"Fabrics, woven; containing less than 85% by weight of cotton, mixed mainly or solely with man-made fibres, weighing more than 200g/m2, printed, of weaves n.e.c. in item no. 5211.5"
5212,4,52,XI,"Other woven fabrics of cotton, n.e.c. in chapter 52"
521211,6,5212,XI,"Fabrics, woven; of cotton, unbleached, weighing not more than 200g/m2, n.e.c. in chapter 52"
521212,6,5212,XI,"Fabrics, woven; of cotton, bleached, weighing not more than 200g/m2, n.e.c. in chapter 52"
521213,6,5212,XI,"Fabrics, woven; of cotton, dyed, weighing not more than 200g/m2, n.e.c. in chapter 52"
521214,6,5212,XI,"Fabrics, woven; of cotton, of yarns of different colours, weighing not more than 200g/m2, n.e.c. in chapter 52"
521215,6,5212,XI,"Fabrics, woven; of cotton, printed, weighing not more than 200g/m2, n.e.c. in chapter 52"
521221,6,5212,XI,"Fabrics, woven; of cotton, unbleached, weighing more than 200g/m2, n.e.c. in chapter 52"
521222,6,5212,XI,"Fabrics, woven; of cotton, bleached, weighing more than 200g/m2, n.e.c. in chapter 52"
521223,6,5212,XI,"Fabrics, woven; of cotton, dyed, weighing more than 200g/m2, n.e.c. in chapter 52"
521224,6,5212,XI,"Fabrics, woven; of cotton, of yarns of different colours, weighing more than 200g/m2, n.e.c. in chapter 52"
521225,6,5212,XI,"Fabrics, woven; of cotton, printed, weighing more than 200g/m2, n.e.c. in chapter 52"
53,2,TOTAL,XI,Vegetable textile fibres; paper yarn and woven fabrics of paper yarn
5301,4,53,XI,"Flax, raw or processed but not spun; flax tow and waste (including yarn waste and garnetted stock)"
530110,6,5301,XI,"Flax; raw or retted, but not spun"
530121,6,5301,XI,"Flax; broken or scutched, but not spun"
530129,6,5301,XI,"Flax; hackled or otherwise processed, but not spun"
530130,6,5301,XI,"Flax; tow and waste, including yarn waste and garnetted stock"
5302,4,53,XI,"True hemp (cannabis sativa L.), raw or processed but not spun; tow and waste of true hemp (including yarn waste and garnetted stock)"
530210,6,5302,XI,"Hemp (cannabis sativa L.); raw or retted, but not spun"
530290,6,5302,XI,"Hemp (cannabis sativa L.); processed (other than retted) (but not spun), true hemp tow and waste (including yarn waste and garnetted stock)"
5303,4,53,XI,"Jute and other textile bast fibres (not flax, true hemp and ramie), raw or processed but not spun; tow and waste of these fibres, including yarn waste and garnetted stock"
530310,6,5303,XI,"Jute and other textile bast fibres; raw or retted, but not spun, (excluding flax, hemp (cannabis sativa L.), and ramie)"
530390,6,5303,XI,"Jute and other textile bast fibres; processed but not spun, tow and waste of these fibres, including yarn waste and garnetted stock (excluding flax, hemp (cannabis sativa L.), and ramie)"
5305,4,53,XI,"Coconut, abaca (Manila hemp or Musa textilis Nee), ramie and other vegetable textile fibres n.e.c., raw or processed but not spun; tow, noils and waste of these fibres (including yarn waste and garnetted stock)"
530500,6,5305,XI,"Coconut, abaca (Manila hemp or Musa textilis Nee), ramie and other vegetable textile fibres n.e.c., raw or processed but not spun; tow, noils and waste of these fibres (including yarn waste and garnetted stock)"
5306,4,53,XI,Flax yarn
530610,6,5306,XI,"Yarn; of flax, single"
530620,6,5306,XI,"Yarn; of flax, multiple (folded) or cabled"
5307,4,53,XI,Yarn of jute or of other textile bast fibres of heading no. 5305
530710,6,5307,XI,"Yarn; of jute or of other textile bast fibres, single"
530720,6,5307,XI,"Yarn; of jute or of other textile bast fibres, multiple (folded) or cabled"
5308,4,53,XI,Yarn of other vegetable textile fibres; paper yarn
530810,6,5308,XI,Yarn; of coir
530820,6,5308,XI,Yarn; of hemp (cannabis sativa L.)
530890,6,5308,XI,"Yarn; of vegetable textile fibres n.e.c. in heading no. 5306, 5307 and 5308"
5309,4,53,XI,Woven fabrics of flax
530911,6,5309,XI,"Fabrics, woven; of flax, containing 85% or more flax, unbleached or bleached"
530919,6,5309,XI,"Fabrics, woven; of flax, containing 85% or more flax, other than bleached or unbleached"
530921,6,5309,XI,"Fabrics, woven; of flax, containing less than 85% flax, unbleached or bleached"
530929,6,5309,XI,"Fabrics, woven; of flax, containing less than 85% flax, other than unbleached or bleached"
5310,4,53,XI,"Woven fabrics of jute, other textile bast fibres of heading no. 5303"
531010,6,5310,XI,"Fabrics, woven; of jute or of other textile bast fibres of heading no. 5303, unbleached"
531090,6,5310,XI,"Fabrics, woven; of jute or of other textile bast fibres of heading no. 5303, other than unbleached"
5311,4,53,XI,Woven fabrics of other vegetable textile fibres; woven fabrics of paper yarn
531100,6,5311,XI,"Fabrics, woven; of vegetable textile fibres n.e.c. in heading no. 5309 and 5310, woven fabrics of paper yarn"
54,2,TOTAL,XI,Man-made filaments; strip and the like of man-made textile materials
5401,4,54,XI,"Sewing thread of man-made filaments, whether or not put up for retail sale"
540110,6,5401,XI,"Sewing thread; of synthetic filaments, whether or not put up for retail sale"
540120,6,5401,XI,"Sewing thread; of artificial filaments, whether or not put up for retail sale"
5402,4,54,XI,"Synthetic filament yarn (other than sewing thread), not put up for retail sale, including synthetic monofilament of less than 67 decitex"
540211,6,5402,XI,"Yarn, synthetic; filament, monofilament (less than 67 decitex), of high tenacity yarn of nylon or other polyamides, textured or not; of aramids, not for retail sale, not sewing thread"
540219,6,5402,XI,"Yarn, synthetic; filament, monofilament (less than 67 decitex), of high tenacity nylon or other polyamides, textured or not; other than aramids, not for retail sale, not sewing thread"
540220,6,5402,XI,"Yarn, synthetic; filament, monofilament (less than 67 decitex), of high tenacity yarn of polyesters, whether or not textured, not for retail sale, not sewing thread"
540231,6,5402,XI,"Yarn, synthetic; filament, monofilament (less than 67 decitex), textured, of nylon or other polyamides, measuring per single yarn not more than 50 decitex, not for retail sale, not sewing thread"
540232,6,5402,XI,"Yarn, synthetic; filament, monofilament (less than 67 decitex), textured, of nylon or other polyamides, measuring per single yarn more than 50 decitex, not for retail sale, not sewing thread"
540233,6,5402,XI,"Yarn, synthetic; filament, monofilament (less than 67 decitex), textured, of polyesters, not for retail sale, not sewing thread"
540234,6,5402,XI,"Yarn, synthetic; filament, monofilament (less than 67 decitex), textured, of polypropylene, not for retail sale, not sewing thread"
540239,6,5402,XI,"Yarn, synthetic; filament, monofilament (less than 67 decitex), textured, other than of nylon or other polymides, polyesters, or polypropylene, not for retail sale, not sewing thread"
540244,6,5402,XI,"Yarn, synthetic; filament, monofilament (less than 67 decitex), other than high tenacity or textured yarn, elastomeric, single, untwisted or twisted 50 turns or less per metre, not for retail sale, not sewing thread"
540245,6,5402,XI,"Yarn, synthetic; filament, monofilament (less than 67 decitex), of nylon or other polymides (not high tenacity or textured), single, untwisted or twisted 50 turns or less per metre, not for retail sale, not sewing thread"
540246,6,5402,XI,"Yarn, synthetic; filament, monofilament (less than 67 decitex), of polyesters (not high tenacity or textured), partially oriented, single, untwisted or twisted 50 turns or less per metre, not for retail sale, not sewing thread"
540247,6,5402,XI,"Yarn, synthetic; filament, monofilament (less than 67 decitex), polyesters (not high tenacity or textured), not partially oriented, single, untwisted or twisted 50 turns or less per metre, not for retail sale, not sewing thread"
540248,6,5402,XI,"Yarn, synthetic; filament, monofilament (less than 67 decitex), of polypropylene (not high tenacity or textured), single, untwisted or twisted 50 turns or less per metre, not for retail sale, not sewing thread"
540249,6,5402,XI,"Yarn, synthetic; filament, monofilament (less than 67 decitex), other than high tenacity or textured yarn, single, untwisted or twisted 50 turns or less per metre, n.e.c. in heading no. 5402, not for retail sale, not sewing thread"
540251,6,5402,XI,"Yarn, synthetic; filament, monofilament (less than 67 decitex), of nylon or other polymides (not high tenacity or textured), single, twisted more than 50 turns per metre, not for retail sale, not sewing thread"
540252,6,5402,XI,"Yarn, synthetic; filament, monofilament (less than 67 decitex), of polyesters (not high tenacity or textured), single, twisted more than 50 turns per metre, not for retail sale, not sewing thread"
540253,6,5402,XI,"Yarn, synthetic; filament, monofilament (less than 67 decitex), of polypropylene (not high tenacity or textured), single, twisted more than 50 turns per metre, not for retail sale, not sewing thread"
540259,6,5402,XI,"Yarn, synthetic; filament, monofilament (less than 67 decitex), other than high tenacity or textured yarn, single, twisted more than 50 turns per metre, n.e.c. in heading no. 5402, not for retail sale, not sewing thread"
540261,6,5402,XI,"Yarn, synthetic; filament, monofilament (less than 67 decitex), of nylon or other polymides (not high tenacity or textured), multiple (folded) or cabled, not for retail sale, not sewing thread"
540262,6,5402,XI,"Yarn, synthetic; filament, monofilament (less than 67 decitex), of polyesters (not high tenacity or textured), multiple (folded) or cabled, not for retail sale, not sewing thread"
540263,6,5402,XI,"Yarn, synthetic; filament, monofilament (less than 67 decitex), of polypropylene, other than high tenacity or textured yarn, multiple (folded) or cabled, not for retail sale, not sewing thread"
540269,6,5402,XI,"Yarn, synthetic; filament, monofilament (less than 67 decitex), other than high tenacity or textured yarn, multiple (folded) or cabled, n.e.c. in heading no. 5402, not for retail sale, not sewing thread"
5403,4,54,XI,"Artificial filament yarn (other than sewing thread), not put up for retail sale, including artificial monofilament of less than 67 decitex"
540310,6,5403,XI,"Yarn, artificial; filament, monofilament (less than 67 decitex), of high tenacity viscose rayon, not for retail sale, not sewing thread"
540331,6,5403,XI,"Yarn, artificial; filament, monofilament (less than 67 decitex), of viscose rayon (not high tenacity), single, untwisted or twisted 120 turns per metre or less, not for retail sale, not sewing thread"
540332,6,5403,XI,"Yarn, artificial; filament, monofilament (less than 67 decitex), of viscose rayon (not high tenacity), single, twisted more than 120 turns per metre, not for retail sale, not sewing thread"
540333,6,5403,XI,"Yarn, artificial; filament, monofilament (less than 67 decitex), of cellulose acetate, single, not for retail sale, not sewing thread"
540339,6,5403,XI,"Yarn, artificial; filament, monofilament (less than 67 decitex), single, n.e.c. in heading no. 5403, not for retail sale, not sewing thread"
540341,6,5403,XI,"Yarn, artificial; filament, monofilament (less than 67 decitex), of viscose rayon (not high tenacity), multiple (folded) or cabled, not for retail sale, not sewing thread"
540342,6,5403,XI,"Yarn, artificial; filament, monofilament (less than 67 decitex), of cellulose acetate, multiple (folded) or cabled, not for retail sale, not sewing thread"
540349,6,5403,XI,"Yarn, artificial; filament, monofilament (less than 67 decitex), multiple (folded) or cabled, n.e.c. in heading no. 5403, not for retail sale, not sewing thread"
5404,4,54,XI,"Synthetic monofilament of 67 decitex or more, of which no cross-sectional dimension exceeds 1mm; strip and the like (e.g. artificial straw) of synthetic textile materials of an apparent width not exceeding 5mm"
540411,6,5404,XI,Elastomeric monofilament; of 67 decitex or more and of which no cross-sectional dimension exceeds 1mm
540412,6,5404,XI,Monofilament of polypropylene; of 67 decitex or more and of which no cross-sectional dimension exceeds 1mm
540419,6,5404,XI,Monofilament n.e.c. in heading no 5404; of 67 decitex or more and of which no cross-sectional dimension exceeds 1mm
540490,6,5404,XI,"Filament, synthetic; strip and the like (e.g.. artificial straw), of synthetic textile materials of an apparent width not exceeding 5mm"
5405,4,54,XI,"Artificial monofilament of 67 decitex or more, no cross-sectional dimension exceeds 1mm; strip and the like (e.g. artificial straw), of artificial textile materials of a width not exceeding 5mm"
540500,6,5405,XI,"Monofilament, synthetic; of 67 decitex or more and of which no cross-sectional dimension exceeds 1mm, strip and the like (e.g. artificial straw), of synthetic textile materials with width not over 5mm"
5406,4,54,XI,"Man-made filament yarn (other than sewing thread), put up for retail sale"
540600,6,5406,XI,"Man-made filament yarn (other than sewing thread), put up for retail sale"
5407,4,54,XI,"Woven fabrics of synthetic filament yarn, including woven fabrics obtained from materials of heading no. 5404"
540710,6,5407,XI,"Fabrics, woven; from high tenacity yarn, of nylon, other polyamides or of polyesters"
540720,6,5407,XI,"Fabrics, woven; from strip or the like, of synthetic textile materials"
540730,6,5407,XI,"Fabrics, woven; from synthetic filament yarn, adhesive or thermal bonded"
540741,6,5407,XI,"Fabrics, woven; containing 85% or more by weight of filaments of nylon or other polyamides, unbleached or bleached"
540742,6,5407,XI,"Fabrics, woven; containing 85% or more by weight of filaments of nylon or other polyamides, dyed"
540743,6,5407,XI,"Fabrics, woven; containing 85% or more by weight of filaments of nylon or other polyamides, of yarns of different colours"
540744,6,5407,XI,"Fabrics, woven; containing 85% or more by weight of filaments of nylon or other polyamides, printed"
540751,6,5407,XI,"Fabrics, woven; containing 85% or more by weight of textured polyester filaments, unbleached or bleached"
540752,6,5407,XI,"Fabrics, woven; containing 85% or more by weight of textured polyester filaments, dyed"
540753,6,5407,XI,"Fabrics, woven; containing 85% or more by weight of textured polyester filaments, of yarns of different colours"
540754,6,5407,XI,"Fabrics, woven; containing 85% or more by weight of textured polyester filaments, printed"
540761,6,5407,XI,"Fabrics, woven; containing 85% or more by weight of non-textured polyester filaments"
540769,6,5407,XI,"Fabrics, woven; containing less than 85% by weight of non-textured polyester filaments"
540771,6,5407,XI,"Fabrics, woven; containing 85% or more by weight of synthetic filaments (excluding nylon or other polyamides and polyesters), unbleached or bleached"
540772,6,5407,XI,"Fabrics, woven; containing 85% or more by weight of synthetic filaments (excluding nylon or other polyamides and polyesters), dyed"
540773,6,5407,XI,"Fabrics, woven; containing 85% or more by weight of synthetic filaments (excluding nylon or other polyamides and polyesters), of yarns of different colours"
540774,6,5407,XI,"Fabrics, woven; containing 85% or more by weight of synthetic filaments (excluding nylon or other polyamides and polyesters), printed"
540781,6,5407,XI,"Fabrics, woven; of synthetic filament yarn, containing less than 85% by weight of synthetic filaments, mixed mainly or solely with cotton, bleached or unbleached"
540782,6,5407,XI,"Fabrics, woven; of synthetic filament yarn, containing less than 85% by weight of synthetic filaments, mixed mainly or solely with cotton, dyed"
540783,6,5407,XI,"Fabrics, woven; of synthetic filament yarn, containing less than 85% by weight of synthetic filaments, mixed mainly or solely with cotton, of yarns of different colours"
540784,6,5407,XI,"Fabrics, woven; of synthetic filament yarn, containing less than 85% by weight of synthetic filaments, printed"
540791,6,5407,XI,"Fabrics, woven; of synthetic filament yarn, bleached or unbleached, n.e.c. in heading no. 5407"
540792,6,5407,XI,"Fabrics, woven; of synthetic filament yarn, dyed, n.e.c. in heading 5407"
540793,6,5407,XI,"Fabrics, woven; of synthetic filament yarn, of yarns of different colours, n.e.c. in heading no. 5407"
540794,6,5407,XI,"Fabrics, woven; of synthetic filament yarn, printed, n.e.c. in heading no. 5407"
5408,4,54,XI,Woven fabrics of artificial filament yarn including woven fabrics obtained from materials of heading no. 5404
540810,6,5408,XI,"Fabrics, woven; of viscose rayon, high tenacity, artificial filament yarn"
540821,6,5408,XI,"Fabrics, woven; of artificial filament yarn, containing 85% or more by weight of artificial filament, strip or the like, bleached or unbleached"
540822,6,5408,XI,"Fabrics, woven; of artificial filament yarn, containing 85% or more by weight of artificial filament, strip or the like, dyed"
540823,6,5408,XI,"Fabrics, woven; containing 85% or more by weight of artificial filament, strip or the like, of yarns of different colours"
540824,6,5408,XI,"Fabrics, woven; of artificial filament yarn, containing 85% or more by weight of artificial filament, strip or the like, printed"
540831,6,5408,XI,"Fabrics, woven; of artificial filament yarn, of artificial monofilament, strip and the like, n.e.c. in heading no. 5408, unbleached or bleached"
540832,6,5408,XI,"Fabrics, woven; of artificial filament yarn, of artificial monofilament, strip and the like, n.e.c. in heading no. 5408, dyed"
540833,6,5408,XI,"Fabrics, woven; of artificial filament yarn, of artificial monofilament, strip and the like, n.e.c. in heading no. 5408, of yarns of different colours"
540834,6,5408,XI,"Fabrics, woven; of artificial filament yarn, of artificial monofilament, strip and the like, n.e.c. in heading no. 5408, printed"
55,2,TOTAL,XI,Man-made staple fibres
5501,4,55,XI,Synthetic filament tow
550111,6,5501,XI,"Fibres; synthetic filament tow, of nylon or other polyamides, of aramids"
550119,6,5501,XI,"Fibres; synthetic filament tow, of nylon or other polyamides, of other than aramids"
550120,6,5501,XI,"Fibres; synthetic filament tow, of polyesters"
550130,6,5501,XI,"Fibres; synthetic filament tow, acrylic or modacrylic"
550140,6,5501,XI,"Fibres; synthetic filament tow, of polypropylene"
550190,6,5501,XI,"Fibres; synthetic filament tow, of synthetic materials n.e.c. in heading no. 5501"
5502,4,55,XI,Artificial filament tow
550210,6,5502,XI,Fibres; artificial filament tow of cellulose acetate
550290,6,5502,XI,"Fibres; artificial filament tow, other than cellulose acetate"
5503,4,55,XI,"Synthetic staple fibres, not carded, combed or otherwise processed for spinning"
550311,6,5503,XI,"Fibres; synthetic staple fibres, of aramids, not carded, combed or otherwise processed for spinning"
550319,6,5503,XI,"Fibres; synthetic staple fibres, of nylon or other polyamides other than aramids, not carded, combed or otherwise processed for spinning"
550320,6,5503,XI,"Fibres; synthetic staple fibres, of polyesters, not carded, combed or otherwise processed for spinning"
550330,6,5503,XI,"Fibres; synthetic staple fibres, acrylic or modacrylic, not carded, combed or otherwise processed for spinning"
550340,6,5503,XI,"Fibres; synthetic staple fibres, of polypropylene, not carded, combed or otherwise processed for spinning"
550390,6,5503,XI,"Fibres; synthetic staple fibres, of synthetic materials n.e.c. in heading no. 5503, not carded, combed or otherwise processed for spinning"
5504,4,55,XI,"Artificial staple fibres, not carded, combed or otherwise processed for spinning"
550410,6,5504,XI,"Fibres; artificial staple fibres, of viscose, not carded, combed or otherwise processed for spinning"
550490,6,5504,XI,"Fibres; artificial staple fibres, other than of viscose, not carded, combed or otherwise processed for spinning"
5505,4,55,XI,"Waste (including noils, yarn waste and garnetted stock), of man-made fibres"
550510,6,5505,XI,"Fibres; waste (including noils, yarn waste and garnetted stock), of synthetic fibres"
550520,6,5505,XI,"Fibres; waste (including noils, yarn waste and garnetted stock), of artificial fibres"
5506,4,55,XI,"Synthetic staple fibres, carded, combed or otherwise processed for spinning"
550610,6,5506,XI,"Fibres; synthetic staple fibres, of nylon or other polyamides, carded, combed or otherwise processed for spinning"
550620,6,5506,XI,"Fibres; synthetic staple fibres, of polyesters, carded, combed or otherwise processed for spinning"
550630,6,5506,XI,"Fibres; synthetic staple fibres, acrylic or modacrylic, carded, combed or otherwise processed for spinning"
550640,6,5506,XI,"Fibres; synthetic staple fibres, of polypropylene, carded, combed or otherwise processed for spinning"
550690,6,5506,XI,"Fibres; synthetic staple fibres, n.e.c. in heading no. 5506, carded, combed or otherwise processed for spinning"
5507,4,55,XI,"Artificial staple fibres, carded, combed or otherwise processed for spinning"
550700,6,5507,XI,"Fibres; artificial staple fibres, carded, combed or otherwise processed for spinning"
5508,4,55,XI,"Sewing thread of man-made staple fibres, whether or not put up for retail sale"
550810,6,5508,XI,"Sewing thread; of synthetic staple fibres, whether or not put up for retail sale"
550820,6,5508,XI,"Sewing thread; of artificial staple fibres, whether or not put up for retail sale"
5509,4,55,XI,"Yarn (other than sewing thread) of synthetic staple fibres, not put up for retail sale"
550911,6,5509,XI,"Yarn; (not sewing thread), single, of synthetic staple fibres, containing 85% or more by weight of nylon or other polyamides, not put up for retail sale"
550912,6,5509,XI,"Yarn; (not sewing thread), multiple (folded) or cabled yarn, of synthetic staple fibres, containing 85% or more by weight of nylon or other polyamides, not put up for retail sale"
550921,6,5509,XI,"Yarn; (not sewing thread), single, of synthetic staple fibres, containing 85% or more by weight of polyester, not put up for retail sale"
550922,6,5509,XI,"Yarn; (not sewing thread), multiple (folded) or cabled yarn, of synthetic staple fibres, containing 85% or more by weight of polyester, not put up for retail sale"
550931,6,5509,XI,"Yarn; (not sewing thread), single, of synthetic staple fibres, containing 85% or more by weight of acrylic or modacrylic, not put up for retail sale"
550932,6,5509,XI,"Yarn; (not sewing thread), multiple (folded) or cabled, of synthetic staple fibres, containing 85% or more by weight of acrylic or modacrylic, not put up for retail sale"
550941,6,5509,XI,"Yarn; (not sewing thread), single, containing 85% or more by weight of synthetic staple fibres, n.e.c. in heading no. 5509, not put up for retail sale"
550942,6,5509,XI,"Yarn; (not sewing thread), multiple (folded) or cabled yarn, containing 85% or more by weight of synthetic staple fibres, n.e.c. in heading no. 5509, not put up for retail sale"
550951,6,5509,XI,"Yarn; (not sewing thread), of polyester staple fibres, mixed mainly or solely with artificial staple fibres, not put up for retail sale"
550952,6,5509,XI,"Yarn; (not sewing thread), of polyester staple fibres, mixed mainly or solely with wool or fine animal hair, not put up for retail sale"
550953,6,5509,XI,"Yarn; (not sewing thread), of polyester staple fibres, mixed mainly or solely with cotton, not put up for retail sale"
550959,6,5509,XI,"Yarn; (not sewing thread), of polyester staple fibres, mixed mainly or solely with fibres n.e.c. in item no. 5509.5, not put up for retail sale"
550961,6,5509,XI,"Yarn; (not sewing thread), of acrylic or modacrylic staple fibres, mixed mainly or solely with wool or fine animal hair, not put up for retail sale"
550962,6,5509,XI,"Yarn; (not sewing thread), of acrylic or modacrylic staple fibres, mixed mainly or solely with cotton, not put up for retail sale"
550969,6,5509,XI,"Yarn; (not sewing thread), of acrylic or modacrylic staple fibres, mixed mainly or solely with fibres n.e.c. in item no. 5509.6, not put up for retail sale"
550991,6,5509,XI,"Yarn; (not sewing thread), of synthetic staple fibres, mixed mainly or solely with wool or fine animal hair, n.e.c. in heading no. 5509, not put up for retail sale"
550992,6,5509,XI,"Yarn; (not sewing thread), of synthetic staple fibres, mixed mainly or solely with cotton, n.e.c. in heading no. 5509, not put up for retail sale"
550999,6,5509,XI,"Yarn; (not sewing thread), of synthetic staple fibres, mixed mainly or solely with fibres (other than wool, fine animal hair or cotton), n.e.c. in heading no. 5509, not put up for retail sale"
5510,4,55,XI,"Yarn (other than sewing thread) of artificial staple fibres, not put up for retail sale"
551011,6,5510,XI,"Yarn; (not sewing thread), single, of artificial staple fibres, containing 85% or more by weight of artificial staple fibres, not put up for retail sale"
551012,6,5510,XI,"Yarn; (not sewing thread), multiple (folded) or cabled yarn, of artificial staple fibres, containing 85% or more by weight of artificial staple fibres, not put up for retail sale"
551020,6,5510,XI,"Yarn; (not sewing thread), of artificial staple fibres, mixed mainly or solely with wool or fine animal hair, not put up for retail sale"
551030,6,5510,XI,"Yarn; (not sewing thread), of artificial staple fibres, mixed mainly or solely with cotton, not put up for retail sale"
551090,6,5510,XI,"Yarn; (not sewing thread), of artificial staple fibres, mixed mainly or solely with fibres (other than wool, fine animal hair or cotton), not put up for retail sale"
5511,4,55,XI,"Yarn (not sewing thread), of man-made staple fibres, put up for retail sale"
551110,6,5511,XI,"Yarn; (not sewing thread), of synthetic staple fibres, containing 85% or more by weight of synthetic staple fibres, put up for retail sale"
551120,6,5511,XI,"Yarn; (not sewing thread), of synthetic staple fibres, containing less than 85% by weight of synthetic staple fibres, put up for retail sale"
551130,6,5511,XI,"Yarn; (not sewing thread), of artificial staple fibres, put up for retail sale"
5512,4,55,XI,"Woven fabrics of synthetic staple fibres, containing 85% or more by weight of synthetic staple fibres"
551211,6,5512,XI,"Fabrics, woven; of synthetic staple fibres, containing 85% or more by weight of polyester staple fibres, unbleached or bleached"
551219,6,5512,XI,"Fabrics, woven; of synthetic staple fibres, containing 85% or more by weight of polyester staple fibres, other than unbleached or bleached"
551221,6,5512,XI,"Fabrics, woven; of synthetic staple fibres, containing 85% or more by weight of acrylic or modacrylic staple fibres, unbleached or bleached"
551229,6,5512,XI,"Fabrics, woven; of synthetic staple fibres, containing 85% or more by weight of acrylic or modacrylic staple fibres, other than unbleached or bleached"
551291,6,5512,XI,"Fabrics, woven; of synthetic staple fibres, containing 85% or more by weight of such fibres n.e.c. in heading no. 5512, unbleached or bleached"
551299,6,5512,XI,"Fabrics, woven; of synthetic staple fibres, containing 85% or more by weight of such fibres n.e.c. in heading no. 5512, other than unbleached or bleached"
5513,4,55,XI,"Woven fabrics of synthetic staple fibres, containing less than 85% by weight of such fibres, mixed mainly or solely with cotton, of a weight not exceeding 170g/m2"
551311,6,5513,XI,"Fabrics, woven; plain weave, of polyester staple fibres, containing less than 85% by weight of such fibres, mixed mainly or solely with cotton, of a weight not exceeding 170g/m2, unbleached or bleached"
551312,6,5513,XI,"Fabrics, woven; 3-thread or 4-thread twill, of polyester staple fibres, containing less than 85% by weight of such, mixed mainly or solely with cotton, not exceeding 170g/m2, unbleached or bleached"
551313,6,5513,XI,"Fabrics, woven; of polyester staple fibres, containing less than 85% by weight of such fibres, mixed mainly or solely with cotton, not exceeding 170g/m2, unbleached or bleached"
551319,6,5513,XI,"Fabrics, woven; containing less than 85% by weight of synthetic staple fibres (other than polyesters), mixed mainly or solely with cotton, not exceeding 170g/m2, unbleached or bleached"
551321,6,5513,XI,"Fabrics, woven; plain weave, dyed, containing less than 85% by weight of polyester staple fibres, mixed mainly or solely with cotton, not exceeding 170g/m2"
551323,6,5513,XI,"Fabrics, woven; dyed, containing less than 85% by weight of polyester staple fibres, mixed mainly or solely with cotton, not exceeding 170g/m2"
551329,6,5513,XI,"Fabrics, woven; dyed, containing less than 85% by weight of synthetic staple fibres (other than polyesters), mixed mainly or solely with cotton, not exceeding 170g/m2"
551331,6,5513,XI,"Fabrics, woven; plain weave, of yarns of different colours, containing less than 85% by weight of polyester staple fibres, mixed mainly or solely with cotton, not exceeding 170g/m2"
551339,6,5513,XI,"Fabrics, woven; of yarns of different colours, containing less than 85% of synthetic staple fibres (other than polyester, plain weave), mixed mainly or solely with cotton, not exceeding 170g/m2"
551341,6,5513,XI,"Fabrics, woven; plain weave, printed, of polyester staple fibres, containing less than 85% by weight of such fibres, mixed mainly or solely with cotton, not exceeding 170g/m2"
551349,6,5513,XI,"Fabrics, woven; printed, containing less than 85% by weight of synthetic staple fibres (other than polyester, plain weave), mixed mainly or solely with cotton, not exceeding 170g/m2"
5514,4,55,XI,"Woven fabrics of synthetic staple fibres, containing less than 85% by weight of such fibres, mixed mainly or solely with cotton, of a weight exceeding 170g/m2"
551411,6,5514,XI,"Fabrics, woven; plain weave, unbleached or bleached, containing less than 85% by weight of polyester staple fibres, mixed mainly or solely with cotton, exceeding 170g/m2"
551412,6,5514,XI,"Fabrics, woven; 3- or 4-thread twill, including cross twill, unbleached or bleached, containing less than 85% by weight of polyester staple fibres, mixed mainly or solely with cotton, over 170g/m2"
551419,6,5514,XI,"Fabrics, woven; unbleached or bleached, containing less than 85% by weight of synthetic staple fibres n.e.c. in item no. 55.14.1, mixed mainly or solely with cotton, exceeding 170g/m2"
551421,6,5514,XI,"Fabrics, woven; plain weave, dyed, containing less than 85% by weight of polyester staple fibres, mixed mainly or solely with cotton, exceeding 170g/m2"
551422,6,5514,XI,"Fabrics, woven; 3- or 4-thread twill, including cross twill, dyed, containing less than 85% by weight of polyester staple fibres, mixed mainly or solely with cotton, exceeding 170g/m2"
551423,6,5514,XI,"Fabrics, woven; dyed, containing less than 85% by weight of polyester staple fibres, mixed mainly or solely with cotton, exceeding 170g/m2, n.e.c. in heading no. 5514"
551429,6,5514,XI,"Fabrics, woven; dyed, containing less than 85% by weight of synthetic staple fibres (other than polyesters), mixed mainly or solely with cotton, exceeding 170g/m2"
551430,6,5514,XI,"Fabrics, woven; of yarns of different colours, containing less than 85% by weight of synthetic staple fibres, mixed mainly or solely with cotton, exceeding 170g/m2"
551441,6,5514,XI,"Fabrics, woven; plain weave, printed, containing less than 85% by weight of polyester staple fibres, mixed mainly or solely with cotton, exceeding 170g/m2"
551442,6,5514,XI,"Fabrics, woven; 3- or 4-thread twill, including cross twill, printed, containing less than 85% by weight of polyester staple fibres, mixed mainly or solely with cotton, exceeding 170g/m2"
551443,6,5514,XI,"Fabrics, woven; printed, containing less than 85% by weight of polyester staple fibres, mixed mainly or solely with cotton, weight exceeding 170g/m2, n.e.c. in heading no. 5514"
551449,6,5514,XI,"Fabrics, woven; printed, containing less than 85% by weight of synthetic staple fibres (other than polyesters), mixed mainly or solely with cotton, exceeding 170g/m2"
5515,4,55,XI,"Woven fabrics of synthetic staple fibres, n.e.c. in chapter 55"
551511,6,5515,XI,"Fabrics, woven; of polyester staple fibres n.e.c. in chapter 55, mixed mainly or solely with viscose rayon staple fibres"
551512,6,5515,XI,"Fabrics, woven; of polyester staple fibres n.e.c. in chapter 55, mixed mainly or solely with man-made filaments"
551513,6,5515,XI,"Fabrics, woven; of polyester staple fibres n.e.c. in chapter 55, mixed mainly or solely with wool or fine animal hair"
551519,6,5515,XI,"Fabrics, woven; of polyester staple fibres n.e.c. in chapter 55, mixed mainly or solely with fibres n.e.c. in item no. 5515.1"
551521,6,5515,XI,"Fabrics, woven; of acrylic or modacrylic staple fibres n.e.c. in chapter 55, mixed mainly or solely with man-made filaments"
551522,6,5515,XI,"Fabrics, woven; of acrylic or modacrylic staple fibres n.e.c. in chapter 55, mixed mainly or solely with wool or fine animal hair"
551529,6,5515,XI,"Fabrics, woven; of acrylic or modacrylic staple fibres n.e.c. in chapter 55, mixed mainly or solely with fibres n.e.c. in item no. 5515.2"
551591,6,5515,XI,"Fabrics, woven; of synthetic staple fibres n.e.c. in chapter 55, mixed mainly or solely with man-made filaments"
551599,6,5515,XI,"Fabrics, woven; of synthetic staple fibres n.e.c. in chapter 55, mixed mainly or solely with fibres n.e.c. in heading no. 5515"
5516,4,55,XI,Woven fabrics of artificial staple fibres
551611,6,5516,XI,"Fabrics, woven; unbleached or bleached, containing 85% or more by weight of artificial staple fibres"
551612,6,5516,XI,"Fabrics, woven; dyed, containing 85% or more by weight of artificial staple fibres"
551613,6,5516,XI,"Fabrics, woven; of yarns of different colours, containing 85% or more by weight of artificial staple fibres"
551614,6,5516,XI,"Fabrics, woven; printed, containing 85% or more by weight of artificial staple fibres"
551621,6,5516,XI,"Fabrics, woven; unbleached or bleached, containing less than 85% by weight of artificial staple fibres, mixed mainly or solely with manmade filaments"
551622,6,5516,XI,"Fabrics, woven; dyed, containing less than 85% by weight of artificial staple fibres, mixed mainly or solely with man-made filaments"
551623,6,5516,XI,"Fabrics, woven; of yarns of different colours, containing less than 85% by weight of artificial staple fibres, mixed mainly or solely with man-made filaments"
551624,6,5516,XI,"Fabrics, woven; printed, containing less than 85% by weight of artificial staple fibres, mixed mainly or solely with man-made filaments"
551631,6,5516,XI,"Fabrics, woven; unbleached or bleached, containing less than 85% by weight of artificial staple fibres, mixed mainly or solely with wool or fine animal hair"
551632,6,5516,XI,"Fabrics, woven; dyed, containing less than 85% by weight of artificial staple fibres, mixed mainly or solely with wool or fine animal hair"
551633,6,5516,XI,"Fabrics, woven; of yarns of different colours, containing less than 85% by weight of artificial staple fibres, mixed mainly or solely with wool or fine animal hair"
551634,6,5516,XI,"Fabrics, woven; printed, containing less than 85% by weight of artificial staple fibres, mixed mainly or solely with wool or fine animal hair"
551641,6,5516,XI,"Fabrics, woven; unbleached or bleached, containing less than 85% by weight of artificial staple fibres, mixed mainly or solely with cotton"
551642,6,5516,XI,"Fabrics, woven; dyed, containing less than 85% by weight of artificial staple fibres, mixed mainly or solely with cotton"
551643,6,5516,XI,"Fabrics, woven; of yarns of different colours, containing less than 85% by weight of artificial staple fibres, mixed mainly or solely with cotton"
551644,6,5516,XI,"Fabrics, woven; printed, containing less than 85% by weight of artificial staple fibres, mixed mainly or solely with cotton"
551691,6,5516,XI,"Fabrics, woven; unbleached or bleached, of artificial staple fibres, n.e.c. in heading no. 5516"
551692,6,5516,XI,"Fabrics, woven; dyed, of artificial staple fibres, n.e.c. in heading no. 5516"
551693,6,5516,XI,"Fabrics, woven; of yarns of different colours, of artificial staple fibres, n.e.c. in heading no. 5516"
551694,6,5516,XI,"Fabrics, woven; printed, of artificial staple fibres, n.e.c. in heading no. 5516"
56,2,TOTAL,XI,"Wadding, felt and nonwovens, special yarns; twine, cordage, ropes and cables and articles thereof"
5601,4,56,XI,"Wadding of textile materials and articles thereof; textile fibres, not exceeding 5 mm in length (flock), textile dust and mill neps"
560121,6,5601,XI,"Wadding; other articles thereof, of cotton"
560122,6,5601,XI,"Wadding; other articles thereof, of man-made fibres"
560129,6,5601,XI,"Wadding; other articles thereof, other than of cotton or man-made fibres"
560130,6,5601,XI,Wadding; textile flock and dust and mill neps
5602,4,56,XI,"Felt; whether or not impregnated, coated, covered or laminated"
560210,6,5602,XI,"Felt; needleloom felt and stitch-bonded fibre fabrics, whether or not impregnated, coated, covered or laminated"
560221,6,5602,XI,"Felt; of wool or fine animal hair (excluding needleloom felt or stitch-bonded fibre fabrics), not impregnated, coated, covered nor laminated"
560229,6,5602,XI,"Felt; of textile materials other than wool or fine animal hair (excluding needleloom felt and stitch-bonded fibre fabrics), not impregnated, coated, covered or laminated"
560290,6,5602,XI,"Felt; impregnated, coated, covered or laminated (excluding needleloom felt and stitch-bonded fibre fabrics)"
5603,4,56,XI,"Nonwovens; whether or not impregnated, coated, covered or laminated"
560311,6,5603,XI,"Nonwovens; whether or not impregnated, coated, covered or laminated, of man-made filaments, (weighing not more than 25g/m2)"
560312,6,5603,XI,"Nonwovens; whether or not impregnated, coated, covered or laminated, of man-made filaments, (weighing more than 25g/m2 but not more than 70g/m2)"
560313,6,5603,XI,"Nonwovens; whether or not impregnated, coated, covered or laminated, of man-made filaments, (weighing more than 70g/m2 but not more than 150g/m2)"
560314,6,5603,XI,"Nonwovens; whether or not impregnated, coated, covered or laminated, of man-made filaments, (weighing more than 150g/m2)"
560391,6,5603,XI,"Nonwovens; whether or not impregnated, coated, covered or laminated, not of man-made filaments, (weighing not more than 25g/m2)"
560392,6,5603,XI,"Nonwovens; whether or not impregnated, coated, covered or laminated, not of man-made filaments, (weighing more than 25g/m2 but not more than 70g/m2)"
560393,6,5603,XI,"Nonwovens; whether or not impregnated, coated, covered or laminated, not of man-made filaments, (weighing more than 70g/m2 but not more than 150g/m2)"
560394,6,5603,XI,"Nonwovens; whether or not impregnated, coated, covered or laminated, not of man-made filaments, (weighing more than 150g/m2)"
5604,4,56,XI,"Rubber thread and cord, textile covered; textile yarn and strip and the like of heading no. 5404, 5405; impregnated, coated, covered or sheathed with rubber or plastics"
560410,6,5604,XI,Rubber thread and cord; textile covered
560490,6,5604,XI,"Yarn; textile yarn, strip, and the like of heading no. 5404 or 5405, impregnated, coated, covered, or sheathed with rubber or plastics, n.e.c. in heading no. 5604"
5605,4,56,XI,"Yarn; metallised, whether or not gimped, of textile yarn, or strip or the like of heading no. 5404 or 5405, combined with metal in the form of thread, strip or powder or covered with metal"
560500,6,5605,XI,"Yarn; metallised, whether or not gimped, of textile yarn, or strip or the like of heading no. 5404 or 5405, combined with metal in the form of thread, strip or powder or covered with metal"
5606,4,56,XI,"Yarn and strip and the like of heading no. 5404 or 5405, gimped (other than those of heading no. 5606 and gimped horsehair yarn); chenille yarn (including flock chenille yarn); loop wale-yarn"
560600,6,5606,XI,"Yarn and strip and the like of heading no. 5404 or 5405; gimped, (other than those of heading no. 5406 and gimped horsehair yarn); chenille yarn (including flock chenille yarn); loop wale-yarn"
5607,4,56,XI,"Twine, cordage, ropes and cables, whether or not plaited or braided; whether or not impregnated, coated, covered or sheathed with rubber or plastics"
560721,6,5607,XI,"Twine; binder or baler twine, of sisal or other textile fibres of the genus agave"
560729,6,5607,XI,"Twine, cordage, ropes, cables; of sisal or other textile fibres of the genus agave (excluding binder or baler twine), whether or not plaited, braided or rubber or plastic impregnated, coated, covered or sheathed"
560741,6,5607,XI,"Twine; binder or baler twine, of polyethylene or polypropylene"
560749,6,5607,XI,"Twine, cordage, ropes, cables; of polyethylene or polypropylene (excluding binder or baler twine), whether or not plaited, braided or rubber or plastic impregnated, coated, covered or sheathed"
560750,6,5607,XI,"Twine, cordage, ropes, cables; of synthetic fibres other than polyethylene or polypropylene, whether or not plaited, braided or impregnated, coated, covered or sheathed with rubber or plastics"
560790,6,5607,XI,"Twine, cordage, ropes, cables; of materials n.e.c. in heading no. 5607, whether or not plaited, braided or impregnated, coated, covered, or sheathed with rubber or plastics"
5608,4,56,XI,"Twine, cordage or rope; knotted netting, made up fishing nets and other made up nets, of textile materials"
560811,6,5608,XI,"Twine, cordage or rope; fishing nets, made up, of man made textile materials"
560819,6,5608,XI,"Twine, cordage or rope; knotted netting, for other than fishing, of man-made textile materials"
560890,6,5608,XI,"Twine, cordage or rope; knotted netting, of other than man-made textiles"
5609,4,56,XI,"Articles of yarn, strip or the like of heading no. 5404 or 5405; twine, cordage, rope or cables n.e.c. or included"
560900,6,5609,XI,"Yarn; articles of yarn, strip or the like of heading no. 5404 and 5405, twine, cordage, rope or cables n.e.c. or included"
57,2,TOTAL,XI,Carpets and other textile floor coverings
5701,4,57,XI,"Carpets and other textile floor coverings; knotted, whether or not made up"
570110,6,5701,XI,"Carpets and other textile floor coverings; knotted, of wool or fine animal hair, whether or not made up"
570190,6,5701,XI,"Carpets and other textile floor coverings; knotted, of textile materials (other than wool or fine animal hair), whether or not made up"
5702,4,57,XI,"Carpets and other textile floor coverings; woven, (not tufted or flocked), whether or not made up, including kelem, schumacks, karamanie and similar hand-woven rugs"
570210,6,5702,XI,"Carpets and other textile floor coverings; woven, (not tufted or flocked), whether or not made up, including kelem, schumacks, karamanie and similar hand-woven rugs"
570220,6,5702,XI,"Carpets and other textile floor coverings; woven, (not tufted or flocked), whether or not made up, of coconut fibres (coir)"
570231,6,5702,XI,"Carpets and other textile floor coverings; woven, (not tufted or flocked), of wool or fine animal hair, of pile construction, not made up, n.e.c. in item no. 5702.10 or 5702.20"
570232,6,5702,XI,"Carpets and other textile floor coverings; woven, (not tufted or flocked), of man-made textile materials, of pile construction, not made up, n.e.c. in item no. 5702.10 or 5702.20"
570239,6,5702,XI,"Carpets and other textile floor coverings; woven, (not tufted or flocked), of textile materials (other than man-made, wool or fine animal hair), of pile construction, not made up, n.e.c. in item no. 5702.10 or 5702.20"
570241,6,5702,XI,"Carpets and other textile floor coverings; woven, (not tufted or flocked), of wool or fine animal hair, of pile construction, made up, n.e.c. in item no. 5702.10 or 5702.20"
570242,6,5702,XI,"Carpets and other textile floor coverings; woven, (not tufted or flocked), of man-made textile materials, of pile construction, made up, n.e.c. in item no. 5702.10 or 5702.20"
570249,6,5702,XI,"Carpets and other textile floor coverings; woven, (not tufted or flocked), of textile materials (other than man-made, wool or fine animal hair), of pile construction, made up, n.e.c. in item no. 5702.10 or 5702.20"
570250,6,5702,XI,"Carpets and other textile floor coverings; woven, (not tufted or flocked), not of pile construction, not made up, n.e.c. in item no. 5702.10 or 5702.20"
570291,6,5702,XI,"Carpets and other textile floor coverings; woven, (not tufted or flocked), of wool or fine animal hair, (not of pile construction), made up, n.e.c. in item no. 5702.10 or 5702.20"
570292,6,5702,XI,"Carpets and other textile floor coverings; woven, (not tufted or flocked), of man-made textile materials, (not of pile construction), made up, n.e.c. in item no. 5702.10 or 5702.20"
570299,6,5702,XI,"Carpets and other textile floor coverings; woven, (not tufted or flocked), of textile materials (other than man-made or wool or fine animal hair, not of pile construction), made up, n.e.c. in item no. 5702.10 or 5702.20"
5703,4,57,XI,"Carpets and other textile floor coverings (including turf); tufted, whether or not made up"
570310,6,5703,XI,"Carpets and other textile floor coverings (including turf); tufted, of wool or fine animal hair, whether or not made up"
570321,6,5703,XI,"Carpets and other textile floor coverings; tufted, of nylon or other polyamides, whether or not made up"
570329,6,5703,XI,"Carpets; tufted, of nylon or other polyamides, whether or not made up"
570331,6,5703,XI,"Carpets and other textile floor coverings; tufted, of other man-made textile materials (other than polyamides), whether or not made up"
570339,6,5703,XI,"Carpets; tufted, of man-made textile materials (other than polyamides), whether of not made up"
570390,6,5703,XI,"Carpets and other textile floor coverings; tufted, of textile materials (other than man-made, wool or fine animal hair), whether or not made up"
5704,4,57,XI,"Carpets and other textile floor coverings; of felt, (not tufted or flocked), whether or not made up"
570410,6,5704,XI,"Textile floor coverings; felt tiles, (not tufted or flocked), whether or not made up, having a maximum surface area of 0.3m2"
570420,6,5704,XI,"Carpets and other textile floor coverings; of felt, (not tufted or flocked), whether or not made up, having a maximum surface area exceeding 0.3 m2 but not exceeding 1 m2"
570490,6,5704,XI,"Carpets and other textile floor coverings; of felt, (not tufted or flocked), in the piece, whether or not made up, having a maximum surface area exceeding 1 m2"
5705,4,57,XI,"Carpets and other textile floor coverings; n.e.c. in chapter 57, whether or not made up"
570500,6,5705,XI,"Carpets and other textile floor coverings; n.e.c. in chapter 57, whether or not made up"
58,2,TOTAL,XI,"Fabrics; special woven fabrics, tufted textile fabrics, lace, tapestries, trimmings, embroidery"
5801,4,58,XI,"Fabrics; woven pile and chenille fabrics, other than fabrics of heading no. 5802 or 5806"
580110,6,5801,XI,"Fabrics; woven pile, of wool or fine animal hair, other than fabrics of heading no. 5802 or 5806"
580121,6,5801,XI,"Fabrics; woven pile, of cotton, uncut weft pile fabrics, other than fabrics of heading no. 5802 or 5806"
580122,6,5801,XI,"Fabrics; woven pile, of cotton, cut corduroy, other than fabrics of heading no. 5802 or 5806"
580123,6,5801,XI,"Fabrics; woven pile, of cotton, weft pile fabrics other than uncut and corduroy, other than fabrics of heading no. 5802 or 5806"
580126,6,5801,XI,"Fabrics; chenille, of cotton, other than fabrics of heading no. 5802 or 5806"
580127,6,5801,XI,"Fabrics; woven pile, of cotton, warp pile fabrics, other than fabrics of heading no. 5802 or 5806"
580131,6,5801,XI,"Fabrics; woven pile, of man-made fibres, uncut weft pile fabrics, other than fabrics of heading no. 5802 or 5806"
580132,6,5801,XI,"Fabrics; woven pile, of man-made fibres, cut corduroy, other than fabrics of heading no. 5802 or 5806"
580133,6,5801,XI,"Fabrics; woven pile, of man-made fibres, other weft pile fabrics, other than fabrics of heading no. 5802 or 5806"
580136,6,5801,XI,"Fabrics; chenille, of man-made fibres, other than fabrics of heading no. 5802 or 5806"
580137,6,5801,XI,"Fabrics; woven pile, of man-made fibres, warp pile fabrics, other than fabrics of heading no. 5802 or 5806"
580190,6,5801,XI,"Fabrics; woven pile and chenille, of textile materials n.e.c. in heading no. 5801, other than fabrics of heading no. 5802 or 5806"
5802,4,58,XI,"Fabrics; terry towelling and similar woven terry fabrics other than narrow fabrics of heading no. 5806; tufted textile fabrics, excluding products of heading no. 5703"
580210,6,5802,XI,"Fabrics; terry towelling and similar woven terry fabrics, of cotton, whether bleached or unbleached, excluding narrow fabrics of heading no. 5806"
580220,6,5802,XI,"Fabrics; terry towelling and similar woven terry fabrics, of textile materials, excluding cotton, excluding narrow fabrics of heading no. 5806"
580230,6,5802,XI,"Fabrics; tufted textile fabrics, excluding products of heading no. 5703"
5803,4,58,XI,Gauze; other than narrow fabrics of heading no. 5806
580300,6,5803,XI,Gauze; other than narrow fabrics of heading no. 5806
5804,4,58,XI,"Tulles and other net fabrics; not including woven, knitted or crocheted fabrics; lace in the piece, in strips or in motifs, (other than fabrics of headings 60.02 to 60.06)"
580410,6,5804,XI,"Tulles and other net fabrics; excluding woven, knitted or crocheted fabrics, (other than fabrics of headings 60.02 to 60.06)"
580421,6,5804,XI,"Lace; mechanically made, of man-made fibres in the piece, in strips or in motifs, (other than fabrics of headings 60.02 to 60.06)"
580429,6,5804,XI,"Lace; mechanically made, of textile materials, (other than man-made fibres), in the piece, in strips or motifs, (other than fabrics of headings 60.02 to 60.06)"
580430,6,5804,XI,"Lace; hand-made, in the piece, in strips or motifs, (other than fabrics of headings 60.02 to 60.06)"
5805,4,58,XI,"Tapestries; hand-woven, (Gobelins, Flanders, Aubusson, Beauvais and the like) and needle-worked tapestries (e.g. petit point, cross-stitch) whether or not made up"
580500,6,5805,XI,"Tapestries; hand-woven, (Gobelins, Flanders, Aubusson, Beauvais and the like) and needle-worked tapestries (e.g. petit point, cross-stitch) whether or not made up"
5806,4,58,XI,"Fabrics; narrow woven, other than goods of heading 5807; narrow fabrics consisting of warp without weft assembled by means of an adhesive (bolducs)"
580610,6,5806,XI,Fabrics; woven pile (including terry towelling and similar terry fabrics) and chenille fabrics (excluding goods of heading 5807)
580620,6,5806,XI,"Fabrics; narrow (excluding pile fabrics), containing by weight 5% or more of elastomeric yarn or rubber thread"
580631,6,5806,XI,"Fabrics; narrow woven fabrics, n.e.c. in heading no. 5806, of cotton (excluding goods of heading no. 5807)"
580632,6,5806,XI,"Fabrics, narrow woven fabrics, n.e.c. in heading no. 5806, of man-made fibres (excluding goods of heading no. 5807)"
580639,6,5806,XI,"Fabrics; narrow woven fabrics, n.e.c. in heading no. 5806, of textile materials n.e.c. in item no. 5806.3 (excluding goods of heading no. 5807)"
580640,6,5806,XI,"Fabrics; narrow woven, consisting of warp without weft, assembled by means of an adhesive (bolducs)"
5807,4,58,XI,"Labels, badges and similar articles; of textile materials, in the piece, in strips or cut to shape or size, not embroidered"
580710,6,5807,XI,"Labels, badges and similar articles; woven, of textile materials, in the piece, in strips or cut to shape or size, not embroidered"
580790,6,5807,XI,"Labels, badges and similar articles; (other than woven), of textile materials, in the piece, in strips or cut to shape or size, not embroidered"
5808,4,58,XI,"Braids in the piece; ornamental trimmings in the piece, without embroidery, other than knitted or crocheted; tassels, pompons and similar articles"
580810,6,5808,XI,Braids; in the piece
580890,6,5808,XI,"Ornamental trimmings; tassels, pompons and similar articles; ornamental trimmings in the piece, without embroidery, other than knitted or crocheted"
5809,4,58,XI,"Fabrics, woven; of metal thread and metallised yarn of heading no. 5605, of a kind used in apparel, as furnishing fabrics or similar purposes; n.e.c. or included"
580900,6,5809,XI,"Fabrics, woven; of metal thread and metallised yarn of heading no. 5605, of a kind used in apparel, as furnishing fabrics or similar purposes; n.e.c. or included"
5810,4,58,XI,"Embroidery; in the piece, in strips or in motifs"
581010,6,5810,XI,"Embroidery; without visible ground, in the piece, in strips or in motifs"
581091,6,5810,XI,"Embroidery; with visible ground, of cotton, in the piece, in strips or in motifs"
581092,6,5810,XI,"Embroidery; with visible ground, of man-made fibres, in the piece, in strips or in motifs"
581099,6,5810,XI,"Embroidery; with visible ground, of textile materials (other than cotton and man-made fibres), in the piece, in strips or in motifs"
5811,4,58,XI,"Quilted textile products; in the piece, composed of one or more layers of textile materials assembled with padding by stitching or otherwise (excluding embroidery of heading no. 5810)"
581100,6,5811,XI,"Quilted textile products; in the piece, composed of one or more layers of textile materials assembled with padding by stitching or otherwise (excluding embroidery of heading no. 5810)"
59,2,TOTAL,XI,"Textile fabrics; impregnated, coated, covered or laminated; textile articles of a kind suitable for industrial use"
5901,4,59,XI,"Textile fabrics, gum or amylaceous substance coated, used for outer book covers and like; tracing cloth, prepared painting canvas; buckram and similar stiffened textile fabrics used for hat foundation"
590110,6,5901,XI,"Textile fabrics; coated with gum or amylaceous substances, of a kind used for the outer covers of books or the like"
590190,6,5901,XI,"Textile fabrics; coated with gum or amylaceous substances, tracing cloth, prepared painting canvas, buckram and similar stiffened textile fabrics for hat foundations, (excluding book covers)"
5902,4,59,XI,Textile fabrics; tyrecord of high tenacity yarn of nylon or other polyamides polyesters or viscose rayon
590210,6,5902,XI,Textile fabrics; tyrecord of high tenacity yarn of nylon or other polyamides
590220,6,5902,XI,Textile fabrics; tyrecord of high tenacity yarn of polyester
590290,6,5902,XI,Textile fabrics; tyrecord of high tenacity yarn of viscose rayon
5903,4,59,XI,"Textile fabrics impregnated, coated, covered or laminated with plastics, other than those of heading no. 5902"
590310,6,5903,XI,"Textile fabrics; impregnated, coated, covered or laminated with poly(vinyl chloride)"
590320,6,5903,XI,"Textile fabrics; impregnated, coated, covered or laminated with polyurethane"
590390,6,5903,XI,"Textile fabrics; impregnated, coated, covered or laminated with plastics, (excluding polyvinyl chloride, polyurethane and those of heading no. 5902)"
5904,4,59,XI,"Linoleum, whether or not cut to shape; floor coverings consisting of a coating or covering applied on a textile backing, whether or not cut to shape"
590410,6,5904,XI,"Linoleum, whether or not cut to shape"
590490,6,5904,XI,"Textiles floor coverings; consisting of a coating or covering applied on a textile backing, whether or not cut to shape, other than linoleum"
5905,4,59,XI,Textile wall coverings
590500,6,5905,XI,"Textile wall coverings of fabrics impregnated, coated, covered or laminated"
5906,4,59,XI,"Textile fabrics, rubberised; other than those of heading no. 5902"
590610,6,5906,XI,"Textile fabrics, rubberised; (excluding those of heading no. 5902), adhesive tape of a width not exceeding 20cm"
590691,6,5906,XI,"Textile fabrics, rubberised; (excluding those of heading no. 5902 and adhesive tape of a width not exceeding 20cm), knitted or crocheted"
590699,6,5906,XI,"Textile fabrics, rubberised; (excluding those of heading no. 5902 and adhesive tape of a width not exceeding 20cm), not knitted or crocheted"
5907,4,59,XI,"Textile fabrics; otherwise impregnated, coated or covered; painted canvas being theatrical scenery, studio back-cloths or the like"
590700,6,5907,XI,"Textile fabrics; otherwise impregnated, coated or covered, painted canvas being theatrical scenery, studio back-cloths or the like"
5908,4,59,XI,"Textile wicks, woven, plaited or knitted; for lamps, stoves, lighters, candles or the like; incandescent gas mantles and tubular knitted gas mantle fabric therefor, whether or not impregnated"
590800,6,5908,XI,"Textile wicks, woven, plaited or knitted; for lamps, stoves, lighters, candles or the like; incandescent gas mantles and tubular knitted gas mantle fabric therefor, whether or not impregnated"
5909,4,59,XI,"Textile hose piping and similar textile tubing; with or without lining, armour or accessories of other materials"
590900,6,5909,XI,"Textile hosepiping and similar textile tubing; with or without lining, armour or accessories of other materials"
5910,4,59,XI,"Textiles; transmission or conveyor belts or belting, of textile material, whether or not impregnated, coated, covered or laminated with plastics, or reinforced with metal or other material"
591000,6,5910,XI,"Textiles; transmission or conveyor belts or belting, of textile material, whether or not impregnated, coated, covered or laminated with plastics, or reinforced with metal or other material"
5911,4,59,XI,Textile products and articles for technical uses; specified in note 7 to this chapter
591110,6,5911,XI,"Textile fabric, felt & felt-lined woven fabrics, coated/covered/laminated with rubber, leather or other material, for card clothing, similar fabrics used for technical purposes, including rubber impregnated narrow velvet fabrics to cover weaving spindles"
591120,6,5911,XI,"Textile products and articles for technical uses; bolting cloth, whether or not made up"
591131,6,5911,XI,"Textiles; fabrics and felts, endless or fitted with linking devices, of a kind used in paper-making or similar machines, weighing less than 650g/m2"
591132,6,5911,XI,"Textiles; fabrics and felts, endless or fitted with linking devices, of a kind used in paper-making or similar machines, weighing 650g/m2 or more"
591140,6,5911,XI,"Textile products and articles for technical uses; straining cloth of a kind used in oil presses and the like, including that of human hair"
591190,6,5911,XI,Textile products and articles for technical uses; n.e.c. in heading no. 5911
60,2,TOTAL,XI,Fabrics; knitted or crocheted
6001,4,60,XI,"Fabrics; pile fabrics, including long pile fabrics and terry fabrics, knitted or crocheted"
600110,6,6001,XI,"Fabrics; long pile fabrics, knitted or crocheted"
600121,6,6001,XI,"Fabrics; looped pile fabrics, of cotton, knitted or crocheted"
600122,6,6001,XI,"Fabrics; looped pile fabrics, of man-made fibres, knitted or crocheted"
600129,6,6001,XI,"Fabrics; looped pile fabrics, of textile materials (other than cotton or man-made fibres), knitted or crocheted"
600191,6,6001,XI,"Fabrics; pile fabrics (excluding long pile and loop pile), of cotton, knitted or crocheted"
600192,6,6001,XI,"Fabrics; pile fabrics (excluding long pile and loop pile), of man-made fibres, knitted or crocheted"
600199,6,6001,XI,"Fabrics; pile fabrics (excluding long pile and loop pile), of textile materials (other than cotton or man-made fibres), knitted or crocheted"
6002,4,60,XI,"Fabrics; knitted or crocheted, other than those of heading 60.01, of a width not exceeding 30cm, containing by weight 5% or more of elastomeric yarn or rubber thread"
600240,6,6002,XI,"Fabrics; knitted or crocheted, other than those of heading 60.01, of a width not exceeding 30 cm, containing by weight 5% or more of elastomeric yarn but not containing rubber thread"
600290,6,6002,XI,"Fabrics; knitted or crocheted, other than those of heading 60.01, of a width not exceeding 30 cm, containing by weight 5% or more of elastomeric yarn or rubber thread"
6003,4,60,XI,"Fabrics; knitted or crocheted fabrics, other than those of heading 60.01 and 60.02, of a width not exceeding 30 cm,"
600310,6,6003,XI,"Fabrics; knitted or crocheted fabrics, other than those of heading 60.01 and 60.02, of a width not exceeding 30 cm, of wool or fine animal hair"
600320,6,6003,XI,"Fabrics; knitted or crocheted fabrics, other than those of heading 60.01 and 60.02, of a width not exceeding 30 cm, of cotton"
600330,6,6003,XI,"Fabrics; knitted or crocheted fabrics, other than those of heading 60.01 and 60.02, of a width not exceeding 30 cm, of synthetic fibres"
600340,6,6003,XI,"Fabrics; knitted or crocheted fabrics, other than those of heading 60.01 and 60.02, of a width not exceeding 30 cm, of artificial fibres"
600390,6,6003,XI,"Fabrics; knitted or crocheted fabrics, other than those of heading 60.01 and 60.02, of a width not exceeding 30 cm, other than of wool and fine animal hair, cotton, synthetic or artificial fibres"
6004,4,60,XI,"Fabrics; knitted or crocheted fabrics of a width exceeding 30 cm, other than those of heading 60.01, containing by weight 5% or more of elastomeric yarn or rubber thread"
600410,6,6004,XI,"Fabrics; knitted or crocheted fabrics of a width exceeding 30 cm, other than those of heading 60.01, containing by weight 5% or more of elastomeric yarn but not containing rubber thread"
600490,6,6004,XI,"Fabrics; knitted or crocheted, other than those of heading 60.01, of a width exceeding 30 cm, containing by weight 5% or more of elastomeric yarn or rubber thread,"
6005,4,60,XI,"Fabrics; warp knit (including those made on galloon knitting machines), other than those of headings 60.01 to 60.04"
600521,6,6005,XI,"Fabrics; warp knit (including those made on galloon knitting machines), other than those of headings 60.01 to 60.04, of cotton, unbleached or bleached"
600522,6,6005,XI,"Fabrics; warp knit (including those made on galloon knitting machines), other than those of headings 60.01 to 60.04, of cotton, dyed"
600523,6,6005,XI,"Fabrics; warp knit (including those made on galloon knitting machines), other than those of headings 60.01 to 60.04, of cotton, yarns of different colours"
600524,6,6005,XI,"Fabrics; warp knit (including those made on galloon knitting machines), other than those of headings 60.01 to 60.04, of cotton, printed"
600535,6,6005,XI,"Fabrics; warp knit (including those made on galloon knitting machines), other than those of headings 60.01 to 60.04, of synthetic fibres specified in Subheading Note 1 to this Chapter"
600536,6,6005,XI,"Fabrics; warp knit (including those made on galloon knitting machines), other than those of headings 60.01 to 60.04, of synthetic fibres, bleached or unbleached"
600537,6,6005,XI,"Fabrics; warp knit (including those made on galloon knitting machines), other than those of headings 60.01 to 60.04, of synthetic fibres, dyed"
600538,6,6005,XI,"Fabrics; warp knit (including those made on galloon knitting machines), other than those of headings 60.01 to 60.04, of synthetic fibres, yarns of different colours"
600539,6,6005,XI,"Fabrics; warp knit (including those made on galloon knitting machines), other than those of headings 60.01 to 60.04, of synthetic fibres, printed"
600541,6,6005,XI,"Fabrics; warp knit (including those made on galloon knitting machines), other than those of headings 60.01 to 60.04, of artificial fibres, bleached or unbleached"
600542,6,6005,XI,"Fabrics; warp knit (including those made on galloon knitting machines), other than those of headings 60.01 to 60.04, of artificial fibres, dyed"
600543,6,6005,XI,"Fabrics; warp knit (including those made on galloon knitting machines), other than those of headings 60.01 to 60.04, of artificial fibres, of yarns of different colours"
600544,6,6005,XI,"Fabrics; warp knit (including those made on galloon knitting machines), other than those of headings 60.01 to 60.04, of artificial fibres, printed"
600590,6,6005,XI,"Fabrics; warp knit (including those made on galloon knitting machines), other than those of headings 60.01 to 60.04, excluding those made from cotton or synthetic or artificial fibres"
6006,4,60,XI,"Fabrics; knitted or crocheted fabrics, other than those of headings 60.01 to 60.04"
600610,6,6006,XI,"Fabrics; knitted or crocheted fabrics, other than those of headings 60.01 to 60.04, of wool or fine animal hair"
600621,6,6006,XI,"Fabrics; knitted or crocheted fabrics, other than those of headings 60.01 to 60.04, of cotton, unbleached or bleached"
600622,6,6006,XI,"Fabrics; knitted or crocheted fabrics, other than those of headings 60.01 to 60.04, of cotton, dyed"
600623,6,6006,XI,"Fabrics; knitted or crocheted fabrics, other than those of headings 60.01 to 60.04, of cotton, of yarns of different colours"
600624,6,6006,XI,"Fabrics; knitted or crocheted fabrics, other than those of headings 60.01 to 60.04, of cotton, printed"
600631,6,6006,XI,"Fabrics; knitted or crocheted fabrics, other than those of headings 60.01 to 60.04, of synthetic fibres, unbleached or bleached"
600632,6,6006,XI,"Fabrics; knitted or crocheted fabrics, other than those of headings 60.01 to 60.04, of synthetic fibres, dyed"
600633,6,6006,XI,"Fabrics; knitted or crocheted fabrics, other than those of headings 60.01 to 60.04, of synthetic fibres, of yarns of different colours"
600634,6,6006,XI,"Fabrics; knitted or crocheted fabrics, other than those of headings 60.01 to 60.04, of synthetic fibres, printed"
600641,6,6006,XI,"Fabrics; knitted or crocheted fabrics, other than those of headings 60.01 to 60.04, of artificial fibres, unbleached or bleached"
600642,6,6006,XI,"Fabrics; knitted or crocheted fabrics, other than those of headings 60.01 to 60.04, of artificial fibres, dyed"
600643,6,6006,XI,"Fabrics; knitted or crocheted fabrics, other than those of headings 60.01 to 60.04, of artificial fibres, of yarns of different colours"
600644,6,6006,XI,"Fabrics; knitted or crocheted fabrics, other than those of headings 60.01 to 60.04, of artificial fibres, printed"
600690,6,6006,XI,"Fabrics; knitted or crocheted fabrics, other than those of headings 60.01 to 60.04,and other than those made of wool, fine animal hair, cotton, synthetic or artificial fibres"
61,2,TOTAL,XI,Apparel and clothing accessories; knitted or crocheted
6101,4,61,XI,"Coats; men's or boys' overcoats, car-coats, capes, cloaks, anoraks, ski-jackets, wind-cheaters, wind-jackets and similar articles; knitted or crocheted, other than those of heading no. 6103"
610120,6,6101,XI,"Coats; men's or boys' overcoats, car-coats, capes, anoraks, wind-jackets and similar articles, of cotton, knitted or crocheted (excluding those of heading no. 6103)"
610130,6,6101,XI,"Coats; men's or boys' overcoats, car-coats, capes, anoraks, wind-jackets and similar articles, of man-made fibres, knitted or crocheted, (excluding those of heading no. 6103)"
610190,6,6101,XI,"Coats; men's or boys' overcoats, car-coats, capes, anoraks, wind-jackets and similar articles, of textile materials n.e.c. in heading no. 6101, knitted or crocheted (excluding those of heading no. 6103)"
6102,4,61,XI,"Coats; women's or girls' overcoats, car-coats, capes, cloaks, anoraks, ski-jackets, wind-cheaters, wind-jackets and similar articles, knitted or crocheted, other than those of heading no. 6104"
610210,6,6102,XI,"Coats; women's or girls' overcoats, car-coats, capes, anoraks, wind-jackets and similar articles, of wool or fine animal hair, knitted or crocheted (excluding those of heading no. 6104)"
610220,6,6102,XI,"Coats; women's or girls' overcoats, car-coats, capes, anoraks, wind-jackets and similar articles, of cotton, knitted or crocheted (excluding those of heading no. 6104)"
610230,6,6102,XI,"Coats; women's or girls' overcoats, car-coats, capes, anoraks, wind-jackets and similar articles, of man-made fibres, knitted or crocheted (excluding those of heading no. 6104)"
610290,6,6102,XI,"Coats; women's or girls' overcoats, car-coats, capes, anoraks, wind-jackets and similar articles, of textile materials n.e.c. in heading no. 6102, knitted or crocheted (excluding those of heading no. 6104)"
6103,4,61,XI,"Suits, ensembles, jackets, blazers, trousers, bib and brace overalls, breeches, shorts (not swimwear); men's or boys', knitted or crocheted"
610310,6,6103,XI,"Suits; men's or boys', knitted or crocheted"
610322,6,6103,XI,"Ensembles; men's or boys', of cotton, knitted or crocheted"
610323,6,6103,XI,"Ensembles; men's or boys', of synthetic fibres, knitted or crocheted"
610329,6,6103,XI,"Ensembles; men's or boys', of textile materials (other than cotton or synthetic fibres), knitted or crocheted"
610331,6,6103,XI,"Jackets and blazers; men's or boys', of wool or fine animal hair, knitted or crocheted"
610332,6,6103,XI,"Jackets and blazers; men's or boys', of cotton, knitted or crocheted"
610333,6,6103,XI,"Jackets and blazers; men's or boys', of synthetic fibres, knitted or crocheted"
610339,6,6103,XI,"Jackets and blazers; men's or boys', of textile materials (other than wool or fine animal hair, cotton or synthetic fibres), knitted or crocheted"
610341,6,6103,XI,"Trousers, bib and brace overalls, breeches and shorts; men's or boys', of wool or fine animal hair, knitted or crocheted"
610342,6,6103,XI,"Trousers, bib and brace overalls, breeches and shorts; men's or boys', of cotton, knitted or crocheted"
610343,6,6103,XI,"Trousers, bib and brace overalls, breeches and shorts; men's or boys', of synthetic fibres, knitted or crocheted"
610349,6,6103,XI,"Trousers, bib and brace overalls, breeches and shorts; men's or boys', of textile materials (other than wool or fine animal hair, cotton or synthetic fibres), knitted or crocheted"
6104,4,61,XI,"Suits, ensembles, jackets, dresses, skirts, divided skirts, trousers, bib and brace overalls, breeches and shorts (not swimwear), women's or girls', knitted or crocheted"
610413,6,6104,XI,"Suits; women's or girls', of synthetic fibres, knitted or crocheted"
610419,6,6104,XI,"Suits; women's or girls', of textile materials (other than synthetic fibres), knitted or crocheted"
610422,6,6104,XI,"Ensembles; women's or girls', of cotton, knitted or crocheted"
610423,6,6104,XI,"Ensembles; women's or girls', of synthetic fibres, knitted or crocheted"
610429,6,6104,XI,"Ensembles; women's or girls', of textile materials (other than cotton or synthetic fibres), knitted or crocheted"
610431,6,6104,XI,"Jackets; women's or girls', of wool or fine animal hair, knitted or crocheted"
610432,6,6104,XI,"Jackets; women's or girls', of cotton, knitted or crocheted"
610433,6,6104,XI,"Jackets; women's or girls', of synthetic fibres, knitted or crocheted"
610439,6,6104,XI,"Jackets; women's or girls', of textile materials (other than wool or fine animal hair, cotton or synthetic fibres), knitted or crocheted"
610441,6,6104,XI,"Dresses; women's or girls', of wool or fine animal hair, knitted or crocheted"
610442,6,6104,XI,"Dresses; women's or girls', of cotton, knitted or crocheted"
610443,6,6104,XI,"Dresses; women's or girls', of synthetic fibres, knitted or crocheted"
610444,6,6104,XI,"Dresses; women's or girls', of artificial fibres, knitted or crocheted"
610449,6,6104,XI,"Dresses; women's or girls', of textile materials (other than wool or fine animal hair, cotton, synthetic or artificial fibres), knitted or crocheted"
610451,6,6104,XI,"Skirts and divided skirts; women's or girls', of wool or fine animal hair, knitted or crocheted"
610452,6,6104,XI,"Skirts and divided skirts; women's or girls', of cotton, knitted or crocheted"
610453,6,6104,XI,"Skirts and divided skirts; women's or girls', of synthetic fibres, knitted or crocheted"
610459,6,6104,XI,"Skirts and divided skirts; women's or girls', of textile materials (other than wool or fine animal hair, cotton or synthetic fibres), knitted or crocheted"
610461,6,6104,XI,"Trousers, bib and brace overalls, breeches and shorts; women's or girls', of wool or fine animal hair, knitted or crocheted"
610462,6,6104,XI,"Trousers, bib and brace overalls, breeches and shorts; women's or girls', of cotton, knitted or crocheted"
610463,6,6104,XI,"Trousers, bib and brace overalls, breeches and shorts; women's or girls', of synthetic fibres, knitted or crocheted"
610469,6,6104,XI,"Trousers, bib and brace overalls, breeches and shorts; women's or girls', of textile materials (other than wool or fine animal hair, cotton or synthetic fibres), knitted or crocheted"
6105,4,61,XI,"Shirts; men's or boys', knitted or crocheted"
610510,6,6105,XI,"Shirts; men's or boys', of cotton, knitted or crocheted"
610520,6,6105,XI,"Shirts; men's or boys', of man-made fibres, knitted or crocheted"
610590,6,6105,XI,"Shirts; men's or boys', of textile materials (other than cotton or man-made fibres), knitted or crocheted"
6106,4,61,XI,"Blouses, shirts and shirt-blouses; women's or girls', knitted or crocheted"
610610,6,6106,XI,"Blouses, shirts and shirt-blouses; women's or girls', of cotton, knitted or crocheted"
610620,6,6106,XI,"Blouses, shirts and shirt-blouses; women's or girls', of man-made fibres, knitted or crocheted"
610690,6,6106,XI,"Blouses, shirts and shirt-blouses; women's or girls', of textile materials (other than cotton or man-made fibres), knitted or crocheted"
6107,4,61,XI,"Underpants, briefs, nightshirts, pyjamas, bathrobes, dressing gowns and similar articles; men's or boys', knitted or crocheted"
610711,6,6107,XI,"Underpants and briefs; men's or boys', of cotton, knitted or crocheted"
610712,6,6107,XI,"Underpants and briefs; men's or boys', of man-made fibres, knitted or crocheted"
610719,6,6107,XI,"Underpants and briefs; men's or boys', of textile materials (other than cotton or man-made fibres), knitted or crocheted"
610721,6,6107,XI,"Nightshirts and pyjamas; men's or boys', of cotton, knitted or crocheted"
610722,6,6107,XI,"Nightshirts and pyjamas; men's or boys', of man-made fibres, knitted or crocheted"
610729,6,6107,XI,"Nightshirts and pyjamas; men's or boys', of textile materials (other than cotton or man-made fibres), knitted or crocheted"
610791,6,6107,XI,"Bathrobes, dressing gowns and similar articles; men's or boys', of cotton, knitted or crocheted"
610799,6,6107,XI,"Bathrobes, dressing gowns and similar articles; men's or boys', of textile materials (other than cotton), knitted or crocheted"
6108,4,61,XI,"Slips, petticoats, briefs, panties, nightdresses, pyjamas, negligees, bathrobes, dressing gowns and similar articles; women's or girls', knitted or crocheted"
610811,6,6108,XI,"Slips and petticoats; women's or girls', of man-made fibres, knitted or crocheted"
610819,6,6108,XI,"Slips and petticoats; women's or girls', of textile materials (other than man-made fibres), knitted or crocheted"
610821,6,6108,XI,"Briefs and panties; women's or girls', of cotton, knitted or crocheted"
610822,6,6108,XI,"Briefs and panties; women's or girls', of man-made fibres, knitted or crocheted"
610829,6,6108,XI,"Briefs and panties; women's or girls', of textile materials (other than cotton or man-made fibres), knitted or crocheted"
610831,6,6108,XI,"Nightdresses and pyjamas; women's or girls', of cotton, knitted or crocheted"
610832,6,6108,XI,"Nightdresses and pyjamas; women's or girls', of man-made fibres, knitted or crocheted"
610839,6,6108,XI,"Nightdresses and pyjamas; women's or girls', of textile materials (other than cotton or man-made fibres), knitted or crocheted"
610891,6,6108,XI,"Negligees, bathrobes, dressing gowns and similar articles; women's or girls', of cotton, knitted or crocheted"
610892,6,6108,XI,"Negligees, bathrobes, dressing gowns and similar articles; women's or girls', of man-made fibres, knitted or crocheted"
610899,6,6108,XI,"Negligees, bathrobes, dressing gowns and similar articles; women's or girls', of textile materials (other than cotton or man-made fibres), knitted or crocheted"
6109,4,61,XI,"T-shirts, singlets and other vests; knitted or crocheted"
610910,6,6109,XI,"T-shirts, singlets and other vests; of cotton, knitted or crocheted"
610990,6,6109,XI,"T-shirts, singlets and other vests; of textile materials (other than cotton), knitted or crocheted"
6110,4,61,XI,"Jerseys, pullovers, cardigans, waistcoats and similar articles; knitted or crocheted"
611011,6,6110,XI,"Jerseys, pullovers, cardigans, waistcoats and similar articles; knitted or crocheted, of wool or fine animal hair"
611012,6,6110,XI,"Jerseys, pullovers, cardigans, waistcoats and similar articles; knitted or crocheted, of fibres from kashmir (cashmere) goats"
611019,6,6110,XI,"Jerseys, pullovers, cardigans, waistcoats and similar articles; knitted or crocheted, of fine animal hair other than that of kashmir (cashmere) goats"
611020,6,6110,XI,"Jerseys, pullovers, cardigans, waistcoats and similar articles; of cotton, knitted or crocheted"
611030,6,6110,XI,"Jerseys, pullovers, cardigans, waistcoats and similar articles; of man-made fibres, knitted or crocheted"
611090,6,6110,XI,"Jerseys, pullovers, cardigans, waistcoats and similar articles; of textile materials (other than wool or fine animal hair, cotton or man-made fibres), knitted or crocheted"
6111,4,61,XI,"Garments and clothing accessories, babies'; knitted or crocheted"
611120,6,6111,XI,"Garments and clothing accessories; babies', of cotton, knitted or crocheted"
611130,6,6111,XI,"Garments and clothing accessories; babies', of synthetic fibres, knitted or crocheted"
611190,6,6111,XI,"Garments and clothing accessories; babies', of textile materials (other than cotton or synthetic fibres), knitted or crocheted"
6112,4,61,XI,"Track suits, ski suits and swimwear; knitted or crocheted"
611211,6,6112,XI,"Track suits; of cotton, knitted or crocheted"
611212,6,6112,XI,"Track suits; of synthetic fibres, knitted or crocheted"
611219,6,6112,XI,"Track suits; of textile materials (other than cotton or synthetic fibres), knitted or crocheted"
611220,6,6112,XI,Ski suits; knitted or crocheted
611231,6,6112,XI,"Swimwear; men's or boys', of synthetic fibres, knitted or crocheted"
611239,6,6112,XI,"Swimwear; men's or boys', of textile materials (other than synthetic fibres), knitted or crocheted"
611241,6,6112,XI,"Swimwear; women's or girls', of synthetic fibres, knitted or crocheted"
611249,6,6112,XI,"Swimwear; women's or girls', of textile materials (other than synthetic fibres), knitted or crocheted"
6113,4,61,XI,"Garments made up of knitted or crocheted fabrics of heading no. 5903, 5906 and 5907"
611300,6,6113,XI,"Garments made up of knitted or crocheted fabrics of heading no. 5903, 5906 and 5907"
6114,4,61,XI,"Garments; knitted or crocheted, n.e.c. in chapter 61"
611420,6,6114,XI,"Garments; of cotton, knitted or crocheted, n.e.c. in chapter 61"
611430,6,6114,XI,"Garments; of man-made fibres, knitted or crocheted, n.e.c. in chapter 61"
611490,6,6114,XI,"Garments; of textile materials (other than cotton or man-made fibres), knitted or crocheted, n.e.c. in chapter 61"
6115,4,61,XI,"Hosiery; panty hose, tights, stockings, socks and other hosiery, including graduated compression hosiery (for example, stockings for varicose veins) and footwear without applied soles, knitted or crocheted"
611510,6,6115,XI,"Graduated compression hosiery (for example, stockings for varicose veins), knitted or crocheted"
611521,6,6115,XI,"Hosiery; panty hose and tights (other than graduated compression hosiery), of synthetic fibres, measuring per single yarn less than 67 decitex, knitted or crocheted"
611522,6,6115,XI,"Hosiery; panty hose and tights (other than graduated compression hosiery), of synthetic fibres, measuring per single yarn 67 decitex or more, knitted or crocheted"
611529,6,6115,XI,"Hosiery; panty hose and tights (other than graduated compression hosiery), of textile materials (other than synthetic fibres), knitted or crocheted"
611530,6,6115,XI,"Hosiery; women's, full-length or knee-length (other than graduated compression hosiery), measuring per single yarn less than 67 decitex, knitted or crocheted"
611594,6,6115,XI,"Hosiery and footwear; without applied soles, of wool or fine animal hair, knitted or crocheted (excluding graduated compression hosiery, panty hose, tights, women's full or knee-length hosiery measuring per single yarn less than 67 decitex)"
611595,6,6115,XI,"Hosiery and footwear; without applied soles, of cotton, knitted or crocheted (excluding graduated compression hosiery, panty hose, tights, full or knee-length hosiery measuring per single yarn less than 67 decitex)"
611596,6,6115,XI,"Hosiery and footwear; without applied soles, of synthetic fibres, knitted or crocheted (excluding graduated compression hosiery, panty hose, tights, full or knee-length hosiery measuring per single yarn less than 67 decitex)"
611599,6,6115,XI,"Hosiery and footwear; without applied soles, of textile materials n.e.c. in item no. 6115.9, knitted or crocheted (excluding graduated compression hosiery, panty hose, tights, full or knee-length hosiery measuring per single yarn less than 67 decitex)"
6116,4,61,XI,"Gloves, mittens and mitts; knitted or crocheted"
611610,6,6116,XI,"Gloves, mittens and mitts; knitted or crocheted, impregnated, coated, covered or laminated with plastics or rubber"
611691,6,6116,XI,"Gloves, mittens and mitts; of wool or fine animal hair, knitted or crocheted, (other than impregnated, coated, covered or laminated with plastics or rubber)"
611692,6,6116,XI,"Gloves, mittens and mitts; of cotton, knitted or crocheted, (other than impregnated, coated, covered or laminated with plastics or rubber)"
611693,6,6116,XI,"Gloves, mittens and mitts; of synthetic fibres, knitted or crocheted, (other than impregnated, coated, covered or laminated with plastics or rubber)"
611699,6,6116,XI,"Gloves, mittens and mitts; of textile materials (other than wool or fine animal hair, cotton or synthetic fibres), knitted or crocheted, (other than impregnated, coated, covered or laminated with plastics or rubber)"
6117,4,61,XI,"Clothing accessories; made up, knitted or crocheted, knitted or crocheted parts of garments or of clothing accessories"
611710,6,6117,XI,"Shawls, scarves, mufflers, mantillas, veils and the like; knitted or crocheted"
611780,6,6117,XI,"Clothing accessories; knitted or crocheted, n.e.c. in heading no. 6117"
611790,6,6117,XI,"Clothing; parts, knitted or crocheted"
62,2,TOTAL,XI,Apparel and clothing accessories; not knitted or crocheted
6201,4,62,XI,"Overcoats, car-coats, capes, cloaks, anoraks (including ski-jackets), wind-cheaters, wind-jackets and similar articles, men's or boys', other than those of heading no. 6203 (not knitted or crocheted)"
620120,6,6201,XI,"Coats; men's or boys', overcoats, raincoats, car-coats, capes, cloaks, anoraks (including ski-jackets) and similar articles, of wool or fine animal hair, other than those of heading no. 6203 (not knitted or crocheted)"
620130,6,6201,XI,"Coats; men's or boys', overcoats, raincoats, car-coats, capes, cloaks, anoraks (including ski-jackets) and similar articles, of cotton, other than those of heading no. 6203 (not knitted or crocheted)"
620140,6,6201,XI,"Coats; men's or boys', overcoats, raincoats, car-coats, capes, cloaks, anoraks (including ski-jackets) and similar articles, of man-made fibres, other than those of heading no. 6203 (not knitted or crocheted)"
620190,6,6201,XI,"Coats; men's or boys', overcoats, rain-coats, car-coats, capes, cloaks and similar, of textile materials (other than wool, fine animal hair, cotton or man-made fibres), other than those of heading no. 6203 (not knitted or crocheted)"
6202,4,62,XI,"Coats; women's or girls' overcoats, carcoats, capes, cloaks, anoraks (including ski-jackets), wind-cheaters, wind-jackets and similar articles, other than those of heading no. 6204 (not knitted or crocheted)"
620220,6,6202,XI,"Coats; women's or girls', overcoats, raincoats, car-coats, capes, cloaks anoraks (including ski-jackets) and similar articles, of wool or fine animal hair, other than those of heading no. 6204 (not knitted or crocheted)"
620230,6,6202,XI,"Coats; women's or girls', overcoats, raincoats, car-coats, capes, cloaks anoraks (including ski-jackets) and similar articles, of cotton, other than those of heading no. 6204 (not knitted or crocheted)"
620240,6,6202,XI,"Coats; women's or girls', overcoats, raincoats, car-coats, capes, cloaks anoraks (including ski-jackets) and similar articles, of man-made fibres, other than those of heading no. 6204 (not knitted or crocheted)"
620290,6,6202,XI,"Coats; women's or girls', overcoats, raincoats, car-coats, capes, cloaks and similar articles, of textile materials (other than wool, fine animal hair, cotton or man-made fibres), other than those of heading no. 6204 (not knitted or crocheted)"
6203,4,62,XI,"Suits, ensembles, jackets, blazers, trousers, bib and brace overalls, breeches and shorts (other than swimwear); men's or boys' (not knitted or crocheted)"
620311,6,6203,XI,"Suits; men's or boys', of wool or fine animal hair (not knitted or crocheted)"
620312,6,6203,XI,"Suits; men's or boys', of synthetic fibres (not knitted or crocheted)"
620319,6,6203,XI,"Suits; men's or boys', of textile materials n.e.c. in item no. 6203.1 (not knitted or crocheted)"
620322,6,6203,XI,"Ensembles; men's or boys', of cotton (not knitted or crocheted)"
620323,6,6203,XI,"Ensembles; men's or boys', of synthetic fibres (not knitted or crocheted)"
620329,6,6203,XI,"Ensembles; men's or boys', of textile materials n.e.c. in item no. 6203.2 (not knitted or crocheted)"
620331,6,6203,XI,"Jackets and blazers; men's or boys', of wool or fine animal hair (not knitted or crocheted)"
620332,6,6203,XI,"Jackets and blazers; men's or boys', of cotton (not knitted or crocheted)"
620333,6,6203,XI,"Jackets and blazers; men's or boys', of synthetic fibres (not knitted or crocheted)"
620339,6,6203,XI,"Jackets and blazers; men's or boys', of textile materials n.e.c. in item no. 6203.3 (not knitted or crocheted)"
620341,6,6203,XI,"Trousers, bib and brace overalls, breeches and shorts; men's or boys', of wool or fine animal hair (not knitted or crocheted)"
620342,6,6203,XI,"Trousers, bib and brace overalls, breeches and shorts; men's or boys', of cotton (not knitted or crocheted)"
620343,6,6203,XI,"Trousers, bib and brace overalls, breeches and shorts; men's or boys', of synthetic fibres (not knitted or crocheted)"
620349,6,6203,XI,"Trousers, bib and brace overalls, breeches and shorts; men's or boys', of textile materials (other than wool, fine animal hair, cotton or synthetic fibres), (not knitted or crocheted)"
6204,4,62,XI,"Suits, ensembles, jackets, dresses, skirts, divided skirts, trousers, bib and brace overalls, breeches and shorts (other than swimwear); women's or girls' (not knitted or crocheted)"
620411,6,6204,XI,"Suits; women's or girls', of wool or fine animal hair (not knitted or crocheted)"
620412,6,6204,XI,"Suits; women's or girls', of cotton (not knitted or crocheted)"
620413,6,6204,XI,"Suits; women's or girls', of synthetic fibres (not knitted or crocheted)"
620419,6,6204,XI,"Suits; women's or girls', of textile materials n.e.c. in item no. 6204.1 (not knitted or crocheted)"
620421,6,6204,XI,"Ensembles; women's or girls', of wool or fine animal hair (not knitted or crocheted)"
620422,6,6204,XI,"Ensembles; women's or girls', of cotton (not knitted or crocheted)"
620423,6,6204,XI,"Ensembles; women's or girls', of synthetic fibres (not knitted or crocheted)"
620429,6,6204,XI,"Ensembles; women's or girls', of textile materials n.e.c. in item no. 6204.2 (not knitted or crocheted)"
620431,6,6204,XI,"Jackets and blazers; women's or girls', of wool or fine animal hair (not knitted or crocheted)"
620432,6,6204,XI,"Jackets and blazers; women's or girls', of cotton (not knitted or crocheted)"
620433,6,6204,XI,"Jackets and blazers; women's or girls', of synthetic fibres (not knitted or crocheted)"
620439,6,6204,XI,"Jackets and blazers; women's or girls', of textile materials n.e.c. in item no. 6204.3 (not knitted or crocheted)"
620441,6,6204,XI,"Dresses; women's or girls', of wool or fine animal hair (not knitted or crocheted)"
620442,6,6204,XI,"Dresses; women's or girls', of cotton (not knitted or crocheted)"
620443,6,6204,XI,"Dresses; women's or girls', of synthetic fibres (not knitted or crocheted)"
620444,6,6204,XI,"Dresses; women's or girls', of artificial fibres (not knitted or crocheted)"
620449,6,6204,XI,"Dresses; women's or girls', of textile materials n.e.c. in item no. 6204.4 (not knitted or crocheted)"
620451,6,6204,XI,"Skirts and divided skirts; women's or girls', of wool or fine animal hair (not knitted or crocheted)"
620452,6,6204,XI,"Skirts and divided skirts; women's or girls', of cotton (not knitted or crocheted)"
620453,6,6204,XI,"Skirts and divided skirts; women's or girls', of synthetic fibres (not knitted or crocheted)"
620459,6,6204,XI,"Skirts and divided skirts; women's or girls', of textile materials n.e.c. in item no. 6204.5 (not knitted or crocheted)"
620461,6,6204,XI,"Trousers, bib and brace overalls, breeches and shorts; women's or girls', of wool or fine animal hair (not knitted or crocheted)"
620462,6,6204,XI,"Trousers, bib and brace overalls, breeches and shorts; women's or girls', of cotton (not knitted or crocheted)"
620463,6,6204,XI,"Trousers, bib and brace overalls, breeches and shorts; women's or girls', of synthetic fibres (not knitted or crocheted)"
620469,6,6204,XI,"Trousers, bib and brace overalls, breeches and shorts; women's or girls', of textile materials (other than wool, fine animal hair, cotton or synthetic fibres), (not knitted or crocheted)"
6205,4,62,XI,Shirts; men's or boys' (not knitted or crocheted)
620520,6,6205,XI,"Shirts; men's or boys', of cotton (not knitted or crocheted)"
620530,6,6205,XI,"Shirts; men's or boys', of man-made fibres (not knitted or crocheted)"
620590,6,6205,XI,"Shirts; men's or boys', of textile materials n.e.c. in heading no. 6205 (not knitted or crocheted)"
6206,4,62,XI,"Blouses, shirts and shirt-blouses; women's or girls' (not knitted or crocheted)"
620610,6,6206,XI,"Blouses, shirts and shirt-blouses; women's or girls', of silk or silk waste (not knitted or crocheted)"
620620,6,6206,XI,"Blouses, shirts and shirt-blouses; women's or girls', of wool or fine animal hair (not knitted or crocheted)"
620630,6,6206,XI,"Blouses, shirts and shirt-blouses; women's or girls', of cotton (not knitted or crocheted)"
620640,6,6206,XI,"Blouses, shirts and shirt-blouses; women's or girls', of man-made fibres (not knitted or crocheted)"
620690,6,6206,XI,"Blouses, shirts and shirt-blouses; women's or girls', of textile materials n.e.c. in heading no. 6206 (not knitted or crocheted)"
6207,4,62,XI,"Singlets and other vests, underpants, briefs, night-shirts, pyjamas, bathrobes, dressing gowns and similar articles; men's or boys' (not knitted or crocheted)"
620711,6,6207,XI,"Underpants and briefs; men's or boys', of cotton (not knitted or crocheted)"
620719,6,6207,XI,"Underpants and briefs; men's or boys', of textile materials other than cotton (not knitted or crocheted)"
620721,6,6207,XI,"Nightshirts and pyjamas; men's or boys', of cotton (not knitted or crocheted)"
620722,6,6207,XI,"Nightshirts and pyjamas; men's or boys', of man-made fibres (not knitted or crocheted)"
620729,6,6207,XI,"Nightshirts and pyjamas; men's or boys', of textile materials other than cotton or man-made fibres (not knitted or crocheted)"
620791,6,6207,XI,"Singlets and other vests, bathrobes, dressing gowns and similar articles; men's or boys', of cotton (not knitted or crocheted)"
620799,6,6207,XI,"Singlets and other vests, bathrobes, dressing gowns and similar articles; men's or boys', of textile materials other than cotton (not knitted or crocheted)"
6208,4,62,XI,"Singlets and other vests, slips, petticoats, briefs, panties, nightdresses, pyjamas, negligees, bathrobes, dressing gowns and similar articles; women's or girls' (not knitted or crocheted)"
620811,6,6208,XI,"Slips and petticoats; women's or girls', of man-made fibres (not knitted or crocheted)"
620819,6,6208,XI,"Slips and petticoats; women's or girls', of textile materials other than man-made fibres (not knitted or crocheted)"
620821,6,6208,XI,"Nightdresses and pyjamas; women's or girls', of cotton (not knitted or crocheted)"
620822,6,6208,XI,"Nightdresses and pyjamas; women's or girls', of man-made fibres (not knitted or crocheted)"
620829,6,6208,XI,"Nightdresses and pyjamas; women's or girls', of textile materials other than cotton or man-made fibres (not knitted or crocheted)"
620891,6,6208,XI,"Singlets and other vests, briefs, panties, negligees, bathrobes, dressing gowns and similar articles; women's or girls', of cotton (not knitted or crocheted)"
620892,6,6208,XI,"Singlets and other vests, briefs, panties, negligees, bathrobes, dressing gowns etc.; women's or girls', of man-made fibres (not knitted or crocheted), excluding incontinence or other sanitary garments or garment liners of heading no. 96.19"
620899,6,6208,XI,"Singlets and other vests, briefs, panties, negligees, bathrobes, dressing gowns and similar articles; women's or girls', of textile materials other than cotton or man-made fibres (not knitted or crocheted)"
6209,4,62,XI,Garments and clothing accessories; babies' (not knitted or crocheted)
620920,6,6209,XI,"Garments and clothing accessories; babies', of cotton (not knitted or crocheted)"
620930,6,6209,XI,"Garments and clothing accessories; babies', of synthetic fibres (not knitted or crocheted)"
620990,6,6209,XI,"Garments and clothing accessories; babies', of textile materials other than cotton or synthetic fibres (not knitted or crocheted)"
6210,4,62,XI,"Garments made up of fabrics of heading no. 5602, 5603, 5903, 5906 or 5907 (not knitted or crocheted)"
621010,6,6210,XI,Garments; of felt or non-wovens (not knitted or crocheted)
621020,6,6210,XI,"Garments; overcoats, raincoats, car-coats, capes, cloaks, anoraks (including ski-jackets) and similar articles, men's or boys', of the fabrics of heading no. 5602, 5603, 5903, 5906 or 5907 (not knitted or crocheted)"
621030,6,6210,XI,"Garments; overcoats, raincoats, car-coats, capes, cloaks, anoraks (including ski-jackets) and similar articles, women's or girls', of the fabrics of heading no. 5602, 5603, 5903, 5906 or 5907 (not knitted or crocheted)"
621040,6,6210,XI,"Garments; men's or boys', n.e.c. in item no. 6210.2, of the fabrics of heading no. 5602, 5603, 5903, 5906 or 5907 (not knitted or crocheted)"
621050,6,6210,XI,"Garments; women's or girls', n.e.c. in item no. 6210.3, of the fabrics of heading no. 5602, 5603, 5903, 5906 or 5907 (not knitted or crocheted)"
6211,4,62,XI,"Track suits, swimwear and other garments (not knitted or crocheted)"
621111,6,6211,XI,"Swimwear; men's or boys', (not knitted or crocheted)"
621112,6,6211,XI,"Swimwear; women's or girls', (not knitted or crocheted)"
621120,6,6211,XI,Ski suits; (not knitted or crocheted)
621132,6,6211,XI,"Track suits and other garments n.e.c.; men's or boys', of cotton (not knitted or crocheted)"
621133,6,6211,XI,"Track suits and other garments n.e.c.; men's or boys', of man-made fibres (not knitted or crocheted)"
621139,6,6211,XI,"Track suits and other garments n.e.c.; men's or boys', of textile materials n.e.c. in item no. 6211.3 (not knitted or crocheted)"
621142,6,6211,XI,"Track suits and other garments n.e.c.; women's or girls', of cotton (not knitted or crocheted)"
621143,6,6211,XI,"Track suits and other garments n.e.c.; women's or girls', of man-made fibres (not knitted or crocheted)"
621149,6,6211,XI,"Track suits and other garments n.e.c.; women's or girls', of textile materials n.e.c. in item no. 6211.4 (not knitted or crocheted)"
6212,4,62,XI,"Brassieres, girdles, corsets, braces, suspenders, garters and similar articles and parts thereof; whether or not knitted or crocheted"
621210,6,6212,XI,Brassieres; whether or not knitted or crocheted
621220,6,6212,XI,Girdles and panty-girdles; whether or not knitted or crocheted
621230,6,6212,XI,Corselettes; whether or not knitted or crocheted
621290,6,6212,XI,"Braces, suspenders, garters and similar articles; whether or not knitted or crocheted, n.e.c. in heading no. 6212"
6213,4,62,XI,Handkerchiefs (not knitted or crocheted)
621320,6,6213,XI,Handkerchiefs; of cotton (not knitted or crocheted)
621390,6,6213,XI,Handkerchiefs; of textile materials other than cotton (not knitted or crocheted)
6214,4,62,XI,"Shawls, scarves, mufflers, mantillas, veils and the like (not knitted or crocheted)"
621410,6,6214,XI,"Shawls, scarves, mufflers, mantillas, veils and the like; of silk or silk waste (not knitted or crocheted)"
621420,6,6214,XI,"Shawls, scarves, mufflers, mantillas, veils and the like; of wool or fine animal hair (not knitted or crocheted)"
621430,6,6214,XI,"Shawls, scarves, mufflers, mantillas, veils and the like; of synthetic fibres (not knitted or crocheted)"
621440,6,6214,XI,"Shawls, scarves, mufflers, mantillas, veils and the like; of artificial fibres (not knitted or crocheted)"
621490,6,6214,XI,"Shawls, scarves, mufflers, mantillas, veils and the like; of textile materials n.e.c. in heading no. 6214 (not knitted or crocheted)"
6215,4,62,XI,"Ties, bow ties and cravats (not knitted or crocheted)"
621510,6,6215,XI,"Ties, bow ties and cravats; of silk or silk waste (not knitted or crocheted)"
621520,6,6215,XI,"Ties, bow ties and cravats; of man-made fibres (not knitted or crocheted)"
621590,6,6215,XI,"Ties, bow ties and cravats; of textile materials other than silk or man-made fibres (not knitted or crocheted)"
6216,4,62,XI,"Gloves, mittens and mitts (not knitted or crocheted)"
621600,6,6216,XI,"Gloves, mittens and mitts (not knitted or crocheted)"
6217,4,62,XI,Clothing accessories n.e.c.; parts of garments or accessories other than those of heading no. 6212 (not knitted or crocheted)
621710,6,6217,XI,Clothing accessories; other than those of heading no. 6212 (not knitted or crocheted)
621790,6,6217,XI,"Clothing; parts of garments or of clothing accessories, other than those of heading no. 6212 (not knitted or crocheted)"
63,2,TOTAL,XI,"Textiles, made up articles; sets; worn clothing and worn textile articles; rags"
6301,4,63,XI,Blankets and travelling rugs
630110,6,6301,XI,Blankets; electric
630120,6,6301,XI,Blankets (other than electric blankets) and travelling rugs; of wool or of fine animal hair
630130,6,6301,XI,Blankets (other than electric blankets) and travelling rugs; of cotton
630140,6,6301,XI,Blankets (other than electric blankets) and travelling rugs; of synthetic fibres
630190,6,6301,XI,Blankets and travelling rugs; n.e.c. in heading no. 6301
6302,4,63,XI,"Bed linen, table linen, toilet linen and kitchen linen"
630210,6,6302,XI,Bed linen; knitted or crocheted
630221,6,6302,XI,"Bed linen; of cotton, printed, not knitted or crocheted"
630222,6,6302,XI,"Bed linen; of man-made fibres, printed, not knitted or crocheted"
630229,6,6302,XI,"Bed linen; of textile materials (other than cotton or man-made fibres), printed, not knitted or crocheted"
630231,6,6302,XI,"Bed linen; of cotton (not printed, knitted or crocheted)"
630232,6,6302,XI,"Bed linen; of man-made fibres (not printed, knitted or crocheted)"
630239,6,6302,XI,"Bed linen; of textile materials other than cotton or man-made fibres (not printed, knitted or crocheted)"
630240,6,6302,XI,Table linen; knitted or crocheted
630251,6,6302,XI,"Table linen; of cotton, not knitted or crocheted"
630253,6,6302,XI,"Table linen; of man-made fibres, not knitted or crocheted"
630259,6,6302,XI,"Table linen; of textile materials (other than cotton or man-made fibres), not knitted or crocheted"
630260,6,6302,XI,"Kitchen and toilet linen; of terry towelling or similar terry fabrics, of cotton"
630291,6,6302,XI,"Toilet and kitchen linen; of cotton, excluding terry towelling or similar terry fabrics"
630293,6,6302,XI,Toilet and kitchen linen; of man-made fibres
630299,6,6302,XI,Toilet and kitchen linen; of textile materials (other than cotton or man-made fibres)
6303,4,63,XI,Curtains (including drapes) and interior blinds; curtain or bed valances
630312,6,6303,XI,"Curtains (including drapes) and interior blinds; curtain or bed valances, knitted or crocheted, of synthetic fibres"
630319,6,6303,XI,"Curtains (including drapes) and interior blinds; curtain or bed valances, knitted or crocheted, of textile materials other than synthetic fibres"
630391,6,6303,XI,"Curtains (including drapes) and interior blinds, curtain or bed valances; of cotton, not knitted or crocheted"
630392,6,6303,XI,"Curtains (including drapes) and interior blinds, curtain or bed valances; of synthetic fibres, not knitted or crocheted"
630399,6,6303,XI,"Curtains (including drapes) and interior blinds, curtain or bed valances; of textile materials other than cotton or synthetic fibres, not knitted or crocheted"
6304,4,63,XI,Furnishing articles; excluding those of heading no. 9404
630411,6,6304,XI,Bedspreads; knitted or crocheted
630419,6,6304,XI,Bedspreads; not knitted or crocheted
630420,6,6304,XI,"Furnishing articles; excluding those of heading no. 9404, bed nets, specified in Subheading Note 1 to this Chapter"
630491,6,6304,XI,"Furnishing articles; excluding those of heading no. 9404, n.e.c. in heading 6304, knitted or crocheted"
630492,6,6304,XI,"Furnishing articles; of cotton, not knitted or crocheted (excluding bedspreads and articles of heading no. 9404)"
630493,6,6304,XI,"Furnishing articles; of synthetic fibres, not knitted or crocheted (excluding bedspreads and articles of heading no. 9404)"
630499,6,6304,XI,"Furnishing articles; of textile materials other than cotton or synthetic fibres, not knitted or crocheted (excluding bedspreads and articles of heading no. 9404)"
6305,4,63,XI,"Sacks and bags, of a kind used for the packing of goods"
630510,6,6305,XI,"Sacks and bags; of a kind used for the packing of goods, of jute or of other textile bast fibres of heading no. 5303"
630520,6,6305,XI,"Sacks and bags; of a kind used for the packing of goods, of cotton"
630532,6,6305,XI,"Sacks and bags; of a kind used for the packing of goods, of man-made textile materials, flexible intermediate bulk containers"
630533,6,6305,XI,"Sacks and bags; of a kind used for the packing of goods, of man-made textile materials, of polyethylene or polypropylene strip or the like, not flexible intermediate bulk containers"
630539,6,6305,XI,"Sacks and bags; of a kind used for the packing of goods, of man-made textile materials, not of polyethylene or polypropylene strip or the like, not flexible intermediate bulk containers"
630590,6,6305,XI,"Sacks and bags; of a kind used for the packing of goods, of textile materials (other than jute, cotton or man-made textile materials)"
6306,4,63,XI,"Tarpaulins, awnings and sunblinds; tents (including temporary canopies and similar articles); sails for boats, sailboards or landcraft; camping goods"
630612,6,6306,XI,"Tarpaulins, awnings and sunblinds; of synthetic fibres"
630619,6,6306,XI,"Tarpaulins, awnings and sunblinds; of textile materials other than synthetic fibres"
630622,6,6306,XI,Tents (including temporary canopies and similar articles); of synthetic fibres
630629,6,6306,XI,Tents (including temporary canopies and similar articles); of textile materials other than synthetic fibres
630630,6,6306,XI,"Sails; for boats, sailboards or landcraft"
630640,6,6306,XI,Camping goods; pneumatic mattresses
630690,6,6306,XI,"Camping goods; (of textile materials), n.e.c in heading no. 6306"
6307,4,63,XI,"Textiles; made up articles n.e.c. in chapter 63, including dress patterns"
630710,6,6307,XI,"Cloths; floor cloths, dish-cloths, dusters and similar cleaning cloths"
630720,6,6307,XI,Life-jackets and life-belts
630790,6,6307,XI,"Textiles; made up articles (including dress patterns), n.e.c. in chapter 63, n.e.c. in heading no. 6307"
6308,4,63,XI,"Textiles; sets of woven fabric and yarn, with or without accessories, for making into rugs, tapestries, embroidered tablecloths, serviettes and similar textile articles, in packings for retail sale"
630800,6,6308,XI,"Fabrics, woven and yarn; in sets, whether or not with accessories, for making up into rugs, tapestries, embroidered table cloths or serviettes or similar textile articles, packaged for retail sale"
6309,4,63,XI,Textiles; worn clothing and other worn articles
630900,6,6309,XI,"Clothing; worn, and other worn articles"
6310,4,63,XI,"Rags; used or new, scrap twine, cordage, rope and cables and worn out articles of twine, cordage, rope or cables, of textile materials"
631010,6,6310,XI,"Rags; used or new, scrap twine, cordage, rope and cables and worn out articles of twine, cordage, rope or cables, of textile materials; sorted"
631090,6,6310,XI,"Rags; used or new, scrap twine, cordage, rope and cables and worn out articles of twine, cordage, rope or cables, of textile materials; other than sorted"
64,2,TOTAL,XII,Footwear; gaiters and the like; parts of such articles
6401,4,64,XII,"Footwear; waterproof, with outer soles and uppers of rubber or plastics, (uppers not fixed to the sole nor assembled by stitch, rivet, nail, screw, plug or similar)"
640110,6,6401,XII,"Footwear; waterproof with metal toe-cap, rubber or plastic outer soles and uppers (not assembled by stitch, rivet, nail, screw, plug or similar)"
640192,6,6401,XII,"Footwear; waterproof, covering the ankle (but not the knee), rubber or plastic outer soles and uppers (not assembled by stitch, rivet, nail, screw, plug or similar)"
640199,6,6401,XII,"Footwear; waterproof, n.e.c. in heading no. 6401, rubber or plastic outer soles and uppers (not assembled by stitch, rivet, nail, screw, plug or similar)"
6402,4,64,XII,Footwear; with outer soles and uppers of rubber or plastics (excluding waterproof footwear)
640212,6,6402,XII,"Sports footwear; with outer soles and uppers of rubber or plastics, ski-boots, cross-country ski footwear and snowboard boots"
640219,6,6402,XII,"Sports footwear; (other than ski-boots, snowboard boots or cross-country ski footwear), with outer soles and uppers of rubber or plastics"
640220,6,6402,XII,"Footwear; with outer soles and uppers of rubber or plastics, upper straps or thongs assembled to the sole by plugs"
640291,6,6402,XII,"Footwear; n.e.c. in heading no. 6402, covering the ankle, with outer soles and uppers of rubber or plastics"
640299,6,6402,XII,"Footwear; n.e.c. in heading no. 6402, (other than just covering the ankle), with outer soles and uppers of rubber or plastics"
6403,4,64,XII,"Footwear; with outer soles of rubber, plastics, leather or composition leather and uppers of leather"
640312,6,6403,XII,"Sports footwear; with outer soles of rubber, plastics, leather or composition leather and uppers of leather, ski-boots, snowboard boots and cross-country ski footwear"
640319,6,6403,XII,"Sports footwear; (other than ski-boots, snowboard boots or cross-country ski footwear), with outer soles of rubber, plastics, leather or composition leather and uppers of leather"
640320,6,6403,XII,"Footwear; with outer soles of leather, uppers consisting of leather straps across instep and around the big toe"
640340,6,6403,XII,"Footwear; with metal toe-cap, outer soles of rubber, plastics, leather or composition leather, uppers of leather"
640351,6,6403,XII,"Footwear; n.e.c. in heading no. 6403, with outer soles and uppers of leather, covering the ankle"
640359,6,6403,XII,"Footwear; n.e.c. in heading no. 6403, (not covering the ankle), outer soles and uppers of leather"
640391,6,6403,XII,"Footwear; n.e.c. in heading no. 6403, covering the ankle, outer soles of rubber, plastics or composition leather, uppers of leather"
640399,6,6403,XII,"Footwear; n.e.c. in heading no. 6403, (not covering the ankle), outer soles of rubber, plastics or composition leather, uppers of leather"
6404,4,64,XII,"Footwear; with outer soles of rubber, plastics, leather or composition leather and uppers of textile materials"
640411,6,6404,XII,"Sports footwear; tennis shoes, basketball shoes, gym shoes, training shoes and the like, with outer soles of rubber or plastics and uppers of textile materials"
640419,6,6404,XII,"Footwear; (other than sportswear), with outer soles of rubber or plastics and uppers of textile materials"
640420,6,6404,XII,"Footwear; outer soles of leather or composition leather, uppers of textile materials"
6405,4,64,XII,Footwear; other footwear n.e.c. in chapter 64
640510,6,6405,XII,"Footwear; with uppers of leather or composition leather, n.e.c. in chapter 64"
640520,6,6405,XII,"Footwear; with uppers of textile materials, n.e.c. in chapter 64"
640590,6,6405,XII,Footwear; n.e.c. in chapter 64
6406,4,64,XII,"Footwear; parts of footwear; removable in-soles, heel cushions and similar articles; gaiters, le.g.ings and similar articles, and parts thereof"
640610,6,6406,XII,"Footwear; parts, uppers and parts thereof, other than stiffeners"
640620,6,6406,XII,"Footwear; parts, outer soles and heels, of rubber or plastics"
640690,6,6406,XII,"Footwear; parts, n.e.c. in heading 6406"
65,2,TOTAL,XII,Headgear and parts thereof
6501,4,65,XII,"Hat-forms, hat bodies and hoods of felt, neither blocked to shape nor with made brims; plateaux and manchons (including slit manchons) of felt"
650100,6,6501,XII,"Hat-forms, hat bodies and hoods of felt, neither blocked to shape nor with made brims; plateaux and manchons (including slit manchons) of felt"
6502,4,65,XII,"Hat-shapes; plaited or made by assembling strips of any material, neither blocked to shape, nor with made brims, nor lined, nor trimmed"
650200,6,6502,XII,"Hat-shapes; plaited or made by assembling strips of any material, neither blocked to shape, nor with made brims, nor lined, nor trimmed"
6504,4,65,XII,"Hats and other headgear; plaited or made by assembling strips of any material, whether or not lined or trimmed"
650400,6,6504,XII,"Hats and other headgear; plaited or made by assembling strips of any material, whether or not lined or trimmed"
6505,4,65,XII,"Hats and other headgear; knitted or crocheted, or made up from lace, felt or other textile fabric, in the piece (but not in strips), whether or not lined or trimmed; hair-nets of any material, whether or not lined or trimmed"
650500,6,6505,XII,"Hats and other headgear; knitted or crocheted, or made up from lace, felt or other textile fabric, in the piece (but not in strips), whether or not lined or trimmed; hair-nets of any material, whether or not lined or trimmed"
6506,4,65,XII,"Headgear; n.e.c. in chapter 65, whether or not lined or trimmed"
650610,6,6506,XII,"Headgear; safety, whether or not lined or trimmed"
650691,6,6506,XII,"Headgear; (other than safety headgear), of rubber or plastics, whether or not lined or trimmed"
650699,6,6506,XII,"Headgear; (other than safety headgear), (of materials other than rubber or plastic), whether or not lined or trimmed"
6507,4,65,XII,"Head-bands, linings, covers, hat foundations, hat frames, peaks and chinstraps, for headgear"
650700,6,6507,XII,"Head-bands, linings, covers, hat foundations, hat frames, peaks and chinstraps; for headgear"
66,2,TOTAL,XII,"Umbrellas, sun umbrellas, walking-sticks, seat sticks, whips, riding crops; and parts thereof"
6601,4,66,XII,"Umbrellas; sun umbrellas (including walking stick umbrellas, garden umbrellas and similar umbrellas)"
660110,6,6601,XII,Umbrellas and sun umbrellas; garden or similar umbrellas
660191,6,6601,XII,"Umbrellas and sun umbrellas; having a telescopic shaft, (excluding garden or similar umbrellas)"
660199,6,6601,XII,Umbrellas and sun umbrellas; n.e.c. in heading no. 6601 (including walking stick umbrellas)
6602,4,66,XII,"Walking-sticks, seat-sticks, whips, riding-crops and the like"
660200,6,6602,XII,"Walking-sticks, seat-sticks, whips, riding-crops and the like"
6603,4,66,XII,"Trimmings, parts and accessories of articles of heading no. 6601 or 6602"
660320,6,6603,XII,Umbrella frames; including frames mounted on shafts (sticks)
660390,6,6603,XII,"Trimmings, accessories and parts of articles of heading no. 6601 or 6602; n.e.c. in heading no. 6603"
67,2,TOTAL,XII,"Feathers and down, prepared; and articles made of feather or of down; artificial flowers; articles of human hair"
6701,4,67,XII,"Skin and other parts of birds with their feather or down; feathers, parts of feather, down and articles thereof (other than goods of heading no. 0505 and worked quills and scapes)"
670100,6,6701,XII,"Skins and other parts of birds with their feathers or down; feathers, parts of feathers, down and articles thereof (other than goods of heading no. 0505 and worked quills and scapes)"
6702,4,67,XII,"Flowers, foliage and fruit, artificial, and parts thereof; articles made of artificial flowers, foliage or fruit"
670210,6,6702,XII,"Flowers, foliage and fruit, artificial, and parts thereof; articles made of artificial flowers, foliage or fruit, of plastics"
670290,6,6702,XII,"Flowers, foliage and fruit, artificial, and parts thereof; articles made of artificial flowers, foliage or fruit, of materials other than plastics"
6703,4,67,XII,"Human hair, dressed, thinned, bleached or otherwise worked; wool or other animal hair or other textile materials, prepared for use in making wigs or the like"
670300,6,6703,XII,"Human hair, dressed, thinned, bleached or otherwise worked; wool or other animal hair or other textile materials, prepared for use in making wigs or the like"
6704,4,67,XII,"Wigs, false beards, eyebrows and eyelashes, switches and the like, of human or animal hair or of textile materials; articles of human hair, n.e.c. or included"
670411,6,6704,XII,"Wigs; complete, of synthetic textile materials"
670419,6,6704,XII,"False beards, eyebrows and eyelashes, switches and the like; of synthetic textile materials"
670420,6,6704,XII,"Wigs, false beards, eyebrows and eyelashes, switches and the like and other articles n.e.c.; of human hair"
670490,6,6704,XII,"Wigs, false beards, eyebrows and eyelashes, switches and the like and other articles n.e.c.; of animal hair or of textile materials other than synthetic"
68,2,TOTAL,XIII,"Stone, plaster, cement, asbestos, mica or similar materials; articles thereof"
6801,4,68,XIII,"Stone; setts, curbstones and flagstones, of natural stone (except slate)"
680100,6,6801,XIII,"Stone; setts, curbstones and flagstones, of natural stone (except slate)"
6802,4,68,XIII,"Monumental or building stone, worked (except slate) and articles thereof (not of heading no. 6801) mosaic cubes etc., of natural stone including slate; artificially coloured granules of natural stone"
680210,6,6802,XIII,"Tiles, cubes and similar articles; whether or not rectangular (including square), largest face of which is capable of being enclosed in square, side less than 7cm, coloured granules, chippings, powder"
680221,6,6802,XIII,"Marble, travertine and alabaster; simply cut or sawn, with a flat or even surface"
680223,6,6802,XIII,"Granite; articles thereof, simply cut or sawn, with a flat or even surface"
680229,6,6802,XIII,"Stone; monumental or building stone, n.e.c. in item no. 6802.2, articles thereof, simply cut or sawn, with a flat or even surface"
680291,6,6802,XIII,"Marble, travertine and alabaster; articles thereof, (other than simply cut or sawn, with a flat or even surface)"
680292,6,6802,XIII,"Stone; calcareous (excluding marble, travertine, alabaster) articles thereof, (other than simply cut or sawn, with a flat or even surface)"
680293,6,6802,XIII,"Granite; articles thereof, (other than simply cut or sawn, with a flat or even surface)"
680299,6,6802,XIII,"Stone; natural (excluding marble, travertine, alabaster, other calcareous stone or granite), monumental or building stone, (other than simply cut or sawn, with a flat or even surface)"
6803,4,68,XIII,"Slate, worked; and articles of slate or of agglomerated slate"
680300,6,6803,XIII,"Slate, worked; and articles of slate or of agglomerated slate"
6804,4,68,XIII,"Millstones, grindstones, grinding wheels, etc without frameworks, for grinding, sharpening, polishing, etc and parts thereof, natural stone, agglomerated natural or artificial abrasives or of ceramics"
680410,6,6804,XIII,"Millstones and grindstones; for milling, grinding or pulping"
680421,6,6804,XIII,"Millstones, grindstones, grinding wheels and the like; of agglomerated synthetic or natural diamond"
680422,6,6804,XIII,"Millstones, grindstones, grinding wheels and the like; of other agglomerated abrasives or of ceramics"
680423,6,6804,XIII,"Millstones, grindstones, grinding wheels and the like; of natural stone"
680430,6,6804,XIII,"Stones; hand sharpening or polishing stones, of natural stone, agglomerated natural or artificial abrasives or ceramics, with or without parts of other materials"
6805,4,68,XIII,"Abrasive powder or grain; natural or artificial, on a base of textile material, of paper, paperboard or of other material, whether or not cut to shape or sewn or otherwise made up"
680510,6,6805,XIII,"Abrasive powder or grain; natural or artificial, on a base of woven textile fabric only, whether or not cut to shape or sewn or otherwise made up"
680520,6,6805,XIII,"Abrasive powder or grain; natural or artificial, on a base of paper or paperboard only, whether or not cut to shape or sewn or otherwise made up"
680530,6,6805,XIII,"Abrasive powder or grain; natural or artificial, on a base of materials n.e.c. in heading no. 6805, whether or not cut to shape or sewn or otherwise made up"
6806,4,68,XIII,"Slag, rock wool and similar mineral wools; exfoliated vermiculite, expanded clays, foamed slag, mixtures and articles of heat, sound insulating or sound-absorbing mineral materials"
680610,6,6806,XIII,"Slag wool, rock wool and similar mineral wools (including intermixtures thereof), in bulk, sheets or rolls"
680620,6,6806,XIII,"Exfoliated vermiculite, expanded clays, foamed slag and similar expanded mineral materials (including intermixtures thereof)"
680690,6,6806,XIII,"Minerals; mixtures and articles of heat-insulating, sound-insulating or sound-absorbing mineral materials, other than those of heading no. 6811 or 6812 or of chapter 69"
6807,4,68,XIII,Asphalt or similar material; articles (e.g. petroleum bitumen or coal tar pitch)
680710,6,6807,XIII,Asphalt or similar material; articles (e.g. petroleum bitumen or coal tar pitch) in rolls
680790,6,6807,XIII,Asphalt or similar material; articles (e.g. petroleum bitumen or coal tar pitch) other than in rolls
6808,4,68,XIII,"Panels, boards, tiles, blocks and the like; of vegetable fibre, of straw, shavings, chips, particles, sawdust or other waste, of wood, agglomerated with cement, plaster or other mineral binders"
680800,6,6808,XIII,"Panels, boards, tiles, blocks and the like; of vegetable fibre, of straw, shavings, chips, particles, sawdust or other waste, of wood, agglomerated with cement, plaster or other mineral binders"
6809,4,68,XIII,Plaster or compositions based on plaster; articles thereof
680911,6,6809,XIII,"Plaster, or plaster compositions; boards, sheets, panels, tiles and similar articles, faced or reinforced with paper or paperboard only, not ornamented"
680919,6,6809,XIII,"Plaster, or plaster compositions; boards, sheets, panels, tiles and similar articles, (other than faced or reinforced with paper or paperboard only), not ornamented"
680990,6,6809,XIII,Plaster articles or articles of compositions based on plaster; n.e.c. in heading no. 6809
6810,4,68,XIII,"Cement, concrete or artificial stone; whether or not reinforced, articles thereof"
681011,6,6810,XIII,"Cement, concrete or artificial stone; building blocks or bricks, whether or not reinforced"
681019,6,6810,XIII,"Cement, concrete or artificial stone; tiles, flagstones and similar, (excluding building blocks and bricks) whether or not reinforced"
681091,6,6810,XIII,"Cement, concrete or artificial stone; prefabricated structural components for building or civil engineering, whether or not reinforced"
681099,6,6810,XIII,"Cement, concrete or artificial stone; articles (other than prefabricated structural components for building or civil engineering), whether or not reinforced, n.e.c. in heading no. 6810"
6811,4,68,XIII,"Asbestos-cement, of cellulose fibre-cement or the like"
681140,6,6811,XIII,"Asbestos-cement; articles or the like, containing asbestos"
681181,6,6811,XIII,"Cellulose fibre-cement; articles or the like; corrugated sheets, not containing asbestos"
681182,6,6811,XIII,"Cellulose fibre-cement; articles or the like, sheets, panels, tiles and similar articles (other than corrugated sheets), not containing asbestos"
681189,6,6811,XIII,"Cellulose fibre-cement; articles or the like, other than corrugated sheets and other sheets, panels, tiles and similar articles, not containing asbestos"
6812,4,68,XIII,"Fabricated asbestos fibres; mixtures with a basis of asbestos or of asbestos and magnesium carbonate; articles of such mixtures or of asbestos (e.g. thread, woven fabric, clothing, footwear), whether or not reinforced, not goods of heading 6811 or 6813"
681280,6,6812,XIII,"Fabricated crocidolite (blue asbestos) fibres, mixtures with a basis of crocidolite (blue asbestos), articles of crocidolite (blue asbestos), whether or not reinforced, not goods of heading 6811 or 6813"
681291,6,6812,XIII,"Asbestos or mixtures with a basis of asbestos (other than crocidolite); clothing, clothing accessories, footwear and headgear, whether or not reinforced, not goods of heading 6811 or 6813"
681299,6,6812,XIII,"Asbestos or mixtures with a basis of asbestos (other than crocidolite); fibres, mixtures or articles n.e.c. in heading no. 6812, whether or not reinforced, not goods of heading 6811 or 6813"
6813,4,68,XIII,"Friction material and articles thereof (e.g. sheets, rolls, strips, segments, discs, washers, pads) not mounted; for brakes, clutches or the like, with a basis of asbestos, other mineral substances, or cellulose"
681320,6,6813,XIII,"Friction material and articles thereof (e.g. sheets, rolls, strips, segments, discs, washers, pads) not mounted; for brakes, clutches or the like, with a basis of asbestos"
681381,6,6813,XIII,Brake linings and pads; with a basis of mineral substances or cellulose (other than asbestos)
681389,6,6813,XIII,"Friction material and articles thereof (e.g. sheets, rolls, strips, segments, discs, washers, pads) not mounted; for clutches or the like (not brake linings and pads), with a basis of mineral substances or cellulose (other than asbestos)"
6814,4,68,XIII,"Mica; worked, articles of, including agglomerated or reconstituted mica; whether or not on a support of paper, paperboard or other materials"
681410,6,6814,XIII,"Mica; plates, sheets and strips of agglomerated or reconstituted mica, whether or not on a support of paper, paperboard or other materials"
681490,6,6814,XIII,"Mica; worked mica and articles of mica (excluding plates, sheets and strips) whether or not on a support of paper, paperboard or other materials"
6815,4,68,XIII,"Stone or other mineral substances; articles thereof (including carbon fibres, articles of carbon fibres and articles of peat), not elsewhere specified or included"
681511,6,6815,XIII,Stone or other mineral substances not elsewhere specified or included; carbon fibres for non-electrical uses
681512,6,6815,XIII,Stone or other mineral substances not elsewhere specified or included; fabrics of carbon fibres for non-electrical uses
681513,6,6815,XIII,Stone or other mineral substances not elsewhere specified or included; articles of carbon fibres for non-electrical uses
681519,6,6815,XIII,Stone or other mineral substances not elsewhere specified or included; non-electrical articles of graphite or carbon n.e.c. in heading 6815
681520,6,6815,XIII,Peat; articles of peat n.e.c. or included
681591,6,6815,XIII,"Stone articles and articles of other mineral substances; containing magnesite, magnesia in the form of periclase, dolomite including in the form of dolime, or chromite"
681599,6,6815,XIII,Stone articles and articles of other mineral substances; n.e.c. or included in heading no. 6815
69,2,TOTAL,XIII,Ceramic products
6901,4,69,XIII,"Bricks, blocks, tiles and other ceramic goods of siliceous fossil meals (e.g. kieselguhr, tripolite or diatomite) or of similar siliceous earths"
690100,6,6901,XIII,"Bricks, blocks, tiles and other ceramic goods of siliceous fossil meals (e.g. kieselguhr, tripolite or diatomite) or of similar siliceous earths"
6902,4,69,XIII,"Refractory bricks, blocks, tiles and similar refractory ceramic constructional goods; other than those of siliceous fossil meals or similar siliceous earths"
690210,6,6902,XIII,"Refractory bricks, blocks, tiles and similar refractory ceramic constructional goods; containing by weight, singly or together, more than 50% of the elements Mg, Ca or Cr, expressed as MgO, CaO or Cr2o3"
690220,6,6902,XIII,"Refractory bricks, blocks, tiles and similar refractory ceramic constructional goods; containing by weight more than 50% of alumina (Al2o3), of silica (SiO2) or of a mixture or compound of these"
690290,6,6902,XIII,"Refractory bricks, blocks, tiles and similar refractory ceramic constructional goods; n.e.c. in item no. 6902.1 or 6902.2"
6903,4,69,XIII,"Ceramic goods; (e.g. retorts, crucibles, muffles, nozzles, plugs, supports cupels, tubes, pipes, sheaths, rods and slide gates) excluding those of siliceous fossil meals or of similar siliceous earths"
690310,6,6903,XIII,"Refractory ceramic goods; containing, by weight, more than 50% of free carbon, excluding those of siliceous fossil meals or similar earths"
690320,6,6903,XIII,"Refractory ceramic goods; containing by weight more than 50% of alumina or of a mixture or compound of alumina and of silica, excluding those of siliceous fossil meals or similar earths"
690390,6,6903,XIII,"Refractory ceramic goods; composition of which n.e.c. in heading no. 6903, other than those of siliceous fossil meals or similar earths"
6904,4,69,XIII,"Ceramic building bricks, floor blocks, support or filler tiles and the like"
690410,6,6904,XIII,Ceramic building bricks
690490,6,6904,XIII,"Ceramic flooring blocks, supports or filler tiles and the like (excluding building bricks)"
6905,4,69,XIII,"Roofing tiles, chimney-pots, cowls, chimney liners, architectural ornaments and other ceramic constructional goods"
690510,6,6905,XIII,Ceramic roofing tiles
690590,6,6905,XIII,"Ceramic chimney-pots, cowls, chimney liners, architectural ornaments and other constructional goods (excluding roofing tiles)"
6906,4,69,XIII,"Ceramic pipes, conduits, guttering and pipe fittings"
690600,6,6906,XIII,"Ceramic pipes, conduits, guttering and pipe fittings"
6907,4,69,XIII,"Ceramic flags and paving, hearth or wall tiles; ceramic mosaic cubes and the like, whether or not on a backing; finishing ceramics"
690721,6,6907,XIII,"Ceramic tiles; flags and paving, hearth or wall tiles other than those of subheadings 6907.30 and 6907.40, of a water absorption coefficient by weight not over 0.5%"
690722,6,6907,XIII,"Ceramic tiles; flags and paving, hearth or wall tiles other than those of subheadings 6907.30 and 6907.40, of a water absorption coefficient by weight over 0.5% but not over 10%"
690723,6,6907,XIII,"Ceramic tiles; flags and paving, hearth or wall tiles other than those of subheadings 6907.30 and 6907.40, of a water absorption coefficient by weight over 10%"
690730,6,6907,XIII,"Mosaic cubes and the like, other than those of subheading 6907.40"
690740,6,6907,XIII,Finishing ceramics
6909,4,69,XIII,"Ceramic ware for laboratory, chemical, other technical uses; ceramic troughs, tubs, similar receptacles used in agriculture; ceramic pots, jars and similar used in the conveyance or packing of goods"
690911,6,6909,XIII,"Ceramic wares; for laboratory, chemical or other technical uses, of porcelain or china"
690912,6,6909,XIII,"Ceramic wares; for laboratory, chemical or other technical uses, articles having a hardness equivalent to 9 or more on the Mohs scale"
690919,6,6909,XIII,"Ceramic wares; for laboratory, chemical or other technical uses, other than articles having a hardness equivalent to 9 or more on the Mohs scale or of porcelain or china"
690990,6,6909,XIII,"Ceramic wares; pots, jars and similar articles of a kind used for the conveyance or packing of goods and ceramic troughs, tubs and similar receptacles used in agriculture"
6910,4,69,XIII,"Ceramic sinks, wash basins, wash basin pedestals, baths, bidets, water closet pans, flushing cisterns, urinals and similar sanitary fixtures"
691010,6,6910,XIII,"Ceramic sinks, wash basins, wash basin pedestals, baths, bidets, water closet pans, flushing cisterns, urinals and similar sanitary fixtures; of porcelain or china"
691090,6,6910,XIII,"Ceramic sinks, wash basins, wash basin pedestals, baths, bidets, water closet pans, flushing cisterns, urinals and similar sanitary fixtures; of other than porcelain or china"
6911,4,69,XIII,"Tableware, kitchenware, other household articles and toilet articles; of porcelain or china"
691110,6,6911,XIII,Tableware and kitchenware; of porcelain or china
691190,6,6911,XIII,"Household and toilet articles; n.e.c. in heading no. 6911, of porcelain or china"
6912,4,69,XIII,"Ceramic tableware, kitchenware, other household articles and toilet articles; other than of porcelain or china"
691200,6,6912,XIII,"Ceramic tableware, kitchenware, other household articles and toilet articles; other than of porcelain or china"
6913,4,69,XIII,Statuettes and other ornamental ceramic articles
691310,6,6913,XIII,"Ceramic statuettes and other ornamental ceramic articles, of porcelain or china"
691390,6,6913,XIII,Ceramic statuettes and other ornamental ceramic articles; other than of porcelain or china
6914,4,69,XIII,Ceramic articles; n.e.c. in chapter 69
691410,6,6914,XIII,Ceramic articles n.e.c. in chapter 69; of porcelain or china
691490,6,6914,XIII,Ceramic articles n.e.c. in chapter 69; other than of porcelain or china
70,2,TOTAL,XIII,Glass and glassware
7001,4,70,XIII,"Glass; cullet and other waste and scrap of glass, excluding glass from cathode ray tubes or other activated glass of heading 85.49, glass in the mass"
700100,6,7001,XIII,"Glass; cullet and other waste and scrap of glass, excluding glass from cathode ray tubes or other activated glass of heading 85.49, glass in the mass"
7002,4,70,XIII,"Glass in balls (other than microspheres of heading no. 7018), rods or tubes, unworked"
700210,6,7002,XIII,"Glass; unworked, in balls (other than microspheres of heading no. 7018)"
700220,6,7002,XIII,"Glass; unworked, in rods"
700231,6,7002,XIII,"Glass; unworked, in tubes, of fused quartz or other fused silica"
700232,6,7002,XIII,"Glass; unworked, tubes, of glass having a linear coefficient of expansion not exceeding 5 x 10 (to the minus 6), (or 0.000005) per Kelvin within a temperature range of 0-300 degrees C"
700239,6,7002,XIII,"Glass; unworked, in tubes, other than of glass having a linear coefficient of expansion not exceeding 5 x 10 (to the minus 6, (or 0.000005) ) per Kelvin within a temperature range of 0-300 degrees C, not fused quartz or other fused silica"
7003,4,70,XIII,"Glass; cast glass and rolled glass in sheets or profiles, whether or not having an absorbent, reflecting or non-reflecting layer, but not otherwise worked"
700312,6,7003,XIII,"Glass; cast glass and rolled glass, non-wired sheets, coloured through the mass (body tinted), opacified, flashed or having an absorbent, reflecting or non-reflecting layer"
700319,6,7003,XIII,"Glass; cast glass and rolled glass, non-wired sheets, (excluding those coloured throughout the mass (body tinted) opacified, flashed or having an absorbent or reflecting layer)"
700320,6,7003,XIII,"Glass; cast glass and rolled glass, wired sheets, whether or not having an absorbent or reflecting layer but not otherwise worked"
700330,6,7003,XIII,"Glass; cast glass and rolled glass, profiles, not otherwise worked"
7004,4,70,XIII,"Glass; drawn glass and blown glass, in sheets, whether or not having an absorbent, reflecting or non-reflecting layer, but not otherwise worked"
700420,6,7004,XIII,"Glass; drawn and blown, in sheets, coloured throughout the mass (body tinted), opacified, flashed or having an absorbent, reflecting or non-reflecting layer, but not otherwise worked"
700490,6,7004,XIII,"Glass; drawn and blown, in sheets, (other than glass coloured throughout the mass (body tinted), opacified, flashed or having an absorbent, reflecting or non-reflecting layer)"
7005,4,70,XIII,"Glass; float glass and surface ground or polished glass, in sheets, whether or not having an absorbent, reflecting or non-reflecting layer, but not otherwise worked"
700510,6,7005,XIII,"Glass; float glass and surface ground or polished glass, in sheets, non-wired, having an absorbent reflecting or non-reflecting layer"
700521,6,7005,XIII,"Glass; float glass and surface ground or polished glass, in sheets, non-wired, coloured throughout the mass (body tinted), opacified, flashed or merely surface ground"
700529,6,7005,XIII,"Glass; float glass and surface ground or polished glass, in sheets, non-wired, (other than coloured throughout the mass (body tinted), opacified, flashed or merely surface ground)"
700530,6,7005,XIII,"Glass; float glass and surface ground or polished glass, in sheets, wired glass, whether or not having an absorbent or reflecting layer"
7006,4,70,XIII,"Glass of heading no. 7003, 7004 or 7005, bent, edge-worked, engraved, drilled, enamelled or otherwise worked, not framed or fitted with other materials"
700600,6,7006,XIII,"Glass of heading no. 7003, 7004 or 7005; bent, edge-worked, engraved, drilled, enamelled or otherwise worked, but not framed or fitted with other materials"
7007,4,70,XIII,"Safety glass, consisting of toughened (tempered) or laminated glass"
700711,6,7007,XIII,"Glass; safety glass, toughened (tempered), of size and shape suitable for incorporation in vehicles, aircraft, spacecraft or vessels"
700719,6,7007,XIII,"Glass; safety glass, toughened (tempered), (not of a size and shape suitable for incorporation in vehicles, aircraft, spacecraft or vessels)"
700721,6,7007,XIII,"Glass; safety glass, laminated, of size and shape suitable for incorporation in vehicles, aircraft, spacecraft or vessels"
700729,6,7007,XIII,"Glass; safety glass, laminated, (not of a size and shape suitable for incorporation in vehicles, aircraft, spacecraft or vessels)"
7008,4,70,XIII,Glass; multiple-walled insulating units of glass
700800,6,7008,XIII,Glass; multiple-walled insulating units of glass
7009,4,70,XIII,"Glass mirrors; whether or not framed, including rear-view mirrors"
700910,6,7009,XIII,Glass; rear-view mirrors for vehicles
700991,6,7009,XIII,"Glass mirrors; unframed, excluding rear-view mirrors for vehicles"
700992,6,7009,XIII,"Glass mirrors; framed, excluding rear-view mirrors for vehicles"
7010,4,70,XIII,"Carboys, bottles, flasks, jars, pots, phials, ampoules, containers of glass of a kind used for the conveyance or packing of goods; preserving jars of glass; stoppers, lids and other closures of glass"
701010,6,7010,XIII,"Glass; ampoules, of a kind used for the conveyance or packing of goods"
701020,6,7010,XIII,"Glass; stoppers, lids and other closures"
701090,6,7010,XIII,"Glass; carboys, bottles, flasks, jars, pots, phials and other containers of glass, (not ampoules), used for the conveyance or packing of goods"
7011,4,70,XIII,"Glass envelopes (including bulbs and tubes), open and glass parts thereof, without fittings, for electric lamps and light sources, cathode-ray tubes or the like"
701110,6,7011,XIII,"Glass envelopes (including bulbs and tubes); open, and glass parts thereof, without fittings, for electric lighting"
701120,6,7011,XIII,"Glass envelopes (including bulbs and tubes); open, and glass parts thereof, without fittings, for cathode-ray tubes"
701190,6,7011,XIII,"Glass envelopes (including bulbs and tubes); open, and glass parts thereof, without fittings, other than for electric lighting and cathode-ray tubes"
7013,4,70,XIII,"Glassware of a kind used for table, kitchen, toilet, office, indoor decoration or similar purposes (other than of heading no. 7010 or 7018)"
701310,6,7013,XIII,"Glassware; of a kind used for table, kitchen, toilet, office, indoor decoration or similar purposes (other than of heading no. 7010 or 7018), of glass-ceramics"
701322,6,7013,XIII,"Stemware drinking glasses, of lead crystal"
701328,6,7013,XIII,"Stemware drinking glasses, other than of lead crystal or glass-ceramics"
701333,6,7013,XIII,"Glassware; drinking glasses (not stemware), of lead crystal"
701337,6,7013,XIII,"Glassware; drinking glasses (not stemware), other than of lead crystal or glass-ceramics"
701341,6,7013,XIII,"Glassware of a kind used for table or kitchen purposes (not drinking glasses), of lead crystal"
701342,6,7013,XIII,"Glassware of a kind used for table or kitchen purposes (not drinking glasses), of glass having a linear coefficient of expansion not exceeding 5 x 10 (to the minus 6), (or 0.000005) per Kelvin within a temperature range of 0-300 degrees C"
701349,6,7013,XIII,"Glassware of a kind used for table or kitchen purposes (not drinking glasses or of glass-ceramics), of glass n.e.c. in item no. 7013.4"
701391,6,7013,XIII,"Glassware; n.e.c. in heading no. 7013, of lead crystal"
701399,6,7013,XIII,"Glassware; n.e.c. in heading no. 7013, other than of lead crystal"
7014,4,70,XIII,"Signalling glassware and optical elements of glass (other than those of heading no. 7015), not optically worked"
701400,6,7014,XIII,"Glassware; signalling, (not optically worked)"
7015,4,70,XIII,"Clock, watch and similar glasses, glasses for non-corrective or corrective spectacles, curved, bent, hallowed etc, not optically worked; hollow glass spheres and their segments for manufacture"
701510,6,7015,XIII,"Glasses for corrective spectacles; curved, bent, hollowed or the like, not optically worked"
701590,6,7015,XIII,"Glasses; clock or watch and similar, glasses for non-corrective spectacles, curved, bent, hollowed etc, (not optically worked), hollow glass spheres and segments, for the manufacture of such glasses"
7016,4,70,XIII,"Glass; paving blocks, slabs, bricks, tiles etc, of pressed, moulded glass, whether or not wired, glass smallwares for decorative purposes leaded lights and the like; multicellular or foam glass"
701610,6,7016,XIII,"Glass cubes and other glass smallwares; whether or not on a backing, for mosaics or similar decorative purposes"
701690,6,7016,XIII,"Multicellular or foam glass; in blocks, panels, plates, shells or similar forms; paving blocks, slabs, bricks and other articles of pressed or moulded glass"
7017,4,70,XIII,"Laboratory, hygienic or pharmaceutical glassware, whether or not graduated or calibrated"
701710,6,7017,XIII,"Glassware; laboratory, hygienic or pharmaceutical, whether or not graduated or calibrated, of fused quartz or other fused silica"
701720,6,7017,XIII,"Glassware; laboratory, hygienic or pharmaceutical, whether or not graduated or calibrated, having a linear co-efficient of expansion not over 5 x 10 (to the minus 6), (or 0.000005)) per Kelvin with a temperature of 0-300 degrees C"
701790,6,7017,XIII,"Glassware; laboratory, hygienic or pharmaceutical, whether or not graduated or calibrated, of glass n.e.c. in heading no. 7017"
7018,4,70,XIII,"Glass beads, imitation pearls, precious or semi-precious stones and similar glass smallwares, statuettes and other ornaments of worked glass; glass microspheres not exceeding 1mm in diameter"
701810,6,7018,XIII,"Glass; beads, imitation pearls, imitation precious or semi-precious stones and similar glass smallwares"
701820,6,7018,XIII,Glass microspheres; not exceeding 1mm in diameter
701890,6,7018,XIII,"Glass; articles thereof, statuettes and other ornaments of lamp worked glass, other than imitation jewellery"
7019,4,70,XIII,"Glass fibres (including glass wool) and articles thereof (e.g. yarn, rovings, woven fabrics)"
701911,6,7019,XIII,"Glass fibres; (including glass wool), chopped strands, of a length of not more than 50mm"
701912,6,7019,XIII,"Glass fibres; (including glass wool), rovings"
701913,6,7019,XIII,"Glass fibres; (including glass wool), yarns and slivers"
701914,6,7019,XIII,"Glass fibres; (including glass wool), mechanically bonded mats"
701915,6,7019,XIII,"Glass fibres; (including glass wool), chemically bonded mats"
701919,6,7019,XIII,"Glass fibres; (including glass wool), threads and mats, other than mechanically or chemically bonded mats"
701961,6,7019,XIII,Glass fibres; mechanically bonded fabrics and closed woven fabrics of rovings
701962,6,7019,XIII,Glass fibres; non-woven mechanically bonded fabrics and closed fabrics of rovings
701963,6,7019,XIII,"Glass fibres; mechanically bonded fabrics and closed woven fabrics, plain weave, of yarns, not coated or laminated (other than rovings)"
701964,6,7019,XIII,"Glass fibres; closed woven fabrics, plain weave, of yarns, coated or laminated, (other than rovings)"
701965,6,7019,XIII,Glass fibres; open woven fabrics of a width not exceeding 30cm
701966,6,7019,XIII,Glass fibres; open woven fabrics of a width exceeding 30cm
701969,6,7019,XIII,Glass fibres; fabrics n.e.c. in item no. 7019.6
701971,6,7019,XIII,Glass fibres; chemically bonded fabrics
701972,6,7019,XIII,"Glass fibres; chemically bonded fabrics, closed fabrics n.e.c. in heading 7019"
701973,6,7019,XIII,"Glass fibres; chemically bonded fabrics, open fabrics n.e.c. in heading 7019"
701980,6,7019,XIII,Glass fibres; glass wool and articles thereof
701990,6,7019,XIII,Glass fibres; n.e.c. in heading no. 7019
7020,4,70,XIII,Glass; articles n.e.c. in chapter 70
702000,6,7020,XIII,Glass; articles n.e.c. in chapter 70
71,2,TOTAL,XIV,"Natural, cultured pearls; precious, semi-precious stones; precious metals, metals clad with precious metal, and articles thereof; imitation jewellery; coin"
7101,4,71,XIV,"Pearls; natural or cultured, whether or not worked or graded but not strung, mounted or set; pearls, natural or cultured, temporarily strung for the convenience of transport"
710110,6,7101,XIV,"Pearls; natural, whether or not worked or graded (but not strung, mounted or set), temporarily strung for the convenience of transport"
710121,6,7101,XIV,"Pearls; cultured, unworked, whether or not graded (but not strung, mounted or set), temporarily strung for the convenience of transport"
710122,6,7101,XIV,"Pearls; cultured, worked, whether or not graded (but not strung, mounted or set), temporarily strung for the convenience of transport"
7102,4,71,XIV,"Diamonds, whether or not worked, but not mounted or set"
710210,6,7102,XIV,"Diamonds; whether or not worked, but not mounted or set, unsorted"
710221,6,7102,XIV,"Diamonds; industrial, unworked or simply sawn, cleaved or bruted, but not mounted or set"
710229,6,7102,XIV,"Diamonds; industrial, (other than unworked or simply sawn, cleaved or bruted), but not mounted or set"
710231,6,7102,XIV,"Diamonds; non-industrial, unworked or simply sawn, cleaved or bruted, but not mounted or set"
710239,6,7102,XIV,"Diamonds; non-industrial, (other than unworked or simply sawn, cleaved or bruted), but not mounted or set"
7103,4,71,XIV,"Precious (excluding diamond) and semi-precious stone; worked, graded, not strung, mounted, set; ungraded precious (excluding diamond) and semi-precious stone, temporarily strung for convenience of transport"
710310,6,7103,XIV,"Stones; precious (other than diamonds) and semi-precious stones, unworked or simply sawn or roughly shaped, not strung, mounted or set"
710391,6,7103,XIV,"Stones; rubies, sapphires and emeralds, worked (other than simply sawn or roughly shaped), not strung, mounted or set"
710399,6,7103,XIV,"Stones; precious (other than diamonds) and semi-precious stones, (other than rubies, sapphires and emeralds), worked other than simply sawn or roughly shaped, not strung, mounted or set"
7104,4,71,XIV,"Stones; synthetic or reconstructed precious or semi-precious, whether or not worked or graded but not strung, mounted or set; ungraded synthetic or reconstructed precious or semi-precious stones, temporarily strung for convenience of transport"
710410,6,7104,XIV,"Stones; piezo-electric quartz, whether or not worked or graded but not strung, mounted or set; ungraded synthetic or reconstructed precious or semi-precious stones, temporarily strung for convenience of transport"
710421,6,7104,XIV,"Stones; diamonds, unworked or simply sawn or roughly shaped"
710429,6,7104,XIV,"Stones; synthetic or reconstructed precious or semi-precious n.e.c. in heading 7104, unworked or simply sawn or roughly shaped"
710491,6,7104,XIV,"Stones; diamonds, n.e.c. in heading 7104, worked or graded but not strung, mounted or set; ungraded synthetic or reconstructed precious or semi-precious stones, temporarily strung for convenience of transport"
710499,6,7104,XIV,"Stones; synthetic or reconstructed precious or semi-precious n.e.c. in heading 7104, worked or graded but not strung, mounted or set; ungraded synthetic or reconstructed precious or semi-precious stones, temporarily strung for convenience of transport"
7105,4,71,XIV,Dust and powder of natural or synthetic precious or semi-precious stone
710510,6,7105,XIV,"Stones; precious and semi-precious, dust and powder, of diamonds"
710590,6,7105,XIV,"Stones; precious and semi-precious, dust and powder, of natural or synthetic precious or semi-precious stones, excluding diamonds"
7106,4,71,XIV,"Silver (including silver plated with gold or platinum); unwrought or in semi-manufactured forms, or in powder form"
710610,6,7106,XIV,Metals; silver powder
710691,6,7106,XIV,"Metals; silver, unwrought, (but not powder)"
710692,6,7106,XIV,"Metals; silver, semi-manufactured"
7107,4,71,XIV,Base metals clad with silver; not further worked than semi-manufactured
710700,6,7107,XIV,Base metals clad with silver; not further worked than semi-manufactured
7108,4,71,XIV,"Gold (including gold plated with platinum) unwrought or in semi-manufactured forms, or in powder form"
710811,6,7108,XIV,"Metals; gold, non-monetary, powder"
710812,6,7108,XIV,"Metals; gold, non-monetary, unwrought (but not powder)"
710813,6,7108,XIV,"Metals; gold, semi-manufactured"
710820,6,7108,XIV,"Gold, monetary"
7109,4,71,XIV,"Base metals or silver, clad with gold, not further worked than semi-manufactured"
710900,6,7109,XIV,"Base metals or silver; clad with gold, not further worked than semi-manufactured"
7110,4,71,XIV,"Platinum; unwrought or in semi-manufactured forms, or in powder form"
711011,6,7110,XIV,"Metals; platinum, unwrought or in powder form"
711019,6,7110,XIV,"Metals; platinum, semi-manufactured"
711021,6,7110,XIV,"Metals; palladium, unwrought or in powder form"
711029,6,7110,XIV,"Metals; palladium, semi-manufactured"
711031,6,7110,XIV,"Metals; rhodium, unwrought or in powder form"
711039,6,7110,XIV,"Metals; rhodium, semi-manufactured"
711041,6,7110,XIV,"Metals; iridium, osmium, ruthenium, unwrought or in powder form"
711049,6,7110,XIV,"Metals; iridium, osmium, ruthenium, semi-manufactured"
7111,4,71,XIV,"Base metals, silver or gold, clad with platinum; not further worked than semi-manufactured"
711100,6,7111,XIV,"Base metals, silver or gold, clad with platinum; not further worked than semi-manufactured"
7112,4,71,XIV,"Waste and scrap of precious metal or of metal clad with precious metal; other waste and scrap containing precious metal compounds, of a kind uses principally for the recovery of precious metal other than goods of heading 85.49"
711230,6,7112,XIV,Waste and scrap of precious metal or of metal clad with precious metal; ash containing precious metal or precious metal compounds
711291,6,7112,XIV,"Waste and scrap of precious metals; of gold, including metal clad with gold but excluding sweepings containing other precious metals"
711292,6,7112,XIV,"Waste and scrap of precious metals; of platinum, including metal clad with platinum but excluding sweepings containing other precious metals"
711299,6,7112,XIV,"Waste and scrap of precious metals; waste and scrap of precious metals including metal clad with precious metals, other than that of gold and platinum and excluding ash which contains precious metal or precious metal compounds"
7113,4,71,XIV,"Jewellery articles and parts thereof, of precious metal or of metal clad with precious metal"
711311,6,7113,XIV,"Jewellery; of silver, whether or not plated or clad with other precious metal, and parts thereof"
711319,6,7113,XIV,"Jewellery; of precious metal (excluding silver) whether or not plated or clad with precious metal, and parts thereof"
711320,6,7113,XIV,"Jewellery; of base metal clad with precious metal, and parts thereof"
7114,4,71,XIV,"Articles of goldsmiths' or silversmiths' wares and parts thereof, of precious metal or of metal clad with precious metal"
711411,6,7114,XIV,"Silversmiths' wares; and parts thereof, of silver, whether or not plated or clad with other precious metal"
711419,6,7114,XIV,"Goldsmiths' wares; articles of and parts thereof, of precious metal (excluding silver) whether or not plated or clad with precious metal"
711420,6,7114,XIV,"Goldsmiths' and silversmiths' wares; articles of and parts thereof, of base metal clad with precious metal"
7115,4,71,XIV,Articles of precious metal or of metal clad with precious metal
711510,6,7115,XIV,"Metal; catalysts in the form of wire cloth or grill, of platinum"
711590,6,7115,XIV,"Metal; precious or metal clad with precious metal, other than that of item no. 7115.10"
7116,4,71,XIV,"Articles of natural or cultured pearls, precious or semi-precious stones (natural, synthetic or reconstructed)"
711610,6,7116,XIV,Pearls; articles of natural or cultured pearls
711620,6,7116,XIV,"Stones; precious or semi-precious stones (natural, synthetic or reconstructed) articles of"
7117,4,71,XIV,Imitation jewellery
711711,6,7117,XIV,"Jewellery; imitation, cuff links and studs, of base metal, whether or not plated with precious metal"
711719,6,7117,XIV,"Jewellery; imitation, (excluding cuff links and studs), of base metal, whether or not plated with precious metal"
711790,6,7117,XIV,"Jewellery; imitation, of other than base metal, whether or not plated with precious metal"
7118,4,71,XIV,Coin
711810,6,7118,XIV,"Coin (other than gold coin), not being legal tender"
711890,6,7118,XIV,Coin; other than coin of item no. 7118.10
72,2,TOTAL,XV,Iron and steel
7201,4,72,XV,"Pig iron and spiegeleisen in pigs, blocks or other primary forms"
720110,6,7201,XV,"Iron; non-alloy pig iron containing by weight 0.5% or less of phosphorus, in pigs, blocks or other primary forms"
720120,6,7201,XV,"Iron; non-alloy pig iron containing by weight more than 0.5% of phosphorus, in pigs, blocks or other primary forms"
720150,6,7201,XV,"Iron; alloy pig iron; spiegeleisen, in pigs, blocks or other primary forms"
7202,4,72,XV,Ferro-alloys
720211,6,7202,XV,"Ferro-alloys; ferro-manganese, containing by weight more than 2% of carbon"
720219,6,7202,XV,"Ferro-alloys; ferro-manganese, containing by weight 2% or less of carbon"
720221,6,7202,XV,"Ferro-alloys; ferro-silicon, containing by weight more than 55% of silicon"
720229,6,7202,XV,"Ferro-alloys; ferro-silicon, containing by weight 55% or less of silicon"
720230,6,7202,XV,Ferro-alloys; ferro-silico-manganese
720241,6,7202,XV,"Ferro-alloys; ferro-chromium, containing by weight more than 4% of carbon"
720249,6,7202,XV,"Ferro-alloys; ferro-chromium, containing by weight 4% or less of carbon"
720250,6,7202,XV,Ferro-alloys; ferro-silico-chromium
720260,6,7202,XV,Ferro-alloys; ferro-nickel
720270,6,7202,XV,Ferro-alloys; ferro-molybdenum
720280,6,7202,XV,Ferro-alloys; ferro-tungsten and ferro-silico-tungsten
720291,6,7202,XV,Ferro-alloys; ferro-titanium and ferro-silico-titanium
720292,6,7202,XV,Ferro-alloys; ferro-vanadium
720293,6,7202,XV,Ferro-alloys; ferro-niobium
720299,6,7202,XV,Ferro-alloys; n.e.c. in heading no. 7202
7203,4,72,XV,"Ferrous products obtained by direct reduction of iron ore and other spongy ferrous products, in lumps, pellets or the like; iron having a minimum purity of 99.94%, in lumps, pellets or similar forms"
720310,6,7203,XV,"Ferrous products; obtained by direct reduction of iron ore, in lumps, pellets or similar forms"
720390,6,7203,XV,"Ferrous products; spongy ferrous products and iron having a minimum purity by weight of 99.94%, in lumps, pellets or similar forms"
7204,4,72,XV,Ferrous waste and scrap; remelting scrap ingots of iron or steel
720410,6,7204,XV,Ferrous waste and scrap; of cast iron
720421,6,7204,XV,Ferrous waste and scrap; of stainless steel
720429,6,7204,XV,Ferrous waste and scrap; of alloy steel (excluding stainless)
720430,6,7204,XV,Ferrous waste and scrap; of tinned iron or steel
720441,6,7204,XV,"Ferrous waste and scrap; turnings, shavings, chips, milling waste, sawdust, filings, trimmings and stampings, whether or not in bundles"
720449,6,7204,XV,Ferrous waste and scrap; n.e.c. in heading no. 7204
720450,6,7204,XV,Ferrous products; remelting scrap ingots
7205,4,72,XV,"Granules and powders, of pig iron, spiegeleisen, iron or steel"
720510,6,7205,XV,"Iron or steel, pig iron, spiegeleisen; granules thereof"
720521,6,7205,XV,Alloy steel powders
720529,6,7205,XV,"Iron or steel, pig iron, spiegeleisen; powders (excluding alloy steel)"
7206,4,72,XV,Iron and non-alloy steel in ingots or other primary forms (excluding iron of heading no. 7203)
720610,6,7206,XV,Iron or non-alloy steel; ingots (excluding iron of heading no. 7203)
720690,6,7206,XV,Iron or non-alloy steel; primary forms (excluding ingots and iron of heading no. 7203)
7207,4,72,XV,Iron or non-alloy steel; semi-finished products thereof
720711,6,7207,XV,"Iron or non-alloy steel; semi-finished products of iron or non-alloy steel; containing by weight less than 0.25% of carbon, of rectangular (including square) cross-section, width less than twice thickness"
720712,6,7207,XV,"Iron or non-alloy steel; semi-finished products of iron or non-alloy steel; containing by weight less than 0.25% of carbon, of rectangular (other than square) cross-section"
720719,6,7207,XV,"Iron or non-alloy steel; semi-finished products of iron or non-alloy steel, containing by weight less than 0.25% of carbon, other than rectangular or square cross-section"
720720,6,7207,XV,"Iron or non-alloy steel; semi-finished products of iron or non-alloy steel, containing by weight 0.25% or more of carbon"
7208,4,72,XV,"Iron or non-alloy steel; flat-rolled products of a width of 600mm or more, hot-rolled, not clad, plated or coated"
720810,6,7208,XV,"Iron or non-alloy steel; in coils, flat-rolled, of a width 600mm or more, hot-rolled, with patterns in relief"
720825,6,7208,XV,"Iron or non-alloy steel; in coils, without patterns in relief, flat-rolled, of a width 600mm or more, hot-rolled, pickled, of a thickness of 4.75mm or more"
720826,6,7208,XV,"Iron or non-alloy steel; in coils, without patterns in relief, flat-rolled, of a width 600mm or more, hot-rolled, pickled, of a thickness of 3mm or more but less than 4.75mm"
720827,6,7208,XV,"Iron or non-alloy steel; in coils, without patterns in relief, flat-rolled, of a width 600mm or more, hot-rolled, pickled, of a thickness of less than 3mm"
720836,6,7208,XV,"Iron or non-alloy steel; in coils, without patterns in relief, flat-rolled, of a width 600mm or more, hot-rolled, of a thickness exceeding 10mm"
720837,6,7208,XV,"Iron or non-alloy steel; in coils, without patterns in relief, flat-rolled, of a width 600mm or more, hot-rolled, of a thickness of 4.75mm or more but not exceeding 10mm"
720838,6,7208,XV,"Iron or non-alloy steel; in coils, without patterns in relief, flat-rolled, of a width 600mm or more, hot-rolled, of a thickness of 3mm or more but less than 4.75mm"
720839,6,7208,XV,"Iron or non-alloy steel; in coils, without patterns in relief, flat-rolled, of a width 600mm or more, hot-rolled, of a thickness of less than 3mm"
720840,6,7208,XV,"Iron or non-alloy steel; (not in coils), flat-rolled, of a width 600mm or more, hot-rolled, with patterns in relief"
720851,6,7208,XV,"Iron or non-alloy steel; (not in coils), flat-rolled, of a width 600mm or more, hot-rolled, without patterns in relief, of a thickness exceeding 10mm"
720852,6,7208,XV,"Iron or non-alloy steel; (not in coils), flat-rolled, of a width 600mm or more, hot-rolled, without patterns in relief, of a thickness of 4.75mm or more but not exceeding 10mm"
720853,6,7208,XV,"Iron or non-alloy steel; (not in coils), flat-rolled, of a width 600mm or more, hot-rolled, without patterns in relief, of a thickness of 3mm or more but less than 4.75mm"
720854,6,7208,XV,"Iron or non-alloy steel; (not in coils), flat-rolled, of a width 600mm or more, hot-rolled, without patterns in relief, of a thickness of less than 3mm"
720890,6,7208,XV,"Iron or non-alloy steel; flat-rolled, hot-rolled, of a width 600mm or more, n.e.c. in heading no. 7208"
7209,4,72,XV,"Iron or non-alloy steel; flat-rolled products, width 600mm or more, cold-rolled (cold-reduced), not clad, plated or coated"
720915,6,7209,XV,"Iron or non-alloy steel; in coils, flat-rolled, width 600mm or more, cold-rolled, of a thickness of 3mm or more"
720916,6,7209,XV,"Iron or non-alloy steel; in coils, flat-rolled, width 600mm or more, cold-rolled, of a thickness exceeding 1mm but less than 3mm"
720917,6,7209,XV,"Iron or non-alloy steel; in coils, flat-rolled, width 600mm or more, cold-rolled, of a thickness of 0.5mm or more but not exceeding 1mm"
720918,6,7209,XV,"Iron or non-alloy steel; in coils, flat-rolled, width 600mm or more, cold-rolled, of a thickness of less than 0.5mm"
720925,6,7209,XV,"Iron or non-alloy steel; (not in coils), flat-rolled, width 600mm or more, cold-rolled, of a thickness of 3mm or more"
720926,6,7209,XV,"Iron or non-alloy steel; (not in coils), flat-rolled, width 600mm or more, cold-rolled, of a thickness exceeding 1mm but less than 3mm"
720927,6,7209,XV,"Iron or non-alloy steel; (not in coils), flat-rolled, width 600mm or more, cold-rolled, of a thickness of 0.5mm or more but not exceeding 1mm"
720928,6,7209,XV,"Iron or non-alloy steel; (not in coils), flat-rolled, width 600mm or more, cold-rolled, of a thickness of less than 0.5mm"
720990,6,7209,XV,"Iron or non-alloy steel; flat-rolled, width 600mm or more, cold-rolled, n.e.c. in heading no. 7209"
7210,4,72,XV,"Iron or non-alloy steel; flat-rolled products, width 600mm or more, clad, plated or coated"
721011,6,7210,XV,"Iron or non-alloy steel; flat-rolled, width 600mm or more, plated or coated with tin, thickness of 0.5mm or more"
721012,6,7210,XV,"Iron or non-alloy steel; flat-rolled, width 600mm or more, plated or coated with tin, thickness of less than 0.5mm"
721020,6,7210,XV,"Iron or non-alloy steel; flat-rolled, width 600mm or more, plated or coated with lead, including terne-plate"
721030,6,7210,XV,"Iron or non-alloy steel; flat-rolled, width 600mm or more, electrolytically plated or coated with zinc"
721041,6,7210,XV,"Iron or non-alloy steel; flat-rolled, width 600mm or more, corrugated, plated or coated with zinc (not electrolytically)"
721049,6,7210,XV,"Iron or non-alloy steel; flat-rolled, width 600mm or more, (not corrugated), plated or coated with zinc (not electrolytically)"
721050,6,7210,XV,"Iron or non-alloy steel; flat-rolled, width 600mm or more, plated or coated with chromium oxides or with chromium and chromium oxides"
721061,6,7210,XV,"Iron or non-alloy steel; flat-rolled, width 600mm or more, plated or coated with aluminium zinc-alloys"
721069,6,7210,XV,"Iron or non-alloy steel; flat-rolled, width 600mm or more, plated or coated with aluminium, other than plated or coated with aluminium zinc-alloys"
721070,6,7210,XV,"Iron or non-alloy steel; flat-rolled, width 600mm or more, painted, varnished or coated with plastics"
721090,6,7210,XV,"Iron or non-alloy steel; flat-rolled, width 600mm or more, plated or coated with materials n.e.c. in heading no. 7210"
7211,4,72,XV,"Iron or non-alloy steel; flat-rolled products, width less than 600mm, not clad, plated or coated"
721113,6,7211,XV,"Iron or non-alloy steel; flat-rolled, hot-rolled, rolled on four faces or in a closed box pass, of a width more than 150mm but less than 600mm, 4mm thick or more, not in coils, without patterns in relief"
721114,6,7211,XV,"Iron or non-alloy steel; flat-rolled, hot-rolled, of a width less than 600mm, 4.75mm thick or more, excluding those of item no. 7211.13"
721119,6,7211,XV,"Iron or non-alloy steel; flat-rolled, hot-rolled, of a width less than 600mm, less than 4.75mm thick, excluding those of item no. 7211.13"
721123,6,7211,XV,"Iron or non-alloy steel; flat-rolled, cold-rolled, of a width less than 600mm, containing by weight less than 0.25% of carbon"
721129,6,7211,XV,"Iron or non-alloy steel; flat-rolled, cold-rolled, of a width less than 600mm, containing by weight 0.25% or more of carbon"
721190,6,7211,XV,"Iron or non-alloy steel; flat-rolled, n.e.c. in heading no. 7211, width less than 600mm"
7212,4,72,XV,"Iron or non-alloy steel; flat-rolled products, width less than 600mm, clad, plated or coated"
721210,6,7212,XV,"Iron or non-alloy steel; flat-rolled, width less than 600mm, plated or coated with tin"
721220,6,7212,XV,"Iron or non-alloy steel; flat-rolled, of a width less than 600mm, electrolytically plated or coated with zinc"
721230,6,7212,XV,"Iron or non-alloy steel; flat-rolled, width less than 600mm, plated or coated with zinc (not electrolytically)"
721240,6,7212,XV,"Iron or non-alloy steel; flat-rolled, width less than 600mm, painted, varnished or coated with plastics"
721250,6,7212,XV,"Iron or non-alloy steel; flat-rolled, width less than 600mm, plated or coated, (excluding tin, zinc or plastic)"
721260,6,7212,XV,"Iron or non-alloy steel; flat-rolled, width less than 600mm, clad"
7213,4,72,XV,"Iron or non-alloy steel; bars and rods, hot-rolled, in irregularly wound coils"
721310,6,7213,XV,"Iron or non-alloy steel; bars and rods, hot-rolled, in irregularly wound coils, containing indentations, ribs, grooves or other deformations produced during the rolling process"
721320,6,7213,XV,"Iron or non-alloy steel; bars and rods, hot-rolled, in irregularly wound coils, of free-cutting steel"
721391,6,7213,XV,"Iron or non-alloy steel; bars and rods, hot-rolled, in irregularly wound coils, n.e.c. in heading no. 7213, of circular cross-section measuring less than 14mm in diameter"
721399,6,7213,XV,"Iron or non-alloy steel; bars and rods, hot-rolled, in irregularly wound coils, n.e.c. in heading no. 7213, of circular cross-section measuring 14mm or more in diameter"
7214,4,72,XV,"Iron or non-alloy steel; bars and rods, not further worked than forged, hot-rolled, hot drawn or hot-extruded, but including those twisted after rolling"
721410,6,7214,XV,"Iron or non-alloy steel; bars and rods, forged, hot-rolled, hot-drawn or hot-extruded, but including those twisted after rolling"
721420,6,7214,XV,"Iron or non-alloy steel; bars and rods, hot-rolled, hot-drawn or hot-extruded, containing indentations, ribs, grooves or other deformations produced during the rolling process or twisted after rolling"
721430,6,7214,XV,"Iron or non-alloy steel; bars and rods, hot-rolled, hot-drawn or hot-extruded, including those twisted after rolling, of free-cutting steel"
721491,6,7214,XV,"Iron or non-alloy steel; bars and rods, hot-rolled, hot-drawn or hot-extruded, n.e.c. in heading no. 7214, of rectangular (other than square) cross-section"
721499,6,7214,XV,"Iron or non-alloy steel; bars and rods, hot-rolled, hot-drawn or hot-extruded, n.e.c. in heading no. 7214, other than of rectangular cross-section"
7215,4,72,XV,"Iron or non-alloy steel; bars and rods, n.e.c. in chapter 72"
721510,6,7215,XV,"Iron or non-alloy steel; bars and rods, of free-cutting steel, cold-formed or cold-finished, n.e.c. in chapter 72"
721550,6,7215,XV,"Iron or non-alloy steel; bars and rods, n.e.c. in chapter 72, cold-formed or cold-finished, (not free-cutting)"
721590,6,7215,XV,"Iron or non-alloy steel; bars and rods, n.e.c. in chapter 72, n.e.c. in heading no. 7215"
7216,4,72,XV,"Iron or non-alloy steel, angles, shapes and sections"
721610,6,7216,XV,"Iron or non-alloy steel; U, I or H sections, hot-rolled, hot-drawn or extruded, of a height of less than 80mm"
721621,6,7216,XV,"Iron or non-alloy steel; L sections, hot-rolled, hot-drawn or extruded, of a height of less than 80mm"
721622,6,7216,XV,"Iron or non-alloy steel; T sections, hot-rolled, hot-drawn or extruded, of a height less than 80mm"
721631,6,7216,XV,"Iron or non-alloy steel; U sections, hot-rolled, hot-drawn or extruded, of a height of 80mm or more"
721632,6,7216,XV,"Iron or non-alloy steel; I sections, hot-rolled, hot-drawn or extruded, of a height of 80mm or more"
721633,6,7216,XV,"Iron or non-alloy steel; H sections, hot-rolled, hot-drawn or extruded, of a height of 80mm or more"
721640,6,7216,XV,"Iron or non-alloy steel; L or T sections, hot-rolled, hot-drawn or extruded, of a height of 80mm or more"
721650,6,7216,XV,"Iron or non-alloy steel; angles, shapes and sections, n.e.c. in heading no. 7216, hot-rolled, hot-drawn or extruded"
721661,6,7216,XV,"Iron or non-alloy steel; angles, shapes and sections, cold-formed or cold-finished, obtained from flat-rolled products"
721669,6,7216,XV,"Iron or non-alloy steel; angles, shapes and sections, cold-formed or cold-finished, (not obtained from flat-rolled products)"
721691,6,7216,XV,"Iron or non-alloy steel; angles, shapes and sections, n.e.c. in heading no. 7216, cold-formed or cold-finished, from flat-rolled products"
721699,6,7216,XV,"Iron or non-alloy steel; angles, shapes and sections, n.e.c. in heading no. 7216"
7217,4,72,XV,Wire of iron or non-alloy steel
721710,6,7217,XV,"Iron or non-alloy steel; wire, (not plated or coated), whether or not polished"
721720,6,7217,XV,"Iron or non-alloy steel; wire, plated or coated with zinc"
721730,6,7217,XV,"Iron or non-alloy steel; wire, plated or coated with base metals (other than zinc)"
721790,6,7217,XV,"Iron or non-alloy steel; wire, n.e.c. in heading no. 7217"
7218,4,72,XV,Stainless steel in ingots or other primary forms; semi-finished products of stainless steel
721810,6,7218,XV,"Steel, stainless; ingots and other primary forms"
721891,6,7218,XV,"Steel, stainless; semi-finished products, of rectangular (other than square) cross-section"
721899,6,7218,XV,"Steel, stainless; semi-finished products, other than of rectangular cross-section"
7219,4,72,XV,Stainless steel; flat-rolled products of width of 600mm or more
721911,6,7219,XV,"Steel, stainless; flat-rolled, width 600mm or more, hot-rolled, in coils, of a thickness exceeding 10mm"
721912,6,7219,XV,"Steel, stainless; flat-rolled, width 600mm or more, hot-rolled, in coils, of a thickness of 4.75mm or more but not exceeding 10mm"
721913,6,7219,XV,"Steel, stainless; flat-rolled, width 600mm or more, hot-rolled, in coils, of a thickness of 3mm or more but less than 4.75mm"
721914,6,7219,XV,"Steel, stainless; flat-rolled, width 600mm or more, hot-rolled, in coils, of a thickness of less than 3mm"
721921,6,7219,XV,"Steel, stainless; flat-rolled, width 600mm or more, hot-rolled, (not in coils), of a thickness exceeding 10mm"
721922,6,7219,XV,"Steel, stainless; flat-rolled, width 600mm or more, hot-rolled, (not in coils), of a thickness of 4.75mm or more but not exceeding 10mm"
721923,6,7219,XV,"Steel, stainless; flat-rolled, width 600mm or more, hot-rolled, (not in coils), of a thickness of 3mm or more but less than 4.75mm"
721924,6,7219,XV,"Steel, stainless; flat-rolled, width 600mm or more, hot-rolled, (not in coils), of a thickness of less than 3mm"
721931,6,7219,XV,"Steel, stainless; flat-rolled, width 600mm or more, cold-rolled or cold-reduced, of a thickness of 4.75mm or more"
721932,6,7219,XV,"Steel, stainless; flat-rolled, width 600mm or more, cold-rolled, of a thickness of 3mm or more but less than 4.75mm"
721933,6,7219,XV,"Steel, stainless; flat-rolled, width 600mm or more, cold-rolled, of a thickness exceeding 1mm but less than 3mm"
721934,6,7219,XV,"Steel, stainless; flat-rolled, width 600mm or more, cold-rolled, of a thickness of 0.5mm or more but not exceeding 1mm"
721935,6,7219,XV,"Steel, stainless; flat-rolled, width 600mm or more, cold-rolled, of a thickness of less than 0.5mm"
721990,6,7219,XV,"Steel, stainless; flat-rolled, width 600mm or more, n.e.c. in heading no. 7219"
7220,4,72,XV,Stainless steel; flat-rolled products of width less than 600mm
722011,6,7220,XV,"Steel, stainless; flat-rolled, width less than 600mm, hot-rolled, of a thickness of 4.75mm or more"
722012,6,7220,XV,"Steel, stainless; flat-rolled, width less than 600mm, hot-rolled, of a thickness of less than 4.75mm"
722020,6,7220,XV,"Steel, stainless; flat-rolled, width less than 600mm, cold-rolled"
722090,6,7220,XV,"Steel, stainless; flat-rolled, width less than 600mm, n.e.c. in heading no 7220"
7221,4,72,XV,"Stainless steel bars and rods, hot-rolled, in irregularly wound coils"
722100,6,7221,XV,"Steel, stainless; bars and rods, hot-rolled, in irregularly wound coils"
7222,4,72,XV,"Stainless steel bars and rods, angles, shapes and sections"
722211,6,7222,XV,"Steel, stainless; bars and rods, hot-rolled, hot-drawn or extruded, of circular cross-section"
722219,6,7222,XV,"Steel, stainless; bars and rods, hot-rolled, hot-drawn or extruded, other than of circular cross-section"
722220,6,7222,XV,"Steel, stainless; bars and rods, cold-formed or cold-finished"
722230,6,7222,XV,"Steel, stainless; bars and rods, n.e.c. in heading no. 7222"
722240,6,7222,XV,"Steel, stainless; angles, shapes and sections"
7223,4,72,XV,Stainless steel wire
722300,6,7223,XV,"Steel, stainless; wire"
7224,4,72,XV,"Alloy steel in ingots or other primary forms, semi-finished products of other alloy steel"
722410,6,7224,XV,"Steel, alloy; ingots and other primary forms"
722490,6,7224,XV,"Steel, alloy; semi-finished products"
7225,4,72,XV,"Alloy steel flat-rolled products, of a width 600mm or more"
722511,6,7225,XV,"Steel, alloy; flat-rolled, width 600mm or more, of silicon-electrical steel, grain-oriented"
722519,6,7225,XV,"Steel, alloy; flat-rolled, width 600mm or more, of silicon-electrical steel, (other than grain-oriented)"
722530,6,7225,XV,"Steel, alloy; flat-rolled, width 600mm or more, hot-rolled, in coils"
722540,6,7225,XV,"Steel, alloy; flat-rolled, width 600mm or more, hot-rolled, not in coils"
722550,6,7225,XV,"Steel, alloy; flat-rolled, width 600mm or more, cold-rolled"
722591,6,7225,XV,"Steel, alloy; flat-rolled, width 600mm or more, n.e.c. in heading no. 7225, electrolytically plated or coated with zinc"
722592,6,7225,XV,"Steel, alloy; flat-rolled, width 600mm or more, n.e.c. in heading no. 7225, plated or coated with zinc (other than electrolytically)"
722599,6,7225,XV,"Steel, alloy; flat-rolled, width 600mm or more, n.e.c. in heading no. 7225, (other than plated or coated with zinc)"
7226,4,72,XV,"Alloy steel flat-rolled products, of a width of less than 600mm"
722611,6,7226,XV,"Steel, alloy; flat-rolled, width less than 600mm, of silicon-electrical steel, grain-oriented"
722619,6,7226,XV,"Steel, alloy; flat-rolled, width less than 600mm, of silicon-electrical steel, other than grain-oriented"
722620,6,7226,XV,"Steel, alloy; flat-rolled, width less than 600mm, of high speed steel"
722691,6,7226,XV,"Steel, alloy; flat-rolled, width less than 600mm, (excluding silicon-electrical or high speed steel), hot-rolled"
722692,6,7226,XV,"Steel, alloy; flat-rolled, width less than 600mm, (excluding silicon-electrical or high speed steel), cold-rolled"
722699,6,7226,XV,"Steel, alloy; flat-rolled, width less than 600mm, n.e.c. in item no. 7226.9"
7227,4,72,XV,"Steel, alloy; bars and rods, hot-rolled, in irregularly wound coils"
722710,6,7227,XV,"Steel, alloy; bars and rods, hot-rolled, in irregularly wound coils, of high speed steel"
722720,6,7227,XV,"Steel, alloy; bars and rods, hot-rolled, in irregularly wound coils, of silico-manganese steel"
722790,6,7227,XV,"Steel, alloy; bars and rods, hot-rolled, in irregularly wound coils, n.e.c. in heading no. 7227"
7228,4,72,XV,"Alloy steel bars, rods, shapes and sections; hollow drill bars and rods, of alloy or non-alloy steel"
722810,6,7228,XV,"Steel, alloy; bars and rods, of high speed steel"
722820,6,7228,XV,"Steel, alloy; bars and rods, of silico-manganese steel"
722830,6,7228,XV,"Steel, alloy; bars and rods, hot-rolled, hot-drawn or extruded"
722840,6,7228,XV,"Steel, alloy; bars and rods, forged"
722850,6,7228,XV,"Steel, alloy; bars and rods, cold-formed or cold-finished"
722860,6,7228,XV,"Steel, alloy; bars and rods n.e.c. in heading no. 7228"
722870,6,7228,XV,"Steel, alloy; angles, shapes and sections"
722880,6,7228,XV,"Steel, alloy or non-alloy; hollow drill bars and rods"
7229,4,72,XV,Wire of other alloy steel
722920,6,7229,XV,"Steel, alloy; wire, of silico-manganese steel"
722990,6,7229,XV,"Steel, alloy; wire, of materials other than silico-manganese steel"
73,2,TOTAL,XV,Iron or steel articles
7301,4,73,XV,"Iron or steel sheet piling, whether or not drilled, punched or made from assembled elements; welded angles, shapes and sections, of iron or steel"
730110,6,7301,XV,"Iron or steel; sheet piling, whether or not drilled, punched or made from assembled elements"
730120,6,7301,XV,"Iron or steel; angles, shapes and sections, welded"
7302,4,73,XV,"Railway or tramway track constructions of iron or steel; rails, check and track rails, switch blades, crossing frogs, point rods, sleepers, fish-plates, chair wedges, sole plates, bedplates, ties and the like"
730210,6,7302,XV,"Iron or steel, railway or tramway track construction material; rails"
730230,6,7302,XV,"Iron or steel, railway or tramway track construction material; switch blades, crossing frogs, point rods and other crossing pieces"
730240,6,7302,XV,"Iron or steel, railway or tramway track construction material; fish-plates and sole plates"
730290,6,7302,XV,"Iron or steel, railway or tramway track construction material; n.e.c. in heading no. 7302"
7303,4,73,XV,"Tubes, pipes and hollow profiles, of cast iron"
730300,6,7303,XV,"Cast iron; tubes, pipes and hollow profiles"
7304,4,73,XV,"Tubes, pipes and hollow profiles, seamless, of iron (other than cast iron) or steel"
730411,6,7304,XV,"Iron or steel (excluding cast iron); seamless, line pipe of a kind used for oil or gas pipelines, of stainless steel"
730419,6,7304,XV,"Iron or steel (excluding cast iron or stainless steel); seamless, line pipe of a kind used for oil or gas pipelines"
730422,6,7304,XV,"Steel, stainless; seamless, drill pipe, of a kind used in drilling for oil or gas"
730423,6,7304,XV,"Iron or steel (excluding cast iron or stainless steel); seamless, drill pipe, of a kind used in drilling for oil or gas"
730424,6,7304,XV,"Steel, stainless; seamless, casing and tubing, of a kind used in drilling for oil or gas"
730429,6,7304,XV,"Iron or steel (excluding cast iron or stainless steel); seamless, casing and tubing, of a kind used in drilling for oil or gas"
730431,6,7304,XV,"Iron or non-alloy steel (excluding cast iron); seamless, cold-drawn or cold-rolled, tubes, pipes and hollow profiles of circular cross-section"
730439,6,7304,XV,"Iron or non-alloy steel (excluding cast iron); seamless, (excluding cold-drawn or cold-rolled), tubes, pipes and hollow profiles of circular cross-section"
730441,6,7304,XV,"Steel, stainless; cold-drawn or cold-rolled (cold-reduced), tubes and pipes of circular cross-section"
730449,6,7304,XV,"Steel, stainless; (excluding cold-drawn or cold-rolled), tubes pipes and hollow profiles of circular cross-section"
730451,6,7304,XV,"Steel, alloy (not stainless steel); seamless, cold-drawn or cold-rolled (cold-reduced), tubes, pipes and hollow profiles of circular cross-section"
730459,6,7304,XV,"Steel, alloy (not stainless steel); (excluding cold-drawn or cold-rolled), tubes, pipes and hollow profiles of circular cross-section"
730490,6,7304,XV,"Iron or steel (excluding cast iron); seamless, tubes, pipes and hollow profiles, seamless, n.e.c. in heading no. 7304"
7305,4,73,XV,"Iron or steel (excluding cast iron); tubes and pipes (e.g. welded, riveted or similarly closed), having circular cross-sections, external diameter of which exceeds 406.4mm, not seamless"
730511,6,7305,XV,"Iron or steel (excluding cast iron); line pipe of a kind used for oil or gas pipelines (not seamless), longitudinally submerged arc welded, having circular cross-sections, external diameter exceeds 406.4mm"
730512,6,7305,XV,"Iron or steel (excluding cast iron); line pipe of a kind used for oil or gas pipelines (not seamless), longitudinally welded (not submerged arc welded), having circular cross-sections, external diameter exceeds 406.4mm"
730519,6,7305,XV,"Iron or steel (excluding cast iron); line pipe of a kind used for oil or gas pipelines (not seamless), (not longitudinally welded), having circular cross-sections, external diameter exceeds 406.4mm"
730520,6,7305,XV,"Iron or steel (excluding cast iron); casing of a kind used in drilling for oil or gas (not seamless), having circular cross-sections, external diameter exceeds 406.4mm"
730531,6,7305,XV,"Iron or steel (excluding cast iron); tubes and pipes (other than line pipe or casing of a kind used for oil or gas pipelines), longitudinally welded, having circular cross-sections, external diameter exceeds 406.4mm, (not seamless)"
730539,6,7305,XV,"Iron or steel (excluding cast iron); tubes and pipes (other than line pipe or casing of a kind used for oil or gas pipelines), welded (not longitudinally welded), having circular cross-sections, external diameter exceeds 406.4mm, (not seamless)"
730590,6,7305,XV,"Iron or steel (excluding cast iron); tubes and pipes n.e.c. in heading no. 7305, having circular cross-sections, external diameter exceeds 406.4mm, (not seamless)"
7306,4,73,XV,"Iron or steel (excluding cast iron); tubes, pipes and hollow profiles (not seamless), n.e.c. in chapter 73"
730611,6,7306,XV,"Steel; stainless; line pipe of a kind used for oil or gas pipelines n.e.c. in chapter 73, welded, (not seamless)"
730619,6,7306,XV,"Iron or steel (excluding cast iron); line pipe of a kind used for oil or gas pipelines (other than of stainless steel or seamless), n.e.c. in chapter 73"
730621,6,7306,XV,"Steel, stainless; casing and tubing of a kind used in drilling for oil and gas, n.e.c. in chapter 73, welded, (not seamless)"
730629,6,7306,XV,"Iron or steel (excluding cast iron); casing and tubing of a kind used in drilling for oil and gas (other than stainless steel or seamless), n.e.c. in chapter 73"
730630,6,7306,XV,"Iron or non-alloy steel (excluding cast iron); tubes and pipes (not seamless), welded, of circular cross-section, n.e.c. in chapter 73"
730640,6,7306,XV,"Steel, stainless; tubes, pipes and hollow profiles, welded, of circular cross-section, n.e.c. in chapter 73"
730650,6,7306,XV,"Steel, alloy; tubes, pipes and hollow profiles (other than stainless steel or seamless), welded, of circular cross-section, n.e.c. in chapter 73"
730661,6,7306,XV,"Iron or steel (excluding cast iron); tubes, pipes and hollow profiles (not seamless), welded, of square or rectangular cross-section, n.e.c. in chapter 73"
730669,6,7306,XV,"Iron or steel (excluding cast iron); tubes, pipes and hollow profiles (not seamless), n.e.c. in chapter 73, welded, of non-circular cross-section (not square or rectangular cross-section)"
730690,6,7306,XV,"Iron or steel (excluding cast iron); tubes, pipes and hollow profiles (not seamless), n.e.c. in chapter 73"
7307,4,73,XV,"Tube or pipe fittings (e.g. couplings, elbows, sleeves), of iron or steel"
730711,6,7307,XV,"Cast iron; cast fittings, of non-malleable cast iron"
730719,6,7307,XV,"Iron or steel; cast fittings, other than of non-malleable cast iron"
730721,6,7307,XV,"Steel, stainless; tube or pipe fittings, flanges, of stainless steel"
730722,6,7307,XV,"Steel, stainless; tube or pipe fittings, threaded elbows, bends and sleeves"
730723,6,7307,XV,"Steel, stainless; tube or pipe fittings, butt welding fittings"
730729,6,7307,XV,"Steel, stainless; tube or pipe fittings, n.e.c. in item no. 7307.2"
730791,6,7307,XV,"Iron or steel; tube or pipe fittings, flanges, other than stainless steel"
730792,6,7307,XV,"Iron or steel; tube or pipe fittings, threaded elbows, bends and sleeves, other than stainless steel"
730793,6,7307,XV,"Iron or steel; tube or pipe fittings, butt welding fittings, other than stainless steel"
730799,6,7307,XV,"Iron or steel; tube or pipe fittings, n.e.c. in item no. 7307.9, other than stainless steel"
7308,4,73,XV,"Structures of iron or steel and parts thereof; plates, rods, angles, shapes, sections, tubes and the like, prepared for use in structures"
730810,6,7308,XV,"Iron or steel; structures and parts thereof, bridges and bridge-sections"
730820,6,7308,XV,"Iron or steel; structures and parts thereof, towers and lattice masts"
730830,6,7308,XV,"Iron or steel; structures and parts thereof, doors, windows and their frames and thresholds for doors"
730840,6,7308,XV,"Iron or steel; structures and parts thereof, props and similar equipment for scaffolding, shuttering or pit-propping"
730890,6,7308,XV,"Iron or steel; structures and parts thereof, n.e.c. in heading 7308"
7309,4,73,XV,"Reservoirs, tanks, vats and similar containers; for any material (excluding compressed or liquefied gas), of iron or steel, capacity exceeding 300l, whether or not lined or heat insulated"
730900,6,7309,XV,"Reservoirs, tanks, vats and similar containers; for any material (excluding compressed or liquefied gas), of iron or steel, capacity exceeding 300l, whether or not lined or heat insulated"
7310,4,73,XV,"Tanks, casks, drums, cans, boxes and similar containers, for any material (excluding compressed or liquefied gas), of iron or steel, capacity not exceeding 300l, whether or not lined or heat-insulated"
731010,6,7310,XV,"Tanks, casks, drums, cans, boxes and similar containers, for any material (excluding compressed or liquefied gas), 50l or more capacity but not exceeding 300l"
731021,6,7310,XV,"Cans; which are to be closed by soldering or crimping, for any material (excluding compressed or liquefied gas), less than 50l capacity, of iron or steel"
731029,6,7310,XV,"Tanks, casks, drums, boxes and similar containers for any material (excluding compressed or liquefied gas) less than 50l capacity, n.e.c. in item no. 7310.2, of iron or steel"
7311,4,73,XV,"Containers for compressed or liquefied gas, of iron or steel"
731100,6,7311,XV,"Containers for compressed or liquefied gas, of iron or steel"
7312,4,73,XV,"Stranded wire, ropes, cables, plaited bands, slings and the like, of iron or steel, not electrically insulated"
731210,6,7312,XV,"Iron or steel; stranded wire, ropes and cables, not electrically insulated"
731290,6,7312,XV,"Iron or steel; plaited bands, slings and the like, not electrically insulated"
7313,4,73,XV,"Barbed wire of iron or steel; twisted hoop or single flat wire, barbed or not and loosely twisted double wire, of a kind used for fencing, of iron or steel"
731300,6,7313,XV,"Iron of steel; barbed wire, twisted hoop or single flat wire and loosely twisted double wire, used for fencing"
7314,4,73,XV,"Cloth (including endless bands), grill, netting and fencing, of iron or steel wire; expanded metal of iron or steel"
731412,6,7314,XV,"Iron or steel; woven cloth, endless bands for machinery, of stainless steel"
731414,6,7314,XV,"Iron or steel; woven cloth, of stainless steel, (other than endless bands for machinery)"
731419,6,7314,XV,"Iron or steel; woven cloth, other than of stainless steel"
731420,6,7314,XV,"Iron or steel wire; grill, netting and fencing, welded at intersections, of wire with a maximum cross-sectional dimension of 3mm or more and mesh size 100cm2 or more"
731431,6,7314,XV,"Iron or steel wire; grill, netting and fencing, welded at the intersection, n.e.c. in item no. 7314.20, plated or coated with zinc"
731439,6,7314,XV,"Iron or steel wire; grill, netting and fencing, welded at the intersection, n.e.c. in item no. 7314.20, (other than plated or coated with zinc)"
731441,6,7314,XV,"Iron or steel wire; grill, netting and fencing, plated or coated with zinc"
731442,6,7314,XV,"Iron or steel wire; grill, netting and fencing, coated with plastic"
731449,6,7314,XV,"Iron or steel wire; grill, netting and fencing, coated with materials other than zinc or plastic"
731450,6,7314,XV,Iron or steel; expanded metal
7315,4,73,XV,"Chain and parts thereof, of iron or steel"
731511,6,7315,XV,"Chain; articulated link, roller, of iron or steel"
731512,6,7315,XV,"Chain; articulated link, (other than roller), of iron or steel"
731519,6,7315,XV,"Chain; articulated link parts, of iron or steel"
731520,6,7315,XV,"Chain; skid, articulated link chain and parts thereof, of iron or steel"
731581,6,7315,XV,"Chain; stud-link chain, of iron or steel"
731582,6,7315,XV,"Chain; welded link chain, of iron or steel"
731589,6,7315,XV,"Chain; n.e.c. in heading no. 7315, of iron or steel"
731590,6,7315,XV,"Chain; parts n.e.c. in heading no. 7315, of iron or steel"
7316,4,73,XV,"Anchors, grapnels and parts thereof, of iron or steel"
731600,6,7316,XV,"Iron or steel; anchors, grapnels and parts thereof"
7317,4,73,XV,"Nails, tacks, drawing pins, corrugated nails, staples (not those of heading no. 8305) and the like, of iron or steel, with heads of other material or not, but excluding articles with heads of copper"
731700,6,7317,XV,"Iron or steel; nails, tacks, drawing pins, corrugated nails, staples (not those of heading no. 8305) and the like, with heads of other material or not, but excluding articles with heads of copper"
7318,4,73,XV,"Screws, bolts, nuts, coach screws, screw hooks, rivets, cotters, cotter-pins, washers (including spring washers) and similar articles, of iron or steel"
731811,6,7318,XV,Iron or steel; threaded coach screws
731812,6,7318,XV,Iron or steel; threaded wood screws other than coach screws
731813,6,7318,XV,Iron or steel; threaded screw hooks and screw rings
731814,6,7318,XV,Iron or steel; threaded self-tapping screws
731815,6,7318,XV,"Iron or steel; threaded screws and bolts n.e.c. in item no. 7318.1, whether or not with their nuts or washers"
731816,6,7318,XV,Iron or steel; threaded nuts
731819,6,7318,XV,"Iron or steel; threaded screws, bolts and nuts n.e.c. in item no. 7318.1"
731821,6,7318,XV,Iron or steel; non-threaded spring washers and other lock washers
731822,6,7318,XV,"Iron or steel; non-threaded washers, excluding spring and lock"
731823,6,7318,XV,Iron or steel; non-threaded rivets
731824,6,7318,XV,Iron or steel; non-threaded cotters and cotter-pins
731829,6,7318,XV,"Iron or steel; non-threaded articles, n.e.c. in item no. 7318.2"
7319,4,73,XV,"Sewing and knitting needles, bodkins, crochet hooks, embroidery stilettos and similar articles, for use in the hand, of iron or steel; safety pins and other pins of iron or steel, not elsewhere specified or included"
731940,6,7319,XV,Safety pins and other pins; of iron or steel
731990,6,7319,XV,"Sewing and knitting needles, bodkins, crochet hooks, embroidery stilettos and similar articles, for use in the hand, not elsewhere specified or included, of iron or steel"
7320,4,73,XV,"Springs and leaves for springs, of iron or steel"
732010,6,7320,XV,Iron or steel; leaf-springs and leaves therefor
732020,6,7320,XV,Iron or steel; helical springs and leaves for springs
732090,6,7320,XV,Iron or steel; springs n.e.c. in heading no. 7320
7321,4,73,XV,"Stoves, ranges, grates, cookers (those with subsidiary boilers for central heating), barbecues, braziers, gas-rings, plate warmers and similar non-electric domestic appliances and parts, of iron or steel"
732111,6,7321,XV,"Cooking appliances and plate warmers; for gas fuel or for both gas and other fuels, of iron or steel"
732112,6,7321,XV,"Cooking appliances and plate warmers; for liquid fuel, of iron or steel"
732119,6,7321,XV,"Cooking appliances and plate warmers; for solid fuel and fuels other than gas or liquid, of iron or steel"
732181,6,7321,XV,"Domestic appliances; non-electric, (other than cookers and plate warmers), for gas fuel or for both gas and other fuels, of iron or steel"
732182,6,7321,XV,"Domestic appliances; non-electric, (other than cookers and plate warmers), for liquid fuel, of iron or steel"
732189,6,7321,XV,"Domestic appliances; non-electric, (other than cookers and plate warmers), for solid fuel and fuels other than gas or liquid, of iron or steel"
732190,6,7321,XV,"Domestic appliances; non-electric, parts thereof, of iron or steel"
7322,4,73,XV,"Radiators for central heating, not electrically heated and parts thereof, of iron or steel; air heaters, hot air distributors not electrically heated, with motor fan or blower"
732211,6,7322,XV,"Radiators and parts thereof; for central heating, (not electrically heated), of cast iron"
732219,6,7322,XV,"Radiators and parts thereof; for central heating, (not electrically heated), of iron or steel other than cast iron"
732290,6,7322,XV,"Air heaters and hot air distributors, (not electrically heated), incorporating a motor-driven fan or blower and parts thereof, of iron or steel"
7323,4,73,XV,"Table, kitchen, other household articles and parts, of iron or steel; iron or steel wool; pot scourers and scouring or polishing pads, gloves and the like, of iron or steel"
732310,6,7323,XV,"Iron or steel; wool, pot scourers and scouring or polishing pads, gloves and the like"
732391,6,7323,XV,"Cast iron; table, kitchen and other household articles and parts thereof, of cast iron, not enamelled"
732392,6,7323,XV,"Cast iron; table, kitchen and other household articles and parts thereof, of cast iron, enamelled"
732393,6,7323,XV,"Steel, stainless; table, kitchen and other household articles and parts thereof"
732394,6,7323,XV,"Iron (excluding cast) or steel; table, kitchen and other household articles and parts thereof, enamelled"
732399,6,7323,XV,"Iron or steel; table, kitchen and other household articles and parts thereof, of iron or steel n.e.c. in heading no. 7323"
7324,4,73,XV,"Sanitary ware and parts thereof, of iron or steel"
732410,6,7324,XV,"Steel; sinks and wash basins, of stainless steel"
732421,6,7324,XV,"Cast iron, baths, whether or not enamelled"
732429,6,7324,XV,Iron (other than cast) or steel; baths
732490,6,7324,XV,"Iron or steel; sanitary ware and parts thereof, excluding sinks, wash basins and baths"
7325,4,73,XV,Iron or steel; cast articles
732510,6,7325,XV,Iron; articles of non-malleable cast iron
732591,6,7325,XV,"Iron; grinding balls and similar articles for mills, other than of non-malleable cast iron"
732599,6,7325,XV,"Iron or steel; cast articles, excluding grinding balls and similar articles for mills, other than of non-malleable cast iron"
7326,4,73,XV,"Iron or steel; articles, n.e.c. in chapter 73"
732611,6,7326,XV,"Iron or steel; grinding balls and similar articles for mills, forged or stamped, but not further worked"
732619,6,7326,XV,"Iron or steel; articles n.e.c. in item no. 7326.11, forged or stamped, but not further worked"
732620,6,7326,XV,Iron or steel; wire articles
732690,6,7326,XV,Iron or steel; articles n.e.c. in heading 7326
74,2,TOTAL,XV,Copper and articles thereof
7401,4,74,XV,Copper mattes; cement copper (precipitated copper)
740100,6,7401,XV,Copper mattes; cement copper (precipitated copper)
7402,4,74,XV,"Copper; unrefined, copper anodes for electrolytic refining"
740200,6,7402,XV,"Copper; unrefined, copper anodes for electrolytic refining"
7403,4,74,XV,"Copper; refined and copper alloys, unwrought"
740311,6,7403,XV,"Copper; refined, unwrought, cathodes and sections of cathodes"
740312,6,7403,XV,"Copper; refined, unwrought, wire-bars"
740313,6,7403,XV,"Copper; refined, unwrought, billets"
740319,6,7403,XV,"Copper; refined, unwrought, n.e.c. in item no. 7403.1"
740321,6,7403,XV,Copper; copper-zinc base alloys (brass) unwrought
740322,6,7403,XV,Copper; copper-tin base alloys (bronze) unwrought
740329,6,7403,XV,Copper; copper alloys n.e.c. in heading no. 7403 (other than master alloys of heading no. 7405)
7404,4,74,XV,Copper; waste and scrap
740400,6,7404,XV,Copper; waste and scrap
7405,4,74,XV,Copper; master alloys
740500,6,7405,XV,Copper; master alloys of copper
7406,4,74,XV,Copper; powders and flakes
740610,6,7406,XV,Copper; powders of non-lamellar structure
740620,6,7406,XV,"Copper; powders of lamellar structure, flakes"
7407,4,74,XV,"Copper; bars, rods and profiles"
740710,6,7407,XV,"Copper; bars, rods and profiles, of refined copper"
740721,6,7407,XV,"Copper; bars, rods and profiles, of copper-zinc base alloys (brass)"
740729,6,7407,XV,"Copper; bars, rods and profiles, of copper alloys (other than copper-zinc base alloys)"
7408,4,74,XV,Copper wire
740811,6,7408,XV,"Copper; wire, of refined copper, of which the maximum cross-sectional dimension exceeds 6mm"
740819,6,7408,XV,"Copper; wire, of refined copper, of which the maximum cross-sectional dimension is 6mm or less"
740821,6,7408,XV,"Copper; wire, of copper-zinc base alloys (brass)"
740822,6,7408,XV,"Copper; wire, of copper-nickel base alloys (cupro-nickel) or copper-nickel-zinc base alloys (nickel silver)"
740829,6,7408,XV,"Copper; wire, of copper alloys (other than copper-zinc base alloys, copper-nickel base alloys or copper-nickel-zinc base alloys)"
7409,4,74,XV,"Copper plates, sheets and strip; of a thickness exceeding 0.15mm"
740911,6,7409,XV,"Copper; strip, of a thickness exceeding 0.15mm, of refined copper, in coils"
740919,6,7409,XV,"Copper; plates and sheets, of a thickness exceeding 0.15mm, of refined copper, not in coils"
740921,6,7409,XV,"Copper; strip, of a thickness exceeding 0.15mm, of copper-zinc base alloys (brass), in coils"
740929,6,7409,XV,"Copper; plates and sheets, of a thickness exceeding 0.15mm, of copper-zinc base alloys (brass), not in coils"
740931,6,7409,XV,"Copper; strip, of a thickness exceeding 0.15mm, of copper-tin base alloys (bronze), in coils"
740939,6,7409,XV,"Copper; plates and sheets, of a thickness exceeding 0.15mm, of copper-tin base alloys, not in coils"
740940,6,7409,XV,"Copper; plates, sheets and strip, of a thickness exceeding 0.15mm, of copper-nickel base alloys (cupro-nickel) or copper-nickel-zinc base alloys (nickel silver)"
740990,6,7409,XV,"Copper; plates, sheets and strip, of a thickness exceeding 0.15mm, of copper alloys (other than copper-zinc base alloys, copper-tin base alloys, copper-nickel base alloys or copper-nickel-zinc base alloys)"
7410,4,74,XV,"Copper foil (whether or not printed or backed with paper, paperboard, plastics or similar backing materials) of a thickness (excluding any backing) not exceeding 0.15mm"
741011,6,7410,XV,"Copper; foil, not backed, of a thickness not exceeding 0.15mm, of refined copper"
741012,6,7410,XV,"Copper; foil, not backed, of a thickness not exceeding 0.15mm, of copper alloys"
741021,6,7410,XV,"Copper; foil, backed with paper, paperboard, plastics or similar backing material, of a thickness (excluding any backing) not exceeding 0.15mm, of refined copper"
741022,6,7410,XV,"Copper; foil, backed with paper, paperboard, plastics or similar backing material, of a thickness (excluding any backing) not exceeding 0.15mm, of copper alloys"
7411,4,74,XV,Copper tubes and pipes
741110,6,7411,XV,"Copper; tubes and pipes, of refined copper"
741121,6,7411,XV,"Copper; tubes and pipes, of copper-zinc base alloys (brass)"
741122,6,7411,XV,"Copper; tubes and pipes, of copper-nickel base alloys (cupro-nickel) or copper-nickel-zinc base alloys (nickel silver)"
741129,6,7411,XV,"Copper; tubes and pipes, of copper alloys (other than copper-zinc, copper-nickel base alloys (cupro-nickel) or copper-nickel-zinc base alloys (nickel-silver))"
7412,4,74,XV,"Copper; tube or pipe fittings (e.g. couplings, elbows, sleeves)"
741210,6,7412,XV,"Copper; tube or pipe fittings (e.g. couplings, elbows, sleeves) of refined copper"
741220,6,7412,XV,"Copper; tube or pipe fittings (e.g. couplings, elbows, sleeves) of copper alloys"
7413,4,74,XV,"Copper; stranded wire, cables, plaited bands and the like, not electrically insulated"
741300,6,7413,XV,"Copper; stranded wire, cables, plaited bands and the like, not electrically insulated"
7415,4,74,XV,"Copper, nails, tacks, drawing pins, staples (not those of heading no. 8305) and the like, of copper or iron or steel with heads of copper; screws bolts, nuts, screws hooks, rivets, cotters, washers"
741510,6,7415,XV,"Copper; nails and tacks, drawing pins, staples and similar articles of copper, or of iron or steel with copper heads"
741521,6,7415,XV,"Copper; washers, (including spring washers), not threaded"
741529,6,7415,XV,"Copper; rivets, cotters, cotter-pins and similar articles, not threaded"
741533,6,7415,XV,"Copper; screws, bolts and nuts, threaded"
741539,6,7415,XV,Copper; articles n.e.c. in heading no. 7415
7418,4,74,XV,"Copper; table, kitchen or other household articles and parts thereof; pot scourers, scouring, polishing pads, gloves and the like; sanitary ware and parts thereof"
741810,6,7418,XV,"Copper; table, kitchen or other household articles and parts thereof; pot scourers and scouring or polishing pads, gloves and the like"
741820,6,7418,XV,Copper; sanitary ware and parts thereof
7419,4,74,XV,Copper; articles thereof n.e.c. in chapter 74
741920,6,7419,XV,"Copper; cast, moulded, stamped or forged, but not further worked"
741980,6,7419,XV,Copper; articles thereof n.e.c. in chapter 74
75,2,TOTAL,XV,Nickel and articles thereof
7501,4,75,XV,Nickel mattes; nickel oxide sinters and other intermediate products of nickel metallurgy
750110,6,7501,XV,Nickel; nickel mattes
750120,6,7501,XV,Nickel; oxide sinters and other intermediate products of nickel metallurgy
7502,4,75,XV,Nickel; unwrought
750210,6,7502,XV,"Nickel; unwrought, not alloyed"
750220,6,7502,XV,"Nickel; unwrought, alloys"
7503,4,75,XV,Nickel; waste and scrap
750300,6,7503,XV,Nickel; waste and scrap
7504,4,75,XV,Nickel; powders and flakes
750400,6,7504,XV,Nickel; powders and flakes
7505,4,75,XV,"Nickel; bars, rods, profiles and wire"
750511,6,7505,XV,"Nickel; bars, rods and profiles, not alloyed"
750512,6,7505,XV,"Nickel; bars, rods and profiles, of nickel alloys"
750521,6,7505,XV,"Nickel; wire, not alloyed"
750522,6,7505,XV,"Nickel; wire, of nickel alloys"
7506,4,75,XV,"Nickel; plates, sheets, strip and foil"
750610,6,7506,XV,"Nickel; plates, sheets, strip and foil, not alloyed"
750620,6,7506,XV,"Nickel; plates, sheets, strip and foil, of nickel alloys"
7507,4,75,XV,"Nickel; tubes, pipes and tube or pipe fittings (e.g. couplings, elbows, sleeves)"
750711,6,7507,XV,"Nickel; tubes and pipes, not alloyed"
750712,6,7507,XV,"Nickel; tubes and pipes, of nickel alloys"
750720,6,7507,XV,Nickel; tube and pipe fittings
7508,4,75,XV,Nickel; articles thereof n.e.c. in chapter 75
750810,6,7508,XV,"Nickel; cloth, grill and netting, of nickel wire"
750890,6,7508,XV,Nickel; articles thereof n.e.c. in item no. 7508.1
76,2,TOTAL,XV,Aluminium and articles thereof
7601,4,76,XV,Aluminium; unwrought
760110,6,7601,XV,"Aluminium; unwrought, (not alloyed)"
760120,6,7601,XV,"Aluminium; unwrought, alloys"
7602,4,76,XV,Aluminium; waste and scrap
760200,6,7602,XV,Aluminium; waste and scrap
7603,4,76,XV,Aluminium; powders and flakes
760310,6,7603,XV,Aluminium; powders of non-lamellar structure
760320,6,7603,XV,"Aluminium; powders of lamellar structure, flakes"
7604,4,76,XV,"Aluminium; bars, rods and profiles"
760410,6,7604,XV,"Aluminium; (not alloyed), bars, rods and profiles"
760421,6,7604,XV,"Aluminium; alloys, hollow profiles"
760429,6,7604,XV,"Aluminium; alloys, bars, rods and profiles, other than hollow"
7605,4,76,XV,Aluminium wire
760511,6,7605,XV,"Aluminium; (not alloyed), wire, maximum cross-sectional dimension exceeds 7mm"
760519,6,7605,XV,"Aluminium; (not alloyed), wire, maximum cross-sectional dimension is 7mm or less"
760521,6,7605,XV,"Aluminium; alloys, wire, maximum cross-sectional dimension exceeding 7mm"
760529,6,7605,XV,"Aluminium; alloys, wire, maximum cross-sectional dimension is 7mm or less"
7606,4,76,XV,"Aluminium; plates, sheets and strip, thickness exceeding 0.2mm"
760611,6,7606,XV,"Aluminium; plates, sheets and strip, thickness exceeding 0.2mm, (not alloyed), rectangular (including square)"
760612,6,7606,XV,"Aluminium; plates, sheets and strip, thickness exceeding 0.2mm, alloys, rectangular (including square)"
760691,6,7606,XV,"Aluminium; plates, sheets and strip, thickness exceeding 0.2mm, not alloyed, (not rectangular or square)"
760692,6,7606,XV,"Aluminium; plates, sheets and strip, thickness exceeding 0.2mm, alloys, (not rectangular or square)"
7607,4,76,XV,"Aluminium foil (whether or not printed or backed with paper, paperboard, plastics or similar backing materials) of a thickness (excluding any backing) not exceeding 0.2mm"
760711,6,7607,XV,"Aluminium; foil, (not backed), rolled (but not further worked), of a thickness not exceeding 0.2mm"
760719,6,7607,XV,"Aluminium; foil, (not backed), of a thickness not exceeding 0.2mm, not rolled"
760720,6,7607,XV,"Aluminium; foil, backed with paper, paperboard, plastics or similar backing materials, of a thickness (excluding any backing) not exceeding 0.2mm"
7608,4,76,XV,Aluminium; tubes and pipes
760810,6,7608,XV,"Aluminium; tubes and pipes, not alloyed"
760820,6,7608,XV,"Aluminium; tubes and pipes, alloys"
7609,4,76,XV,"Aluminium; tube or pipe fittings (e.g. couplings, elbows, sleeves)"
760900,6,7609,XV,"Aluminium; tube or pipe fittings (e.g. couplings, elbows, sleeves)"
7610,4,76,XV,"Aluminium; structures (excluding prefabricated buildings of heading no. 9406) and parts (e.g. bridges and sections, towers, lattice masts, etc) plates, rods, profiles and tubes for structures"
761010,6,7610,XV,"Aluminium; structures (excluding prefabricated buildings of heading no. 9406) and parts of structures, doors, windows and their frames and thresholds for doors"
761090,6,7610,XV,"Aluminium; structures (excluding prefabricated buildings of heading no. 9406) and parts of structures, n.e.c. in heading no. 7610, plates, rods, profiles, tubes and the like"
7611,4,76,XV,"Aluminium; reservoirs, tanks, vats and the like for material (not compressed or liquefied gas) of capacity over 300l, whether or not lined, heat-insulated, not fitted with mechanical, thermal equipment"
761100,6,7611,XV,"Aluminium; reservoirs, tanks, vats and similar containers, for material (not compressed or liquefied gas), of a capacity over 300l, whether or not lined, not fitted with mechanical/thermal equipment"
7612,4,76,XV,"Aluminium casks, drums, cans, boxes etc (including rigid, collapsible tubular containers), for materials other than compressed, liquefied gas, 300l capacity or less, lined, heat-insulated or not"
761210,6,7612,XV,"Aluminium; collapsible tubular containers, for any material, (not compressed or liquefied gas), 300l capacity or less, whether or not lined, not fitted with mechanical/thermal equipment"
761290,6,7612,XV,"Aluminium; casks, drums, cans, boxes and the like for any material (not compressed or liquefied gas), 300l capacity or less, whether or not lined or heat-insulated, no mechanical or thermal equipment"
7613,4,76,XV,Aluminium; containers for compressed or liquefied gas
761300,6,7613,XV,Aluminium; containers for compressed or liquefied gas
7614,4,76,XV,"Aluminium; stranded wire, cables, plaited bands and the like, (not electrically insulated)"
761410,6,7614,XV,"Aluminium; stranded wire, cables, plaited bands and the like, (not electrically insulated), with steel core"
761490,6,7614,XV,"Aluminium; stranded wire, cables, plaited bands and the like, (not electrically insulated), other than steel core"
7615,4,76,XV,"Aluminium; table, kitchen or other household articles and parts thereof, pot scourers and scouring or polishing pads, gloves and the like, sanitary ware and parts thereof"
761510,6,7615,XV,"Aluminium; table, kitchen or other household articles and parts thereof; pot scourers and scouring or polishing pads, gloves and the like"
761520,6,7615,XV,Aluminium; sanitary ware and parts thereof
7616,4,76,XV,Aluminium; articles n.e.c. in chapter 76
761610,6,7616,XV,"Aluminium; nails, tacks, staples (other than those of heading no. 8305), screws, bolts, nuts, screw hooks, rivets, cotters, cotter-pins, washers and similar articles"
761691,6,7616,XV,"Aluminium; cloth, grill, netting and fencing, of aluminium wire"
761699,6,7616,XV,Aluminium; articles n.e.c. in heading 7616
78,2,TOTAL,XV,Lead and articles thereof
7801,4,78,XV,Lead; unwrought
780110,6,7801,XV,"Lead; unwrought, refined"
780191,6,7801,XV,"Lead; unwrought, unrefined, containing by weight antimony as the principal other element"
780199,6,7801,XV,"Lead; unwrought, unrefined, not containing by weight antimony as the principal other element"
7802,4,78,XV,Lead; waste and scrap
780200,6,7802,XV,Lead; waste and scrap
7804,4,78,XV,"Lead; plates, sheets, strip and foil, lead powders and flakes"
780411,6,7804,XV,"Lead; sheets, strip and foil, of a thickness (excluding any backing) not exceeding 0.2mm"
780419,6,7804,XV,"Lead; plates, sheets, strip and foil, of a thickness (excluding any backing) exceeding 0.2mm"
780420,6,7804,XV,Lead; powders and flakes
7806,4,78,XV,Lead; articles n.e.c. in chapter 78
780600,6,7806,XV,Lead; articles n.e.c. in chapter 78
79,2,TOTAL,XV,Zinc and articles thereof
7901,4,79,XV,Zinc; unwrought
790111,6,7901,XV,"Zinc; unwrought, (not alloyed), containing by weight 99.99% or more of zinc"
790112,6,7901,XV,"Zinc; unwrought, (not alloyed), containing by weight less than 99.99% of zinc"
790120,6,7901,XV,"Zinc; unwrought, alloys"
7902,4,79,XV,Zinc; waste and scrap
790200,6,7902,XV,Zinc; waste and scrap
7903,4,79,XV,"Zinc; dust, powders and flakes"
790310,6,7903,XV,Zinc dust
790390,6,7903,XV,Zinc; powders and flakes
7904,4,79,XV,"Zinc; bars, rods, profiles and wire"
790400,6,7904,XV,"Zinc; bars, rods, profiles and wire"
7905,4,79,XV,"Zinc; plates, sheets, strip and foil"
790500,6,7905,XV,"Zinc; plates, sheets, strip and foil"
7907,4,79,XV,Zinc; articles n.e.c. in chapter 79
790700,6,7907,XV,Zinc; articles n.e.c. in chapter 79
80,2,TOTAL,XV,Tin; articles thereof
8001,4,80,XV,Tin; unwrought
800110,6,8001,XV,"Tin; unwrought, not alloyed"
800120,6,8001,XV,"Tin; unwrought, alloys"
8002,4,80,XV,Tin; waste and scrap
800200,6,8002,XV,Tin; waste and scrap
8003,4,80,XV,"Tin; bars, rods, profiles and wire"
800300,6,8003,XV,"Tin; bars, rods, profiles and wire"
8007,4,80,XV,Tin; articles n.e.c. in chapter 80
800700,6,8007,XV,Tin; articles n.e.c. in chapter 80
81,2,TOTAL,XV,"Metals; n.e.c., cermets and articles thereof"
8101,4,81,XV,"Tungsten (wolfram); articles thereof, including waste and scrap"
810110,6,8101,XV,"Tungsten (wolfram); articles thereof, including waste and scrap, powders"
810194,6,8101,XV,"Tungsten (wolfram); unwrought, including bars and rods obtained simply by sintering"
810196,6,8101,XV,Tungsten (wolfram); wire
810197,6,8101,XV,Tungsten (wolfram); waste and scrap
810199,6,8101,XV,Tungsten (wolfram); articles n.e.c. in heading no. 8101
8102,4,81,XV,"Molybdenum; articles thereof, including waste and scrap"
810210,6,8102,XV,"Molybdenum; articles thereof, including waste and scrap, powders"
810294,6,8102,XV,"Molybdenum; unwrought, including bars and rods obtained simply by sintering"
810295,6,8102,XV,"Molybdenum; bars and rods, other than those obtained simply by sintering, profiles, plates, sheets, strip and foil"
810296,6,8102,XV,Molybdenum; wire
810297,6,8102,XV,Molybdenum; waste and scrap
810299,6,8102,XV,Molybdenum; articles n.e.c. in heading no. 8102
8103,4,81,XV,"Tantalum; articles thereof, including waste and scrap"
810320,6,8103,XV,"Tantalum; unwrought, including bars and rods obtained simply by sintering, powders"
810330,6,8103,XV,Tantalum; waste and scrap
810391,6,8103,XV,Tantalum; crucibles
810399,6,8103,XV,Tantalum; articles n.e.c. in heading no. 8103
8104,4,81,XV,"Magnesium; articles thereof, including waste and scrap"
810411,6,8104,XV,"Magnesium; unwrought, containing at least 99.8% by weight of magnesium"
810419,6,8104,XV,"Magnesium; unwrought, containing less than 99.8% by weight of magnesium"
810420,6,8104,XV,Magnesium; waste and scrap
810430,6,8104,XV,"Magnesium; raspings, turnings and granules, graded according to size, powders"
810490,6,8104,XV,Magnesium; articles n.e.c. in heading no. 8104
8105,4,81,XV,"Cobalt; mattes and other intermediate products of cobalt metallurgy, cobalt and articles thereof, including waste and scrap"
810520,6,8105,XV,"Cobalt; mattes and other intermediate products of cobalt metallurgy, unwrought cobalt, powders"
810530,6,8105,XV,Cobalt; waste and scrap
810590,6,8105,XV,Cobalt; articles n.e.c. in heading no. 8105
8106,4,81,XV,"Bismuth; articles thereof, including waste and scrap"
810610,6,8106,XV,"Bismuth; articles thereof, including waste and scrap, containing more than 99.99% of bismuth, by weight"
810690,6,8106,XV,"Bismuth; including articles n.e.c. in heading 8106, including waste and scrap, containing less than or equal to 99.99% of bismuth, by weight"
8108,4,81,XV,"Titanium; articles thereof, including waste and scrap"
810820,6,8108,XV,"Titanium; unwrought, powders"
810830,6,8108,XV,Titanium; waste and scrap
810890,6,8108,XV,"Titanium; other than unwrought, n.e.c. in heading no. 8108"
8109,4,81,XV,"Zirconium; articles thereof, including waste and scrap"
810921,6,8109,XV,"Zirconium; unwrought, powders, containing less than 1 part hafnium to 500 parts zirconium by weight"
810929,6,8109,XV,"Zirconium; unwrought, powders, containing not less than 1 part hafnium to 500 parts zirconium by weight"
810931,6,8109,XV,"Zirconium; waste and scrap, containing less than 1 part hafnium to 500 parts zirconium by weight"
810939,6,8109,XV,"Zirconium; waste and scrap, containing not less than 1 part hafnium to 500 parts zirconium by weight"
810991,6,8109,XV,"Zirconium; other than unwrought, n.e.c. in heading no. 8109, containing less than 1 part hafnium to 500 parts zirconium by weight"
810999,6,8109,XV,"Zirconium; other than unwrought, n.e.c. in heading no. 8109, containing not less than 1 part hafnium to 500 parts zirconium by weight"
8110,4,81,XV,"Antimony; articles thereof, including waste and scrap"
811010,6,8110,XV,"Antimony and articles thereof; unwrought antimony, powders"
811020,6,8110,XV,Antimony; waste and scrap
811090,6,8110,XV,"Antimony and articles thereof; wrought, other than waste and scrap"
8111,4,81,XV,"Manganese; articles thereof, including waste and scrap"
811100,6,8111,XV,"Manganese; articles thereof, including waste and scrap"
8112,4,81,XV,"Beryllium, chromium, hafnium, rhenium, thallium, cadmium, germanium, vanadium, gallium, indium and niobium (columbium), articles of these metals, including waste and scrap"
811212,6,8112,XV,"Beryllium and articles thereof; unwrought beryllium, powders"
811213,6,8112,XV,Beryllium; waste and scrap
811219,6,8112,XV,Beryllium and articles thereof; wrought other than waste and scrap
811221,6,8112,XV,"Chromium and articles thereof; unwrought chromium, powders"
811222,6,8112,XV,Chromium; waste and scrap
811229,6,8112,XV,Chromium and articles thereof; wrought other than waste and scrap
811231,6,8112,XV,"Hafnium and articles thereof; unwrought, powders, waste and scrap"
811239,6,8112,XV,"Hafnium and articles thereof; wrought, other than powders, waste and scrap"
811241,6,8112,XV,"Rhenium and articles thereof; unwrought, powders, waste and scrap"
811249,6,8112,XV,"Rhenium and articles thereof; wrought, other than powders, waste and scrap"
811251,6,8112,XV,"Thallium and articles thereof; unwrought thallium, powders"
811252,6,8112,XV,Thallium; waste and scrap
811259,6,8112,XV,"Thallium and articles thereof; other than unwrought thallium, powders or waste and scrap"
811261,6,8112,XV,Cadmium; waste and scrap
811269,6,8112,XV,Cadmium; other than waste and scrap
811292,6,8112,XV,"Gallium, germanium, indium, niobium (columbium) and vanadium; articles thereof, unwrought, including waste and scrap, powders"
811299,6,8112,XV,"Gallium, germanium, indium, niobium (columbium) and vanadium; articles thereof, other than unwrought including waste and scrap and powders"
8113,4,81,XV,"Cermets; articles thereof, including waste and scrap"
811300,6,8113,XV,"Cermets; articles thereof, including waste and scrap"
82,2,TOTAL,XV,"Tools, implements, cutlery, spoons and forks, of base metal; parts thereof, of base metal"
8201,4,82,XV,"Tools, hand; spades, shovels, mattocks, picks, hoes, forks, rakes; axes, bill hooks etc; secateurs and pruners of any kind; scythes, sickles, hay knives, hedge shears, timber wedges and other tools used in agriculture, horticulture, forestry"
820110,6,8201,XV,"Tools, hand; spades and shovels"
820130,6,8201,XV,"Tools, hand; mattocks, picks, hoes and rakes"
820140,6,8201,XV,"Tools, hand; axes, bill hooks and similar hewing tools, of a kind used in agriculture, horticulture or forestry"
820150,6,8201,XV,"Tools, hand; one-handed secateurs (including poultry shears)"
820160,6,8201,XV,"Tools, hand; hedge shears, two-handed pruning shears and similar two-handed shears"
820190,6,8201,XV,"Tools, hand; forks, scythes, sickles, hay knives, timber wedges, and other hand tools of a kind used in agriculture, horticulture or forestry n.e.c. in heading 8201"
8202,4,82,XV,"Tools, hand; saws and blades for saws of all kinds (including slitting, slotting or toothless saw blades)"
820210,6,8202,XV,"Tools, hand; hand saws"
820220,6,8202,XV,"Tools, hand; band saw blades"
820231,6,8202,XV,"Tools, hand; circular saw blades (including slitting or slotting saw blades), with working part of steel"
820239,6,8202,XV,"Tools, hand; circular saw blades (including slitting or slotting saw blades), with working part of materials (other than steel)"
820240,6,8202,XV,"Tools, hand; chain saw blades"
820291,6,8202,XV,"Tools, hand; straight saw blades, for working metal"
820299,6,8202,XV,"Tools, hand; saw blades n.e.c. in heading no. 8202"
8203,4,82,XV,"Tools, hand; files, rasps, pliers (including cutting pliers), pincers, tweezers, metal cutting shears, pipe cutters, bolt croppers, perforating punches and similar"
820310,6,8203,XV,"Tools, hand; files, rasps and similar tools"
820320,6,8203,XV,"Tools, hand; pliers (including cutting pliers), pincers, tweezers and similar tools"
820330,6,8203,XV,"Tools, hand; metal cutting shears and similar tools"
820340,6,8203,XV,"Tools, hand; pipe-cutters, bolt croppers, perforating punches and similar tools"
8204,4,82,XV,"Tools, hand; hand-operated spanners and wrenches (including torque meter wrenches but not including tap wrenches), interchangeable spanner sockets, with or without handles"
820411,6,8204,XV,"Tools, hand; hand-operated spanners and wrenches (including torque meter wrenches but not including tap wrenches), non-adjustable"
820412,6,8204,XV,"Tools, hand; hand-operated spanners and wrenches (including torque meter wrenches but not including tap wrenches), adjustable"
820420,6,8204,XV,"Tools, hand; interchangeable spanner sockets, with or without handles"
8205,4,82,XV,"Tools, hand; (including glaziers' diamonds) n.e.c.; blow lamps; vices, clamps etc, other than accessories for and parts of, machine-tools or water-jet cutting machines; anvils; portable forges; hand or pedal operated grinding wheels with frameworks"
820510,6,8205,XV,"Tools, hand; drilling, threading or tapping tools"
820520,6,8205,XV,"Tools, hand; hammers and sledge hammers"
820530,6,8205,XV,"Tools, hand; planes, chisels, gauges and similar cutting tools for working wood"
820540,6,8205,XV,"Tools, hand; screwdrivers"
820551,6,8205,XV,"Tools, hand; household tools"
820559,6,8205,XV,"Tools, hand; other hand tools (including glaziers diamonds), excluding household tools, drilling, threading or tapping tools, hammers and sledge hammers, planes, chisels, gouges and similar cutting tools for working wood, and screwdrivers"
820560,6,8205,XV,"Tools, hand; blow lamps"
820570,6,8205,XV,"Tools, hand; vices, clamps and the like"
820590,6,8205,XV,"Tools, hand; n.e.c. in heading 8205, including anvils, portable forges, hand or pedal-operated grinding wheels with frameworks, and sets of articles of two or more of the subheadings in heading 8205"
8206,4,82,XV,"Tools, hand; two or more of heading no. 8202 to 8205, put up in sets for retail sale"
820600,6,8206,XV,"Tools, hand; two or more of heading no. 8202 to 8205, put up in sets for retail sale"
8207,4,82,XV,"Tools, interchangeable; for hand tools, whether or not power-operated, or for machine tools (pressing, stamping, punching, drilling etc), including dies for drawing or extruding metal, and rock drilling or earth boring tools"
820713,6,8207,XV,"Tools, interchangeable; rock drilling or earth boring tools, with working part of cermets, whether or not power operated"
820719,6,8207,XV,"Tools, interchangeable; rock drilling or earth boring tools, with working part (other than of cermets), whether or not power operated, including parts"
820720,6,8207,XV,"Tools, interchangeable; (for machine or hand tools, whether or not power-operated), dies for drawing or extruding metal"
820730,6,8207,XV,"Tools, interchangeable; (for machine or hand tools, whether or not power-operated), tools for pressing, stamping or punching"
820740,6,8207,XV,"Tools, interchangeable; (for machine or hand tools, whether or not power-operated), tools for tapping or threading"
820750,6,8207,XV,"Tools, interchangeable; (for machine or hand tools, whether or not power-operated), tools for drilling (other than rock)"
820760,6,8207,XV,"Tools, interchangeable; (for machine or hand tools, whether or not power-operated), for boring or broaching"
820770,6,8207,XV,"Tools, interchangeable; (for machine or hand tools, whether or not power-operated), for milling"
820780,6,8207,XV,"Tools, interchangeable; (for machine or hand tools, whether or not power-operated), for turning"
820790,6,8207,XV,"Tools, interchangeable; (for machine or hand tools, whether or not power-operated), for screw-driving or uses n.e.c. in heading no. 8207"
8208,4,82,XV,"Knives and cutting blades, for machines or for mechanical appliances"
820810,6,8208,XV,"Tools; knives and cutting blades, for machines or for mechanical appliances, for metal working"
820820,6,8208,XV,"Tools; knives and cutting blades, for wood working machines or mechanical appliances"
820830,6,8208,XV,"Tools; knives and cutting blades, for kitchen appliances or for machines used by the food industry"
820840,6,8208,XV,"Tools; knives and cutting blades, for agricultural, horticultural or forestry machines or mechanical appliances"
820890,6,8208,XV,"Tools; knives and cutting blades, for machines or mechanical appliances, n.e.c. in heading no. 8208"
8209,4,82,XV,"Tools; plates, sticks, tips and the like for tools, unmounted, of sintered metal carbides or cermets"
820900,6,8209,XV,"Tools; plates, sticks, tips and the like for tools, unmounted, of sintered metal carbides or cermets"
8210,4,82,XV,"Tools; hand-operated mechanical appliances, weighing 10kg or less, used in the preparation, conditioning or serving of food or drink"
821000,6,8210,XV,"Tools; hand-operated mechanical appliances, weighing 10kg or less, used in the preparation, conditioning or serving of food or drink"
8211,4,82,XV,"Knives; with cutting blades, serrated or not (including pruning knives), other than knives of heading no. 8208, and blades therefore"
821110,6,8211,XV,"Knives; with cutting blades, serrated or not (including pruning knives), sets of assorted articles, excluding knives and blades of heading no. 8208"
821191,6,8211,XV,"Knives; table knives, having fixed cutting blades, serrated or not, excluding knives and blades of heading no. 8208"
821192,6,8211,XV,"Knives; having fixed cutting blades, (other than table knives), serrated or not, excluding knives and blades of heading no. 8208"
821193,6,8211,XV,"Knives; with cutting blades, (having other than fixed blades), serrated or not, excluding knives and blades of heading no. 8208"
821194,6,8211,XV,"Blades; cutting, serrated or not, excluding those of heading no. 8208"
821195,6,8211,XV,Knives; with handles of base metal
8212,4,82,XV,Razors and razor blades; (including razor blade blanks in strips)
821210,6,8212,XV,Razors
821220,6,8212,XV,"Razors; safety razor blades, including razor blade blanks in strips"
821290,6,8212,XV,Razors; parts n.e.c. in heading no. 8212
8213,4,82,XV,"Scissors; tailors' shears and similar shears, and blades therefore"
821300,6,8213,XV,"Scissors; tailors' shears, similar shears and blades therefore"
8214,4,82,XV,"Cutlery; other articles, (e.g. hair clippers, butchers' or kitchen cleavers, choppers and mincing knives, paper knives), manicure or pedicure sets and instruments (including nail files)"
821410,6,8214,XV,"Cutlery; paper knives, letter openers, erasing knives, pencil sharpeners and blades therefore"
821420,6,8214,XV,Manicure or pedicure sets and instruments; (including nail files)
821490,6,8214,XV,Cutlery; hair clippers and mincing knives
8215,4,82,XV,"Cutlery; spoons, forks, ladles, skimmers, cake-servers, fish-knives, butter knives, sugar tongs and similar kitchen or tableware"
821510,6,8215,XV,"Cutlery; sets of assorted articles (e.g. spoons, forks, ladles, skimmers, cake-servers, fish-knives, butter-knives, sugar tongs and similar), with at least one article plated with precious metal"
821520,6,8215,XV,"Cutlery; sets of assorted articles (e.g. spoons, forks, ladles, skimmers, cake-servers, fish-knives, butter knives, sugar tongs and similar), not plated with precious metal"
821591,6,8215,XV,"Cutlery; (e.g. spoons, forks, ladles, skimmers, cake-servers, fish-knives, butter-knives, sugar tongs and similar), plated with precious metal, not in sets"
821599,6,8215,XV,Cutlery; other than plated with precious metal
83,2,TOTAL,XV,Metal; miscellaneous products of base metal
8301,4,83,XV,"Padlocks and locks (key, combination, electrically operated) of base metal; clasps and frames with clasps incorporating locks, of base metal, keys for any or the foregoing articles, of base metal"
830110,6,8301,XV,"Padlocks; (key, combination or electrically operated), of base metal"
830120,6,8301,XV,"Locks; of a kind used for motor vehicles (key, combination or electrically operated), of base metal"
830130,6,8301,XV,"Locks; of a kind used for furniture (key, combination or electrically operated), of base metal"
830140,6,8301,XV,"Locks; (other than those for motor vehicles or furniture), (key, combination or electrically operated), of base metal"
830150,6,8301,XV,"Clasps and frames with clasps; incorporating locks, of base metal"
830160,6,8301,XV,"Locks; parts of padlocks, locks, clasps and frames with clasps incorporating locks, of base metal"
830170,6,8301,XV,"Keys; presented separately, of base metal"
8302,4,83,XV,"Base metal mountings, fittings and similar articles for furniture, doors, staircases, windows, trunks, chests etc, castors with mountings of base metal, automatic door closers of base metal"
830210,6,8302,XV,"Hinges; suitable for furniture, doors, staircases, windows, blinds, coachwork, saddlery, trunks, chests, caskets or the like, of base metal"
830220,6,8302,XV,"Castors; with mountings, of base metal"
830230,6,8302,XV,"Mountings, fittings and similar articles; for motor vehicles, of base metal"
830241,6,8302,XV,"Mountings, fittings and similar articles; of base metal, suitable for buildings"
830242,6,8302,XV,"Mountings, fittings and similar articles; suitable for furniture of base metal"
830249,6,8302,XV,"Mountings, fittings and similar articles; suitable for other than buildings or furniture, of base metal"
830250,6,8302,XV,"Hat-racks, hat-pegs, brackets and similar fixtures, of base metal"
830260,6,8302,XV,Automatic door closures; of base metal
8303,4,83,XV,"Safes; armoured or reinforced, strong-boxes, doors and safe deposit lockers for strong-rooms, cash or deed boxes and the like, of base metal"
830300,6,8303,XV,"Safes; armoured or reinforced, strong-boxes, doors and safe deposit lockers for strong-rooms, cash or deed boxes and the like, of base metal"
8304,4,83,XV,"Office equipment; filing cabinets, card-index cabinets, paper trays and rests, pen trays, office-stamp stands and the like, of base metal, other than office furniture of heading no. 9403"
830400,6,8304,XV,"Office equipment; filing cabinets, card-index cabinets, paper trays, paper rests, pen trays, office-stamp stands and similar office or desk equipment, of base metal, other than office furniture of heading no. 9403"
8305,4,83,XV,"Stationery; fittings for loose-leaf binders or files, letter clips, letter corners, paper clips, indexing tags and the like, staples in strips (for offices, upholstery, packaging), of base metal"
830510,6,8305,XV,"Stationery; fittings for loose-leaf binders or files, of base metal"
830520,6,8305,XV,"Stationery; staples in strips, (e.g. for offices, upholstery, packaging), of base metal"
830590,6,8305,XV,"Stationery; letter clips, letter corners, paper clips, indexing tags and similar office articles, including parts, of base metal"
8306,4,83,XV,"Bells, gongs and the like; non-electric, statuettes, other ornaments, photograph, picture, similar frames, mirrors, of base metal"
830610,6,8306,XV,"Bells, gongs and the like; non-electric, of base metal"
830621,6,8306,XV,Statuettes and other ornaments; of base metal plated with precious metal
830629,6,8306,XV,Statuettes and other ornaments; of base metal other than plated with precious metal
830630,6,8306,XV,"Photograph, picture or similar frames, mirrors; of base metal"
8307,4,83,XV,"Tubing; flexible, with or without fittings, of base metal"
830710,6,8307,XV,"Tubing; flexible, with or without fittings, of iron or steel"
830790,6,8307,XV,"Tubing; flexible, with or without fittings of base metal, other than those of iron or steel"
8308,4,83,XV,"Clasps, frames with clasps, buckles, buckle-clasps, hooks, eyes, eyelets etc for clothing & accessories, footwear, jewellery, wrist-watches, books, awnings, leather goods, travel goods, saddlery etc, tubular etc rivets, beads, spangles, of base metal"
830810,6,8308,XV,"Hooks, eyes and eyelets; of base metal, of a kind used for clothing, footwear, awnings, handbags, travel goods or other made up articles"
830820,6,8308,XV,"Rivets; tubular or bifurcated, of base metal"
830890,6,8308,XV,"Clasps, frames with clasps, buckles, buckle clasps; of base metal, of a kind used for clothing & accessories, footwear, jewellery, wrist-watches, books, awnings, leather goods, travel goods, saddlery etc, including parts"
8309,4,83,XV,"Stoppers, caps, lids (including crown corks, screw caps, pouring stoppers); capsules for bottles, threaded bungs, bung covers, seals and other packaging accessories, of base metal"
830910,6,8309,XV,"Stoppers; corks, of base metal"
830990,6,8309,XV,"Stoppers; caps and lids, of base metal"
8310,4,83,XV,"Sign plates, name plates, address plates and similar plates, numbers, letters and other symbols, of base metal, excluding those of heading no. 9405"
831000,6,8310,XV,"Sign plates, name-plates, address-plates and similar plates, numbers, letters and other symbols; of base metal, excluding those of heading no. 9405"
8311,4,83,XV,"Wires, rods, tubes, plates, electrodes of base metal or metal carbides; of a kind used for soldering, brazing, welding; wires and rods for metal spraying"
831110,6,8311,XV,"Electrodes; coated, of base metal, for electric arc-welding"
831120,6,8311,XV,"Wire; cored, of base metal, for electric arc-welding"
831130,6,8311,XV,"Rods and wire; coated rods and cored wire, of base metal, for soldering, brazing or welding by flame"
831190,6,8311,XV,"Wires, rods, tubes, plates, electrodes of base metal or metal carbides; of a kind used for soldering, brazing, welding; wires and rods for metal spraying; n.e.c. in item no. 8311"
84,2,TOTAL,XVI,"Machinery and mechanical appliances, boilers, nuclear reactors; parts thereof"
8401,4,84,XVI,"Nuclear reactors; fuel elements (cartridges), non-irradiated, for nuclear reactors, machinery and apparatus for isotopic separation"
840110,6,8401,XVI,Nuclear reactors
840120,6,8401,XVI,"Machinery and apparatus; for isotopic separation, and parts thereof"
840130,6,8401,XVI,Fuel elements (cartridges); non-irradiated
840140,6,8401,XVI,Nuclear reactors; parts thereof
8402,4,84,XVI,"Boilers; steam or other vapour generating (other than central heating hot water boilers, capable also of producing low pressure steam), super heated water boilers"
840211,6,8402,XVI,Boilers; watertube boilers with a steam production exceeding 45t per hour
840212,6,8402,XVI,Boilers; watertube boilers with a steam production not exceeding 45t per hour
840219,6,8402,XVI,"Boilers; vapour generating boilers, including hybrid boilers n.e.c. in heading no. 8402"
840220,6,8402,XVI,Boilers; super-heated water boilers
840290,6,8402,XVI,Boilers; parts of steam or other vapour generating boilers
8403,4,84,XVI,Central heating boilers; excluding those of heading no. 8402
840310,6,8403,XVI,Boilers; central heating boilers (excluding those of heading no. 8402)
840390,6,8403,XVI,Boilers; parts of central heating boilers (excluding those of heading no. 8402)
8404,4,84,XVI,"Auxiliary plant for use with boilers of heading no. 8402 or 8403; e.g. economisers, super-heaters, soot removers, gas recoverers), condensers for steam or other vapour power units"
840410,6,8404,XVI,"Boilers; auxiliary plant, for use with boilers of heading no. 8402 or 8403 (e.g. economisers, super-heaters, soot removers, gas recoverers)"
840420,6,8404,XVI,"Boilers; condensers, for steam or other vapour power units"
840490,6,8404,XVI,"Boilers; parts of auxiliary plant, for use with boilers of heading no. 8402 and 8403 and parts of condensers for steam or other vapour power units"
8405,4,84,XVI,"Generators for producer or water gas with or without their purifiers acetylene gas generators and similar water process gas generators, with or without their purifiers"
840510,6,8405,XVI,"Generators; producer gas, water gas, acetylene gas and similar water process gas generators, with or without their purifiers"
840590,6,8405,XVI,"Generators; parts of producer gas, water gas, acetylene gas and similar water process gas generators, with or without their purifiers"
8406,4,84,XVI,Turbines; steam and other vapour turbines
840610,6,8406,XVI,"Turbines; steam and other vapour turbines, for marine propulsion"
840681,6,8406,XVI,"Turbines; steam and other vapour turbines, (for other than marine propulsion), of an output exceeding 40MW"
840682,6,8406,XVI,"Turbines; steam and other vapour turbines, (for other than marine propulsion), of an output not exceeding 40MW"
840690,6,8406,XVI,Turbines; parts of steam and other vapour turbines
8407,4,84,XVI,Reciprocating or rotary internal combustion piston engines
840710,6,8407,XVI,"Engines; for aircraft, spark-ignition reciprocating or rotary internal combustion piston engines"
840721,6,8407,XVI,"Engines; outboard motors for marine propulsion, spark-ignition reciprocating or rotary internal combustion piston engines"
840729,6,8407,XVI,"Engines; for marine propulsion, (other than outboard motors), spark-ignition reciprocating or rotary internal combustion piston engines"
840731,6,8407,XVI,"Engines; reciprocating piston engines, of a kind used for the propulsion of vehicles of chapter 87, of a cylinder capacity not exceeding 50cc"
840732,6,8407,XVI,"Engines; reciprocating piston engines, of a kind used for the propulsion of vehicles of chapter 87, of a cylinder capacity exceeding 50cc but not exceeding 250cc"
840733,6,8407,XVI,"Engines; reciprocating piston engines, of a kind used for the propulsion of vehicles of chapter 87, of a cylinder capacity exceeding 250cc but not exceeding 1000cc"
840734,6,8407,XVI,"Engines; reciprocating piston engines, of a kind used for the propulsion of vehicles of chapter 87, of a cylinder capacity exceeding 1000cc"
840790,6,8407,XVI,"Engines; rotary internal combustion piston engines, for other than aircraft or marine propulsion"
8408,4,84,XVI,Compression-ignition internal combustion piston engines (diesel or semi-diesel engines)
840810,6,8408,XVI,"Engines; for marine propulsion, compression-ignition internal combustion piston engines (diesel or semi-diesel engines)"
840820,6,8408,XVI,"Engines; compression-ignition internal combustion piston engines (diesel or semi-diesel engines), of a kind used for the propulsion of vehicles of chapter 87"
840890,6,8408,XVI,"Engines; compression-ignition internal combustion piston engines (diesel or semi-diesel engines), of a kind used for other than marine propulsion or the vehicles of chapter 87"
8409,4,84,XVI,Parts suitable for use solely or principally with the engines of heading no. 8407 or 8408
840910,6,8409,XVI,Engines; parts of aircraft engines (spark-ignition reciprocating or rotary internal combustion piston engines)
840991,6,8409,XVI,"Engines; parts, suitable for use solely or principally with spark-ignition internal combustion piston engines (for other than aircraft)"
840999,6,8409,XVI,Engines; parts for internal combustion piston engines (excluding spark-ignition)
8410,4,84,XVI,Turbines; hydraulic water wheels and regulators therefor
841011,6,8410,XVI,"Turbines; hydraulic turbines and water wheels, of a power not exceeding 1000kW"
841012,6,8410,XVI,"Turbines; hydraulic turbines and water wheels, of a power exceeding 1000kW but not exceeding 10000kW"
841013,6,8410,XVI,"Turbines; hydraulic turbines and water wheels, of a power exceeding 10000kW"
841090,6,8410,XVI,"Turbines; parts of hydraulic turbines and water wheels, including regulators"
8411,4,84,XVI,"Turbo-jets, turbo-propellers and other gas turbines"
841111,6,8411,XVI,Turbo-jets; of a thrust not exceeding 25kN
841112,6,8411,XVI,Turbo-jets; of a thrust exceeding 25kN
841121,6,8411,XVI,Turbo-propellers; of a power not exceeding 1100kW
841122,6,8411,XVI,Turbo-propellers; of a power exceeding 1100kW
841181,6,8411,XVI,"Turbines; gas-turbines (excluding turbo-jets and turbo-propellers), of a power not exceeding 5000kW"
841182,6,8411,XVI,"Turbines; gas-turbines (excluding turbo-jets and turbo-propellers), of a power exceeding 5000kW"
841191,6,8411,XVI,Turbines; parts of turbo-jets and turbo-propellers
841199,6,8411,XVI,Turbines; parts of gas turbines (excluding turbo-jets and turbo-propellers)
8412,4,84,XVI,"Engines and motors; n.e.c. (e.g. reaction engines, hydraulic power engines, pneumatic power engines)"
841210,6,8412,XVI,"Engines; reaction engines, other than turbo-jets"
841221,6,8412,XVI,"Engines; hydraulic power engines and motors, linear acting (cylinders)"
841229,6,8412,XVI,"Engines; hydraulic power engines and motors, other than linear acting (cylinders)"
841231,6,8412,XVI,"Engines; pneumatic power engines and motors, linear acting (cylinders)"
841239,6,8412,XVI,"Engines; pneumatic power engines and motors, other than linear acting (cylinders)"
841280,6,8412,XVI,"Engines; pneumatic power engines and motors, n.e.c. in heading no. 8412"
841290,6,8412,XVI,"Engines; parts, for engines and motors of heading no. 8412"
8413,4,84,XVI,"Pumps; for liquids, whether or not fitted with measuring device, liquid elevators"
841311,6,8413,XVI,"Pumps; fitted or designed to be fitted with a measuring device, for dispensing fuel or lubricants, of the type used in filling-stations or in garages"
841319,6,8413,XVI,"Pumps; for liquids, fitted or designed to be fitted with a measuring device, other than pumps for dispensing fuel or lubricants"
841320,6,8413,XVI,"Pumps; hand, fitted or designed to be fitted with a measuring device, for liquids, other than those of item no. 8413.11 or 8413.19"
841330,6,8413,XVI,"Pumps; fuel, lubricating or cooling medium pumps for internal combustion piston engines"
841340,6,8413,XVI,Pumps; concrete pumps
841350,6,8413,XVI,"Pumps; reciprocating positive displacement pumps, n.e.c. in heading no. 8413, for liquids"
841360,6,8413,XVI,"Pumps; rotary positive displacement pumps, n.e.c. in heading no. 8413, for liquids"
841370,6,8413,XVI,"Pumps; centrifugal, n.e.c. in heading no. 8413, for liquids"
841381,6,8413,XVI,Pumps and liquid elevators; n.e.c. in heading no. 8413
841382,6,8413,XVI,Liquid elevators
841391,6,8413,XVI,Pumps; parts thereof
841392,6,8413,XVI,Liquid elevators; parts thereof
8414,4,84,XVI,"Air or vacuum pumps, air or other gas compressors and fans; ventilating or recycling hoods incorporating a fan; gas-tight biological safety cabinets whether or not fitted with filters"
841410,6,8414,XVI,Pumps; vacuum
841420,6,8414,XVI,Pumps; hand or foot-operated air pumps
841430,6,8414,XVI,Compressors; of a kind used in refrigerating equipment
841440,6,8414,XVI,Compressors; air compressors mounted on a wheeled chassis for towing
841451,6,8414,XVI,"Fans; table, floor, wall, window, ceiling or roof fans, with a self-contained electric motor of an output not exceeding 125W"
841459,6,8414,XVI,Fans; n.e.c. in item no. 8414.51
841460,6,8414,XVI,"Hoods; ventilating or recycling hoods incorporating a fan, whether or not fitted with filters, having a maximum horizontal side not exceeding 120cm"
841470,6,8414,XVI,"Gas-tight biological safety cabinets; whether or not fitted with filters, having a maximum horizontal side not exceeding 120cm"
841480,6,8414,XVI,"Pumps and compressors; for air, vacuum or gas, n.e.c. in heading no. 8414"
841490,6,8414,XVI,"Pumps and compressors; parts, of air or vacuum pumps, air or other gas compressors and fans, ventilating or recycling hoods incorporating a fan"
8415,4,84,XVI,"Air conditioning machines; comprising a motor driven fan and elements for changing the temperature and humidity, including those machines in which the humidity cannot be separately regulated"
841510,6,8415,XVI,"Air conditioning machines; comprising a motor-driven fan and elements for changing the temperature and humidity, of a kind designed to be fixed to a window, wall, ceiling or floor, self-contained or split-system"
841520,6,8415,XVI,"Air conditioning machines; comprising a motor driven fan and elements for changing the temperature and humidity, of a kind used for persons, in motor vehicles"
841581,6,8415,XVI,"Air conditioning machines; containing a motor driven fan, other than window or wall types, incorporating a refrigerating unit and a valve for reversal of the cooling/heat cycle (reversible heat pumps)"
841582,6,8415,XVI,"Air conditioning machines; containing a motor driven fan, other than window or wall types, incorporating a refrigerating unit"
841583,6,8415,XVI,"Air conditioning machines; containing a motor driven fan, other than window or wall types, not incorporating a refrigerating unit"
841590,6,8415,XVI,"Air conditioning machines; with motor driven fan and elements for temperature control, parts thereof"
8416,4,84,XVI,"Furnace burners for liquid fuel, for pulverised solid fuel or for gas; mechanical grates, mechanical ash dischargers and similar appliances"
841610,6,8416,XVI,"Furnaces; furnace burners, for liquid fuel"
841620,6,8416,XVI,"Furnaces; furnace burners, for pulverized solid fuel or gas, including combination burners"
841630,6,8416,XVI,"Furnace accessories; mechanical stokers, mechanical grates, mechanical ash dischargers and similar appliances"
841690,6,8416,XVI,"Furnaces; parts of furnace burners, for liquid fuel, pulverized solid fuel or gas, mechanical stokers, grates, ash dischargers and the like"
8417,4,84,XVI,"Furnaces and ovens; industrial or laboratory, including incinerators, non-electric"
841710,6,8417,XVI,"Furnaces and ovens; non-electric, for the roasting, melting or other heat-treatment of ores, pyrites or of metals, for industrial or laboratory use"
841720,6,8417,XVI,"Ovens; non-electric, bakery ovens, including biscuit ovens"
841780,6,8417,XVI,"Furnaces and ovens; including incinerators, non-electric, for industrial or laboratory use, n.e.c. in heading no. 8417"
841790,6,8417,XVI,"Furnaces and ovens; parts of non-electric furnaces and ovens (including incinerators), of industrial or laboratory use"
8418,4,84,XVI,"Refrigerators, freezers and other refrigerating or freezing equipment, electric or other; heat pumps other than air conditioning machines of heading no. 8415"
841810,6,8418,XVI,"Refrigerators and freezers; combined refrigerator-freezers, fitted with separate external doors, electric or other"
841821,6,8418,XVI,"Refrigerators; for household use, compression-type, electric or other"
841829,6,8418,XVI,"Refrigerators; household, electric or not, other than compression-type"
841830,6,8418,XVI,"Freezers; of the chest type, not exceeding 800l capacity"
841840,6,8418,XVI,"Freezers; of the upright type, not exceeding 900l capacity"
841850,6,8418,XVI,"Furniture incorporating refrigerating or freezing equipment; for storage and display, n.e.c. in item no. 8418.1, 8418.2, 8418.3 or 8418.4 (chests, cabinets, display counters, show-cases and the like)"
841861,6,8418,XVI,Heat pumps; other than air conditioning machines of heading no. 8415
841869,6,8418,XVI,Refrigerating or freezing equipment; n.e.c. in heading no. 8418
841891,6,8418,XVI,"Refrigerating or freezing equipment; parts, furniture designed to receive refrigerating or freezing equipment"
841899,6,8418,XVI,"Refrigerating or freezing equipment; parts thereof, other than furniture"
8419,4,84,XVI,"Machinery, plant (not domestic), or laboratory equipment; electrically heated or not, (excluding items in 85.14) for the treatment of materials by a process involving change of temperature; including instantaneous or non electric storage water heaters"
841911,6,8419,XVI,"Heaters; instantaneous gas water heaters, for domestic or other purposes"
841912,6,8419,XVI,"Heaters; solar water heaters, non-electric"
841919,6,8419,XVI,"Heaters; instantaneous or storage water heaters, non-electric, (other than instantaneous gas or solar water heaters)"
841920,6,8419,XVI,"Sterilizers; for medical, surgical or laboratory use, not used for domestic purposes"
841933,6,8419,XVI,"Dryers; lyophilisation apparatus, freeze drying units and spray dryers, not used for domestic purposes"
841934,6,8419,XVI,"Dryers; for agricultural products, not used for domestic purposes"
841935,6,8419,XVI,"Dryers; for wood, paper pulp, paper or paperboard, not used for domestic purposes"
841939,6,8419,XVI,"Dryers; for products n.e.c. in heading no. 8419, not used for domestic purposes"
841940,6,8419,XVI,Distilling or rectifying plant; not used for domestic purposes
841950,6,8419,XVI,Heat exchange units; not used for domestic purposes
841960,6,8419,XVI,"Machinery; for liquefying air or gas, not used for domestic purposes"
841981,6,8419,XVI,"Machinery, plant and equipment; for making hot drinks, for cooking or heating food"
841989,6,8419,XVI,"Machinery, plant and laboratory equipment; for treating materials by change of temperature, other than for making hot drinks or cooking or heating food"
841990,6,8419,XVI,"Machinery, plant and laboratory equipment; parts of equipment for treating materials by a process involving a change of temperature"
8420,4,84,XVI,"Machines; calendering or other rolling machines, for other than metal or glass and cylinders therefor"
842010,6,8420,XVI,"Machines; calendering or other rolling machines, for other than metal or glass"
842091,6,8420,XVI,"Machines; parts, cylinders for calendering or other rolling machines, for other than metal or glass"
842099,6,8420,XVI,"Machines; parts, (other than cylinders), for calendering or other rolling machines, for other than metal or glass"
8421,4,84,XVI,"Centrifuges, including centrifugal dryers; filtering or purifying machinery and apparatus for liquids or gases"
842111,6,8421,XVI,Centrifuges; cream separators
842112,6,8421,XVI,Centrifuges; clothes-dryers
842119,6,8421,XVI,"Centrifuges; n.e.c. in heading no. 8421, including centrifugal dryers (but not clothes-dryers)"
842121,6,8421,XVI,Machinery; for filtering or purifying water
842122,6,8421,XVI,Machinery; for filtering or purifying beverages other than water
842123,6,8421,XVI,"Machinery; filtering or purifying machinery, oil or petrol filters for internal combustion engines"
842129,6,8421,XVI,"Machinery; for filtering or purifying liquids, n.e.c. in item no. 8421.2"
842131,6,8421,XVI,Machinery; intake air filters for internal combustion engines
842132,6,8421,XVI,"Machinery; catalytic converters or particulate filters, whether or not combined, for purifying or filtering exhaust gases from internal combustion engines"
842139,6,8421,XVI,"Machinery; for filtering or purifying gases, other than intake air filters, catalytic converters or particulate filters for internal combustion engines"
842191,6,8421,XVI,"Centrifuges; parts thereof, including parts for centrifugal dryers"
842199,6,8421,XVI,Machinery; parts for filtering or purifying liquids or gases
8422,4,84,XVI,"Dish washing machines; machinery for cleaning, drying, filling, closing, sealing, capsuling or labelling bottles, cans, boxes, bags, etc, machinery for aerating beverages"
842211,6,8422,XVI,Dish washing machines; of the household type
842219,6,8422,XVI,Dish washing machines; of other than household type
842220,6,8422,XVI,Machinery; for cleaning or drying bottles or other containers
842230,6,8422,XVI,"Machinery; for filling, closing, sealing, capsuling or labelling bottles, cans, bags or other containers, machinery for aerating beverages"
842240,6,8422,XVI,Machinery; for packing or wrapping
842290,6,8422,XVI,Machinery; parts of machinery of heading no. 8422
8423,4,84,XVI,"Weighing machines; excluding balances of a sensitivity of 5cg or better, including weight operated counting or checking machines and weights of all kinds"
842310,6,8423,XVI,Weighing machines; personal (including baby scales) and household scales
842320,6,8423,XVI,Weighing machines; scales for continuous weighing of goods on conveyors
842330,6,8423,XVI,"Weighing machines; constant weight scales and scales for discharging a predetermined weight of material into a bag or container, including hopper scales"
842381,6,8423,XVI,"Weighing machines; other than personal, conveyor or constant weight scales, having a maximum weighing capacity not exceeding 30kg (excluding balances of a sensitivity of 5cg or better)"
842382,6,8423,XVI,"Weighing machines; other than personal, conveyor or constant weight scales, having a maximum weighing capacity exceeding 30kg but not exceeding 5000kg"
842389,6,8423,XVI,"Weighing machines; other than personal, conveyor or constant weight scales, having a maximum weighing capacity exceeding 5000kg"
842390,6,8423,XVI,"Weighing machines; weights of all kinds, parts of weighing machinery"
8424,4,84,XVI,"Mechanical appliances for projecting, dispersing or spraying liquids or powders; fire extinguishers, spray guns, steam, sand blasting machines"
842410,6,8424,XVI,Fire extinguishers; whether or not charged
842420,6,8424,XVI,Spray guns and similar appliances
842430,6,8424,XVI,Mechanical appliances; steam or sand blasting machines and similar jet projecting machines
842441,6,8424,XVI,Mechanical appliances; agricultural or horticultural sprayers; portable sprayers
842449,6,8424,XVI,Mechanical appliances; agricultural or horticultural sprayers; other than portable sprayers
842482,6,8424,XVI,"Mechanical appliances; agricultural or horticultural, n.e.c. in heading 8424"
842489,6,8424,XVI,"Mechanical appliances; for projecting, dispersing or spraying liquids or powders, for other than agricultural or horticultural use, whether or not hand-operated"
842490,6,8424,XVI,"Mechanical appliances; parts of machines projecting, dispersing or spraying liquids or powders, whether or not hand-operated"
8425,4,84,XVI,Pulley tackle and hoists other than skip hoists; winches and capstans; jacks
842511,6,8425,XVI,Pulley tackle and hoists; powered by an electric motor (excluding skip hoists or hoists of a kind used for raising vehicles)
842519,6,8425,XVI,Pulley tackle and hoists; not powered by an electric motor (excluding skip hoists or hoists of a kind used for raising vehicles)
842531,6,8425,XVI,Winches; capstans; powered by an electric motor
842539,6,8425,XVI,Winches; capstans; not powered by an electric motor
842541,6,8425,XVI,"Jacks; built-in jacking systems of a type used in garages, for raising vehicles"
842542,6,8425,XVI,"Jacks and hoists; hydraulic, of a kind used for raising vehicles"
842549,6,8425,XVI,"Jacks and hoists; (other than hydraulic), of a kind used for raising vehicles"
8426,4,84,XVI,"Derricks, cranes, including cable cranes, mobile lifting frames, straddle carriers and works trucks fitted with a crane"
842611,6,8426,XVI,Cranes; overhead travelling cranes on fixed support
842612,6,8426,XVI,Cranes; mobile lifting frames on tyres and straddle carriers
842619,6,8426,XVI,"Cranes; transporter, gantry and bridge cranes"
842620,6,8426,XVI,Cranes; tower cranes
842630,6,8426,XVI,Cranes; portal or pedestal jib cranes
842641,6,8426,XVI,"Cranes; self-propelled derricks and cranes, on tyres, n.e.c. in heading no. 8426"
842649,6,8426,XVI,"Cranes; self-propelled derricks and cranes, not on tyres, n.e.c. in heading no. 8426"
842691,6,8426,XVI,Cranes and derricks; designed for mounting on road vehicles
842699,6,8426,XVI,"Cranes and derricks; for other than mounting on road vehicles, n.e.c. in heading no. 8426"
8427,4,84,XVI,Fork-lift and other works trucks; fitted with lifting or handling equipment
842710,6,8427,XVI,"Fork-lift and other works trucks; fitted with lifting or handling equipment, self-propelled by electric motor"
842720,6,8427,XVI,"Fork-lift and other works trucks; fitted with lifting or handling equipment, self-propelled by other than electric motor"
842790,6,8427,XVI,"Fork-lift and other works trucks; fitted with lifting or handling equipment, not self-propelled"
8428,4,84,XVI,"Lifting, handling, loading or unloading machinery; n.e.c. in heading no. 8425, 8426 or 8427 (e.g. lifts, escalators, conveyors, teleferics)"
842810,6,8428,XVI,Lifts and skip hoists
842820,6,8428,XVI,Elevators and conveyors; pneumatic
842831,6,8428,XVI,"Elevators and conveyors; continuous-action, for goods and materials, specially designed for underground use, n.e.c. in item no. 8428.20"
842832,6,8428,XVI,"Elevators and conveyors; continuous-action, for goods or materials, bucket type, n.e.c. in item no. 8428.20 or 8428.31"
842833,6,8428,XVI,"Elevators and conveyors; continuous-action, for goods or materials, belt type, n.e.c. in item no. 8428.20 or 8428.31"
842839,6,8428,XVI,"Elevators and conveyors; continuous-action, for goods or materials, n.e.c. in item no. 8428.20, 8428.31, 8428.32 or 8428.33"
842840,6,8428,XVI,Escalators and moving walkways
842860,6,8428,XVI,"Teleferics, chair-lifts, ski-draglines, traction mechanisms for funiculars"
842870,6,8428,XVI,Industrial robots
842890,6,8428,XVI,"Lifting, handling, loading or unloading machinery; n.e.c. in heading no. 8425, 8426, 8427 or 8428"
8429,4,84,XVI,"Bulldozers, graders, levellers, scrapers, angledozers, mechanical shovels, excavators, shovel loaders, tamping machines and road rollers, self-propelled"
842911,6,8429,XVI,"Bulldozers and angledozers; self-propelled, track laying"
842919,6,8429,XVI,"Bulldozers and angledozers; self-propelled, other than track laying"
842920,6,8429,XVI,Graders and levellers
842930,6,8429,XVI,Scrapers; self-propelled
842940,6,8429,XVI,Tamping machines and road rollers; self-propelled
842951,6,8429,XVI,Front-end shovel loaders
842952,6,8429,XVI,"Mechanical shovels, excavators and shovel loaders; with a 360 degree revolving super structure"
842959,6,8429,XVI,"Mechanical shovels, excavators and shovel loaders; n.e.c. in item no. 8429.50"
8430,4,84,XVI,"Moving, grading, levelling, scraping, excavating, tamping, compacting, extracting or boring machinery, for earth, minerals, or ores; pile drivers and extractors; snow ploughs and snow blowers"
843010,6,8430,XVI,Pile-drivers and pile-extractors
843020,6,8430,XVI,Snow-ploughs and snow-blowers
843031,6,8430,XVI,Coal or rock cutters and tunnelling machinery; self-propelled
843039,6,8430,XVI,Coal or rock cutters and tunnelling machinery; not self-propelled
843041,6,8430,XVI,"Boring or sinking machinery; self-propelled, n.e.c. in heading no. 8430"
843049,6,8430,XVI,Boring and sinking machinery; not self-propelled
843050,6,8430,XVI,"Machinery; for handling earth, minerals or ores, self-propelled, n.e.c. in heading no. 8430"
843061,6,8430,XVI,"Machinery; for tamping or compacting, not self-propelled"
843069,6,8430,XVI,"Machinery; for moving, levelling, scraping, grading, excavating earth minerals or ores; not self propelled n.e.c in 84.30"
8431,4,84,XVI,Machinery parts; used solely or principally with the machinery of heading no. 8425 to 8430
843110,6,8431,XVI,Machinery; parts of the machinery of heading no. 8425
843120,6,8431,XVI,Machinery; parts of the machinery of heading no. 8427
843131,6,8431,XVI,"Lifts, skip hoists or escalators; parts thereof"
843139,6,8431,XVI,"Machinery; parts of the machinery of heading no. 8428, (other than lifts, skip hoists or escalators)"
843141,6,8431,XVI,"Machinery parts; buckets, shovels, grabs and grips, for the machinery of heading no. 8426 and 8430"
843142,6,8431,XVI,Machinery parts; bulldozer or angledozer blades
843143,6,8431,XVI,Boring or sinking machinery; parts for boring or sinking machinery of subheading 8430.41 or 8430.49
843149,6,8431,XVI,"Machinery; parts of machines handling earth, minerals or ores and n.e.c. in heading no. 8431"
8432,4,84,XVI,"Agricultural, horticultural or forestry machinery for soil preparation or cultivation; lawn or sports-ground rollers"
843210,6,8432,XVI,Ploughs; for soil preparation
843221,6,8432,XVI,Harrows; disc harrows
843229,6,8432,XVI,"Harrows; (excluding disc), scarifiers, cultivators, weeders and hoes"
843231,6,8432,XVI,"Seeders, planters and transplanters; no-till direct seeders, planters and transplanters"
843239,6,8432,XVI,"Seeders, planters and transplanters; other than no-till direct seeders, planters and transplanters"
843241,6,8432,XVI,"Spreaders and distributors; for manure and fertilizers, for agricultural, horticultural or forestry use; manure spreaders"
843242,6,8432,XVI,"Spreaders and distributors; for manure and fertilizers, for agricultural, horticultural or forestry use; fertiliser distributors"
843280,6,8432,XVI,Rollers; for lawns or sports-grounds
843290,6,8432,XVI,Machinery; parts of machinery for soil preparation or cultivation or for rollers for lawns or sports-grounds
8433,4,84,XVI,"Harvesting and threshing machinery, straw and fodder balers, grass or hay mowers; machines for cleaning, sorting or grading eggs, fruit or other agricultural produce, other than machinery of heading no 8437"
843311,6,8433,XVI,"Mowers; lawn, parks or sports-grounds, powered, with the cutting device rotating in a horizontal plane"
843319,6,8433,XVI,"Mowers; for lawns, parks or sports-grounds, other than with the cutting device rotating in a horizontal plane"
843320,6,8433,XVI,Mowers; n.e.c. in item no. 8433.1 (including cutter bars for tractor mounting)
843330,6,8433,XVI,Haymaking machinery
843340,6,8433,XVI,"Balers; straw or fodder balers, including pick-up balers"
843351,6,8433,XVI,Combine harvester-threshers
843352,6,8433,XVI,Threshing machinery; other than combine harvester-threshers
843353,6,8433,XVI,Harvesting machinery; for roots or tubers
843359,6,8433,XVI,Harvesting machinery; n.e.c. in heading no. 8433
843360,6,8433,XVI,"Machines; for cleaning, sorting or grading eggs, fruit or other agricultural produce"
843390,6,8433,XVI,"Harvesting machinery; parts, including parts of threshing machinery, straw or fodder balers and grass or hay mowers"
8434,4,84,XVI,Milking machines and dairy machinery
843410,6,8434,XVI,Milking machines
843420,6,8434,XVI,Dairy machinery
843490,6,8434,XVI,Milking machines and dairy machinery; parts thereof
8435,4,84,XVI,"Presses, crushers and similar machinery; used in the manufacture of wine, cider, fruit juices or similar beverages"
843510,6,8435,XVI,"Presses, crushers and similar machinery; used in the manufacture of wine, cider, fruit juices or similar beverages"
843590,6,8435,XVI,"Presses, crushers and similar machinery; parts, used in the manufacture of wine, cider, fruit juices or similar beverages"
8436,4,84,XVI,"Agricultural, horticultural, forestry, poultry-keeping, bee-keeping machinery; including germination plant fitted with mechanical or thermal equipment; poultry incubators and brooders"
843610,6,8436,XVI,Machinery; for preparing animal feeding stuffs
843621,6,8436,XVI,Poultry incubators and brooders
843629,6,8436,XVI,Poultry-keeping machinery; other than incubators and brooders
843680,6,8436,XVI,"Machinery; for agricultural, horticultural or forestry use and n.e.c. in heading no. 8436"
843691,6,8436,XVI,Machinery; parts of poultry-keeping machinery or poultry incubators and brooders
843699,6,8436,XVI,"Machinery; parts of that machinery for agricultural, horticultural or forestry use n.e.c. in heading no. 8436"
8437,4,84,XVI,"Machines for cleaning, sorting, grading seed, grain, dried leguminous vegetables; machinery used in the milling industry for the working of cereals or dried leguminous vegetables, not farm type machinery"
843710,6,8437,XVI,"Machines; for cleaning, sorting or grading seed, grain or dried leguminous vegetables"
843780,6,8437,XVI,"Machinery; for use in the milling industry or for the working of cereals or dried leguminous vegetables, other than farm-type machinery"
843790,6,8437,XVI,"Machines; parts of those for cleaning, sorting or grading seed, grain or dried leguminous vegetables or for milling or working cereals or dried leguminous vegetables (not farm-type machinery)"
8438,4,84,XVI,"Machinery n.e.c. in this chapter, for the industrial preparation or manufacture of food or drink; other than machinery for extraction or preparation of animal or fixed vegetable or microbial fats or oils"
843810,6,8438,XVI,"Machinery; industrial, for bakery and for the manufacture of macaroni, spaghetti or similar products"
843820,6,8438,XVI,"Machinery; industrial, for the manufacture of confectionery, cocoa or chocolate"
843830,6,8438,XVI,"Machinery; industrial, for sugar manufacture"
843840,6,8438,XVI,"Machinery; industrial, brewery machinery"
843850,6,8438,XVI,"Machinery; industrial, for the preparation of meat or poultry"
843860,6,8438,XVI,"Machinery; industrial, for the preparation of fruits, nuts or vegetables"
843880,6,8438,XVI,"Machinery; used in the industrial preparation or manufacture of food or drink, n.e.c. in heading no. 8438"
843890,6,8438,XVI,Machinery; parts of those machines used in the industrial preparation or manufacture of food or drink
8439,4,84,XVI,"Machinery; for making pulp of fibrous cellulosic material, or for making or finishing paper or paperboard"
843910,6,8439,XVI,Machinery; for making pulp of fibrous cellulosic material
843920,6,8439,XVI,Machinery; for making paper or paperboard
843930,6,8439,XVI,Machinery; for finishing paper or paperboard
843991,6,8439,XVI,Machinery; parts of machinery for making pulp of fibrous cellulosic material
843999,6,8439,XVI,Machinery; parts of machinery for making or finishing paper or paperboard
8440,4,84,XVI,Book-binding machinery; including book-sewing machines
844010,6,8440,XVI,Book-binding machinery; including book-sewing machines
844090,6,8440,XVI,"Book-binding machinery; including book-sewing machines, parts thereof"
8441,4,84,XVI,"Machines; for making up paper pulp, paper or paperboard, including cutting machines of all kinds"
844110,6,8441,XVI,"Machines; cutting, of all kinds, for making up paper pulp, paper or paperboard"
844120,6,8441,XVI,"Machines; for making bags, sacks or envelopes of paper pulp, paper or paperboard"
844130,6,8441,XVI,"Machines; for making cartons, boxes, cases, tubes, drums or similar containers (other than by moulding), of paper pulp, paper or paperboard"
844140,6,8441,XVI,"Machines; for moulding articles, in paper pulp, paper or paperboard"
844180,6,8441,XVI,"Machinery; n.e.c. in heading no. 8441, for making up paper pulp, paper or paperboard"
844190,6,8441,XVI,"Machinery; parts of machinery for making up paper pulp, paper or paperboard, including cutting machines of all kinds"
8442,4,84,XVI,"Machinery, apparatus and equipment (excluding machines of headings 8456 to 8465) for preparing or making printing components; plates, cylinders and other printing components; lithographic stones prepared for printing purposes"
844230,6,8442,XVI,"Machinery, apparatus and equipment (excluding machines of heading no. 8456 to 8465) for preparing or making printing components"
844240,6,8442,XVI,"Machinery, apparatus and equipment (excluding machines of heading no. 8456 to 8465) for preparing or making printing components; parts thereof"
844250,6,8442,XVI,"Plates, cylinders and other printing components; lithographic stones prepared for printing purposes (for example, planed, grained or polished)"
8443,4,84,XVI,"Printing machinery; used for printing by means of plates, cylinders and other printing components of heading 84.42; other printers, copying machines and facsimile machines, whether or not combined; parts and accessories thereof"
844311,6,8443,XVI,"Printing machinery; offset, reel-fed"
844312,6,8443,XVI,"Printing machinery; offset, sheet-fed, office type (sheet size not exceeding 22 x 36cm in the unfolded state)"
844313,6,8443,XVI,"Printing machinery; offset, n.e.c. in item no. 8443.1"
844314,6,8443,XVI,"Printing machinery; letterpress, reel-fed, excluding flexographic printing"
844315,6,8443,XVI,"Printing machinery; letterpress, other than reel-fed, excluding flexographic printing"
844316,6,8443,XVI,Printing machinery; flexographic
844317,6,8443,XVI,Printing machinery; gravure
844319,6,8443,XVI,"Printing machinery; used for printing by means of plates, cylinders and other printing components of heading 84.42, n.e.c. in item no. 8443.1"
844331,6,8443,XVI,"Printing, copying, and facsimile machines; machines which perform two or more of the functions of printing, copying or facsimile transmission, capable of connecting to an automatic data processing machine or to a network"
844332,6,8443,XVI,"Printing, copying, and facsimile machines; single-function printing, copying or facsimile machines, capable of connecting to an automatic data processing machine or to a network"
844339,6,8443,XVI,"Printing, copying, and facsimile machines; single-function printing, copying or facsimile machines, not capable of connecting to an automatic data processing machine or to a network"
844391,6,8443,XVI,"Printing machinery used for printing by means of plates, cylinders and other printing components of heading 8442; parts and accessories"
844399,6,8443,XVI,"Printing machinery; parts and accessories, n.e.c. in item no. 8443.91"
8444,4,84,XVI,"Textile machinery; for extruding, drawing, texturing or cutting man-made textile materials"
844400,6,8444,XVI,"Textile machinery; for extruding, drawing, texturing or cutting man-made textile materials"
8445,4,84,XVI,"Textile machinery; spinning, doubling, twisting machines, textile reeling or winding machines and machines for preparing textile yarns for use on machines of heading no. 8446 and 8447"
844511,6,8445,XVI,Textile machinery; carding machines for preparing textile fibres
844512,6,8445,XVI,Textile machinery; combing machines for preparing textile fibres
844513,6,8445,XVI,Textile machinery; drawing or roving machines for preparing textile fibres
844519,6,8445,XVI,"Textile machinery; n.e.c. in heading no. 8445, for preparing textile fibres"
844520,6,8445,XVI,Textile machinery; spinning machines
844530,6,8445,XVI,Textile machinery; doubling or twisting machines
844540,6,8445,XVI,Textile machinery; winding (including weft-winding) or reeling machines
844590,6,8445,XVI,Textile machinery; involved in textile fibre or textile yarn preparation and n.e.c. in heading no. 8445
8446,4,84,XVI,Weaving machines (looms)
844610,6,8446,XVI,Weaving machines (looms); for weaving fabrics of a width 30cm or less
844621,6,8446,XVI,"Weaving machines (looms); for weaving fabrics of a width exceeding 30cm, shuttle type, power looms"
844629,6,8446,XVI,"Weaving machines (looms); for weaving fabrics of a width exceeding 30cm, shuttle type, other than power looms"
844630,6,8446,XVI,"Weaving machines (looms); for weaving fabrics of a width exceeding 30cm, shuttleless type"
8447,4,84,XVI,"Knitting machines, stitch-bonding machines and machines for making gimped yarn, tulle, lace, embroidery, trimmings, braid or net and machines for tufting"
844711,6,8447,XVI,"Knitting machines; circular, with cylinder diameter not exceeding 165mm"
844712,6,8447,XVI,"Knitting machines; circular, with cylinder diameter exceeding 165mm"
844720,6,8447,XVI,"Knitting machines; flat, stitch-bonding machines"
844790,6,8447,XVI,"Machines; for making gimped yarn, tulle, lace, embroidery, trimmings, braid or net and machines for tufting"
8448,4,84,XVI,"Machinery, auxiliary; for use with machines of heading no. 8444 to 8447 (e.g. dobbies, jacquards, automatic stop motions, shuttle changing mechanisms) parts, accessories for machines of heading no. 8444, 8447"
844811,6,8448,XVI,"Machinery, auxiliary; dobbies and jacquards, card reducing, copying, punching or assembling machines for use therewith"
844819,6,8448,XVI,"Machinery, auxiliary; for machines of heading no. 8444, 8445, 8446 or 8447, n.e.c. in item no. 8448.11"
844820,6,8448,XVI,Machines; parts and accessories of machines or auxiliary machinery of heading no. 8444
844831,6,8448,XVI,"Machines, card clothing; parts and accessories"
844832,6,8448,XVI,"Machines; parts and accessories of machines or auxiliary machinery for preparing textile fibres, other than card clothing"
844833,6,8448,XVI,"Machines; parts and accessories of machines or auxiliary machinery, spindles, spindle flyers, spinning rings and ring travellers"
844839,6,8448,XVI,"Machines; parts and accessories of machines or auxiliary machinery of heading no. 8445, n.e.c. in item no. 8448.3"
844842,6,8448,XVI,"Weaving machines (looms); parts including their auxiliary machinery, and accessories thereof, reeds for looms, healds and heald-frames"
844849,6,8448,XVI,"Weaving machines (looms); parts including their auxiliary machinery, and accessories thereof n.e.c. in item no. 8448.4"
844851,6,8448,XVI,"Machines; parts and accessories of machines of heading no. 8447 or auxiliary machinery, sinkers, needles and other articles used in forming stitches"
844859,6,8448,XVI,"Machines; parts and accessories of machines or auxiliary machinery of heading no. 8447, other than sinkers, needles and other articles used in forming stitches"
8449,4,84,XVI,"Machinery; for manufacture or finishing felt or non-wovens in the piece or in shapes, including machinery for making felt hats, blocks for making hats"
844900,6,8449,XVI,"Machinery; for manufacture or finishing felt or non-wovens in the piece or in shapes, including machinery for making felt hats, blocks for making hats"
8450,4,84,XVI,Household or laundry-type washing machines; including machines which both wash and dry
845011,6,8450,XVI,"Washing machines; household or laundry-type, fully-automatic, (of a dry linen capacity not exceeding 10kg)"
845012,6,8450,XVI,"Washing machines; household or laundry-type, with built-in centrifugal drier, (not fully-automatic), of a dry linen capacity not exceeding 10kg"
845019,6,8450,XVI,"Washing machines; household or laundry-type, not fully-automatic, without built-in centrifugal drier, of a dry linen capacity not exceeding 10kg"
845020,6,8450,XVI,"Washing machines; household or laundry-type, of a dry linen capacity exceeding 10kg"
845090,6,8450,XVI,Washing machines; parts for household or laundry-type
8451,4,84,XVI,"Machinery (not of heading no. 8450) for washing, cleaning, wringing, drying, ironing, pressing, bleaching, dyeing, dressing, finishing, coating or impregnating textile yarn, fabrics or made up articles"
845110,6,8451,XVI,Dry-cleaning machines
845121,6,8451,XVI,Drying machines; of a dry linen capacity not exceeding 10kg
845129,6,8451,XVI,Drying machines; of a dry linen capacity exceeding 10kg
845130,6,8451,XVI,Ironing machines and presses (including fusing presses)
845140,6,8451,XVI,"Machines; for washing, bleaching or dyeing"
845150,6,8451,XVI,"Machines; for reeling, unreeling, folding, cutting or pinking textile fabrics"
845180,6,8451,XVI,"Machinery; for wringing, dressing, finishing, coating or impregnating textile yarns, fabrics or made up textile articles; for applying paste to base fabric used in manufacture of floor coverings"
845190,6,8451,XVI,"Machinery; parts, of the machinery of heading no. 8451"
8452,4,84,XVI,"Sewing machines; other than book-sewing machines of heading no. 8440; furniture, bases and covers specially designed for sewing machines; sewing machine needles"
845210,6,8452,XVI,Sewing machines; of the household type
845221,6,8452,XVI,"Sewing machines; (not household type), automatic units"
845229,6,8452,XVI,Sewing machines; not household or automatic unit type
845230,6,8452,XVI,Sewing machine needles
845290,6,8452,XVI,"Sewing machines; furniture, bases and covers for sewing machines and parts thereof, and other parts of sewing machines"
8453,4,84,XVI,"Machinery for preparing, tanning or working hides, skins or leather or for making or repairing footwear or other articles of hides, skins or leather, other than sewing machines"
845310,6,8453,XVI,"Machinery; for preparing, tanning or working hides, skins or leather, other than sewing machines"
845320,6,8453,XVI,"Machinery; for making or repairing footwear, other than sewing machines"
845380,6,8453,XVI,"Machinery; for making or repairing articles of hides, skins or leather, other than sewing machines"
845390,6,8453,XVI,"Machinery; parts of those for preparing, tanning or working hides, skins or leather, for making or repairing footwear or other articles of hides, skin or leather, other than sewing machines"
8454,4,84,XVI,"Converters, ladles, ingot moulds and casting machines; of a kind used metallurgy or in metal foundries"
845410,6,8454,XVI,Converters; of a type used in metallurgy or in metal foundries
845420,6,8454,XVI,Ingot moulds and ladles; of a kind used in metallurgy or in metal foundries
845430,6,8454,XVI,Casting machines; of a kind used in metallurgy or in metal foundries
845490,6,8454,XVI,"Machines; parts of converters, ladles, ingot moulds and casting machines, of a kind used in metallurgy or in metal foundries"
8455,4,84,XVI,Metal-rolling mills and rolls therefor
845510,6,8455,XVI,Metal-rolling mills; tube mills
845521,6,8455,XVI,Metal-rolling mills; hot or combination hot and cold rolling mills
845522,6,8455,XVI,Metal-rolling mills; cold
845530,6,8455,XVI,Metal-rolling mills; rolls thereof
845590,6,8455,XVI,Metal-rolling mills; parts thereof
8456,4,84,XVI,"Machine-tools; for working any material by removal of material, by laser or other light or photon beam, ultrasonic, electro-discharge, electro-chemical, electron beam, ionic-beam, or plasma arc processes; water-jet cutting machines"
845611,6,8456,XVI,Machine-tools; for working any material by removal of material; operated by laser
845612,6,8456,XVI,Machine-tools; for working any material by removal of material; operated by other light or photon beam processes (not laser)
845620,6,8456,XVI,"Machine-tools; for working any material by removal of material, operated by ultrasonic processes"
845630,6,8456,XVI,"Machine-tools; for working any material by removal of material, operated by electro-discharge processes"
845640,6,8456,XVI,Machine tools; for working any material by removal of material; operated by plasma arc processes;
845650,6,8456,XVI,Machine tools; for working any material by removal of material; operated by water-jet cutting machines
845690,6,8456,XVI,Machine tools; for working any material by removal of material; operated by other processes n.e.c. in heading 8456
8457,4,84,XVI,"Machining centres, unit construction machines (single station) and multi-station transfer machines for working metal"
845710,6,8457,XVI,Machining centres; for working metal
845720,6,8457,XVI,"Machines; unit construction machines (single station), for working metal"
845730,6,8457,XVI,"Metal machines; multi-station transfer machines, for working metal"
8458,4,84,XVI,Lathes for removing metal
845811,6,8458,XVI,"Lathes; for removing metal, horizontal, numerically controlled"
845819,6,8458,XVI,"Lathes; for removing metal, horizontal, other than numerically controlled"
845891,6,8458,XVI,"Lathes; for removing metal, numerically controlled, other than horizontal lathes"
845899,6,8458,XVI,"Lathes; for removing metal, other than horizontal or numerically controlled lathes"
8459,4,84,XVI,"Machine-tools; (including way-type unit head machines) for drilling, boring, milling, threading or tapping by removing metal, other than lathes of heading no. 8458"
845910,6,8459,XVI,"Machine-tools; way-type unit head machines, for drilling, boring, milling, threading or tapping by removing metal, other than lathes of heading no. 8458"
845921,6,8459,XVI,"Machine-tools; for drilling by removing metal, numerically controlled"
845929,6,8459,XVI,"Machine-tools; for drilling by removing metal, other than numerically controlled"
845931,6,8459,XVI,"Machine-tools; for boring-milling by removing metal, numerically controlled"
845939,6,8459,XVI,"Machine-tools; for boring-milling by removing metal, other than numerically controlled"
845941,6,8459,XVI,"Machine-tools; for boring by removing metal, numerically controlled boring machines, n.e.c. in heading 8459"
845949,6,8459,XVI,"Machine-tools; for boring by removing metal, not numerically controlled boring machines, n.e.c. in heading 8459"
845951,6,8459,XVI,"Machine-tools; for milling by removing metal, knee-type, numerically controlled"
845959,6,8459,XVI,"Machine-tools; for milling by removing metal, knee-type, other than numerically controlled"
845961,6,8459,XVI,"Machine-tools; for milling by removing metal, (not knee-type), numerically controlled"
845969,6,8459,XVI,"Machine-tools; for milling by removing metal, not knee-type, other than numerically controlled"
845970,6,8459,XVI,Machine-tools; for threading or tapping by removing metal
8460,4,84,XVI,"Machine-tools; for deburring, sharpening, grinding, honing, lapping, polishing or otherwise finishing metal, sintered metal carbides or cermets by means of grinding stones, abrasives or polishing products"
846012,6,8460,XVI,"Machine-tools; flat-surface grinding machines, numerically controlled"
846019,6,8460,XVI,"Machine-tools; flat-surface grinding machines, other than numerically controlled"
846022,6,8460,XVI,"Machine-tools; grinding machines (excluding flat-surface), centreless, numerically controlled"
846023,6,8460,XVI,"Machine-tools; cylindrical grinding machines (excluding flat-surface and centreless), numerically controlled"
846024,6,8460,XVI,"Machine-tools; grinding machines (excluding flat-surface, cylindrical and centreless), numerically controlled"
846029,6,8460,XVI,"Machine-tools; grinding machines (excluding flat-surface), other than numerically controlled"
846031,6,8460,XVI,"Machine-tools; sharpening (tool or cutter grinding) machines, numerically controlled"
846039,6,8460,XVI,"Machine-tools; sharpening (tool or cutter grinding) machines, other than numerically controlled"
846040,6,8460,XVI,Machine-tools; for honing or lapping
846090,6,8460,XVI,"Machine-tools; for deburring, grinding, polishing or otherwise finishing metal, sintered metal carbides or cermets by means of grinding stones, abrasives or polishing products, n.e.c. in heading no. 8460"
8461,4,84,XVI,"Machine-tools; for planing, shaping, slotting, broaching, gear cutting and grinding, finishing, sawing, cutting off and other tools working by removing metal, sintered metal carbides or cermets n.e.c."
846120,6,8461,XVI,"Machine-tools; shaping or slotting machines, working by removing metal, sintered metal carbides or cermets"
846130,6,8461,XVI,"Machine-tools; broaching machines, working by removing metal, sintered metal carbides or cermets"
846140,6,8461,XVI,"Machine-tools; gear cutting, gear grinding or gear finishing machines, working by removing metal, sintered metal carbides or cermets"
846150,6,8461,XVI,"Machine-tools; sawing or cutting-off machines, working by removing metal, sintered metal carbides or cermets"
846190,6,8461,XVI,"Machine-tools; planing machines, and other machine-tools n.e.c. in heading no. 8461; working by removing metal, sinistered metal carbides or cerments."
8462,4,84,XVI,"Machine-tools (including presses) for working metal by forging, hammering or die forging (excluding rolling mills); machine-tools (including presses, slitting lines and cut-to-length lines) for working metal by bending, folding, straightening, flattening,"
846211,6,8462,XVI,"Machine-tools; forging and die-forging machines (including presses), closed die forging machines, for working metal"
846219,6,8462,XVI,"Machine-tools; hot forming machines, hot hammers, for working metal"
846222,6,8462,XVI,"Machine-tools; bending, folding, straightening or flattening machines (including press brakes) for flat products, for working metal, numerically controlled"
846223,6,8462,XVI,"Machine-tools; bending, folding, straightening or flattening machines (including presses), for working metal, numerically controlled press brakes"
846224,6,8462,XVI,"Machine-tools; bending, folding, straightening or flattening machines (including presses), for working metal, numerically controlled panel benders"
846225,6,8462,XVI,"Machine-tools; bending, folding, straightening or flattening machines (including presses), for working metal, numerically controlled roll forming machines"
846226,6,8462,XVI,"Machine-tools; bending, folding, straightening or flattening machines (including presses), for working metal, numerically controlled bending, folding, straightening or fattening machines (not press brakes, panel benders or roll forming machines)"
846229,6,8462,XVI,"Machine-tools; bending, folding, straightening or flattening machines (including press brakes), for working metal, numerically controlled n.e.c. in item 84.62.2"
846232,6,8462,XVI,"Machine-tools; slitting lines and cut-to-length lines, for working metal"
846233,6,8462,XVI,"Machine-tools; shearing machines (excluding presses) for flat products, numerically controlled, other than combined punching and shearing machines, for working metal"
846239,6,8462,XVI,"Machine-tools; shearing machines (excluding presses) for flat products, other than numerically controlled, other than combined punching and shearing machines, for working metal"
846242,6,8462,XVI,"Machine-tools; punching, notching or nibbling machines (excluding presses) for flat products including combined punching and shearing machines, numerically controlled, for working metal"
846249,6,8462,XVI,"Machine-tools; punching, notching or nibbling machines (excluding presses) for flat products including combined punching and shearing machines, other than numerically controlled, for working metal"
846251,6,8462,XVI,"Machine-tools; for working tube, pipe, hollow section and bar (excluding presses), for working metal, numerically controlled"
846259,6,8462,XVI,"Machine-tools; for working tube, pipe, hollow section and bar (excluding presses), for working metal, not numerically controlled"
846261,6,8462,XVI,"Machine-tools; cold metal working presses, hydraulic presses"
846262,6,8462,XVI,"Machine-tools; cold metal working presses, mechanical presses"
846263,6,8462,XVI,"Machine-tools; cold metal working presses, servo-presses"
846269,6,8462,XVI,"Machine-tools; cold metal working presses, other than hydraulic, mechanical or servo-presses"
846290,6,8462,XVI,"Machine-tools; (including presses) for working metal by forging, hammering or die-forging, for bending, folding, straightening, flattening, shearing, punching, notching or nibbling metal, n.e.c. in heading 8462"
8463,4,84,XVI,"Machine-tools; n.e.c. for working metal, sintered metal carbides or cermets without removing material"
846310,6,8463,XVI,"Machine-tools; for working metal, sintered metal carbides or cermets, without removing material, draw-benches for bars, tubes, profiles, wire or the like"
846320,6,8463,XVI,"Machine-tools; for working metal, sintered metal carbides or cermets, without removing material, thread rolling machines"
846330,6,8463,XVI,"Machine-tools; machines for working wire, without removing material"
846390,6,8463,XVI,"Machine-tools; for working metal, sintered metal carbides or cermets, without removing material, n.e.c. in heading no. 8463"
8464,4,84,XVI,"Machine-tools; for working stone, ceramics, concrete, asbestos-cement or like mineral materials or for cold working glass"
846410,6,8464,XVI,"Machine-tools; sawing machines, for working stone, ceramics, concrete, asbestos-cement or like mineral materials or for cold working glass"
846420,6,8464,XVI,"Machine-tools; grinding or polishing machines, for working stone, ceramics, concrete, asbestos-cement or like mineral materials or for cold working glass"
846490,6,8464,XVI,"Machine-tools; for working stone, ceramics, concrete, asbestos-cement or like mineral materials or for cold working glass, (other than sawing, grinding or polishing machines)"
8465,4,84,XVI,"Machine-tools; (including machines for nailing, stapling, glueing or otherwise assembling) for working wood, cork, bone, hard plastics or rubber or similar hard materials"
846510,6,8465,XVI,"Machine-tools; which can carry out different types of machining operations without tool change between such operations, for working wood, cork, bone, hard rubber, hard plastics or similar"
846520,6,8465,XVI,"Machine-tools; for working wood, cork, bone, hard rubber, hard plastics or similar hard materials; machining centres"
846591,6,8465,XVI,"Machine-tools; for working wood, cork, bone, hard rubber, hard plastics or similar hard materials; sawing machines"
846592,6,8465,XVI,"Machine-tools; for working wood, cork, bone, hard rubber, hard plastics or similar hard materials; planing, milling or moulding (by cutting) machines"
846593,6,8465,XVI,"Machine-tools; for working wood, cork, bone, hard rubber, hard plastics or similar hard materials; grinding, sanding or polishing machines"
846594,6,8465,XVI,"Machine-tools; for working wood, cork, bone, hard rubber, hard plastics or similar hard materials; bending or assembling machines"
846595,6,8465,XVI,"Machine-tools; for working wood, cork, bone, hard rubber, hard plastics or similar hard materials; drilling or morticing machines"
846596,6,8465,XVI,"Machine-tools; for working wood, cork, bone, hard rubber, hard plastics or similar hard materials; splitting, slicing or paring machines"
846599,6,8465,XVI,"Machine-tools; for working wood, cork, bone, hard rubber, hard plastics or similar hard materials; n.e.c. in heading no. 8465"
8466,4,84,XVI,"Parts & accessories suited for use only/mainly with machines of headings 8456-8465, including work/tool holders, self-opening dieheads, dividing heads & other special attachments for the machines; tool holders for any type of tool for working in the hand"
846610,6,8466,XVI,Parts & accessories suited for use solely/principally with machines of headings 8456-8465; tool holders and self-opening dieheads
846620,6,8466,XVI,Parts & accessories suited for use solely/principally with machines of headings 8456-8465; work holders
846630,6,8466,XVI,Parts & accessories suited for use solely/principally with machines of headings 8456-8465; dividing heads and other special attachments for machines
846691,6,8466,XVI,"Parts & accessories suited for use solely/principally; for the machines of heading no. 8464, n.e.c. in heading no. 8466"
846692,6,8466,XVI,"Parts & accessories suited for use solely/principally for the machines of heading no. 8465, n.e.c. in heading no. 8466"
846693,6,8466,XVI,Parts & accessories suited for use solely/principally with machines of headings 8456-8465; n.e.c. in heading no. 8466
846694,6,8466,XVI,"Machine-tools; parts and accessories, for the machines of heading no. 8462 or 8463, n.e.c. in heading no. 8466"
8467,4,84,XVI,"Tools; for working in the hand, pneumatic, hydraulic or with self-contained electric or non-electric motor"
846711,6,8467,XVI,"Tools; for working in the hand, pneumatic, rotary type (including combined rotary-percussion)"
846719,6,8467,XVI,"Tools; for working in the hand, pneumatic, other than rotary type"
846721,6,8467,XVI,"Tools; for working in the hand, with self-contained electric motor; drills of all kinds"
846722,6,8467,XVI,"Tools; for working in the hand, with self-contained electric motor; saws"
846729,6,8467,XVI,"Tools; for working in the hand, with self-contained electric motor; other than saws and drills"
846781,6,8467,XVI,"Tools; for working in the hand, chain saws with self-contained non-electric motor"
846789,6,8467,XVI,"Tools; for working in the hand, (other than chain saws), hydraulic or with self-contained non-electric motor, (not pneumatic)"
846791,6,8467,XVI,"Tools; for working in the hand, parts of chain saws, with self-contained non-electric motor"
846792,6,8467,XVI,"Tools; for working in the hand, parts of pneumatic tools"
846799,6,8467,XVI,"Tools; for working in the hand, parts thereof for other than chain saws and pneumatic tools"
8468,4,84,XVI,"Machinery and apparatus for soldering, brazing, welding, whether or not capable of cutting, other than those of heading no. 8515; gas-operated surface tempering machines and appliances"
846810,6,8468,XVI,"Machinery and apparatus; hand-held blow pipes for soldering, brazing or welding, whether or not capable of cutting"
846820,6,8468,XVI,"Machinery and apparatus; gas operated machinery and apparatus n.e.c. in item no. 8468.10, for soldering, brazing or welding, whether or not capable of cutting"
846880,6,8468,XVI,"Machinery and apparatus; for soldering, brazing or welding, whether or not capable of cutting, n.e.c. in heading no. 8468"
846890,6,8468,XVI,"Machinery and apparatus; parts, soldering, brazing or welding, whether or not capable of cutting, parts thereof"
8470,4,84,XVI,"Calculating machines and pocket-size data recording, reproducing and displaying machines with calculating functions; accounting machines, postage-franking machines, ticket-issuing machines and similar, incorporating a calculating device; cash registers"
847010,6,8470,XVI,"Calculating machines; electronic calculators capable of operation without an external source of electric power and pocket-size data recording, reproducing and displaying machines with calculating functions"
847021,6,8470,XVI,"Calculating machines; electronic, incorporating a printing device, needing an external source of power"
847029,6,8470,XVI,"Calculating machines; electronic, (not incorporating a printing device), needing an external power source"
847030,6,8470,XVI,Calculating machines; non-electronic
847050,6,8470,XVI,Cash registers
847090,6,8470,XVI,Machines incorporating a calculating device; n.e.c. in heading no. 8470
8471,4,84,XVI,"Automatic data processing machines and units thereof, magnetic or optical readers, machines for transcribing data onto data media in coded form and machines for processing such data, not elsewhere specified or included"
847130,6,8471,XVI,"Automatic data processing machines; portable, weighing not more than 10kg, consisting of at least a central processing unit, a keyboard and a display"
847141,6,8471,XVI,"Automatic data processing machines; comprising in the same housing at least a central processing unit and an input and output unit, whether or not combined, n.e.c. in item no. 8471.30"
847149,6,8471,XVI,"Automatic data processing machines; presented in the form of systems, n.e.c. in item no. 8471.30 or 8471.41"
847150,6,8471,XVI,"Units of automatic data processing machines; processing units other than those of item no. 8471.41 or 8471.49, whether or not containing in the same housing one or two of the following types of unit: storage units, input units or output units"
847160,6,8471,XVI,"Units of automatic data processing machines; input or output units, whether or not containing storage units in the same housing"
847170,6,8471,XVI,Units of automatic data processing machines; storage units
847180,6,8471,XVI,"Units of automatic data processing machines; n.e.c. in item no. 8471.50, 8471.60 or 8471.70"
847190,6,8471,XVI,"Magnetic or optical readers, machines for transcribing data onto data media in coded form and machines for processing such data, not elsewhere specified or included"
8472,4,84,XVI,Office machines; not elsewhere classified
847210,6,8472,XVI,Office machines; duplicating machines
847230,6,8472,XVI,"Office machines; for sorting or folding mail or for inserting mail in envelopes or bands, machines for opening, closing or sealing mail and machines for affixing or cancelling postage stamps"
847290,6,8472,XVI,Office machines; not elsewhere classified
8473,4,84,XVI,"Machinery; parts and accessories (other than covers, carrying cases and the like) suitable for use solely or principally with machines of headings 84.70 to 84.72"
847321,6,8473,XVI,"Calculating machines; parts and accessories of the electronic calculating machines of item no. 8470.10, 8470.21 or 8470.29 (other than covers, carrying cases and the like)"
847329,6,8473,XVI,"Machinery; parts and accessories of the machines of item no. 8470.30. 8470.50 or 8470.90 (other than covers, carrying cases and the like)"
847330,6,8473,XVI,"Machinery; parts and accessories (other than covers, carrying cases and the like) of the machines of heading no. 8471"
847340,6,8473,XVI,"Machinery; parts and accessories (other than covers, carrying cases and the like) of the machines of heading no. 8472"
847350,6,8473,XVI,"Machines; parts and accessories (other than covers, carrying cases and the like) equally suitable for use with machines of two or more of the headings 8470 to 8472"
8474,4,84,XVI,"Machinery for sorting, screening, separating, washing, crushing, grinding, mixing or kneading earth, stone, ores in solid form, shaping, moulding machinery for solid mineral fuels"
847410,6,8474,XVI,"Machines; for sorting, screening, separating or washing earth, stone, ores or other mineral substances"
847420,6,8474,XVI,"Machines; for crushing or grinding earth, stone, ores or other mineral substances"
847431,6,8474,XVI,Machines; concrete or mortar mixers
847432,6,8474,XVI,Machines; for mixing mineral substances with bitumen
847439,6,8474,XVI,"Machines; for mixing or kneading mineral substances, excluding concrete mixers and machines for mixing mineral substances with bitumen"
847480,6,8474,XVI,"Machines; for agglomerating, shaping or moulding solid mineral fuels, ceramic paste, unhardened cements, plastering materials in powder or paste form, machines for forming foundry moulds of sand"
847490,6,8474,XVI,"Machines, for sorting, screening, separating, washing, crushing etc mineral substances, for agglomerating, shaping or moulding solid fuels, ceramic pastes etc, for forming foundry moulds of sand; parts"
8475,4,84,XVI,"Machines; for assembling electric or electronic lamps, tubes, valves, flashbulbs, in glass envelopes, machines for manufacturing or hot working glass or glassware"
847510,6,8475,XVI,"Machines; for assembling electric or electronic lamps, tubes, valves or flashbulbs, in glass envelopes"
847521,6,8475,XVI,"Machines; for manufacturing or hot working glass or glassware, for making optical fibres and preforms thereof"
847529,6,8475,XVI,"Machines; for manufacturing or hot working glass or glassware, not for making optical fibres and preforms thereof"
847590,6,8475,XVI,"Machines; parts, of those for assembling electric or electronic lamps, tubes, valves or flash-bulbs, in glass envelopes and manufacturing or hot working glass or glassware"
8476,4,84,XVI,"Automatic goods-vending machines (e.g. postage stamp, cigarette, food or beverage machines), including money-changing machines"
847621,6,8476,XVI,"Machines; automatic beverage-vending machines, incorporating heating or refrigerating devices"
847629,6,8476,XVI,"Machines; automatic beverage-vending machines, not incorporating heating or refrigerating devices"
847681,6,8476,XVI,"Machines; automatic goods-vending machines, (e.g. postage stamp, cigarette, food or money-changing machines, excluding beverage-vending machines), incorporating heating or refrigerating devices"
847689,6,8476,XVI,"Machines; automatic goods-vending machines, (e.g. postage stamp, cigarette, food or money-changing machines, excluding beverage-vending machines), not incorporating heating or refrigerating devices"
847690,6,8476,XVI,Machines; parts of automatic goods-vending machines
8477,4,84,XVI,"Machinery; for working rubber or plastics or for the manufacture of products from these materials, n.e.c. in this chapter"
847710,6,8477,XVI,"Machinery; injection-moulding machines, for working rubber or plastics or for the manufacture of products from these materials"
847720,6,8477,XVI,"Machinery; extruders, for working rubber or plastics or for the manufacture of products from these materials"
847730,6,8477,XVI,"Machinery; blow moulding machines, for working rubber or plastics or for the manufacture of products from these materials"
847740,6,8477,XVI,"Machinery; vacuum moulding machines and other thermoforming machines, for working rubber or plastics or for the manufacture of products from these materials"
847751,6,8477,XVI,Machinery; for moulding or retreading pneumatic tyres or for moulding or otherwise forming inner tubes
847759,6,8477,XVI,"Machinery; for moulding or forming, for working rubber or plastics or for the manufacture of products from these materials, n.e.c. in this chapter"
847780,6,8477,XVI,"Machinery; for working rubber or plastics or for the manufacture of products from these materials, n.e.c. in this chapter"
847790,6,8477,XVI,"Machinery; parts of the machines of heading no. 8477, n.e.c. in item no. 8477.90"
8478,4,84,XVI,"Machinery; for preparing or making up tobacco, n.e.c. in this chapter"
847810,6,8478,XVI,"Machinery; for preparing or making up tobacco, n.e.c. in this chapter"
847890,6,8478,XVI,"Machinery; parts of those for preparing or making up tobacco, n.e.c. in this chapter"
8479,4,84,XVI,"Machinery and mechanical appliances; having individual functions, n.e.c. in this chapter"
847910,6,8479,XVI,"Machinery and mechanical appliances; for public works, building or the like"
847920,6,8479,XVI,Machinery; for the extraction or preparation of animal or fixed vegetable or microbial fats or oils
847930,6,8479,XVI,Machinery and mechanical appliances; presses for the manufacture of particle or fibre building board of wood or other ligneous materials and other machinery for treating wood or cork
847940,6,8479,XVI,Machines; for making rope or cable
847950,6,8479,XVI,"Machinery and mechanical appliances; industrial robots, n.e.c. or included"
847960,6,8479,XVI,Machinery and mechanical appliances; evaporative air coolers
847971,6,8479,XVI,"Machinery and mechanical appliances; passenger boarding bridges, of a kind used in airports"
847979,6,8479,XVI,"Machinery and mechanical appliances; passenger boarding bridges, other than of a kind used in airports"
847981,6,8479,XVI,"Machines and mechanical appliances; for treating metal, including electric wire coil-winders"
847982,6,8479,XVI,"Machines; for mixing, kneading, crushing, grinding, screening, sifting, homogenising, emulsifying or stirring"
847983,6,8479,XVI,Machines and mechanical appliances; cold isostatic presses
847989,6,8479,XVI,"Machines and mechanical appliances; having individual functions, n.e.c. or included in this chapter"
847990,6,8479,XVI,"Machines and mechanical appliances; parts, of those having individual functions"
8480,4,84,XVI,"Moulding boxes for metal foundry, moulding patterns, moulds for metals (excluding ingot moulds), metal carbides, glass, mineral materials, rubber or plastics"
848010,6,8480,XVI,Moulding boxes; for metal foundry
848020,6,8480,XVI,"Mould bases; for metal, metal carbides, glass, mineral materials, rubber or plastics"
848030,6,8480,XVI,"Moulding patterns; of metal, metal carbides, glass, mineral materials, rubber or plastics"
848041,6,8480,XVI,"Moulds; for metal or metal carbides, injection or compression types"
848049,6,8480,XVI,"Moulds; for metal or metal carbides, other than injection or compression types"
848050,6,8480,XVI,Moulds; for glass
848060,6,8480,XVI,Moulds; for mineral materials
848071,6,8480,XVI,"Moulds; for rubber or plastics, injection or compression types"
848079,6,8480,XVI,"Moulds; for rubber or plastics, other than injection or compression types"
8481,4,84,XVI,"Taps, cocks, valves and similar appliances for pipes, boiler shells, tanks, vats or the like, including pressure-reducing valves and thermostatically controlled valves"
848110,6,8481,XVI,"Valves; pressure reducing, for pipes, boiler shells, tanks, vats or the like"
848120,6,8481,XVI,Valves; for oleohydraulic or pneumatic transmissions
848130,6,8481,XVI,"Valves; check (nonreturn) valves, for pipes, boiler shells, tanks, vats or the like"
848140,6,8481,XVI,"Valves; safety or relief valves, for pipes, boiler shells, tanks, vats or the like"
848180,6,8481,XVI,"Taps, cocks, valves and similar appliances; for pipes, boiler shells, tanks, vats or the like, including thermostatically controlled valves"
848190,6,8481,XVI,"Taps, cocks, valves and similar appliances; parts thereof"
8482,4,84,XVI,Ball or roller bearings
848210,6,8482,XVI,Ball bearings
848220,6,8482,XVI,"Bearings; tapered roller bearings, including cone and tapered roller assemblies"
848230,6,8482,XVI,Bearings; spherical roller bearings
848240,6,8482,XVI,"Bearings; needle roller bearings, including cage and needle roller assemblies"
848250,6,8482,XVI,"Bearings; cylindrical roller bearings, including cage and roller assemblies n.e.c. in heading no. 8482"
848280,6,8482,XVI,"Bearings; n.e.c. in heading no. 8482, including combined ball/roller"
848291,6,8482,XVI,"Bearings; parts, balls, needles and rollers"
848299,6,8482,XVI,"Bearings; parts, (other than balls, needles and rollers)"
8483,4,84,XVI,Transmission shafts (including cam and crank) and cranks; bearing housings and plain shaft bearings; gears and gearing; ball or roller screws; gear boxes and other speed changers; flywheels and pulleys; clutches and shaft couplings
848310,6,8483,XVI,Transmission shafts (including cam shafts and crank shafts) and cranks
848320,6,8483,XVI,"Bearing housings, incorporating ball or roller bearings"
848330,6,8483,XVI,"Bearing housings, not incorporating ball or roller bearings and plain shaft bearings"
848340,6,8483,XVI,"Gears and gearing; (not toothed wheels, chain sprockets and other transmission elements presented separately); ball or roller screws; gear boxes and other speed changers, including torque converters"
848350,6,8483,XVI,"Pulleys and flywheels, including pulley blocks"
848360,6,8483,XVI,Clutches and shaft couplings (including universal joints)
848390,6,8483,XVI,"Transmission components; toothed wheels, chain sprockets and other transmission elements presented separately; parts"
8484,4,84,XVI,"Gaskets and similar joints of metal sheeting combined with other material or of two or more layers of metal; sets or assortments of gaskets and similar joints, dissimilar in composition, put up in pouches, envelopes or similar packings; mechanical seals"
848410,6,8484,XVI,Gaskets and similar joints; of metal sheeting combined with other material or two or more layers of metal
848420,6,8484,XVI,Seals; mechanical
848490,6,8484,XVI,"Gasket sets or assortments of gaskets and similar joints; dissimilar in composition, put up in pouches, envelopes or similar packings"
8485,4,84,XVI,Machines for additive manufacturing
848510,6,8485,XVI,Machines for additive manufacturing; by metal deposit
848520,6,8485,XVI,Machines for additive manufacturing; by plastic or rubber deposit
848530,6,8485,XVI,"Machines for additive manufacturing; by plaster, cement, ceramics or glass deposit"
848580,6,8485,XVI,"Machines for additive manufacturing; by other than metal, plastic, rubber, plaster, cement, ceramics or glass deposits"
848590,6,8485,XVI,Machines for additive manufacturing; parts
8486,4,84,XVI,"Machines and apparatus of a kind used solely or principally for the manufacture of semiconductor boules or wafers, semiconductor devices, electronic integrated circuits or flat panel displays; machines & apparatus specified in note 11 (C) to this Chapter"
848610,6,8486,XVI,Machines and apparatus of a kind used solely or principally for the manufacture of semiconductor boules or wafers
848620,6,8486,XVI,Machines and apparatus of a kind used solely or principally for the manufacture of semiconductor devices or of electronic integrated circuits
848630,6,8486,XVI,Machines and apparatus of a kind used solely or principally for the manufacture of flat panel displays
848640,6,8486,XVI,"Machines and apparatus of a kind used solely or principally for the manufacture or repair of masks and reticles, assembling semiconductor devices or electronic integrated circuits, or for lifting, handling, loading or unloading items of heading 8486"
848690,6,8486,XVI,Machines and apparatus of heading 8486; parts and accessories
8487,4,84,XVI,"Machinery parts; not containing electrical connectors, insulators, coils, contacts or other electrical features, n.e.c. in this chapter"
848710,6,8487,XVI,Ships' or boats' propellers and blades therefor
848790,6,8487,XVI,"Machinery parts; not containing electrical connectors, insulators, coils, contacts or other electrical features, n.e.c. in chapter 84, other than ships' or boats' propellers and blades therefor"
85,2,TOTAL,XVI,"Electrical machinery and equipment and parts thereof; sound recorders and reproducers; television image and sound recorders and reproducers, parts and accessories of such articles"
8501,4,85,XVI,Electric motors and generators (excluding generating sets)
850110,6,8501,XVI,Electric motors; of an output not exceeding 37.5W
850120,6,8501,XVI,Electric motors; universal AC/DC of an output exceeding 37.5W
850131,6,8501,XVI,"Electric motors and generators; DC, of an output not exceeding 750W"
850132,6,8501,XVI,"Electric motors and generators; DC, of an output exceeding 750W but not exceeding 75kW"
850133,6,8501,XVI,"Electric motors and generators; DC, of an output exceeding 75kW but not exceeding 375kW"
850134,6,8501,XVI,"Electric motors and generators; DC, of an output exceeding 375kW"
850140,6,8501,XVI,"Electric motors; AC motors, single-phase"
850151,6,8501,XVI,"Electric motors; AC motors, multi-phase, of an output not exceeding 750W"
850152,6,8501,XVI,"Electric motors; AC motors, multi-phase, of an output exceeding 750W but not exceeding 75kW"
850153,6,8501,XVI,"Electric motors; AC motors, multi-phase, of an output exceeding 75kW"
850161,6,8501,XVI,"Generators; AC generators, (alternators), other than photovoltaic generators, of an output not exceeding 75kVA"
850162,6,8501,XVI,"Electric generators; AC generators, (alternators), other than photovoltaic generators, of an output exceeding 75kVA but not exceeding 375kVA"
850163,6,8501,XVI,"Electric generators; AC generators, (alternators), other than photovoltaic generators, of an output exceeding 375kVA but not exceeding 750kVA"
850164,6,8501,XVI,"Electric generators; AC generators, (alternators), other than photovoltaic generators, of an output exceeding 750kVA"
850171,6,8501,XVI,"Electric generators; photovoltaic DC generators, of an output not exceeding 50W"
850172,6,8501,XVI,"Electric generators; photovoltaic DC generators, of an output exceeding 50W"
850180,6,8501,XVI,"Electric generators; (excluding generating sets), photovoltaic AC generators (alternators)"
8502,4,85,XVI,Electric generating sets and rotary converters
850211,6,8502,XVI,"Electric generating sets; with compression-ignition internal combustion piston engines (diesel or semi-diesel engines), of an output not exceeding 75kVA"
850212,6,8502,XVI,"Electric generating sets; with compression-ignition internal combustion piston engines (diesel or semi-diesel engines), of an output exceeding 75kVA but not exceeding 375kVA"
850213,6,8502,XVI,"Electric generating sets; with compression-ignition internal combustion piston engines (diesel or semi-diesel engines), of an output exceeding 375kVA"
850220,6,8502,XVI,Electric generating sets; with spark-ignition internal combustion piston engines
850231,6,8502,XVI,"Electric generating sets; wind-powered, (excluding those with spark-ignition or compression-ignition internal combustion piston engines)"
850239,6,8502,XVI,"Electric generating sets; (excluding those with spark-ignition or compression-ignition internal combustion piston engines), other than wind powered"
850240,6,8502,XVI,Electric rotary converters
8503,4,85,XVI,Electric motors and generators; parts suitable for use solely or principally with the machines of heading no. 8501 or 8502
850300,6,8503,XVI,Electric motors and generators; parts suitable for use solely or principally with the machines of heading no. 8501 or 8502
8504,4,85,XVI,"Electric transformers, static converters (e.g. rectifiers) and inductors"
850410,6,8504,XVI,Discharge lamps or tubes; ballasts therefor
850421,6,8504,XVI,"Electrical transformers; liquid dielectric, having a power handling capacity not exceeding 650kVA"
850422,6,8504,XVI,"Electrical transformers; liquid dielectric, having a power handling capacity exceeding 650kVA but not exceeding 10,000kVA"
850423,6,8504,XVI,"Electrical transformers; liquid dielectric, having a power handling capacity exceeding 10,000kVA"
850431,6,8504,XVI,"Electrical transformers; n.e.c. in item no. 8504.2, having a power handling capacity not exceeding 1kVA"
850432,6,8504,XVI,"Transformers; n.e.c. in item no. 8504.2, having a power handling capacity exceeding 1kVA but not exceeding 16kVA"
850433,6,8504,XVI,"Transformers; n.e.c. in item no. 8504.2, having a power handling capacity exceeding 16kVA but not exceeding 500kVA"
850434,6,8504,XVI,"Transformers; n.e.c. in item no. 8504.2, having a power handling capacity exceeding 500kVA"
850440,6,8504,XVI,Electrical static converters
850450,6,8504,XVI,Electrical inductors; n.e.c. in heading no. 8504
850490,6,8504,XVI,"Electrical transformers, static converters and inductors; parts thereof"
8505,4,85,XVI,"Electro-magnets; permanent magnets, intended permanent magnets; electro-magnetic, permanent magnet chucks, clamps, similar; electromagnetic couplings, clutches, brakes; electro-magnetic lifting heads"
850511,6,8505,XVI,"Magnets; permanent magnets and articles intended to become permanent magnets after magnetisation, of metal"
850519,6,8505,XVI,"Magnets; permanent magnets and articles intended to become permanent magnets after magnetisation, other than of metal"
850520,6,8505,XVI,"Magnets; electro-magnetic couplings, clutches and brakes"
850590,6,8505,XVI,"Magnets; electro-magnets, holding devices and parts n.e.c. in heading no. 8505"
8506,4,85,XVI,Cells and batteries; primary
850610,6,8506,XVI,"Cells and batteries; primary, manganese dioxide"
850630,6,8506,XVI,"Cells and batteries; primary, mercuric oxide"
850640,6,8506,XVI,"Cells and batteries; primary, silver oxide"
850650,6,8506,XVI,"Cells and batteries; primary, lithium"
850660,6,8506,XVI,"Cells and batteries; primary, air-zinc"
850680,6,8506,XVI,"Cells and batteries; primary, (other than manganese dioxide, mercuric oxide, silver oxide, lithium or air-zinc)"
850690,6,8506,XVI,"Cells and batteries; primary, parts thereof"
8507,4,85,XVI,"Electric accumulators, including separators therefor; whether or not rectangular (including square)"
850710,6,8507,XVI,"Electric accumulators; lead-acid, of a kind used for starting piston engines, including separators, whether or not rectangular (including square)"
850720,6,8507,XVI,"Electric accumulators; lead-acid, (other than for starting piston engines), including separators, whether or not rectangular (including square)"
850730,6,8507,XVI,"Electric accumulators; nickel-cadmium, including separators, whether or not rectangular (including square)"
850750,6,8507,XVI,"Electric accumulators; nickel-metal hydride, including separators, whether or not rectangular (including square)"
850760,6,8507,XVI,"Electric accumulators; lithium-ion, including separators, whether or not rectangular (including square)"
850780,6,8507,XVI,"Electric accumulators; other than lead-acid, nickel-cadmium, nickel-metal hydride and lithium-ion, including separators, whether or not rectangular (including square)"
850790,6,8507,XVI,Electric accumulators; parts n.e.c. in heading no. 8507
8508,4,85,XVI,Vacuum cleaners
850811,6,8508,XVI,"Vacuum cleaners, with self-contained electric motor, of a power not exceeding 1,500 W and having a dust bag or other receptacle capacity not exceeding 20L"
850819,6,8508,XVI,"Vacuum cleaners, with self-contained electric motor, n.e.c. in item no. 8508.1"
850860,6,8508,XVI,"Vacuum cleaners, other than with a self-contained electric motor"
850870,6,8508,XVI,Parts of vacuum cleaners
8509,4,85,XVI,"Electro-mechanical domestic appliances; with self-contained electric motor, other than vacuum cleaners of heading 85.08."
850940,6,8509,XVI,"Electro-mechanical domestic appliances; food grinders and mixers, fruit or vegetable juice extractors, with self-contained electric motor"
850980,6,8509,XVI,"Electro-mechanical domestic appliances; with self-contained electric motor, other than vacuum cleaners of heading 85.08, n.e.c. in heading no. 8509"
850990,6,8509,XVI,Electro-mechanical domestic appliances; parts for the appliances of heading no. 8509
8510,4,85,XVI,"Shavers, hair clippers and hair removing appliances, with self-contained electric motor"
851010,6,8510,XVI,Shavers; with self-contained electric motor
851020,6,8510,XVI,Hair clippers; with a self-contained electric motor
851030,6,8510,XVI,Hair-removing appliances; with self-contained electric motor
851090,6,8510,XVI,Shavers and hair clippers; parts of those with self-contained electric motor
8511,4,85,XVI,Ignition or starting equipment; used for spark-ignition or compression-ignition internal combustion engines; generators and cut outs used in conjunction with such engines
851110,6,8511,XVI,"Ignition or starting equipment; spark plugs, of a kind used for spark or compression-ignition internal combustion engines"
851120,6,8511,XVI,"Ignition or starting equipment; ignition magnetos, magneto-dynamos and magnetic flywheels, of a kind used for spark or compression-ignition internal combustion engines"
851130,6,8511,XVI,Ignition or starting equipment; distributors and ignition coils of a kind used for spark-ignition or compression-ignition internal combustion engines
851140,6,8511,XVI,"Ignition or starting equipment; starter motors and dual purpose starter-generators, of a kind used for spark or compression-ignition internal combustion engines"
851150,6,8511,XVI,"Ignition or starting equipment; generators n.e.c. in heading no. 8511, of a kind used for spark or compression-ignition internal combustion engines"
851180,6,8511,XVI,"Ignition or starting equipment; n.e.c. in heading no. 8511, of a kind used for spark or compression-ignition internal combustion engines"
851190,6,8511,XVI,"Ignition or starting equipment; parts of the equipment of heading no. 8511, for use in spark-ignition or compression-ignition internal combustion engines"
8512,4,85,XVI,"Lighting or visual signalling equipment (excluding articles of heading no. 8539), windscreen wipers, defrosters and demisters; electrical, of a kind used for cycles or motor vehicles"
851210,6,8512,XVI,"Lighting or visual signalling equipment; electrical, of a kind used on bicycles, excluding articles of heading no. 8539"
851220,6,8512,XVI,"Lighting or visual signalling equipment; electrical, of a kind used on motor vehicles (excluding articles of heading no. 8539)"
851230,6,8512,XVI,"Sound signalling equipment; electrical, used on cycles or motor vehicles (excluding articles of heading no. 8539)"
851240,6,8512,XVI,"Windscreen wipers, defrosters and demisters; electrical, of kinds used for cycles or motor vehicles"
851290,6,8512,XVI,"Lighting or signalling equipment; electrical, (excluding articles of heading no. 8539), windscreen wipers, defrosters and demisters; parts, of those kinds used for cycles or motor vehicles"
8513,4,85,XVI,"Lamps; portable, electric, designed to function by their own source of energy (e.g. dry batteries, accumulators, magnetos), excluding lighting equipment of heading no. 8512"
851310,6,8513,XVI,"Lamps; portable, electric, designed to function by their own source of energy (excluding lighting equipment of heading no. 8512)"
851390,6,8513,XVI,"Lamps; parts of portable, electric lamps of heading no. 8513, designed to function by their own source of energy"
8514,4,85,XVI,Industrial or laboratory electric furnaces and ovens (including those functioning by induction or dielectric loss); other industrial or laboratory equipment for the heat treatment of materials by induction or dielectric loss
851411,6,8514,XVI,"Furnaces and ovens; electric, for industrial or laboratory use, resistance heated; hot isostatic presses"
851419,6,8514,XVI,"Furnaces and ovens; electric, for industrial or laboratory use, resistance heated; other than hot isostatic presses, for the manufacture of semiconductor devices on semiconductor wafers"
851420,6,8514,XVI,"Furnaces and ovens; electric, for industrial or laboratory use, functioning by induction or dielectric loss"
851431,6,8514,XVI,"Furnaces and ovens; electric, for industrial or laboratory use, other than those functioning by induction, dielectric loss or resistance heated, electron beam furnaces"
851432,6,8514,XVI,"Furnaces and ovens; electric, for industrial or laboratory use, other than those functioning by induction, dielectric loss or resistance heated, plasma and vacuum arc furnaces"
851439,6,8514,XVI,"Furnaces and ovens; electric, for industrial or laboratory use, other than those functioning by induction, dielectric loss or resistance heated, other than electron beam, plasma or vacuum arc furnaces"
851440,6,8514,XVI,"Heating equipment; for the heat treatment of materials by induction or dielectric loss, industrial or laboratory, other than furnaces and ovens"
851490,6,8514,XVI,"Furnaces, ovens and heating equipment; parts of the industrial or laboratory equipment of heading no. 8514"
8515,4,85,XVI,"Electric (electrically heated gas) soldering, brazing, welding machines and apparatus, capable or not of cutting, electric machines and apparatus for hot spraying of metals or sintered carbides"
851511,6,8515,XVI,"Brazing or soldering machines and apparatus; soldering irons and guns, whether or not capable of cutting"
851519,6,8515,XVI,"Brazing or soldering machines and apparatus; other than soldering irons and guns, whether or not capable of cutting"
851521,6,8515,XVI,"Welding machines and apparatus; for resistance welding of metal, fully or partly automatic, whether or not capable of cutting"
851529,6,8515,XVI,"Welding machines and apparatus; for resistance welding of metal, other than fully or partly automatic, whether or not capable of cutting"
851531,6,8515,XVI,"Welding machines and apparatus; for arc (including plasma arc) welding of metals, fully or partly automatic, whether or not capable of cutting"
851539,6,8515,XVI,"Welding machines and apparatus; for arc (including plasma arc) welding of metals, other than fully or partly automatic, whether or not capable of cutting"
851580,6,8515,XVI,"Welding machines and apparatus; n.e.c. in heading no. 8515, whether or not capable of cutting"
851590,6,8515,XVI,"Welding, brazing or soldering machines; parts of the machines of heading no. 8515"
8516,4,85,XVI,"Electric water, space, soil heaters; electro-thermic hair-dressing apparatus; hand dryers, irons; electro-thermic appliances for domestic purposes; electro heating resistors, not of heading no. 8545"
851610,6,8516,XVI,"Heaters; electric, instantaneous or storage water and immersion heaters"
851621,6,8516,XVI,Heating apparatus; electric storage heating radiators
851629,6,8516,XVI,Heating apparatus; electric soil heating apparatus and space heating apparatus (excluding storage heating radiators)
851631,6,8516,XVI,Hair-dressing apparatus; electro-thermic hair dryers
851632,6,8516,XVI,"Hair-dressing apparatus; electro-thermic, other than hair dryers"
851633,6,8516,XVI,Hand-drying apparatus; electro-thermic
851640,6,8516,XVI,Smoothing irons; electric
851650,6,8516,XVI,"Ovens; microwave, of a kind used for domestic purposes"
851660,6,8516,XVI,"Ovens, cookers, cooking plates, boiling rings, grillers and roasters; of a kind used for domestic purposes (excluding microwaves)"
851671,6,8516,XVI,"Electro-thermic appliances; coffee or tea makers, of a kind used for domestic purposes"
851672,6,8516,XVI,"Electro-thermic appliances; toasters, of a kind used for domestic purposes"
851679,6,8516,XVI,"Electro-thermic appliances; n.e.c. in heading no. 8516, used for domestic purposes"
851680,6,8516,XVI,"Resistors; electric heating, other than those of heading no. 8545"
851690,6,8516,XVI,"Electro-thermic appliances; parts, of heating resistors, of water, space and soil heaters, hair-dressing apparatus, hand dryers, smoothing irons and other domestic appliances of heading no. 8516"
8517,4,85,XVI,"Telephone sets, including smartphones and other telephones for cellular/wireless networks; other apparatus for the transmission or reception of voice, images or other data (including wired/wireless networks), excluding items of 8443, 8525, 8527, or 8528"
851711,6,8517,XVI,Line telephone sets with cordless handsets
851713,6,8517,XVI,Telephone sets; smartphones for cellular or other wireless networks
851714,6,8517,XVI,"Telephone sets; other than smartphones, for cellular or other wireless networks"
851718,6,8517,XVI,Telephone sets n.e.c. in item no. 8517.1
851761,6,8517,XVI,Base stations
851762,6,8517,XVI,"Communication apparatus (excluding telephone sets or base stations); machines for the reception, conversion and transmission or regeneration of voice, images or other data, including switching and routing apparatus"
851769,6,8517,XVI,"Communication apparatus (excluding telephone sets or base stations); machines for the transmission or reception of voice, images or other data (including wired/wireless networks), n.e.c. in item no. 8517.6"
851771,6,8517,XVI,"Communication apparatus; parts, aerials and aerial reflectors of all kinds, part suitable for use therewith"
851779,6,8517,XVI,"Communication apparatus; parts, other than aerials and aerial reflectors of all kinds"
8518,4,85,XVI,"Microphones and their stands; loudspeakers, mounted or not in their enclosures; headphones and earphones, combined or not with a microphone, and sets of a microphone and one or more loudspeakers; audio-frequency and electric sound amplifiers and sets"
851810,6,8518,XVI,Microphones and stands therefor
851821,6,8518,XVI,"Loudspeakers; single, mounted in their enclosures"
851822,6,8518,XVI,"Loudspeakers; multiple, mounted in the same enclosure"
851829,6,8518,XVI,Loudspeakers; not mounted in their enclosures
851830,6,8518,XVI,"Headphones and earphones, whether or not combined with a microphone, and sets consisting of a microphone and one or more loudspeakers"
851840,6,8518,XVI,Amplifiers; audio-frequency electric
851850,6,8518,XVI,Amplifier sets; electric sound
851890,6,8518,XVI,"Microphones, headphones, earphones, amplifier equipment; parts of the equipment of heading no. 8518"
8519,4,85,XVI,Sound recording or reproducing apparatus
851920,6,8519,XVI,"Sound recording or reproducing apparatus; operated by coins, banknotes, bank cards, tokens or by other means of payment"
851930,6,8519,XVI,Sound recording or reproducing apparatus; turntables (record-decks)
851981,6,8519,XVI,"Sound recording or reproducing apparatus; using magnetic, optical or semiconductor media, n.e.c. in item no 8519.20, 8519.30 or 8519.50"
851989,6,8519,XVI,Sound recording or reproducing apparatus; n.e.c. in heading no 8519
8521,4,85,XVI,Video recording or reproducing apparatus
852110,6,8521,XVI,Video recording or reproducing apparatus; magnetic tape-type
852190,6,8521,XVI,Video recording or reproducing apparatus; other than magnetic tape-type
8522,4,85,XVI,Sound or video recording apparatus; parts and accessories suitable for use solely or principally with the apparatus of heading 8519 or 8521
852210,6,8522,XVI,"Sound recording or reproducing apparatus; parts and accessories thereof, pick-up cartridges"
852290,6,8522,XVI,"Sound or video recording or reproducing apparatus; parts and accessories thereof, other than pick-up cartridges"
8523,4,85,XVI,"Discs, tapes, solid-state non-volatile storage devices, smart cards and other media for the recording of sound or of other phenomena, whether or not recorded, including matrices and masters for the production of discs, excluding products of Chapter 37"
852321,6,8523,XVI,"Magnetic media; cards incorporating a magnetic stripe, whether or not recorded, excluding products of Chapter 37"
852329,6,8523,XVI,"Magnetic media; other than cards incorporating a magnetic stripe, whether or not recorded, excluding products of Chapter 37"
852341,6,8523,XVI,"Optical media; unrecorded, excluding products of Chapter 37"
852349,6,8523,XVI,"Optical media; recorded, excluding products of Chapter 37"
852351,6,8523,XVI,"Semiconductor media; solid-state non-volatile storage devices, whether or not recorded, excluding products of Chapter 37"
852352,6,8523,XVI,"Semiconductor media; smart cards, whether or not recorded, excluding products of Chapter 37"
852359,6,8523,XVI,"Semiconductor media; other than smart cards, whether or not recorded, excluding products of Chapter 37"
852380,6,8523,XVI,"Media n.e.c. in heading 8523, whether or not recorded, excluding products of Chapter 37"
8524,4,85,XVI,"Flat panel display modules, whether or not incorporating touch-sensitive screens"
852411,6,8524,XVI,"Flat panel display modules, whether or not incorporating touch-sensitive screens; of liquid crystals, without drivers or control circuits"
852412,6,8524,XVI,"Flat panel display modules, whether or not incorporating touch-sensitive screens; of organic light-emitting diodes (OLED), without drivers or control circuits"
852419,6,8524,XVI,"Flat panel display modules, whether or not incorporating touch-sensitive screens; of other than liquid crystals or organic light-emitting diodes (OLED), without drivers or control circuits"
852491,6,8524,XVI,"Flat panel display modules, whether or not incorporating touch-sensitive screens; of liquid crystals, with drivers or control circuits"
852492,6,8524,XVI,"Flat panel display modules, whether or not incorporating touch-sensitive screens; of organic light-emitting diodes (OLED), with drivers or control circuits"
852499,6,8524,XVI,"Flat panel display modules, whether or not incorporating touch-sensitive screens; of other than liquid crystals or organic light-emitting diodes (OLED), with drivers or control circuits"
8525,4,85,XVI,"Transmission apparatus for radio-broadcasting or television, whether or not incorporating reception apparatus or sound recording or reproducing apparatus; television cameras, digital cameras and video camera recorders"
852550,6,8525,XVI,"Transmission apparatus for radio-broadcasting or television, whether or not incorporating sound recording or reproducing apparatus, not incorporating reception apparatus"
852560,6,8525,XVI,"Transmission apparatus for radio-broadcasting or television, whether or not incorporating sound recording or reproducing apparatus, incorporating reception apparatus"
852581,6,8525,XVI,"Television cameras, digital cameras and video camera recorders; high-speed goods as specified in subheading note 1 to this chapter"
852582,6,8525,XVI,"Television cameras, digital cameras and video camera recorders; radiation-hardened or radiation-tolerant goods as specified in subheading note 2 to this chapter"
852583,6,8525,XVI,"Television cameras, digital cameras and video camera recorders; night vision goods as specified in subheading note 3 to this chapter"
852589,6,8525,XVI,Television cameras; n.e.c. in item no 8525.8
8526,4,85,XVI,"Radar apparatus, radio navigational aid apparatus and radio remote control apparatus"
852610,6,8526,XVI,Radar apparatus
852691,6,8526,XVI,Radio navigational aid apparatus
852692,6,8526,XVI,Radio remote control apparatus
8527,4,85,XVI,"Reception apparatus for radio-broadcasting, whether or not combined, in the same housing, with sound recording or reproducing apparatus or a clock."
852712,6,8527,XVI,Radio broadcast receivers capable of operating without an external power source; pocket-size radio cassette-players
852713,6,8527,XVI,"Radio broadcast receivers capable of operating without an external power source; apparatus (other than pocket-size radio cassette-players), combined with sound recording or reproducing apparatus"
852719,6,8527,XVI,Radio broadcast receivers capable of operating without an external power source; n.e.c. in item no. 8527.1
852721,6,8527,XVI,"Radio-broadcast receivers not capable of operating without an external source of power, of a kind used in motor vehicles; combined with sound recording or reproducing apparatus"
852729,6,8527,XVI,"Radio-broadcast receivers not capable of operating without an external source of power, of a kind used in motor vehicles; not combined with sound recording or reproducing apparatus"
852791,6,8527,XVI,Radio-broadcast receivers n.e.c. in heading no. 8527; combined with sound recording or reproducing apparatus
852792,6,8527,XVI,Radio-broadcast receivers n.e.c. in heading no. 8527; not combined with sound recording or reproducing apparatus but combined with a clock
852799,6,8527,XVI,Radio-broadcast receivers n.e.c. in heading no. 8527; not combined with sound recording or reproducing apparatus and not combined with a clock
8528,4,85,XVI,"Monitors and projectors, not incorporating television reception apparatus; reception apparatus for television, whether or not incorporating radio-broadcast receivers or sound or video recording or reproducing apparatus"
852842,6,8528,XVI,"Monitors; cathode-ray tube, capable of directly connecting to and designed for use with an automatic data processing machine of heading 84.71"
852849,6,8528,XVI,"Monitors; cathode-ray tube, n.e.c. in subheading 8528.42, whether or not colour"
852852,6,8528,XVI,Monitors; other than cathode-ray tube; capable of directly connecting to and designed for use with an automatic data processing machine of heading 84.71
852859,6,8528,XVI,"Monitors other than cathode-ray tube; n.e.c. in subheading 8528.52, whether or not colour"
852862,6,8528,XVI,Projectors; capable of directly connecting to and designed for use with an automatic data processing machine of heading 84.71
852869,6,8528,XVI,"Projectors; n.e.c. in subheading 8528.62, whether or not colour"
852871,6,8528,XVI,"Reception apparatus for television, whether or not incorporating radio-broadcast receivers or sound or video recording or reproducing apparatus; not designed to incorporate a video display or screen"
852872,6,8528,XVI,"Reception apparatus for television, whether or not incorporating radio-broadcast receivers or sound or video recording or reproducing apparatus; incorporating a colour video display or screen"
852873,6,8528,XVI,"Reception apparatus for television, whether or not incorporating radio-broadcast receivers or sound or video recording or reproducing apparatus; incorporating a monochrome video display or screen"
8529,4,85,XVI,Transmission apparatus; parts suitable for use solely or principally with the apparatus of heading no. 8524 to 8528
852910,6,8529,XVI,Reception and transmission apparatus; aerials and aerial reflectors of all kinds and parts suitable for use therewith
852990,6,8529,XVI,"Reception and transmission apparatus; for use with the apparatus of heading no. 8524 to 8528, excluding aerials and aerial reflectors"
8530,4,85,XVI,"Signalling, safety or traffic control equipment; for railways, tramways, roads, inland waterways, parking facilities, port installations, airfields, excluding those of heading no. 8608"
853010,6,8530,XVI,"Signalling, safety or traffic control equipment; for railways or tramways (excluding those of heading no. 8608)"
853080,6,8530,XVI,"Signalling, safety or traffic control equipment; for roads, inland waterways, parking facilities, port installations or airfields (excluding those of heading no. 8608)"
853090,6,8530,XVI,"Signalling apparatus; parts of safety, traffic control equipment for railways, tramways, roads, inland waterways, airfields, parking facilities, port instalments (excluding those of heading no. 8608)"
8531,4,85,XVI,"Signalling apparatus; electric sound or visual (e.g. bells, sirens, indicator panels, burglar or fire alarms), excluding those of heading no. 8512 or 8530"
853110,6,8531,XVI,"Signalling apparatus; electric, sound or visual, burglar or fire alarms and similar, other than those of heading no. 8512 or 8530"
853120,6,8531,XVI,"Signalling apparatus; electric, sound or visual, indicator panels incorporating liquid crystal devices (LCD) or light-emitting diodes (LED), excluding those of heading no. 8512 or 8530"
853180,6,8531,XVI,"Signalling apparatus; electric, sound or visual, apparatus n.e.c. in heading no. 8531, excluding those of heading no. 8512 or 8530"
853190,6,8531,XVI,"Signalling apparatus; parts of the electric, sound or visual apparatus of heading no. 8531"
8532,4,85,XVI,"Electrical capacitors; fixed, variable or adjustable (pre-set)"
853210,6,8532,XVI,"Electrical capacitors; fixed, designed for use in 50/60 Hz circuits and having a reactive power handling capacity of not less than 0.5 kvar (power capacitors)"
853221,6,8532,XVI,"Electrical capacitors; fixed, tantalum"
853222,6,8532,XVI,"Electrical capacitors; fixed, aluminium electrolytic"
853223,6,8532,XVI,"Electrical capacitors; fixed, ceramic dielectric, single layer"
853224,6,8532,XVI,"Electrical capacitors; fixed, ceramic dielectric, multilayer"
853225,6,8532,XVI,"Electrical capacitors; fixed, dielectric of paper or plastics"
853229,6,8532,XVI,"Electrical capacitors; fixed, n.e.c. in heading no. 8532"
853230,6,8532,XVI,Electrical capacitors; variable or adjustable (pre-set) capacitors
853290,6,8532,XVI,Electrical capacitors; parts of the capacitors of heading no. 8532
8533,4,85,XVI,"Electrical resistors (including rheostats and potentiometers), excluding heating resistors"
853310,6,8533,XVI,"Electrical resistors; fixed carbon resistors, composition or film types (including rheostats and potentiometers but excluding heating resistors)"
853321,6,8533,XVI,"Electrical resistors; fixed, for a power handling capacity not exceeding 20W (including rheostats and potentiometers but excluding heating resistors and carbon resistors)"
853329,6,8533,XVI,"Electrical resistors; fixed, for a power handling capacity exceeding 20W (including rheostats and potentiometers but excluding heating resistors and carbon resistors)"
853331,6,8533,XVI,"Electrical resistors; wirewound variable, including rheostats and potentiometers, for a power handling capacity not exceeding 20W (excluding heating)"
853339,6,8533,XVI,"Electrical resistors; wirewound variable, including rheostats and potentiometers, for a power handling capacity exceeding 20W (excluding heating)"
853340,6,8533,XVI,"Electrical resistors; variable, including rheostats and potentiometers (excluding heating)"
853390,6,8533,XVI,Resistors; parts of the resistors of heading no. 8533
8534,4,85,XVI,Circuits; printed
853400,6,8534,XVI,Circuits; printed
8535,4,85,XVI,"Electrical apparatus for switching, protecting electrical circuits, for making connections to or in electrical circuits; for a voltage exceeding 1000 volts"
853510,6,8535,XVI,"Electrical apparatus; fuses, for a voltage exceeding 1000 volts"
853521,6,8535,XVI,"Electrical apparatus; automatic circuit breakers, for a voltage exceeding 1000 volts but less than 72.5kV"
853529,6,8535,XVI,"Electrical apparatus; automatic circuit breakers, for a voltage of 72.5kV or more"
853530,6,8535,XVI,"Electrical apparatus; isolating and make-and-break switches, for a voltage exceeding 1000 volts"
853540,6,8535,XVI,"Electrical apparatus; lightning arresters, voltage limiters and surge suppressors (for a voltage exceeding 1000 volts)"
853590,6,8535,XVI,"Electrical apparatus; n.e.c. in heading no. 8535, for switching or protecting electrical circuits, for a voltage exceeding 1000 volts"
8536,4,85,XVI,"Electrical apparatus for switching, protecting electrical circuits, for making connections to or in electrical circuits, for a voltage not exceeding 1000 volts; connectors for optical fibres, optical fibre bundles or cables"
853610,6,8536,XVI,"Electrical apparatus; fuses, for a voltage not exceeding 1000 volts"
853620,6,8536,XVI,"Electrical apparatus; automatic circuit breakers, for a voltage not exceeding 1000 volts"
853630,6,8536,XVI,"Electrical apparatus; for protecting electrical circuits, n.e.c. in heading no. 8536, for a voltage not exceeding 1000 volts"
853641,6,8536,XVI,"Electrical apparatus; relays, (for a voltage not exceeding 60 volts)"
853649,6,8536,XVI,"Electrical apparatus; relays, for a voltage exceeding 60 volts"
853650,6,8536,XVI,"Electrical apparatus; switches n.e.c. in heading no. 8536, for a voltage not exceeding 1000 volts"
853661,6,8536,XVI,"Electrical apparatus; lamp-holders, for a voltage not exceeding 1000 volts"
853669,6,8536,XVI,"Electrical apparatus; plugs and sockets, for a voltage not exceeding 1000 volts"
853670,6,8536,XVI,"Connectors for optical fibres, optical fibre bundles or cables"
853690,6,8536,XVI,"Electrical apparatus; n.e.c. in heading no. 8536, for switching or protecting electrical circuits, for a voltage not exceeding 1000 volts"
8537,4,85,XVI,"Boards, panels, consoles, desks, cabinets, bases with apparatus of heading no. 8535, 8536 for electricity control and distribution, (other than switching apparatus of heading no. 8517)"
853710,6,8537,XVI,"Boards, panels, consoles, desks and other bases; for electric control or the distribution of electricity, (other than switching apparatus of heading no. 8517), for a voltage not exceeding 1000 volts"
853720,6,8537,XVI,"Boards, panels, consoles, desks and other bases; for electric control or the distribution of electricity, (other than switching apparatus of heading no. 8517), for a voltage exceeding 1000 volts"
8538,4,85,XVI,"Electrical apparatus; parts suitable for use solely or principally with the apparatus of heading no. 8535, 8536 and 8537"
853810,6,8538,XVI,"Electrical apparatus; parts (e.g. boards, panels, consoles, desks, cabinets, other bases), for goods of heading no. 8537, not equipped with their apparatus"
853890,6,8538,XVI,"Electrical apparatus; parts suitable for use solely or principally with the apparatus of heading no. 8535, 8536 or 8537"
8539,4,85,XVI,"Lamps; electric filament or discharge lamps, including sealed beam lamp units and ultra-violet or infra-red lamps, arc lamps, light-emitting diode (LED) light sources"
853910,6,8539,XVI,Lamps; sealed beam units
853921,6,8539,XVI,"Lamps; filament, (excluding ultra-violet or infra-red), tungsten halogen"
853922,6,8539,XVI,"Lamps; filament, (excluding ultra-violet or infra-red), of a power not exceeding 200W and for a voltage exceeding 100 volts, other than tungsten halogen"
853929,6,8539,XVI,"Lamps; filament, (excluding ultra-violet or infra-red), n.e.c. in item no. 8539.2"
853931,6,8539,XVI,"Lamps; discharge, (excluding ultra-violet), fluorescent, hot cathode"
853932,6,8539,XVI,"Lamps; discharge, (excluding ultra-violet), mercury or sodium vapour lamps, metal halide lamps"
853939,6,8539,XVI,"Lamps; discharge, (excluding ultra-violet, excluding fluorescent, hot cathode)"
853941,6,8539,XVI,Lamps; arc-lamps
853949,6,8539,XVI,"Lamps; ultra-violet or infra-red lamps, (excluding arc-lamps)"
853951,6,8539,XVI,"Lamps; light-emitting diode (LED) light sources, light-emitting diode (LED) modules"
853952,6,8539,XVI,"Lamps; light-emitting diode (LED) light sources, light-emitting diode (LED) lamps"
853990,6,8539,XVI,Lamps; parts of the lamps of heading no. 8539
8540,4,85,XVI,"Thermionic, cold cathode or photo-cathode valves and tubes (e.g. vacuum, vapour, gas filled valves and tubes, mercury arc rectifying valves and tubes, cathode-ray and television camera tubes)"
854011,6,8540,XVI,"Tubes; cathode-ray television picture tubes, including video monitor cathode-ray tubes, colour"
854012,6,8540,XVI,"Tubes; cathode-ray television picture tubes, including video monitor cathode-ray tubes, monochrome"
854020,6,8540,XVI,"Tubes; television camera tubes, image converters and intensifiers, other photo-cathode tubes"
854040,6,8540,XVI,"Tubes; data/graphic display tubes, monochrome; data/graphic display tubes, colour, with a phosphor dot screen pitch smaller than 0.4mm"
854060,6,8540,XVI,"Tubes; cathode ray, n.e.c. in heading no. 8540"
854071,6,8540,XVI,"Tubes; microwave, magnetrons, excluding grid-controlled tubes"
854079,6,8540,XVI,"Tubes; microwave (for example klystrons, travelling wave tubes, carlinotrons), excluding magnetrons and grid-controlled tubes"
854081,6,8540,XVI,Valves and tubes; receiver or amplifier
854089,6,8540,XVI,Valves and tubes; n.e.c. in heading no. 8540
854091,6,8540,XVI,Tubes; parts of cathode-ray tubes
854099,6,8540,XVI,"Valves and tubes; parts of the valves and tubes of heading no. 8540, excluding parts of cathode-ray tubes"
8541,4,85,XVI,"Semiconductor devices (e.g. diodes, transistors, semiconductor based transducers); including photovoltaic cells assembled or not in modules or panels, light-emitting diodes (LED) assembled with other LEDs or not, mounted piezo-electric crystals"
854110,6,8541,XVI,"Electrical apparatus; diodes, other than photosensitive or light-emitting diodes (LED)"
854121,6,8541,XVI,"Electrical apparatus; transistors, (other than photosensitive), with a dissipation rate of less than 1W"
854129,6,8541,XVI,"Electrical apparatus; transistors, (other than photosensitive), with a dissipation rate of 1W or more"
854130,6,8541,XVI,"Electrical apparatus; thyristors, diacs and triacs, other than photosensitive devices"
854141,6,8541,XVI,"Electrical apparatus; photosensitive semiconductor devices, light emitting diodes (LED)"
854142,6,8541,XVI,"Electrical apparatus; photosensitive semiconductor devices, photovoltaic cells not assembled in modules or made up into panels"
854143,6,8541,XVI,"Electrical apparatus; photosensitive semiconductor devices, photovoltaic cells assembled in modules or made up into panels"
854149,6,8541,XVI,"Electrical apparatus; photosensitive semiconductor devices, diodes other than light emitting diodes and photovoltaic cells whether or not assembled in modules or made up into panels"
854151,6,8541,XVI,"Electrical apparatus; photosensitive semiconductor devices, semiconductor-based transducers"
854159,6,8541,XVI,Electrical apparatus; photosensitive semiconductor devices n.e.c. in heading no. 8541
854160,6,8541,XVI,Crystals; mounted piezo-electric
854190,6,8541,XVI,"Electrical apparatus; parts for diodes, transistors and similar semiconductor devices and photosensitive semiconductor devices"
8542,4,85,XVI,Electronic integrated circuits
854231,6,8542,XVI,"Electronic integrated circuits; processors and controllers, whether or not combined with memories, converters, logic circuits, amplifiers, clock and timing circuits, or other circuits"
854232,6,8542,XVI,Electronic integrated circuits; memories
854233,6,8542,XVI,Electronic integrated circuits; amplifiers
854239,6,8542,XVI,Electronic integrated circuits; n.e.c. in heading no. 8542
854290,6,8542,XVI,Parts of electronic integrated circuits
8543,4,85,XVI,"Electrical machines and apparatus; having individual functions, not specified or included elsewhere in this chapter"
854310,6,8543,XVI,Electrical machines and apparatus; particle accelerators
854320,6,8543,XVI,Electrical machines and apparatus; signal generators
854330,6,8543,XVI,"Electrical machines and apparatus; for electroplating, electrolysis or electrophoresis"
854340,6,8543,XVI,Electrical machines and apparatus; electronic cigarettes and similar personal electric vaporising devices
854370,6,8543,XVI,"Electrical machines and apparatus; having individual functions, not specified or included elsewhere in this chapter, n.e.c. in heading no. 8543"
854390,6,8543,XVI,Electrical machines and apparatus; parts of the electrical goods of heading no. 8543
8544,4,85,XVI,"Insulated wire, cable and other electric conductors, connector fitted or not; optical fibre cables of individually sheathed fibres, whether or not assembled with electric conductors or fitted with connectors"
854411,6,8544,XVI,"Insulated electric conductors; winding wire, of copper"
854419,6,8544,XVI,"Insulated electric conductors; winding wire, (of other than copper)"
854420,6,8544,XVI,Insulated electric conductors; co-axial cable and other co-axial electric conductors
854430,6,8544,XVI,"Insulated electric conductors; ignition wiring sets and other wiring sets of a kind used in vehicles, aircraft or ships"
854442,6,8544,XVI,"Insulated electric conductors; for a voltage not exceeding 1000 volts, fitted with connectors"
854449,6,8544,XVI,"Insulated electric conductors; for a voltage not exceeding 1000 volts, not fitted with connectors"
854460,6,8544,XVI,Insulated electric conductors; for a voltage exceeding 1000 volts
854470,6,8544,XVI,Insulated electric conductors; optical fibre cables
8545,4,85,XVI,"Carbon electrodes, carbon brushes, lamp carbons, battery carbons and other articles of graphite or other carbon; with or without metal, of a kind used for electrical purposes"
854511,6,8545,XVI,"Carbon electrodes; with or without metal, of a kind used for furnaces"
854519,6,8545,XVI,"Carbon electrodes; with or without metal, of a kind used for other than furnaces"
854520,6,8545,XVI,"Carbon brushes; with or without metal, used for electrical purposes"
854590,6,8545,XVI,"Carbon; lamp carbons, battery carbons and other articles of graphite or other carbon, with or without metal, of a kind used for electrical purposes"
8546,4,85,XVI,Electrical insulators of any material
854610,6,8546,XVI,Electrical insulators; of glass
854620,6,8546,XVI,Electrical insulators; of ceramics
854690,6,8546,XVI,Electrical insulators; other than of glass and ceramics
8547,4,85,XVI,"Insulating fittings; for electrical machines, appliances, equipment, excluding insulators of heading no. 8546, electrical conduit tubing and joints therefore"
854710,6,8547,XVI,"Insulating fittings; of ceramics, for electrical machines, of insulating material only (except minor assembly parts), excluding those of heading no. 8546"
854720,6,8547,XVI,"Insulating fittings; of plastics, for electrical machines, of insulating material only (except minor assembly parts), excluding those of heading no. 8546"
854790,6,8547,XVI,"Insulating fittings; (other than of ceramics or plastics), for electrical machines, appliances and equipment, excluding insulators of heading no. 8546"
8548,4,85,XVI,Electrical parts of machinery or apparatus; not specified or elsewhere included in this chapter
854800,6,8548,XVI,Electrical parts of machinery or apparatus; not specified or elsewhere included in this chapter
8549,4,85,XVI,Electrical and electronic waste and scrap
854911,6,8549,XVI,Waste and scrap of lead-acid accumulators; spent lead-acid accumulators
854912,6,8549,XVI,"Waste and scrap; of primary cells, primary batteries and electric accumulators, spent or not, containing lead, cadmium or mercury, other than lead-acid accumulators"
854913,6,8549,XVI,"Waste and scrap; of primary cells, primary batteries and electric accumulators, spent or not, sorted by chemical type and not containing lead, cadmium or mercury"
854914,6,8549,XVI,"Waste and scrap; of primary cells, primary batteries and electric accumulators, spent or not, unsorted and not containing lead, cadmium or mercury"
854919,6,8549,XVI,"Waste and scrap; of primary cells, primary batteries and electric accumulators, n.e.c. in item no 8549.1"
854921,6,8549,XVI,"Electrical and electronic waste and scrap; of a kind used principally for the recovery of precious metal, containing primary cells and batteries, electric accumulators, mercury-switches, glass from cathode ray tubes or other activated glass, or electrical"
854929,6,8549,XVI,Waste and scrap; of a kind used principally for the recovery of precious metal n.e.c. in item no 8549.21
854931,6,8549,XVI,"Electrical and electronic waste and scrap; electrical and electronic assemblies and printed circuit boards, other than those used principally for the recovery of precious metal, containing primary cells and batteries, electric accumulators, mercury-switch"
854939,6,8549,XVI,"Waste and scrap; electrical and electronic assemblies and printed circuit boards, other than those used principally for the recovery of precious metal n.e.c. in item no 8549.31"
854991,6,8549,XVI,Waste and scrap; n.e.c. in heading no 8549
854999,6,8549,XVI,Waste and scrap; n.e.c. in item no 8549.91
86,2,TOTAL,XVII,"Railway, tramway locomotives, rolling-stock and parts thereof; railway or tramway track fixtures and fittings and parts thereof; mechanical (including electro-mechanical) traffic signalling equipment of all kinds"
8601,4,86,XVII,Rail locomotives; powered from an external source of electricity or by electric accumulators
860110,6,8601,XVII,Rail locomotives; powered from an external source of electricity
860120,6,8601,XVII,Rail locomotives; powered by electric accumulators
8602,4,86,XVII,"Rail locomotives; (other than those of heading no. 8601), locomotive tenders"
860210,6,8602,XVII,Rail locomotives; diesel-electric powered
860290,6,8602,XVII,Rail locomotives and locomotive tenders; other than diesel-electric powered
8603,4,86,XVII,"Railway or tramway coaches, vans and trucks; self-propelled tenders, other than those of heading no. 8604"
860310,6,8603,XVII,"Railway or tramway coaches, vans and trucks; self-propelled, powered from an external source of electricity (excluding those of heading no. 8604)"
860390,6,8603,XVII,"Railway or tramway coaches, vans and trucks; self-propelled, powered other than from an external source of electricity (excluding those of heading no. 8604)"
8604,4,86,XVII,"Railway or tramway maintenance or service vehicles; whether or not self-propelled (e.g. workshops, cranes, ballast tampers, trackliners, testing coaches and track inspection vehicles)"
860400,6,8604,XVII,"Railway or tramway maintenance or service vehicles; whether or not self-propelled (e.g. workshops, cranes, ballast tampers, trackliners, testing coaches and track inspection vehicles)"
8605,4,86,XVII,"Railway or tramway coaches; passenger coaches, luggage vans, post office coaches and other special purpose railway or tramway coaches, not self-propelled (excluding those of heading no. 8604)"
860500,6,8605,XVII,"Railway or tramway coaches; passenger coaches, luggage vans, post office coaches and other special purpose railway or tramway coaches, not self-propelled (excluding those of heading no. 8604)"
8606,4,86,XVII,Railway or tramway goods vans and wagons; not self-propelled
860610,6,8606,XVII,"Railway or tramway goods vans and wagons; tank wagons and the like, not self-propelled"
860630,6,8606,XVII,"Railway or tramway goods vans and wagons; self-discharging, not self-propelled, excluding those of item no. 8606.10"
860691,6,8606,XVII,"Railway or tramway goods vans and wagons; covered and closed, not self-propelled"
860692,6,8606,XVII,"Railway or tramway goods vans and wagons; open, with non-removable sides of a height exceeding 60cm, not self-propelled"
860699,6,8606,XVII,"Railway or tramway goods vans and wagons; n.e.c. in heading no. 8606, not self-propelled"
8607,4,86,XVII,Railway or tramway locomotives or rolling stock; parts thereof
860711,6,8607,XVII,"Railway or tramway locomotives or rolling stock; parts, driving bogies and bissel-bogies"
860712,6,8607,XVII,"Railway or tramway locomotives or rolling stock; parts, bogies and bissel-bogies (excluding driving bogies and bissel-bogies)"
860719,6,8607,XVII,"Railway or tramway locomotives or rolling stock; parts, axles and wheels, and parts thereof"
860721,6,8607,XVII,"Railway or tramway locomotives or rolling stock; parts, air brakes and parts thereof"
860729,6,8607,XVII,"Railway or tramway locomotives or rolling stock; parts, brakes (other than air brakes) and parts thereof"
860730,6,8607,XVII,"Railway or tramway locomotives or rolling stock; parts, hooks and other coupling devices, buffers and parts thereof"
860791,6,8607,XVII,Railway or tramway locomotives; parts n.e.c. in heading no. 8607
860799,6,8607,XVII,Railway or tramway rolling stock; parts n.e.c. in heading no. 8607
8608,4,86,XVII,"Railway or tramway track fixtures and fittings; mechanical (including electro-mechanical) signalling, safety or traffic control equipment for railways, tramways, roads, inland waterways, parking facilities, port installations or airfields; parts thereof"
860800,6,8608,XVII,"Railway or tramway track fixtures and fittings; mechanical (including electro-mechanical) signalling, safety or traffic control equipment for railways, tramways, roads, inland waterways, parking facilities, port installations or airfields; parts thereof"
8609,4,86,XVII,Containers; (including containers for transport of fluids) specially designed and equipped for carriage by one or more modes of transport
860900,6,8609,XVII,Containers; (including containers for transport of fluids) specially designed and equipped for carriage by one or more modes of transport
87,2,TOTAL,XVII,"Vehicles; other than railway or tramway rolling stock, and parts and accessories thereof"
8701,4,87,XVII,Tractors; (other than tractors of heading no 8709)
870110,6,8701,XVII,Tractors; single axle
870121,6,8701,XVII,"Tractors; road tractors for semi-trailers, with only compression-ignition internal combustion piston engine (diesel or semi-diesel)"
870122,6,8701,XVII,"Tractors; road tractors for semi-trailers, with both compression-ignition internal combustion piston engine (diesel or semi-diesel) and electric motors for propulsion"
870123,6,8701,XVII,"Tractors; road tractors for semi-trailers, with both spark-ignition internal combustion piston engine and electric motors for propulsion"
870124,6,8701,XVII,"Tractors; road tractors for semi-trailers, with only electric motors for propulsion"
870129,6,8701,XVII,"Tractors; road tractors for semi-trailers, with other propulsion methods n.e.c. in item no 8701.2"
870130,6,8701,XVII,Tractors; track-laying
870191,6,8701,XVII,Tractors; n.e.c. in heading no 8701 (other than tractors of heading no 8709); of an engine power not exceeding 18kW
870192,6,8701,XVII,Tractors; n.e.c. in heading no 8701 (other than tractors of heading no 8709); of an engine power exceeding 18kW but not exceeding 37kW
870193,6,8701,XVII,Tractors; n.e.c. in heading no 8701 (other than tractors of heading no 8709); of an engine power exceeding 37kW but not exceeding 75kW
870194,6,8701,XVII,Tractors; n.e.c. in heading no 8701 (other than tractors of heading no 8709); of an engine power exceeding 75kW but not exceeding 130kW
870195,6,8701,XVII,Tractors; n.e.c. in heading no 8701 (other than tractors of heading no 8709); of an engine power exceeding 130kW
8702,4,87,XVII,Vehicles; public transport passenger type
870210,6,8702,XVII,"Vehicles; public transport type (carries 10 or more persons, including driver), with only compression-ignition internal combustion piston engine (diesel or semi-diesel), new or used"
870220,6,8702,XVII,"Vehicles; public transport type (carries 10 or more persons, including driver), with both compression-ignition internal combustion piston engine (diesel or semi-diesel) and electric motor for propulsion, new or used"
870230,6,8702,XVII,"Vehicles; public transport type (carries 10 or more persons, including driver), with both compression-ignition internal combustion piston engine (diesel or semi-diesel) and electric motor for propulsion, new or used"
870240,6,8702,XVII,"Vehicles; public transport type (carries 10 or more persons, including driver), with only electric motor for propulsion, new or used"
870290,6,8702,XVII,"Vehicles; public transport type (carries 10 or more persons, including driver), n.e.c. in heading 8702, new or used"
8703,4,87,XVII,"Motor cars and other motor vehicles; principally designed for the transport of persons (other than those of heading no. 8702), including station wagons and racing cars"
870310,6,8703,XVII,"Vehicles; specially designed for travelling on snow, golf cars and similar vehicles"
870321,6,8703,XVII,"Vehicles; with only spark-ignition internal combustion piston engine, cylinder capacity not over 1000cc"
870322,6,8703,XVII,"Vehicles; with only spark-ignition internal combustion piston engine, cylinder capacity over 1000 but not over 1500cc"
870323,6,8703,XVII,"Vehicles; with only spark-ignition internal combustion reciprocating piston engine, cylinder capacity over 1500 but not over 3000cc"
870324,6,8703,XVII,"Vehicles; with only spark-ignition internal combustion reciprocating piston engine, cylinder capacity over 3000cc"
870331,6,8703,XVII,"Vehicles; with only compression-ignition internal combustion piston engine (diesel or semi-diesel), cylinder capacity not over 1500cc"
870332,6,8703,XVII,"Vehicles; with only compression-ignition internal combustion piston engine (diesel or semi-diesel), cylinder capacity over 1500 but not over 2500cc"
870333,6,8703,XVII,"Vehicles; with only compression-ignition internal combustion piston engine (diesel or semi-diesel), cylinder capacity over 2500cc"
870340,6,8703,XVII,"Vehicles; with both spark-ignition internal combustion piston engine and electric motor for propulsion, incapable of being charged by plugging to external source of electric power"
870350,6,8703,XVII,"Vehicles; with both compression-ignition internal combustion piston engine (diesel or semi-diesel) and electric motor for propulsion, incapable of being charged by plugging to external source of electric power"
870360,6,8703,XVII,"Vehicles; with both spark-ignition internal combustion piston engine and electric motor for propulsion, capable of being charged by plugging to external source of electric power"
870370,6,8703,XVII,"Vehicles; with both compression-ignition internal combustion piston engine (diesel or semi-diesel) and electric motor for propulsion, capable of being charged by plugging to external source of electric power"
870380,6,8703,XVII,Vehicles; with only electric motor for propulsion
870390,6,8703,XVII,Vehicles; for transport of persons (other than those of heading no. 8702) n.e.c. in heading no. 8703
8704,4,87,XVII,Vehicles; for the transport of goods
870410,6,8704,XVII,"Vehicles; dumpers, designed for off-highway use, for transport of goods"
870421,6,8704,XVII,"Vehicles; with only compression-ignition internal combustion piston engine (diesel or semi-diesel), for transport of goods, (of a gvw not exceeding 5 tonnes), n.e.c. in item no 8704.1"
870422,6,8704,XVII,"Vehicles; with only compression-ignition internal combustion piston engine (diesel or semi-diesel), for transport of goods, (of a g.v.w. exceeding 5 tonnes but not exceeding 20 tonnes), n.e.c. in item no 8704.1"
870423,6,8704,XVII,"Vehicles; with only compression-ignition internal combustion piston engine (diesel or semi-diesel), for transport of goods, (of a g.v.w. exceeding 20 tonnes), n.e.c. in item no 8704.1"
870431,6,8704,XVII,"Vehicles; with only spark-ignition internal combustion piston engine, for transport of goods, (of a g.v.w. not exceeding 5 tonnes), n.e.c. in item no 8704.1"
870432,6,8704,XVII,"Vehicles; with only spark-ignition internal combustion piston engine, for transport of goods, (of a g.v.w. exceeding 5 tonnes), n.e.c. in item no 8704.1"
870441,6,8704,XVII,"Vehicles; with both compression-ignition internal combustion piston engine (diesel/semi-diesel) and electric motor as motor for propulsion, unassembled as in section 14, (gvw not exceeding 5000kg), for the transport of goods, vans"
870442,6,8704,XVII,"Vehicles; with both compression-ignition internal combustion piston engine (diesel/semi-diesel) and electric motors for propulsion, of a g.v.w. exceeding 5,000kg but not exceeding 20,000kg"
870443,6,8704,XVII,"Vehicles; with both compression-ignition internal combustion piston engine (diesel/semi-diesel) and electric motors for propulsion, of a g.v.w. exceeding 20,000kg"
870451,6,8704,XVII,"Vehicles; with both spark-ignition internal combustion piston engine and electric motors for propulsion, of a g.v.w. not exceeding 5,000kg"
870452,6,8704,XVII,"Vehicles; with both spark-ignition internal combustion piston engine and electric motors for propulsion, of a g.v.w. exceeding 5,000kg"
870460,6,8704,XVII,Vehicles; with only electric motor for propulsion
870490,6,8704,XVII,"Vehicles; for transport of goods, n.e.c. in heading no. 8704"
8705,4,87,XVII,"Special purpose motor vehicles; not those for the transport of persons or goods (e.g. breakdown lorries, road sweeper lorries, spraying lorries, mobile workshops, mobile radiological units etc)"
870510,6,8705,XVII,Vehicles; crane lorries
870520,6,8705,XVII,Vehicles; mobile drilling derricks
870530,6,8705,XVII,Vehicles; fire fighting vehicles
870540,6,8705,XVII,Vehicles; concrete-mixer lorries
870590,6,8705,XVII,"Vehicles; break-down lorries, road-sweepers, spraying lorries, mobile workshops, mobile radiological units, and other special purpose vehicles n.e.c. in heading no. 8705"
8706,4,87,XVII,"Chassis; fitted with engines, for the motor vehicles of heading no. 8701 to 8705"
870600,6,8706,XVII,"Chassis; fitted with engines, for the motor vehicles of heading no. 8701 to 8705"
8707,4,87,XVII,Bodies; (including cabs) for the motor vehicles of heading no. 8701 to 8705
870710,6,8707,XVII,Vehicles; bodies (including cabs) for the motor vehicles of heading no. 8703
870790,6,8707,XVII,"Vehicles; bodies (including cabs) for the motor vehicles of heading no. 8701, 8702, 8704 or 8705"
8708,4,87,XVII,"Motor vehicles; parts and accessories, of heading no. 8701 to 8705"
870810,6,8708,XVII,"Vehicles; bumpers and parts thereof, for the vehicles of heading no. 8701 to 8705"
870821,6,8708,XVII,"Vehicles; parts of bodies, safety seat belts"
870822,6,8708,XVII,"Vehicles; parts and accessories, front windscreens (windshields), rear windows and other windows specified in subheading note 1 to this chapter"
870829,6,8708,XVII,"Vehicles; parts and accessories, of bodies, other than safety seat belts"
870830,6,8708,XVII,"Vehicle parts; brakes, servo-brakes and parts thereof"
870840,6,8708,XVII,Vehicle parts; gear boxes and parts thereof
870850,6,8708,XVII,"Vehicle parts; drive-axles with differential, whether or not provided with other transmission components, and non-driving axles; parts thereof"
870870,6,8708,XVII,Vehicle parts; road wheels and parts and accessories thereof
870880,6,8708,XVII,Vehicle parts; suspension systems and parts thereof (including shock-absorbers)
870891,6,8708,XVII,Vehicle parts; radiators and parts thereof
870892,6,8708,XVII,Vehicle parts; silencers (mufflers) and exhaust pipes; parts thereof
870893,6,8708,XVII,Vehicle parts; clutches and parts thereof
870894,6,8708,XVII,"Vehicle parts; steering wheels, steering columns and steering boxes; parts thereof"
870895,6,8708,XVII,Vehicle parts; safety airbags with inflater system; parts thereof
870899,6,8708,XVII,Vehicle parts and accessories; n.e.c. in heading no. 8708
8709,4,87,XVII,"Works trucks, self-propelled, (not fitted with lifting or handling equipment), for factories, warehouses etc, for short distance transport of goods, tractors used on railway station platforms; parts thereof"
870911,6,8709,XVII,"Vehicles; electrical, self-propelled, (not fitted with lifting or handling equipment), of the type used for short distance transport of goods in factories, warehouses, dock areas or airports"
870919,6,8709,XVII,"Vehicles; (not electrical), self-propelled, without handling equipment, used for short distance transport of goods in factories, airports and such, and tractors of the type used on railway station platforms"
870990,6,8709,XVII,Vehicles; parts of the vehicles of heading no. 8709
8710,4,87,XVII,"Tanks and other armoured fighting vehicles; motorised, whether or not fitted with weapons, and parts of such vehicles"
871000,6,8710,XVII,"Tanks and other armoured fighting vehicles; motorised, whether or not fitted with weapons, and parts of such vehicles"
8711,4,87,XVII,"Motorcycles (including mopeds) and cycles; fitted with an auxiliary motor, with or without side-cars; side-cars"
871110,6,8711,XVII,"Motorcycles (including mopeds) and cycles; fitted with an auxiliary motor, with internal combustion piston engine of a cylinder capacity not exceeding 50cc, with or without side-cars; side-cars"
871120,6,8711,XVII,"Motorcycles (including mopeds) and cycles; fitted with an auxiliary motor, internal combustion piston engine, of cylinder capacity exceeding 50cc but not exceeding 250cc, with or without side-cars; side-cars"
871130,6,8711,XVII,"Motorcycles (including mopeds) and cycles; fitted with an auxiliary motor, internal combustion piston engine, of cylinder capacity exceeding 250cc but not exceeding 500cc, with or without side-cars; side-cars"
871140,6,8711,XVII,"Motorcycles (including mopeds) and cycles; fitted with auxiliary motor, internal combustion piston engine of cylinder capacity exceeding 500cc but not exceeding 800cc, with or without sidecars; side-cars"
871150,6,8711,XVII,"Motorcycles (including mopeds) and cycles; fitted with auxiliary motor, with internal combustion piston engine of a cylinder capacity exceeding 800cc, with or without side-cars; side-cars"
871160,6,8711,XVII,"Motorcycles (including mopeds) and cycles; fitted with auxiliary motor, with electric motor for propulsion, with or without side-cars; side-cars"
871190,6,8711,XVII,"Motorcycles (including mopeds) and cycles; n.e.c. in heading no. 8711, fitted with auxiliary motor, with or without side-cars; side-cars"
8712,4,87,XVII,"Bicycles and other cycles; including delivery tricycles, not motorised"
871200,6,8712,XVII,"Bicycles and other cycles; including delivery tricycles, not motorised"
8713,4,87,XVII,Carriages for disabled persons; whether or not motorised or otherwise mechanically propelled
871310,6,8713,XVII,Carriages for disabled persons; not mechanically propelled
871390,6,8713,XVII,Carriages for disabled persons; mechanically propelled
8714,4,87,XVII,Vehicles; parts and accessories of heading no. 8711 to 8713
871410,6,8714,XVII,Motorcycles (including mopeds); parts and accessories
871420,6,8714,XVII,Carriages for disabled persons; parts and accessories thereof
871491,6,8714,XVII,"Cycles; frames and forks, and parts thereof"
871492,6,8714,XVII,"Cycles; parts thereof, wheel rims and spokes"
871493,6,8714,XVII,"Cycles; parts thereof, hubs (other than coaster braking hubs and hub brakes) and free-wheel sprocket-wheels"
871494,6,8714,XVII,"Cycles; parts thereof, brakes, including coaster braking hubs and hub-brakes, and parts thereof"
871495,6,8714,XVII,"Cycles; parts thereof, saddles"
871496,6,8714,XVII,"Cycles; parts, pedals and crank-gear, and parts thereof"
871499,6,8714,XVII,"Cycles; parts thereof, n.e.c. in item no. 8714.9"
8715,4,87,XVII,Baby carriages and parts thereof
871500,6,8715,XVII,Baby carriages and parts thereof
8716,4,87,XVII,"Trailers and semi-trailers; other vehicles, not mechanically propelled; parts thereof"
871610,6,8716,XVII,"Trailers and semi-trailers; of the caravan type, for housing or camping"
871620,6,8716,XVII,"Trailers and semi-trailers; self-loading or self-unloading, for agricultural purposes"
871631,6,8716,XVII,Tanker trailers and tanker semi-trailers
871639,6,8716,XVII,Trailers and semi-trailers; (other than tanker type)
871640,6,8716,XVII,Trailers and semi-trailers; n.e.c. in item no. 8716.3
871680,6,8716,XVII,Vehicles; n.e.c. in heading no. 8716
871690,6,8716,XVII,"Trailers, semi-trailers and other vehicles not mechanically propelled; parts thereof for heading no. 8716"
88,2,TOTAL,XVII,"Aircraft, spacecraft, and parts thereof"
8801,4,88,XVII,"Balloons and dirigibles; gliders, hang gliders and other non-powered aircraft."
880100,6,8801,XVII,"Balloons and dirigibles; gliders, hang gliders and other non-powered aircraft."
8802,4,88,XVII,"Aircraft n.e.c. in heading no. 8801, except unmanned aircraft of heading 8806, (e.g. helicopters, aeroplanes); spacecraft (including satellites) and suborbital and spacecraft launch vehicles"
880211,6,8802,XVII,"Helicopters, except unmanned; of an unladen weight not exceeding 2000kg"
880212,6,8802,XVII,"Helicopters, except unmanned; of an unladen weight exceeding 2000kg"
880220,6,8802,XVII,"Aeroplanes and other aircraft, except unmanned; of an unladen weight not exceeding 2000kg"
880230,6,8802,XVII,"Aeroplanes and other aircraft, except unmanned; of an unladen weight exceeding 2000kg but not exceeding 15,000kg"
880240,6,8802,XVII,"Aeroplanes and other aircraft, except unmanned; of an unladen weight exceeding 15,000kg"
880260,6,8802,XVII,Spacecraft; (including satellites) and suborbital and spacecraft launch vehicles
8804,4,88,XVII,Parachutes (including dirigible parachutes and paragliders) and rotochutes; parts thereof and accessories thereto
880400,6,8804,XVII,Parachutes (including dirigible parachutes and paragliders) and rotochutes; parts thereof and accessories thereto
8805,4,88,XVII,"Aircraft launching gear, deck-arrestor or similar gear, ground flying trainers; parts of the foregoing articles"
880510,6,8805,XVII,"Aircraft launching gear, deck-arrestor or similar gear and parts thereof"
880521,6,8805,XVII,Ground flying trainers and parts thereof; air combat simulators and parts thereof
880529,6,8805,XVII,Ground flying trainers and parts thereof; other than air combat simulators and parts thereof
8806,4,88,XVII,Unmanned aircraft
880610,6,8806,XVII,Unmanned aircraft; for carriage of passengers
880621,6,8806,XVII,"Unmanned aircraft; for remote-controlled flight only, for other than for carriage of passengers, with the maximum take-off weight of not more than 250g"
880622,6,8806,XVII,"Unmanned aircraft; for remote-controlled flight only, for other than for carriage of passengers, with the maximum take-off weight of more than 250g but not more than 7kg"
880623,6,8806,XVII,"Unmanned aircraft; for remote-controlled flight only, for other than for carriage of passengers, with the maximum take-off weight of more than 7kg but not more than 25kg"
880624,6,8806,XVII,"Unmanned aircraft; for remote-controlled flight only, for other than for carriage of passengers, with the maximum take-off weight of more than 25kg but not more than 150kg"
880629,6,8806,XVII,"Unmanned aircraft; for remote-controlled flight only, for other than for carriage of passengers, with the maximum take-off weight of more than 150kg"
880691,6,8806,XVII,Unmanned aircraft; for other than remote-controlled flight and other than for carriage of passengers with a maximum take-off weight not more than 250g
880692,6,8806,XVII,Unmanned aircraft; for other than remote-controlled flight and other than for carriage of passengers with a maximum take-off weight more than 250g but not more than 7kg
880693,6,8806,XVII,Unmanned aircraft; for other than remote-controlled flight and other than for carriage of passengers with a maximum take-off weight more than 7kg but not more than 25kg
880694,6,8806,XVII,Unmanned aircraft; for other than remote-controlled flight and other than for carriage of passengers with a maximum take-off weight more than 25kg but not more than 150kg
880699,6,8806,XVII,Unmanned aircraft; for other than remote-controlled flight and other than for carriage of passengers with a maximum take-off weight more than 150kg
8807,4,88,XVII,"Aircraft; parts of goods of heading 8801, 8802 or 8806"
880710,6,8807,XVII,Aircraft and spacecraft; propellers and rotors and parts thereof
880720,6,8807,XVII,Aircraft and spacecraft; under-carriages and parts thereof
880730,6,8807,XVII,"Aircraft and spacecraft; parts of aeroplanes, helicopters or unmanned aircraft n.e.c. in heading no. 8807"
880790,6,8807,XVII,Aircraft and spacecraft; parts thereof n.e.c. in chapter 88
89,2,TOTAL,XVII,"Ships, boats and floating structures"
8901,4,89,XVII,"Cruise ships, excursion boats, ferry-boats, cargo ships, barges and similar vessels for the transport of persons or goods"
890110,6,8901,XVII,"Cruise ships, excursion boats and similar vessels, principally designed for the transport of persons, ferry boats of all kinds"
890120,6,8901,XVII,Tankers
890130,6,8901,XVII,"Vessels, refrigerated; other than tankers"
890190,6,8901,XVII,"Vessels; n.e.c. in heading no. 8901, for the transport of goods and other vessels for the transport of both persons and goods"
8902,4,89,XVII,"Fishing vessels, factory ships and other vessels; for processing or preserving fishery products"
890200,6,8902,XVII,"Fishing vessels, factory ships and other vessels; for processing or preserving fishery products"
8903,4,89,XVII,"Yachts and other vessels; for pleasure or sports, rowing boats and canoes"
890311,6,8903,XVII,"Yachts and other vessels; for pleasure or sports, inflatable (including rigid hull inflatable), fitted or designed to be fitted with a motor, unladen (net) weight (excluding the motor) not exceeding 100kg"
890312,6,8903,XVII,"Yachts and other vessels; for pleasure or sports, inflatable (including rigid hull inflatable), not designed to be used with a motor and unladen (net) weight not exceeding 100kg"
890319,6,8903,XVII,"Yachts and other vessels; for pleasure or sports, inflatable (including rigid hull inflatable), unladen (net) weight exceeding 100kg"
890321,6,8903,XVII,"Sailboats; (other than inflatable) with or without auxiliary motor, for pleasure or sports, of a length not exceeding 7.5m"
890322,6,8903,XVII,"Sailboats; (other than inflatable) with or without auxiliary motor, for pleasure or sports, of a length exceeding 7.5m but not exceeding 24m"
890323,6,8903,XVII,"Sailboats; (other than inflatable) with or without auxiliary motor, for pleasure or sports, of a length exceeding 24m"
890331,6,8903,XVII,"Motorboats; (other than outboard motorboats), for pleasure or sports, other than inflatable, of a length not exceeding 7.5m"
890332,6,8903,XVII,"Motorboats; (other than outboard motorboats), for pleasure or sports, other than inflatable, of a length exceeding 7.5m but not exceeding 24m"
890333,6,8903,XVII,"Motorboats; (other than outboard motorboats), for pleasure or sports, other than inflatable, of a length exceeding 24m"
890393,6,8903,XVII,"Vessels; (other than sailboats and motorboats), for pleasure or sports, other than inflatable, of a length not exceeding 7.5m"
890399,6,8903,XVII,"Vessels; (other than sailboats and motorboats), for pleasure or sports, other than inflatable, of a length exceeding 7.5m"
8904,4,89,XVII,Tugs and pusher craft
890400,6,8904,XVII,Tugs and pusher craft
8905,4,89,XVII,"Light-vessels, fire-floats, dredgers, floating cranes, other vessels; the navigability of which is subsidiary to main function; floating docks, floating, submersible drilling, production platforms"
890510,6,8905,XVII,Dredgers
890520,6,8905,XVII,Floating or submersible drilling or production platforms
890590,6,8905,XVII,"Vessels; light, fire-floats, floating cranes and other vessels, the navigability of which is subsidiary to their main function, floating docks"
8906,4,89,XVII,"Vessels; other, including warships and lifeboats, other than rowing boats"
890610,6,8906,XVII,Vessels; warships
890690,6,8906,XVII,"Vessels; other, including lifeboats other than rowing boats, other than warships"
8907,4,89,XVII,"Boats, floating structures, other (for e.g. rafts, tanks, coffer-dams, landing stages, buoys and beacons)"
890710,6,8907,XVII,Rafts; inflatable
890790,6,8907,XVII,"Floating structures; tanks, coffer-dams, landing stages, buoys and beacons"
8908,4,89,XVII,Vessels and other floating structures; for breaking up
890800,6,8908,XVII,Vessels and other floating structures; for breaking up
90,2,TOTAL,XVIII,"Optical, photographic, cinematographic, measuring, checking, medical or surgical instruments and apparatus; parts and accessories"
9001,4,90,XVIII,"Optical fibres and optical fibre bundles; optical fibre cables not of heading no. 8544; sheets, plates of polarising material; lenses, prisms, mirrors, of any material; unmounted; not non optical glass"
900110,6,9001,XVIII,"Optical fibres, optical fibre bundles and cables; excluding those of heading no. 8544"
900120,6,9001,XVIII,"Optical elements; polarising material, sheets and plates thereof"
900130,6,9001,XVIII,"Lenses, contact; unmounted, of any material, excluding elements of glass not optically worked"
900140,6,9001,XVIII,"Lenses, spectacle; unmounted, of glass, excluding elements of glass not optically worked"
900150,6,9001,XVIII,"Lenses, spectacle; unmounted, of materials other than glass"
900190,6,9001,XVIII,"Optical elements; lenses n.e.c. in heading no. 9001, prisms, mirrors and other optical elements, unmounted, of any material (excluding elements of glass not optically worked)"
9002,4,90,XVIII,"Lenses, prisms, mirrors and other optical elements, of any material, mounted, being parts or fittings for instruments or apparatus, other than such elements of glass not optically worked"
900211,6,9002,XVIII,"Lenses; objective, for cameras, projectors or photographic enlargers or reducers, mounted, being parts or fittings for instruments or apparatus, of any material (excluding glass not optically worked)"
900219,6,9002,XVIII,"Lenses; objective, (other than for cameras, projectors or photographic enlargers or reducers), mounted, of any material (excluding elements of glass not optically worked)"
900220,6,9002,XVIII,"Filters; mounted as parts or fittings for instruments or apparatus, of any material (excluding elements of glass not optically worked)"
900290,6,9002,XVIII,"Optical elements; n.e.c. in heading no. 9002 (e.g. prisms and mirrors), mounted, being parts or fittings for instruments or apparatus, of any material (excluding elements of glass not optically worked)"
9003,4,90,XVIII,"Frames and mountings; for spectacles, goggles or the like, and parts"
900311,6,9003,XVIII,"Frames and mountings; for spectacles, goggles or the like, of plastics"
900319,6,9003,XVIII,"Frames and mountings; for spectacles, goggles or the like, of materials other than plastics"
900390,6,9003,XVIII,"Frames and mountings; parts for spectacles, goggles or the like"
9004,4,90,XVIII,"Spectacles, goggles and the like; corrective, protective or other"
900410,6,9004,XVIII,"Sunglasses; corrective, protective or other"
900490,6,9004,XVIII,"Spectacles, goggles and the like; (other than sunglasses) corrective, protective or other"
9005,4,90,XVIII,"Binoculars, monoculars, other optical telescopes, mountings therefore; other astronomical instruments, mountings therefore, but not including instruments for radio-astronomy"
900510,6,9005,XVIII,Binoculars
900580,6,9005,XVIII,"Monoculars; other optical telescopes and astronomical instruments, excluding instruments for radio-astronomy"
900590,6,9005,XVIII,"Binoculars, monoculars, other optical telescopes, astronomical instruments (excluding those of radio-astronomy); parts and accessories (including mountings)"
9006,4,90,XVIII,"Cameras, photographic (excluding cinematographic); photographic flashlight apparatus and flashbulbs other than discharge lamps of heading no. 8539"
900630,6,9006,XVIII,"Cameras, photographic (excluding cinematographic); specially designed for underwater use, aerial survey, medical or surgical examination of internal organs; comparison cameras for forensic or criminological use"
900640,6,9006,XVIII,"Cameras, photographic (excluding cinematographic); instant print cameras"
900653,6,9006,XVIII,"Cameras, photographic (excluding cinematographic), for roll film of a width of 35mm"
900659,6,9006,XVIII,"Cameras, photographic (excluding cinematographic); n.e.c. in heading no 9006"
900661,6,9006,XVIII,Photographic flashlight apparatus; discharge lamp (electronic)
900669,6,9006,XVIII,Photographic flashlight apparatus; n.e.c. in heading no. 9006
900691,6,9006,XVIII,"Cameras, photographic (excluding cinematographic); parts and accessories"
900699,6,9006,XVIII,"Photographic flashlight apparatus; parts and accessories, for other than cameras"
9007,4,90,XVIII,"Cinematographic cameras and projectors, whether or not incorporating sound recording or reproducing apparatus"
900710,6,9007,XVIII,"Cameras, cinematographic; whether or not incorporating sound recording apparatus"
900720,6,9007,XVIII,"Projectors, cinematographic; whether or not incorporating sound recording or reproducing apparatus"
900791,6,9007,XVIII,"Cameras, cinematographic; parts and accessories, whether or not incorporating sound recording apparatus"
900792,6,9007,XVIII,"Projectors, cinematographic; parts and accessories, whether or not incorporating sound reproducing apparatus"
9008,4,90,XVIII,"Image projectors, other than cinematographic; photographic (other than cinematographic) enlargers and reducers"
900850,6,9008,XVIII,"Image projectors, photographic enlargers and reducers, excluding cinematographic"
900890,6,9008,XVIII,"Photographic (other than cinematographic) image projectors, enlargers, and reducers; parts and accessories"
9010,4,90,XVIII,"Photographic (including cinematographic) laboratory apparatus and equipment, n.e.c. in chapter 90; negatoscopes; projection screens"
901010,6,9010,XVIII,Photographic laboratory apparatus and equipment; for automatically developing photographic (including cinematographic) film or paper in rolls or for automatically exposing developed film to rolls of paper
901050,6,9010,XVIII,"Photographic laboratory apparatus and equipment; n.e.c. in item no. 9010.10, for photographic (including cinematographic) laboratories; negatoscopes"
901060,6,9010,XVIII,Photographic laboratory apparatus and equipment (including cinematographic); projection screens
901090,6,9010,XVIII,Photographic laboratory apparatus and equipment (including cinematographic); parts and accessories
9011,4,90,XVIII,"Microscopes, compound optical; including those for photomicrography, cinephotomicrography or microprojection"
901110,6,9011,XVIII,"Microscopes, compound optical; stereoscopic microscopes"
901120,6,9011,XVIII,"Microscopes, compound optical; for photomicrography, cinephotomicrography or microprojection"
901180,6,9011,XVIII,"Microscopes, compound optical; (other than stereoscopic and microscopes for photomicrography, cinephotomicrography or microprojection)"
901190,6,9011,XVIII,"Microscopes, compound optical; parts and accessories (including those for photomicrography, cinephotomicrography or microprojection)"
9012,4,90,XVIII,Microscopes (excluding optical microscopes); diffraction apparatus
901210,6,9012,XVIII,Microscopes (excluding optical microscopes); diffraction apparatus
901290,6,9012,XVIII,Microscopes (excluding optical microscopes); diffraction apparatus; parts and accessories
9013,4,90,XVIII,"Lasers, other than laser diodes; other optical appliances and instruments n.e.c. in this chapter"
901310,6,9013,XVIII,"Optical appliances and instruments; telescopic sights for fitting to arms; periscopes; telescopes designed to form parts of machines, appliances, instruments or apparatus of this chapter"
901320,6,9013,XVIII,Lasers; other than laser diodes
901380,6,9013,XVIII,"Optical devices, appliances and instruments; n.e.c. in heading no. 9013"
901390,6,9013,XVIII,Optical appliances and instruments; parts and accessories for articles of heading no. 9013
9014,4,90,XVIII,Navigational instruments and appliances; direction finding compasses
901410,6,9014,XVIII,Navigational instruments and appliances; direction finding compasses
901420,6,9014,XVIII,Navigational instruments and appliances; for aeronautical or space navigation (excluding compasses)
901480,6,9014,XVIII,Navigational instruments and appliances; for navigation other than aeronautical or space navigation (excluding direction finding compasses)
901490,6,9014,XVIII,Navigational instruments and appliances; parts and accessories
9015,4,90,XVIII,"Surveying (including photogrammetrical surveying), hydrographic, oceanographic, hydrological, meteorological or geophysical instruments and appliances, excluding compasses, rangefinders"
901510,6,9015,XVIII,Rangefinders
901520,6,9015,XVIII,Surveying equipment; theodolites and tachymeters (tacheometers)
901530,6,9015,XVIII,Surveying equipment; levels
901540,6,9015,XVIII,Surveying equipment; photogrammetrical surveying instruments and appliances
901580,6,9015,XVIII,"Surveying equipment; articles n.e.c. in heading no. 9015, including hydrographic, oceanographic, hydrological, meteorological or geophysical instruments and appliances (excluding compasses)"
901590,6,9015,XVIII,Surveying equipment; parts and accessories for articles of heading no. 9015
9016,4,90,XVIII,"Balances; of a sensitivity of 5cg or better, with or without weights"
901600,6,9016,XVIII,"Balances; of a sensitivity of 5cg or better, with or without weights"
9017,4,90,XVIII,"Drawing, marking-out, mathematical calculating instruments (drafting machines, protractors, drawing sets etc); instruments for measuring length (e.g. measuring rods, tapes, micrometers, callipers) n.e.c."
901710,6,9017,XVIII,Drafting tables and machines; whether or not automatic
901720,6,9017,XVIII,"Drawing, marking-out or mathematical calculating instruments"
901730,6,9017,XVIII,"Mathematical equipment; micrometers, callipers and gauges"
901780,6,9017,XVIII,Mathematical instruments and equipment; n.e.c. in heading no. 9017
901790,6,9017,XVIII,"Drawing, marking-out equipment and mathematical instruments; parts and accessories"
9018,4,90,XVIII,"Instruments and appliances used in medical, surgical, dental or veterinary sciences, including scintigraphic apparatus, other electro-medical apparatus and sight testing instruments"
901811,6,9018,XVIII,"Medical, surgical instruments and appliances; electro-cardiographs"
901812,6,9018,XVIII,"Medical, surgical instruments and appliances; ultrasonic scanning apparatus"
901813,6,9018,XVIII,"Medical, surgical instruments and appliances; magnetic resonance imaging apparatus"
901814,6,9018,XVIII,"Medical, surgical instruments and appliances; scintigraphic apparatus"
901819,6,9018,XVIII,"Medical, surgical instruments and appliances; electro-diagnostic apparatus (including apparatus for functional exploratory examination or for checking physiological parameters), n.e.c. in item no. 9018.1"
901820,6,9018,XVIII,"Medical, surgical instruments and appliances; ultra-violet or infra-red ray apparatus"
901831,6,9018,XVIII,"Medical, surgical instruments and appliances; syringes, with or without needles"
901832,6,9018,XVIII,"Medical, surgical instruments and appliances; tubular metal needles and needles for sutures"
901839,6,9018,XVIII,"Medical, surgical instruments and appliances; catheters, cannulae and the like"
901841,6,9018,XVIII,"Dental instruments and appliances; dental drill engines, whether or not combined on a single base with other dental equipment"
901849,6,9018,XVIII,Dental instruments and appliances; other than dental drill engines
901850,6,9018,XVIII,Ophthalmic instruments and appliances
901890,6,9018,XVIII,"Medical, surgical or dental instruments and appliances; n.e.c. in heading no. 9018"
9019,4,90,XVIII,"Mechano-therapy, massage appliances; psychological aptitude testing apparatus; ozone, oxygen, aerosol therapy, artificial respiration or other therapeutic respiration apparatus"
901910,6,9019,XVIII,Mechano-therapy appliances; massage apparatus and psychological aptitude-testing apparatus
901920,6,9019,XVIII,"Therapeutic respiration apparatus; ozone, oxygen, aerosol therapy apparatus; artificial respiration or other therapeutic respiration apparatus"
9020,4,90,XVIII,Breathing appliances and gas masks; excluding protective masks having neither mechanical parts nor replaceable filters and excluding apparatus of item no. 9019.20
902000,6,9020,XVIII,Breathing appliances and gas masks; excluding protective masks having neither mechanical parts nor replaceable filters and excluding apparatus of item no. 9019.20
9021,4,90,XVIII,"Orthopaedic appliances; including crutches, surgical belts and trusses; splints and other fracture appliances; artificial parts of the body; hearing aids and other which are worn, carried or implanted in the body to compensate for a defect or disability"
902110,6,9021,XVIII,Orthopaedic or fracture appliances
902121,6,9021,XVIII,Dental fittings; artificial teeth
902129,6,9021,XVIII,Dental fittings; other than artificial teeth
902131,6,9021,XVIII,Artificial parts of the body
902139,6,9021,XVIII,Artificial parts of the body; excluding artificial joints
902140,6,9021,XVIII,Hearing aids (excluding parts and accessories)
902150,6,9021,XVIII,Pacemakers; for stimulating heart muscles (excluding parts and accessories)
902190,6,9021,XVIII,"Appliances; worn, carried or implanted in the body, to compensate for a defect or disability"
9022,4,90,XVIII,"Apparatus based on the use of x-rays or of alpha, beta, gamma or other ionising radiations, whether or not for medical, surgical, dental or veterinary uses, including radiography or radiotherapy apparatus, x-ray tubes and other x-ray generators, high tens"
902212,6,9022,XVIII,"Apparatus based on the use of x-rays; including radiography or radiotherapy apparatus, whether or not for medical, surgical, dental or veterinary uses, computed tomography apparatus"
902213,6,9022,XVIII,"Apparatus based on the use of x-rays; including radiography or radiotherapy apparatus, for dental uses, excluding computed tomography apparatus"
902214,6,9022,XVIII,"Apparatus based on the use of x-rays; including radiography or radiotherapy apparatus, for medical, surgical or veterinary uses, not dental uses, excluding computed tomography apparatus"
902219,6,9022,XVIII,"Apparatus based on the use of x-rays, including radiography or radiotherapy apparatus; for other than medical, surgical, dental or veterinary uses"
902221,6,9022,XVIII,"Apparatus based on the use of alpha, beta, gamma or other ionising radiations, including radiography or radiotherapy apparatus; for medical, surgical, dental or veterinary uses"
902229,6,9022,XVIII,"Apparatus based on the use of alpha, beta, gamma or other ionising radiations, including radiography or radiotherapy apparatus; (for other than medical, surgical, dental or veterinary uses)"
902230,6,9022,XVIII,X-ray tubes
902290,6,9022,XVIII,"Apparatus based on use of x-rays and similar; parts and accessories (x-ray generators, tubes, high tension generators, control panels and desks, screens, examination or treatment tables, chairs and like"
9023,4,90,XVIII,"Instruments, apparatus and models, designed for demonstrational purposes (in education or exhibitions), unsuitable for other uses"
902300,6,9023,XVIII,"Instruments, apparatus and models; designed for demonstrational purposes (in education or exhibitions), unsuitable for other uses"
9024,4,90,XVIII,"Machines and appliances for testing the hardness, strength, compressibility, elasticity of other mechanical properties of materials (e.g. metals, wood, textiles, paper, plastics)"
902410,6,9024,XVIII,"Machines and appliances; for testing the hardness, strength, compressibility, elasticity or other mechanical properties of metals"
902480,6,9024,XVIII,"Machines and appliances; for testing the hardness, strength, compressibility, elasticity or other mechanical properties of materials other than metals"
902490,6,9024,XVIII,"Machines and appliances; parts and accessories for those testing hardness, strength, compressibility, elasticity or other mechanical properties of materials (e.g. metal, wood, textiles, paper, plastics)"
9025,4,90,XVIII,"Hydrometers and similar floating instruments, thermometers, pyrometers, barometers, hygrometers and psychrometers, recording or not"
902511,6,9025,XVIII,"Thermometers and pyrometers; liquid filled, for direct reading, not combined with other instruments"
902519,6,9025,XVIII,"Thermometers and pyrometers; (other than liquid filled, for direct reading), not combined with other instruments"
902580,6,9025,XVIII,"Hydrometers and similar floating instruments, barometers, hygrometers, psychrometers, thermometers, pyrometers; recording or not, any combination of these instruments (excluding thermometers and barometers not combined with other instruments)"
902590,6,9025,XVIII,"Hydrometers and similar floating instruments, barometers, hygrometers, psychrometers, thermometers, pyrometers; recording or not, any combination of these instruments, parts and accessories"
9026,4,90,XVIII,"Instruments, apparatus for measuring or checking the flow, level, pressure of liquids, gases (e.g. flow meters, heat meters etc), not instruments and apparatus of heading no. 9014, 9015, 9028 or 9032"
902610,6,9026,XVIII,Instruments and apparatus; for measuring or checking the flow or level of liquids
902620,6,9026,XVIII,Instruments and apparatus; for measuring or checking pressure
902680,6,9026,XVIII,"Instruments and apparatus; for measuring or checking variables of liquids or gases (excluding pressure or the flow and level of liquids and those of heading no. 9014, 9015, 9028 and 9032)"
902690,6,9026,XVIII,"Instruments and apparatus; parts and accessories for those measuring or checking the flow, level, pressure or other variables of liquids or gases (excluding those of heading no. 9014, 9015, 9028 or 9032)"
9027,4,90,XVIII,"Instruments and apparatus; for physical or chemical analysis (e.g. polarimeters, spectrometers), for measuring or checking viscosity, porosity, etc, for measuring quantities of heat, sound or light"
902710,6,9027,XVIII,"Instruments and apparatus; gas or smoke analysis apparatus, for physical or chemical analysis"
902720,6,9027,XVIII,Chromatographs and electrophoresis instruments
902730,6,9027,XVIII,"Spectrometers, spectrophotometers and spectrographs; using optical radiations (UV, visible, IR)"
902750,6,9027,XVIII,"Instruments and apparatus; using optical radiations (UV, visible, IR), (other than spectrometers, spectrophotometers and spectrographs)"
902781,6,9027,XVIII,"Instruments and apparatus; for physical or chemical analysis, for measuring or checking viscosity, porosity, expansion, surface tension or quantities of heat, sound or light, mass spectrometers"
902789,6,9027,XVIII,"Instruments and apparatus; for physical or chemical analysis, for measuring or checking viscosity, porosity, expansion, surface tension or quantities of heat, sound or light, exposure meters"
902790,6,9027,XVIII,Microtomes and parts and accessories thereof
9028,4,90,XVIII,"Gas, liquid or electricity supply or production meters, including calibrating meters therefor"
902810,6,9028,XVIII,"Meters; gas, supply or production meters, including calibrating meters thereof"
902820,6,9028,XVIII,"Meters; liquid supply or production meters, including calibrating meters thereof"
902830,6,9028,XVIII,"Meters; electricity supply or production meters, including calibrating meters thereof"
902890,6,9028,XVIII,"Meters; parts and accessories of gas, liquid, electricity supply or production meters, including calibrating meters thereof"
9029,4,90,XVIII,"Revolution counter, production counters, taximeters, mileometers, pedometers and the like, speed indicators and tachometers, other than those of heading no. 9015, stroboscopes"
902910,6,9029,XVIII,"Meters and counters; revolution counters, production counters, taximeters, mileometers, pedometers and the like"
902920,6,9029,XVIII,Meters; speed indicators and tachometers; stroboscopes
902990,6,9029,XVIII,"Meters and counters; parts and accessories for revolution and production counters, taximeters, mileometers, pedometers and the like; speed indicators, tachometers (excluding heading no. 9015), stroboscopes"
9030,4,90,XVIII,"Instruments, apparatus for measuring, checking electrical quantities not meters of heading no. 9028; instruments, apparatus for measuring or detecting alpha, beta, gamma, x-ray, cosmic and other radiations"
903010,6,9030,XVIII,Instruments and apparatus; for measuring or detecting ionising radiations
903020,6,9030,XVIII,Oscilloscopes and oscillographs
903031,6,9030,XVIII,"Multimeters; for measuring or checking voltage, current, resistance or power (other than those for measuring or checking semiconductor wafer or devices), without a recording device"
903032,6,9030,XVIII,"Multimeters; for measuring or checking voltage, current, resistance or power, with a recording device"
903033,6,9030,XVIII,"Instruments and apparatus; for measuring or checking voltage, current, resistance or power, without a recording device (excluding multimeters)"
903039,6,9030,XVIII,"Instruments and apparatus; for measuring or checking voltage, current, resistance or power, with a recording device (excluding multimeters)"
903040,6,9030,XVIII,"Instruments and apparatus; specially designed for telecommunications (e.g. cross-talk meters, gain measuring instruments, distortion factor meters, psophometers)"
903082,6,9030,XVIII,Instruments and apparatus; for measuring or checking semiconductor wafers or devices (including integrated circuits)
903084,6,9030,XVIII,"Instruments and apparatus; n.e.c. in heading no. 9030, with a recording device"
903089,6,9030,XVIII,"Instruments and apparatus; n.e.c. in heading no. 9030, without a recording device"
903090,6,9030,XVIII,"Instruments, apparatus for measuring, checking electrical quantities, not meters of heading no. 9028; parts and accessories, for measuring or detecting alpha, beta, gamma, x-ray, cosmic and other radiations"
9031,4,90,XVIII,"Measuring or checking instruments, appliances and machines, n.e.c. or included in this chapter; profile projectors"
903110,6,9031,XVIII,Machines; for balancing mechanical parts
903120,6,9031,XVIII,Test benches
903141,6,9031,XVIII,"Optical instruments and appliances; for inspecting semiconductor wafers or devices or for inspecting photomasks or reticles used in manufacturing semiconductor devices, n.e.c. in chapter 90"
903149,6,9031,XVIII,"Optical instruments and appliances; for measuring or checking, n.e.c. in chapter 90"
903180,6,9031,XVIII,"Instruments, appliances and machines; for measuring or checking n.e.c. in chapter 90"
903190,6,9031,XVIII,"Instruments, appliances and machines; parts and accessories for those measuring or checking devices of heading no. 9031"
9032,4,90,XVIII,Regulating or controlling instruments and apparatus; automatic type
903210,6,9032,XVIII,"Regulating or controlling instruments and apparatus; automatic type, thermostats"
903220,6,9032,XVIII,"Regulating or controlling instruments and apparatus; automatic, manostats"
903281,6,9032,XVIII,"Regulating or controlling instruments and apparatus; automatic, hydraulic or pneumatic"
903289,6,9032,XVIII,"Regulating or controlling instruments and apparatus; automatic, other than hydraulic or pneumatic"
903290,6,9032,XVIII,"Regulating or controlling instruments and apparatus; automatic, parts and accessories"
9033,4,90,XVIII,"Machines and appliances, instruments or apparatus of chapter 90; parts and accessories n.e.c. in chapter 90"
903300,6,9033,XVIII,"Machines and appliances, instruments or apparatus of chapter 90; parts and accessories n.e.c. in chapter 90"
91,2,TOTAL,XVIII,Clocks and watches and parts thereof
9101,4,91,XVIII,"Wrist-watches, pocket-watches, stop-watches and other watches; with case of precious metal or of metal clad with precious metal"
910111,6,9101,XVIII,"Wrist-watches; electrically operated, with or without a stop-watch, with case of precious metal or of metal clad with precious metal, with mechanical display only"
910119,6,9101,XVIII,"Wrist-watches; electrically operated, with or without a stop-watch, with case of precious metal or metal clad with precious metal, without mechanical display"
910121,6,9101,XVIII,"Wrist-watches; (not electrically operated), automatic winding, whether or not incorporating a stop-watch facility, case of precious metal or of metal clad with precious metal"
910129,6,9101,XVIII,"Wrist-watches; (not electrically operated), (not automatic winding), whether or not incorporating a stop-watch facility, case of precious metal or of metal clad with precious metal"
910191,6,9101,XVIII,"Pocket-watches and other watches, including stop-watches; (excluding wrist-watches), with case of precious metal or of metal clad with precious metal, electrically operated"
910199,6,9101,XVIII,"Pocket-watches and other watches, including stop-watches; (excluding wrist-watches), with case of precious metal or of metal clad with precious metal, not electrically operated"
9102,4,91,XVIII,"Wrist-watches, pocket-watches, stop-watches and other watches, other than those of heading no. 9101"
910211,6,9102,XVIII,"Wrist-watches; electrically operated, with or without a stop-watch, (other than those of heading no. 9101) with mechanical display only"
910212,6,9102,XVIII,"Wrist-watches; electrically operated, with or without a stop-watch, (other than those of heading no. 9101) with opto-electronic display only"
910219,6,9102,XVIII,"Wrist-watches; electrically operated, with or without a stop-watch, (other than those of heading no. 9101) without mechanical or opto-electronic display"
910221,6,9102,XVIII,"Wrist-watches; whether or not incorporating a stop-watch facility, with automatic winding"
910229,6,9102,XVIII,"Wrist-watches; whether or not incorporating a stop-watch facility, with other than automatic winding"
910291,6,9102,XVIII,"Pocket watches and other watches, including stop-watches; (excluding wrist-watches), other than those of heading no. 9101, electrically operated"
910299,6,9102,XVIII,"Pocket watches and other watches, including stop-watches; (excluding wrist-watches), other than those of heading no. 9101, other than electrically operated"
9103,4,91,XVIII,"Clocks; with watch movements, excluding clocks of heading no. 9104"
910310,6,9103,XVIII,"Clocks; with watch movements, electrically operated, excluding clocks of heading no. 9104"
910390,6,9103,XVIII,"Clocks; with watch movements, other than electrically operated, excluding clocks of heading no. 9104"
9104,4,91,XVIII,"Instrument panel clocks and clocks of a similar type for vehicles, aircraft, spacecraft or vessels"
910400,6,9104,XVIII,"Clocks; instrument panel clocks and clocks of a similar type for vehicles, aircraft, spacecraft or vessels"
9105,4,91,XVIII,"Clocks, other, n.e.c."
910511,6,9105,XVIII,"Clocks; (excluding those with watch movements and instrument panel clocks), alarm clocks, electrically operated"
910519,6,9105,XVIII,"Clocks; (excluding those with watch movements and instrument panel clocks), alarm clocks, other than electrically operated"
910521,6,9105,XVIII,"Clocks; (excluding those with watch movements and instrument panel clocks), wall clocks, electrically operated"
910529,6,9105,XVIII,"Clocks; (excluding those with watch movements and instrument panel clocks), wall clocks, other than electrically operated"
910591,6,9105,XVIII,"Clocks; (excluding those with watch movements and instrument panel clocks), (other than alarm or wall clocks), electrically operated"
910599,6,9105,XVIII,"Clocks; (excluding those with watch movements and instrument panel clocks), other than alarm or wall clocks, other than electrically operated"
9106,4,91,XVIII,"Time of day recording apparatus and apparatus for measuring, recording or otherwise indicating intervals of time, with clock, watch movement or synchronous motor"
910610,6,9106,XVIII,"Time recording apparatus; time-registers, time recorders, with clock, watch movement or synchronous motor"
910690,6,9106,XVIII,"Time recording apparatus; with clock or watch movement or with synchronous motor, n.e.c. in heading no. 9106"
9107,4,91,XVIII,"Time switches; with clock, watch movement or synchronous motor"
910700,6,9107,XVIII,"Time switches; with clock, watch movement or synchronous motor"
9108,4,91,XVIII,Watch movements; complete and assembled
910811,6,9108,XVIII,"Watch movements; complete and assembled, electrically operated, with mechanical display only or with a device to which a mechanical display can be incorporated"
910812,6,9108,XVIII,"Watch movements; complete and assembled, electrically operated, by means of solar cells, with opto-electronic display"
910819,6,9108,XVIII,"Watch movements; complete and assembled, electrically operated, by means of solar cells, without mechanical display or device including such or opto-electronic display"
910820,6,9108,XVIII,"Watch movements; complete and assembled, with automatic winding"
910890,6,9108,XVIII,"Watch movements; complete and assembled, not automatic winding or electrically operated"
9109,4,91,XVIII,Clock movements; complete and assembled
910910,6,9109,XVIII,"Clock movements; complete and assembled, electrically operated"
910990,6,9109,XVIII,"Clock movements; complete and assembled, other than electrically operated"
9110,4,91,XVIII,"Watch or clock movements, complete, unassembled or partly assembled (movement sets); incomplete watch or clock movements, assembled; rough watch or clock movements"
911011,6,9110,XVIII,"Watches; complete movements, unassembled or partly assembled (movement sets)"
911012,6,9110,XVIII,"Watches; incomplete movements, assembled"
911019,6,9110,XVIII,Watches; rough movements
911090,6,9110,XVIII,"Clocks; movements, whether or not complete, incomplete, assembled or unassembled"
9111,4,91,XVIII,Watch cases and parts thereof
911110,6,9111,XVIII,Watch cases; of precious metal or of metal clad with precious metal
911120,6,9111,XVIII,"Watch cases; of base metal, whether or not gold-plated or silver-plated"
911180,6,9111,XVIII,Watch cases; n.e.c. in heading no. 9111
911190,6,9111,XVIII,Watch cases and parts thereof
9112,4,91,XVIII,Clock cases and cases of a similar type for other goods of this chapter and parts thereof
911220,6,9112,XVIII,Clock cases and similar cases for other goods of chapter 91; other than watch cases
911290,6,9112,XVIII,"Clock cases and similar cases for other goods of chapter 91; other than watch cases, parts thereof"
9113,4,91,XVIII,"Watch straps, watch bands, watch bracelets and parts thereof"
911310,6,9113,XVIII,"Watch straps, watch bands, watch bracelets, and parts thereof; of precious metal or of metal clad with precious metal"
911320,6,9113,XVIII,"Watch straps, watch bands, watch bracelets, and parts thereof; of base metal, whether or not gold- or silver-plated"
911390,6,9113,XVIII,"Watch straps, watch bands, watch bracelets, and parts thereof; n.e.c. in heading no. 9113"
9114,4,91,XVIII,Clock or watch parts; n.e.c. in chapter 91
911430,6,9114,XVIII,Clock or watch parts; dials
911440,6,9114,XVIII,Clock or watch parts; plates and bridges
911490,6,9114,XVIII,"Clock or watch parts; other than springs (including hair-springs), dials, plates, and bridges"
92,2,TOTAL,XVIII,Musical instruments; parts and accessories of such articles
9201,4,92,XVIII,"Pianos; including automatic pianos, harpsichords and other keyboard stringed instruments"
920110,6,9201,XVIII,"Musical instruments; pianos, upright, including automatic pianos"
920120,6,9201,XVIII,"Musical instruments; pianos, grand"
920190,6,9201,XVIII,Musical instruments; harpsichords and other keyboard stringed instruments n.e.c. in heading no. 9201
9202,4,92,XVIII,"Musical instruments; string, n.e.c. in heading no. 9201, (e.g. guitars, violins, harps)"
920210,6,9202,XVIII,"Musical instruments; string, played with a bow (e.g. violins)"
920290,6,9202,XVIII,"Musical instruments; string, played other than with a bow (e.g. guitars and harps)"
9205,4,92,XVIII,"Musical instruments; wind (e.g. keyboard pipe organs, accordions, clarinets, trumpets, bagpipes), other than fairground organs and mechanical street organs"
920510,6,9205,XVIII,"Musical instruments; brass-wind (e.g. trumpets), other than fairground organs and mechanical street organs"
920590,6,9205,XVIII,"Musical instruments; wind, other than brass, (eg. clarinet, bagpipes, pipe organs), other than fairground organs and mechanical street organs"
9206,4,92,XVIII,"Musical instruments; percussion (e.g. drums, xylophones, cymbals, castanets, maracas)"
920600,6,9206,XVIII,"Musical instruments; percussion (e.g. drums, xylophones, cymbals, castanets, maracas)"
9207,4,92,XVIII,"Musical instruments; the sound of which is produced or must be amplified, electrically (e.g. organs, guitars, accordions)"
920710,6,9207,XVIII,"Musical instruments; keyboard, (other than accordions), the sound of which is produced or must be amplified electrically"
920790,6,9207,XVIII,"Musical instruments; (other than keyboard), the sound of which is produced or must be amplified electrically"
9208,4,92,XVIII,"Musical boxes, fairground and mechanical street organs, mechanical singing birds, musical saws and musical instruments n.e.c. in chapter 92; decoy calls of all kinds; whistles; call horns and other mouth-blown sound signalling instruments"
920810,6,9208,XVIII,Musical boxes
920890,6,9208,XVIII,"Fairground and mechanical street organs, mechanical singing birds, musical saws and musical instruments n.e.c. in chapter 92; decoy calls of all kinds; whistles; call horns and other mouth-blown sound signalling instruments"
9209,4,92,XVIII,"Musical instrument parts (for example, mechanisms for musical boxes) and accessories (for example, cards, discs and rolls for mechanical instruments); metronomes, tuning forks and pitch pipes"
920930,6,9209,XVIII,Musical instrument strings
920991,6,9209,XVIII,Musical instruments; parts and accessories for pianos
920992,6,9209,XVIII,Musical instruments; parts and accessories for string musical instruments other than keyboard instruments
920994,6,9209,XVIII,"Musical instruments; parts and accessories for the musical instruments the sound of which is produced or must be amplified electrically (e.g. organs, guitars and accordions)"
920999,6,9209,XVIII,"Musical instruments; parts and accessories for musical instruments n.e.c. in heading no. 9209; metronomes, tuning forks and pitch pipes"
93,2,TOTAL,XIX,Arms and ammunition; parts and accessories thereof
9301,4,93,XIX,"Military weapons; other than revolvers, pistols and arms of heading no. 9307"
930110,6,9301,XIX,"Military weapons; artillery weapons (e.g. guns, howitzers, and mortars)"
930120,6,9301,XIX,"Military weapons; rocket launchers, flame-throwers, grenade launchers, torpedo tubes and similar projectors"
930190,6,9301,XIX,"Military weapons; other than revolvers, pistols, and arms of heading 9307, n.e.c. in heading 9301"
9302,4,93,XIX,Revolvers and pistols; other than those of heading no. 9303 or 9304
930200,6,9302,XIX,Revolvers and pistols; other than those of heading no. 9303 or 9304
9303,4,93,XIX,"Firearms; other similar devices (e.g. sporting shotguns and rifles, muzzle-loading firearms, very pistols, devices for firing flares or blank ammunition, captive bolt humane killers, line throwing guns)"
930310,6,9303,XIX,Firearms; muzzle-loading
930320,6,9303,XIX,"Firearms; sporting, hunting or target-shooting shotguns, including combination shotgun-rifles"
930330,6,9303,XIX,"Firearms; sporting, hunting or target-shooting rifles n.e.c. in heading no. 9303"
930390,6,9303,XIX,Firearms; n.e.c. in heading no. 9303
9304,4,93,XIX,"Firearms; (e.g. spring, air or gas guns and pistols, truncheons), excluding those of heading no. 9307"
930400,6,9304,XIX,"Firearms; (e.g. spring, air or gas guns and pistols, truncheons), excluding those of heading no. 9307"
9305,4,93,XIX,Firearms; parts and accessories of articles of heading no. 9301 to 9304
930510,6,9305,XIX,"Firearms; parts and accessories, of revolvers or pistols"
930520,6,9305,XIX,"Firearms; parts and accessories, of shotguns or rifles of heading 9303"
930591,6,9305,XIX,"Firearms; parts and accessories, of military weapons of heading 9301"
930599,6,9305,XIX,"Firearms; parts and accessories, of firearms other than the military weapons of heading 9301"
9306,4,93,XIX,"Bombs, grenades, torpedoes, mines, missiles and similar munitions of war and parts thereof; cartridges and other ammunition, projectiles and parts thereof, including shot and cartridge wads"
930621,6,9306,XIX,Ammunition; shotgun cartridges
930629,6,9306,XIX,Ammunition; parts of shotgun cartridges
930630,6,9306,XIX,Ammunition; cartridges and parts thereof n.e.c. in heading no. 9306
930690,6,9306,XIX,Ammunition; n.e.c. in chapter 93
9307,4,93,XIX,"Arms; swords, cutlasses, bayonets, lances and the like, parts thereof and scabbards and sheaths therefor"
930700,6,9307,XIX,"Arms; swords, cutlasses, bayonets, lances and the like, parts thereof and scabbards and sheaths therefor"
94,2,TOTAL,XX,"Furniture; bedding, mattresses, mattress supports, cushions and similar stuffed furnishings; lamps and lighting fittings, n.e.c.; illuminated signs, illuminated name-plates and the like; prefabricated buildings"
9401,4,94,XX,"Seats (not those of heading no. 9402), whether or not convertible into beds and parts thereof"
940110,6,9401,XX,Seats; of a kind used for aircraft
940120,6,9401,XX,Seats; of a kind used for motor vehicles
940131,6,9401,XX,"Seats; swivel with variable height adjustment of wood, excluding medical, surgical, dental, veterinary or barber furniture"
940139,6,9401,XX,"Seats; swivel with variable height adjustment of other than wood, excluding medical, surgical, dental, veterinary or barber furniture"
940141,6,9401,XX,"Seats; convertible into beds of wood, other than garden seats or camping equipment"
940149,6,9401,XX,"Seats; convertible into beds of other than wood, other than garden seats or camping equipment"
940152,6,9401,XX,Seats; of bamboo
940153,6,9401,XX,Seats; of rattan
940159,6,9401,XX,"Seats; of cane, osier or similar materials, other than bamboo or rattan"
940161,6,9401,XX,"Seats; with wooden frames, upholstered, (excluding medical, surgical, dental, veterinary or barber furniture)"
940169,6,9401,XX,"Seats; with wooden frames, not upholstered, (excluding medical, surgical, dental, veterinary or barber furniture)"
940171,6,9401,XX,"Seats; with metal frames, upholstered, (excluding medical, surgical, dental, veterinary or barber furniture)"
940179,6,9401,XX,"Seats; with metal frames, not upholstered, (excluding medical, surgical, dental, veterinary or barber furniture)"
940180,6,9401,XX,"Seats; n.e.c. in heading no. 9401, (excluding medical, surgical, dental, veterinary or barber furniture)"
940191,6,9401,XX,"Seats; parts, of wood, (other than for use in the assembly of motor vehicles as determined by the minister, other than automotive)"
940199,6,9401,XX,"Seats; parts, (of other than wood) for use in the assembly of motor vehicles as determined by the minister"
9402,4,94,XX,"Furniture; medical, surgical, dental or veterinary (e.g. operating tables, hospital beds, dentists' chairs) barbers' chairs; parts"
940210,6,9402,XX,"Chairs; dentists', barbers' or similar chairs having rotating as well as both reclining and elevating movements, and parts thereof"
940290,6,9402,XX,"Furniture; for medical, surgical, veterinary use (e.g. operating tables, examination tables, hospital beds with mechanical fittings) and parts thereof"
9403,4,94,XX,"Furniture and parts thereof, n.e.c. in chapter 94"
940310,6,9403,XX,"Furniture; metal, for office use"
940320,6,9403,XX,"Furniture; metal, other than for office use"
940330,6,9403,XX,"Furniture; wooden, for office use"
940340,6,9403,XX,"Furniture; wooden, for kitchen use"
940350,6,9403,XX,"Furniture; wooden, for bedroom use"
940360,6,9403,XX,"Furniture; wooden, other than for office, kitchen or bedroom use"
940370,6,9403,XX,Furniture; plastic
940382,6,9403,XX,Furniture; of bamboo
940383,6,9403,XX,Furniture; of rattan
940389,6,9403,XX,"Furniture; of cane, osier, or similar materials (other than bamboo or rattan)"
940391,6,9403,XX,"Furniture; parts, of wood"
940399,6,9403,XX,"Furniture; parts, of other than wood"
9404,4,94,XX,"Mattress supports; articles of bedding (e.g. mattresses, quilts, eiderdowns, cushions pouffes and pillows), fitted with springs or stuffed, whether or not covered"
940410,6,9404,XX,Mattress supports
940421,6,9404,XX,"Mattresses; of cellular rubber or plastics, whether or not covered"
940429,6,9404,XX,"Mattresses; of other materials, not cellular rubber or plastics"
940430,6,9404,XX,Sleeping bags
940440,6,9404,XX,"Quilts, bedspreads, eiderdowns and duvets (comforters)"
940490,6,9404,XX,"Bedding and similar furnishing articles; n.e.c. in heading no. 9404 (e.g. quilts, eiderdowns, cushions, pouffes and pillows)"
9405,4,94,XX,"Luminaires and light fittings; including searchlights, spotlights and parts thereof, n.e.c.; illuminated signs, name-plates and the like, having permanently fixed light source and parts thereof n.e.c. or included"
940511,6,9405,XX,"Luminaires and light fittings; chandeliers and electric ceiling or wall light fittings; (excluding those used for lighting public open spaces or thoroughfares), for use solely with light-emitting diode (LED) light sources"
940519,6,9405,XX,"Chandeliers and electric ceiling or wall light fittings; (excluding those used for lighting public open spaces or thoroughfares), for use other than with light-emitting diode (LED) light sources"
940521,6,9405,XX,"Luminaires and light fittings; electric, table, desk, bedside or floor-standing, for use solely with light-emitting diode (LED) light sources"
940529,6,9405,XX,"Luminaires and light fittings; electric, table, desk, bedside or floor-standing, for other than use solely with light-emitting diode (LED) light sources"
940531,6,9405,XX,"Luminaires and light fittings; electric, lighting strings of a kind used for Christmas trees, for use solely with light-emitting diode (LED) light sources"
940539,6,9405,XX,"Luminaires and light fittings; electric, lighting strings of a kind used for Christmas trees, for other than use solely with light-emitting diode (LED) light sources"
940541,6,9405,XX,"Luminaires and light fittings; electric, photovoltaic, designed for use solely with light-emitting diode (LED) light sources"
940542,6,9405,XX,"Luminaires and light fittings; electric, designed for use solely with light-emitting diode (LED) light sources"
940549,6,9405,XX,"Luminaires and light fittings; electric, designed for other than use solely with light-emitting diode (LED) light sources"
940550,6,9405,XX,Luminaires and light fittings; non-electric
940561,6,9405,XX,"Luminaires; illuminated signs, illuminated name-plates and the like, designed for use solely with light-emitting diode (LED) light sources"
940569,6,9405,XX,"Luminaires; illuminated signs, illuminated name-plates and the like, designed for other than use solely with light-emitting diode (LED) light sources"
940591,6,9405,XX,"Lamps and light fittings; parts thereof, of glass"
940592,6,9405,XX,"Lamps and light fittings; parts thereof, of plastics"
940599,6,9405,XX,"Lamps and light fittings; parts thereof, of materials other than glass or plastics"
9406,4,94,XX,Buildings; prefabricated
940610,6,9406,XX,"Buildings; prefabricated, of wood"
940620,6,9406,XX,"Buildings; modular building units, of steel"
940690,6,9406,XX,"Buildings; prefabricated, not of wood"
95,2,TOTAL,XX,"Toys, games and sports requisites; parts and accessories thereof"
9503,4,95,XX,"Tricycles, scooters, pedal cars and similar wheeled toys; dolls' carriages; dolls; other toys; reduced-size (scale) models and similar recreational models, working or not; puzzles of all kinds"
950300,6,9503,XX,"Tricycles, scooters, pedal cars and similar wheeled toys; dolls' carriages; dolls; other toys; reduced-size (scale) models and similar recreational models, working or not; puzzles of all kinds"
9504,4,95,XX,"Video game consoles and machines, articles for funfair, table or parlour games, including pintables, billiards, special tables for casino games and automatic bowling alley equipment"
950420,6,9504,XX,Billiard articles and accessories of all kinds
950430,6,9504,XX,"Games; operated by coins, banknotes, bank cards, tokens or by other means of payment, other than billiard articles and accesssories, and automatic bowling alley equipment"
950440,6,9504,XX,Games; playing cards
950450,6,9504,XX,"Games; video game consoles and machines, other than those of subheading 9504.30"
950490,6,9504,XX,"Games; articles for funfair, table or parlour games, including pintables, special tables for casino games, automatic bowling alley equipment, n.e.c. in heading 9504"
9505,4,95,XX,"Festive, carnival or other entertainment articles, including conjuring tricks and novelty jokes"
950510,6,9505,XX,Christmas festivity articles
950590,6,9505,XX,"Festive, carnival or other entertainment articles including novelty jokes and conjuring tricks; other than Christmas festivity articles"
9506,4,95,XX,"Gymnastics, athletics, other sports (including table tennis) or outdoor games equipment, n.e.c. in this chapter, swimming pools and paddling pools"
950611,6,9506,XX,Skis; for snow
950612,6,9506,XX,Ski-fastenings (ski-bindings); for snow-skis
950619,6,9506,XX,Snow-ski equipment
950621,6,9506,XX,Sailboards; for water sport
950629,6,9506,XX,"Water sport equipment; water-skis, surf-boards and other water-sport equipment, excluding sailboards"
950631,6,9506,XX,Golf clubs; complete
950632,6,9506,XX,Golf balls
950639,6,9506,XX,Golf equipment; other than clubs and balls
950640,6,9506,XX,Table-tennis articles and equipment
950651,6,9506,XX,Lawn-tennis rackets; whether or not strung
950659,6,9506,XX,"Tennis, badminton and similar rackets; whether or not strung"
950661,6,9506,XX,Lawn-tennis balls
950662,6,9506,XX,Balls; inflatable
950669,6,9506,XX,"Balls; (other than inflatable or for lawn-tennis, golf or table-tennis)"
950670,6,9506,XX,"Skates; ice and roller, including skating boots with skates attached"
950691,6,9506,XX,Athletics and gymnastics equipment
950699,6,9506,XX,Equipment for outdoor games and recreation n.e.c. in heading no. 9506
9507,4,95,XX,"Fishing rods, fish-hooks and other line fishing tackle; fish landing nets and the like; decoy birds (not those of heading no. 9208 or 9705) and similar hunting or shooting requisites"
950710,6,9507,XX,Fishing rods
950720,6,9507,XX,Fish-hooks; whether or not snelled
950730,6,9507,XX,Fishing reels
950790,6,9507,XX,"Fishing tackle n.e.c., butterfly nets, decoy birds (other than those of heading no. 9208 or 9705) and similar hunting or shooting requisites"
9508,4,95,XX,"Travelling circuses and travelling menageries, amusement park rides and water park amusements, fairground amusements, including shooting galleries and travelling theatres"
950810,6,9508,XX,Travelling circuses and travelling menageries
950821,6,9508,XX,Amusement park rides and water park amusements; Roller coasters
950822,6,9508,XX,"Amusement park rides and water park amusements; carousels, swings and roundabouts"
950823,6,9508,XX,Amusement park rides and water park amusements; dodge'em cars
950824,6,9508,XX,Amusement park rides and water park amusements; motion simulators and moving theatres
950825,6,9508,XX,Amusement park rides and water park amusements; water rides
950826,6,9508,XX,Amusement park rides and water park amusements; water park amusements
950829,6,9508,XX,"Amusement park rides and water park amusements; other than roller coasters, carousels, swings, roundabouts, dodge'em cars, motion simulators and moving theatres, water rides and water park amusements"
950830,6,9508,XX,Fairground amusements; including shooting galleries
950840,6,9508,XX,Travelling theatres
96,2,TOTAL,XX,Miscellaneous manufactured articles
9601,4,96,XX,"Ivory, bone, tortoise-shell, horn, antlers, coral, mother-of-pearl and other animal carving material and articles of these materials; worked, (including articles obtained by moulding)"
960110,6,9601,XX,Ivory and articles thereof; worked
960190,6,9601,XX,"Bone, tortoise shell, horn, antlers, coral, mother-of-pearl and other animal carving material and articles thereof (including articles obtained by moulding)"
9602,4,96,XX,"Vegetable, mineral carving material and articles of these materials, moulded or carved articles of wax, stearin, natural gums, resins or modelling pastes, worked unhardened gelatin (not heading no. 3503)"
960200,6,9602,XX,"Vegetable, mineral carving material and articles of these materials, moulded or carved articles of wax, stearin, natural gums, resins or modelling pastes, worked unhardened gelatin (not heading no. 3503)"
9603,4,96,XX,"Brooms, brushes (including parts of machines), hand operated floor sweepers, mops and feather dusters; knots and tufts for broom or brush making; paint pads and rollers; squeegees"
960310,6,9603,XX,"Brooms and brushes; consisting of twigs or other vegetable materials bound together, with or without handles"
960321,6,9603,XX,Brushes; toothbrushes
960329,6,9603,XX,"Brushes; shaving, hair, nail, eyelash and other toilet brushes for use on the person, including brushes as parts of appliances"
960330,6,9603,XX,"Brushes; artists' brushes, writing brushes and similar brushes for the application of cosmetics"
960340,6,9603,XX,"Brushes; paint, distemper, varnish or similar brushes (not those of item no. 9603.30), paint pads and rollers"
960350,6,9603,XX,"Brushes; constituting parts of machines, appliances or vehicles"
960390,6,9603,XX,"Brooms, brushes, mops, feather dusters, squeegees, hand operated mechanical floor sweepers; (not motorised), prepared knots and tufts for brooms or brush making n.e.c."
9604,4,96,XX,Hand sieves and hand riddles
960400,6,9604,XX,Hand sieves and hand riddles
9605,4,96,XX,"Travel sets; for personal toilet, sewing, shoe or clothes cleaning"
960500,6,9605,XX,"Travel sets; for personal toilet, sewing, shoe or clothes cleaning"
9606,4,96,XX,"Buttons, press-fasteners, snap-fasteners and press-studs, button moulds and other parts of these articles; button blanks"
960610,6,9606,XX,"Press-fasteners, snap-fasteners, press-studs and parts therefor"
960621,6,9606,XX,"Buttons; of plastics, not covered with textile material"
960622,6,9606,XX,"Buttons; of base metal, not covered with textile material"
960629,6,9606,XX,"Buttons; of other than base metal or plastics, not covered with textile material"
960630,6,9606,XX,Button moulds and other parts of buttons; button blanks
9607,4,96,XX,Slide fasteners and parts thereof
960711,6,9607,XX,Slide fasteners; fitted with chain scoops of base metal
960719,6,9607,XX,Slide fasteners; other than those fitted with chain scoops of base metal
960720,6,9607,XX,Slide fasteners; parts
9608,4,96,XX,"Pens; ball-point, felt tipped, other porous tipped pens; fountain pens, stylograph pens duplicating stylos, propelling or sliding pencils; parts of the foregoing, excluding those of heading no. 9609"
960810,6,9608,XX,Pens; ball point
960820,6,9608,XX,Pens; felt tipped and other porous-tipped pens and markers
960830,6,9608,XX,"Pens; fountain, stylograph and other pens"
960840,6,9608,XX,Pencils; propelling or sliding
960850,6,9608,XX,Pen and pencil sets; of articles from two or more of the foregoing sub-headings
960860,6,9608,XX,"Pens; ball-point, refills comprising the ball point and ink-reservoir"
960891,6,9608,XX,Pens; nibs and nib points
960899,6,9608,XX,"Pens and pencils; duplicating stylos, pen-holders, pencil-holders, and similar holders, parts of the articles of heading 9608, including caps and clips"
9609,4,96,XX,"Pencils (not of heading no. 9608), crayons, pencil leads, pastels, drawing charcoals, writing or drawing chalks and tailors' chalks"
960910,6,9609,XX,Pencils and crayons; with leads encased in sheath
960920,6,9609,XX,Pencil leads; black or coloured
960990,6,9609,XX,"Pastels, drawing charcoals, writing or drawing chalks, tailors' chalk"
9610,4,96,XX,"Slates and boards, with writing or drawing surfaces, whether or not framed"
961000,6,9610,XX,"Slates and boards; with writing or drawing surfaces, whether or not framed"
9611,4,96,XX,"Stamps; date, numbering, sealing stamps and the like (including devices for printing or embossing labels), designed for operating by hand; hand operated composing sticks and printing sets"
961100,6,9611,XX,"Stamps; date, numbering, sealing stamps and the like (including devices for printing or embossing labels), designed for operating by hand; hand operated composing sticks and printing sets"
9612,4,96,XX,"Typewriter, similar ribbons, inked, otherwise prepared for giving impressions, whether or not on spools or in cartridges; ink pads, whether or not inked, with or without boxes"
961210,6,9612,XX,"Ribbons; for typewriters and the like, inked or otherwise prepared, for giving impressions, whether or not on spools or in cartridges"
961220,6,9612,XX,"Ink pads; whether or not inked, with or without boxes"
9613,4,96,XX,"Cigarette lighters and other lighters, whether or not mechanical or electrical and parts thereof other than flints and wicks"
961310,6,9613,XX,"Lighters; pocket, cigarette, gas fuelled, non-refillable"
961320,6,9613,XX,"Lighters; pocket, cigarette, gas fuelled, refillable"
961380,6,9613,XX,"Lighters; whether or not mechanical or electrical, n.e.c. in heading no. 9613"
961390,6,9613,XX,"Lighters; parts for cigarette lighters and other lighters, whether or not mechanical or electrical, other than flints and wicks"
9614,4,96,XX,"Smoking pipes (including pipe bowls) and cigar or cigarette holders, and parts thereof"
961400,6,9614,XX,"Smoking pipes (including pipe bowls) and cigar or cigarette holders, and parts thereof"
9615,4,96,XX,"Combs, hair-slides and similar; hairpins, curling pins, curling grips and hair curlers and the like, other than those of heading no. 8516 and parts thereof"
961511,6,9615,XX,"Combs, hair slides and the like; of hard rubber or plastics"
961519,6,9615,XX,"Combs, hair slides and the like; of other than hard rubber or plastics"
961590,6,9615,XX,"Hairpins, curling pins, curling grips, hair curlers and the like (not those of heading no. 8516) and parts thereof"
9616,4,96,XX,Scent sprays and similar toilet sprays and mounts and heads therefor; powder-puffs and pads for the application of cosmetics or toilet preparations
961610,6,9616,XX,"Scent sprays and similar toilet sprays, and mounts and heads therefor"
961620,6,9616,XX,Powder puffs and pads; for the application of cosmetics or toilet preparations
9617,4,96,XX,"Vacuum flasks and other vacuum vessels, complete with cases; parts thereof other than glass inners"
961700,6,9617,XX,"Vacuum flasks and other vacuum vessels, complete with cases; parts thereof other than glass inners"
9618,4,96,XX,Tailors' dummies and other lay figures; automata and other animated displays used for shop window dressing
961800,6,9618,XX,Tailors' dummies and other lay figures; automata and other animated displays used for shop window dressing
9619,4,96,XX,"Sanitary towels (pads) and tampons, napkins (diapers), napkin liners and similar articles, of any material"
961900,6,9619,XX,"Sanitary towels (pads) and tampons, napkins (diapers), napkin liners and similar articles, of any material"
9620,4,96,XX,"Monopods, bipods, tripods and similar articles"
962000,6,9620,XX,"Monopods, bipods, tripods and similar articles"
97,2,TOTAL,XXI,Works of art; collectors' pieces and antiques
9701,4,97,XXI,"Paintings, drawings and pastels, executed entirely by hand; not drawings of heading no. 4906 and not hand-painted, hand-decorated manufactured articles; collages, mosaics and similar decorative plaques"
970121,6,9701,XXI,"Paintings, drawings and pastels; executed entirely by hand, other than drawings of heading no. 4906, of an age exceeding 100 years"
970122,6,9701,XXI,"Mosaics; executed entirely by hand, other than drawings of heading no. 4906, of an age exceeding 100 years"
970129,6,9701,XXI,"Artwork; other than paintings, drawings, pastels mosaics, executed entirely by hand, other than drawings of heading no. 4906, of an age exceeding 100 years"
970191,6,9701,XXI,"Paintings, drawings and pastels; executed entirely by hand, other than drawings of heading no. 4906, of an age not exceeding 100 years"
970192,6,9701,XXI,"Mosaics; executed entirely by hand, other than drawings of heading no. 4906, of an age not exceeding 100 years"
970199,6,9701,XXI,"Artwork; other than paintings, drawings, pastels mosaics, executed entirely by hand, other than drawings of heading no. 4906, of an age not exceeding 100 years"
9702,4,97,XXI,"Engravings, prints and lithographs; original"
970210,6,9702,XXI,"Engravings, prints and lithographs; original of an age exceeding 100 years"
970290,6,9702,XXI,"Engravings, prints and lithographs; original of an age not exceeding 100 years"
9703,4,97,XXI,"Sculptures and statuary; original, in any material"
970310,6,9703,XXI,"Sculptures and statuary; original, in any material, of an age exceeding 100 years"
970390,6,9703,XXI,"Sculptures and statuary; original, in any material, of an age not exceeding 100 years"
9704,4,97,XXI,"Stamps, postage or revenue; stamp-postmarks, first-day covers, postal stationery (stamped paper) and like, used or unused, other than those of heading 4907"
970400,6,9704,XXI,"Stamps, postage or revenue; stamp-postmarks, first-day covers, postal stationery (stamped paper) and like, used or unused, other than those of heading 4907"
9705,4,97,XXI,"Collections and collectors' pieces; of archaeological, ethnographic, historical, zoological, botanical, mineralogical, anatomical, palaeontological or numismatic interest"
970510,6,9705,XXI,"Collections and collectors' pieces; of archaeological, ethnographic or historical interest"
970521,6,9705,XXI,"Collections and collectors' pieces; of zoological, botanical, mineralogical, anatomical or palaeontological interest, human specimens and parts thereof"
970522,6,9705,XXI,"Collections and collectors' pieces; of zoological, botanical, mineralogical, anatomical or palaeontological interest, extinct or endangered species and parts thereof"
970529,6,9705,XXI,"Collections and collectors' pieces; of zoological, botanical, mineralogical, anatomical or palaeontological interest, other than human species, extinct or endangered species and parts thereof"
970531,6,9705,XXI,"Collections and collectors' pieces; of numismatic interest, of an age exceeding 100 years"
970539,6,9705,XXI,"Collections and collectors' pieces; of numismatic interest, of an age not exceeding 100 years"
9706,4,97,XXI,Antiques; of an age exceeding one hundred years
970610,6,9706,XXI,Antiques; of an age exceeding 250 years
970690,6,9706,XXI,Antiques; of an age exceeding 100 years but not exceeding 250 years
99,2,TOTAL,TOTAL,Commodities not specified according to kind
9999,4,99,TOTAL,Commodities not specified according to kind
999999,6,9999,TOTAL,Commodities not specified according to kind
TOTAL,5,TOTAL,TOTAL,Total of all HS2022 commodities
