hs8	name_zh	mfn_2014_pct	fta_ch_2014_pct
01012100	改良种用马	0	0
01012900	其他马	10	8
01013010	改良种用驴	0	0
01013090	其他驴	10	8
01019000	骡	10	8
01022100	改良种用家牛	0	0
01022900	其他家牛	10	8
01023100	改良种用水牛	0	0
01023900	其他水牛	10	8
01029010	改良种用其他牛	0	0
01029090	其他牛	10	8
01031000	改良种用猪	0	0
01039110	重量＜10kg的猪	10	8
01039120	重量在10-50kg的猪，包括10kg	10	8
01039200	重量≥50kg的猪	10	8
01041010	改良种用的绵羊	0	0
01041090	其他绵羊	10	8
01042010	改良种用的山羊	0	0
01042090	其他山羊	10	8
01051110	重量≤185g的改良种用鸡	0	0
01051190	重量≤185g的其他鸡	10	8
01051210	重量≤185g的改良种用火鸡	0	0
01051290	重量≤185g的其他火鸡	10	8
01051310	重量不超过185克的改良种用鸭	0	0
01051390	重量不超过185克的其他鸭	10	8
01051410	重量不超过185克的改良种用鹅	0	0
01051490	重量不超过185克的其他鹅	10	8
01051510	重量不超过185克的改良种用珍珠鸡	0	0
01051590	重量不超过185克的其他珍珠鸡	10	8
01059410	重量＞185g的改良种用鸡	0	0
01059490	重量＞185g的其他鸡	10	8
01059910	重量＞185g的其他改良种用家禽	0	0
01059991	重量＞185g的非改良种用鸭	10	8
01059992	重量＞185g的非改良种用鹅	10	8
01059993	重量＞185g的非改良种用珍珠鸡	10	8
01059994	重量＞185g的非改良种用火鸡	10	8
01061110	改良种用灵长目动物	0	0
01061190	其他灵长目动物	10	8
01061211	改良种用鲸、海豚及鼠海豚；海牛及儒艮	10	8
01061219	其他鲸、海豚及鼠海豚；海牛及儒艮	10	8
01061221	改良种用海豹、海狮及海象	0	0
01061229	其他海豹、海狮及海象	10	8
01061310	改良种用骆驼及其他骆驼科动物	0	0
01061390	其他骆驼及其他骆驼科动物	10	8
01061410	改良种用家兔及野兔	0	0
01061490	其他家兔及野兔	10	8
01061910	改良种用哺乳动物	0	0
01061990	其他哺乳动物	10	8
01062011	改良种用鳄鱼苗	0	0
01062019	其他改良种用爬行动物	0	0
01062020	食用爬行动物	10	8
01062090	其他爬行动物	10	8
01063110	改良种用猛禽	0	0
01063190	其他猛禽	10	8
01063210	改良种用鹦形目鸟	0	0
01063290	其他鹦形目鸟	10	8
01063310	改良种用鸵鸟；鸸鹋	0	0
01063390	其他鸵鸟；鸸鹋	10	8
01063910	其他改良种用鸟	0	0
01063921	乳鸽	10	8
01063923	野鸭	10	8
01063929	其他食用鸟	10	8
01063990	其他鸟	10	8
01064110	改良种用蜂	0	0
01064190	其他蜂	10	8
01064910	改良种用其他昆虫	0	0
01064990	其他昆虫	10	8
01069011	改良种用蛙苗	0	0
01069019	其他改良种用动物	0	0
01069090	其他动物	10	8
02011000	整头及半头鲜、冷牛肉	20	18
02012000	鲜、冷的带骨牛肉	12	10.8
02013000	鲜、冷的去骨牛肉	12	10.8
02021000	冻的整头及半头牛肉	25	22.5
02022000	冻的带骨牛肉	12	10.8
02023000	冻的去骨牛肉	12	10.8
02031110	鲜、冷的整头及半头乳猪肉	20	18
02031190	其他鲜、冷的整头及半头猪肉	20	18
02031200	鲜、冷的带骨猪前腿、后腿及其肉块	20	18
02031900	其他鲜、冷猪肉	20	18
02032110	冻整头及半头乳猪肉	12	10.8
02032190	其他冻整头及半头猪肉	12	10.8
02032200	冻的带骨猪前腿、后腿及其肉块	12	10.8
02032900	其他冻猪肉	12	10.8
02041000	鲜或冷的整头及半头羔羊	15	13.5
02042100	鲜或冷的整头及半头绵羊肉	23	20.7
02042200	鲜或冷的带骨绵羊肉	15	13.5
02042300	鲜或冷的去骨绵羊肉	15	13.5
02043000	冻的整头及半头羔羊	15	13.5
02044100	冻的整头及半头绵羊肉	23	20.7
02044200	冻的其他带骨绵羊肉	12	10.8
02044300	冻的其他去骨绵羊肉	15	13.5
02045000	鲜、冷、冻的山羊肉	20	18
02050000	鲜、冷、冻的马、驴、骡肉	20	18
02061000	鲜、冷的牛杂碎	12	10.8
02062100	冻牛舌	12	10.8
02062200	冻牛肝	12	10.8
02062900	其他冻牛杂碎	12	10.8
02063000	鲜、冷的猪杂碎	20	18
02064100	冻猪肝	20	18
02064900	其他冻猪杂碎	12	10.8
02068000	鲜、冷的羊、马、驴、骡杂碎	20	18
02069000	冻的羊、马、驴、骡杂碎	18	16.2
02071100	整只，鲜或冷的鸡	20	18
02071200	整只，冻的鸡	20	18
02071311	鲜或冷的带骨鸡块	20	18
02071319	鲜或冷的其他鸡块	20	18
02071321	鲜或冷的鸡翼（不包括翼尖）	20	18
02071329	鲜或冷的其他鸡杂碎	20	18
02071411	冻的的带骨鸡块	10	8
02071419	冻的其他鸡块	10	8
02071421	冻的鸡翼（不包括翼尖）	10	8
02071422	鲜、冷、冻鸡爪	10	8
02071429	冻的其他鸡杂碎	10	8
02072400	整只，鲜或冷的火鸡	20	18
02072500	整只，冻的火鸡	20	18
02072600	鲜或冷的火鸡块及杂碎	20	18
02072700	冻的火鸡块及杂碎	10	8
02074100	鲜或冷的整只鸭	20	18
02074200	冻的整只鸭	20	18
02074300	鲜或冷的鸭肥肝	20	18
02074400	鲜或冷的其他鸭	20	18
02074500	冻的其他鸭	20	18
02075100	鲜或冷的整只鹅	20	18
02075200	冻的整只鹅	20	18
02075300	鲜或冷的鹅肥肝	20	18
02075400	鲜或冷的其他鹅	20	18
02075500	冻的其他鹅	20	18
02076000	鲜、冷、冻珍珠鸡	20	18
02081010	鲜或冷藏的家兔肉或野兔，不包括兔头	20	18
02081020	冻家兔或野兔，不包括兔头	20	18
02081090	鲜、冷、冻的家兔及野兔食用杂碎	20	18
02083000	鲜、冷、冻的灵长目动物的肉及其食用杂碎	23	20.7
02084000	鲜、冷、冻鲸、海豚及鼠海豚；鲜、冷、冻海牛及儒艮；鲜、冷、冻海豹、海狮及海象	23	20.7
02085000	鲜、冷、冻的爬行动物的肉及其食用杂碎	23	20.7
02086000	鲜、冷、冻骆驼及其他骆驼科动物	23	20.7
02089010	鲜、冷、冻的乳鸽肉及其食用杂碎	20	18
02089090	其他鲜、冷、冻肉及食用杂碎	23	20.7
02091000	未炼制猪脂肪	20	18
02099000	未炼制家禽脂肪	20	18
02101110	干、熏、盐制的带骨猪腿	25	NaN
02101190	干、熏、盐制的带骨猪腿肉块	25	NaN
02101200	干、熏、盐制的猪腹肉	25	NaN
02101900	干、熏、盐制的其他猪肉	25	NaN
02102000	干、熏、盐制的牛肉	25	20
02109100	干、熏、盐制的灵长目动物肉及食用杂碎	25	22.5
02109200	鲸、海豚及鼠海豚的；海牛及儒艮的；海豹、海狮及海象的肉及食用杂碎	25	22.5
02109300	干、熏、盐制的爬行动物肉及食用杂碎	25	22.5
02109900	干、熏、盐制的其他肉及食用杂碎	25	22.5
03011100	淡水观赏鱼	17.5	15.75
03011900	其他观赏鱼	17.5	15.75
03019110	鳟鱼苗	0	0
03019190	其他活鳟鱼	10.5	9.45
03019210	鳗鱼苗	0	0
03019290	其他活鳗鱼	10	8
03019310	鲤科鱼鱼苗	0	0
03019390	其他鲤科鱼	10.5	9.45
03019410	大西洋及太平洋蓝鳍金枪鱼鱼苗	0	0
03019491	大西洋蓝鳍金枪鱼	10.5	9.45
03019492	太平洋蓝鳍金枪鱼	10.5	9.45
03019510	南方蓝鳍金枪鱼鱼苗	0	0
03019590	其他活南方蓝鳍金枪鱼	10.5	9.45
03019911	鲈鱼鱼苗	0	0
03019912	鲟鱼鱼苗	0	0
03019919	其他鱼苗	0	0
03019991	活罗非鱼	10.5	9.45
03019992	活鲀	10.5	9.45
03019993	其他鲤科鱼	10.5	9.45
03019999	其他活鱼	10.5	9.45
03021100	鲜、冷鳟鱼	12	10.8
03021300	鲜、冷大麻哈鱼	10	8
03021410	鲜、冷大西洋鲑鱼	10	8
03021420	鲜、冷多瑙哲罗鱼	10	8
03021900	其他鲜、冷鲑鱼	12	10.8
03022100	鲜、冷庸鲽鱼	12	10.8
03022200	鲜、冷鲽鱼	12	10.8
03022300	鲜、冷鳎鱼	12	10.8
03022400	鲜、冷大菱鲆	12	10.8
03022900	其他鲜、冷比目鱼	12	10.8
03023100	鲜、冷长鳍金枪鱼	12	10.8
03023200	鲜、冷黄鳍金枪鱼	12	10.8
03023300	鲜、冷鲣鱼或狐鲣	12	10.8
03023400	鲜、冷大眼金枪鱼	12	10.8
03023510	鲜、冷大西洋蓝鳍金枪鱼	12	10.8
03023520	鲜、冷太平洋蓝鳍金枪鱼	12	10.8
03023600	鲜、冷南方蓝鳍金枪鱼	12	10.8
03023900	其他鲜、冷金枪鱼	12	10.8
03024100	鲜、冷鲱鱼（大西洋鲱鱼、太平洋鲱鱼）	12	10.8
03024200	鲜、冷鳀鱼	12	10.8
03024300	鲜、冷沙丁鱼（沙丁鱼、沙瑙鱼属）、小沙丁鱼属、黍鲱或西鲱	12	10.8
03024400	鲜、冷鲭鱼	12	10.8
03024500	鲜、冷对称竹荚鱼、新西兰竹荚鱼及竹荚鱼	12	10.8
03024600	鲜、冷军曹鱼	12	10.8
03024700	鲜、冷剑鱼	12	10.8
03025100	鳕鱼(大西洋鳕鱼、格陵兰鳕鱼、太平洋鳕鱼)	12	10.8
03025200	鲜、冷黑线鳕鱼	12	10.8
03025300	鲜、冷绿青鳕鱼	12	10.8
03025400	鲜、冷狗鳕鱼	12	10.8
03025500	鲜、冷狭鳕鱼	12	10.8
03025600	鲜、冷蓝鳕鱼	12	10.8
03025900	鲜、冷其他鳕科鱼	12	10.8
03027100	鲜、冷罗非鱼	12	10.8
03027200	鲜、冷鲶鱼	12	10.8
03027300	鲜、冷鲤科鱼	12	10.8
03027400	鲜、冷鳗鱼	12	10.8
03027900	鲜、冷尼罗河鲈鱼及黑鱼	12	10.8
03028100	鲜、冷角鲨及其他鲨鱼	12	10.8
03028200	鲜、冷魟鱼及鳐鱼	12	10.8
03028300	鲜、冷南极犬牙鱼	12	10.8
03028400	鲜、冷尖吻鲈鱼	12	10.8
03028500	鲜、冷菱羊鲷	12	10.8
03028910	鲜、冷带鱼	12	10.8
03028920	鲜、冷黄鱼	12	10.8
03028930	鲜、冷鲳鱼	12	10.8
03028940	鲜、冷鲀	12	10.8
03028990	鲜、冷其他鱼	12	10.8
03029000	鲜、冷鱼肝及鱼卵	12	10.8
03031100	冻红大麻哈鱼	10	8
03031200	冻其他大麻哈鱼	10	8
03031300	冻大西洋鲑鱼及多瑙哲罗鱼	10	8
03031400	冻鳟鱼	12	10.8
03031900	冻其他鲑科鱼	10	8
03032300	冻罗非鱼	10	8
03032400	冻鲶鱼	10	8
03032500	冻鲤科鱼	10	8
03032600	冻鳗鱼	12	10.8
03032900	冻尼罗河鲈鱼及黑鱼	10	8
03033110	冻格陵兰庸鲽鱼	10	8
03033190	冻庸鲽鱼	10	8
03033200	冻鲽鱼	12	10.8
03033300	冻鳎鱼	12	10.8
03033400	冻大菱鲆	10	8
03033900	其他冻比目鱼	10	8
03034100	冻长鳍金枪鱼	12	10.8
03034200	冻黄鳍金枪鱼	12	10.8
03034300	冻鲣鱼或狐鲣	12	10.8
03034400	冻大眼金枪鱼，但鱼肝及鱼卵除外	12	10.8
03034510	冻大西洋蓝鳍金枪鱼	12	10.8
03034520	冻太平洋蓝鳍金枪鱼	12	10.8
03034600	冻南方蓝鳍金枪鱼，但鱼肝及鱼卵除外	12	10.8
03034900	其他冻金枪鱼，但鱼肝及鱼卵除外	12	10.8
03035100	冻鲱鱼(大西洋鲱鱼、太平洋鲱鱼),但鱼肝及鱼卵除外	10	8
03035300	冻沙丁鱼、小沙丁鱼属、黍鲱或西鲱	12	10.8
03035400	冻鲭鱼	10	8
03035500	冻对称竹荚鱼、新西兰竹荚鱼及竹荚鱼	10	8
03035600	冻军曹鱼	10	8
03035700	冻剑鱼	10	8
03036300	鳕鱼(大西洋鳕鱼、格陵兰鳕鱼、太平洋鳕鱼)	10	8
03036400	冻黑线鳕鱼	12	10.8
03036500	冻绿青鳕鱼	12	10.8
03036600	冻狗鳕鱼	12	10.8
03036700	冻狭鳕鱼	10	8
03036800	冻蓝鳕鱼	10	8
03036900	其他冻鳕鱼	10	8
03038100	冻角鲨及其他鲨鱼	12	10.8
03038200	冻魟鱼及鳐鱼	10	8
03038300	冻南极犬牙鱼	10	8
03038400	冻尖吻鲈鱼	12	10.8
03038910	冻带鱼	10	8
03038920	冻黄鱼	10	8
03038930	冻鲳鱼	10	8
03038990	其他冻鱼	10	8
03039000	冻鱼肝及鱼卵	10	8
03043100	鲜、冷罗非鱼片	12	10.8
03043200	鲜、冷鲶鱼片	12	10.8
03043300	鲜、冷尼罗河鲈鱼片	12	10.8
03043900	鲜、冷鲤科鱼、鳗鱼、黑鱼片	12	10.8
03044100	鲜、冷大麻哈鱼片	12	10.8
03044200	鲜、冷鳟鱼片	12	10.8
03044300	鲜、冷比目鱼片	12	10.8
03044400	鲜、冷犀鳕科等鳕科鱼片	12	10.8
03044500	鲜、冷剑鱼片	12	10.8
03044600	鲜、冷南极犬牙鱼片	12	10.8
03044900	鲜、冷其他鱼片	12	10.8
03045100	鲜、冷罗非鱼等鱼鱼肉	12	10.8
03045200	鲜、冷鲑科鱼肉	12	10.8
03045300	鲜、冷犀鳕科等鳕科鱼肉	12	10.8
03045400	鲜、冷剑鱼肉	12	10.8
03045500	鲜、冷南极犬牙鱼肉	12	10.8
03045900	鲜、冷其他鱼肉	12	10.8
03046100	冻罗非鱼等鱼鱼片	10	8
03046211	冻斑点叉尾鮰鱼片	10	8
03046219	冻其他叉尾鮰鱼片	10	8
03046290	冻其他鲶鱼片	10	8
03046300	冻尼罗河鲈鱼片	10	8
03046900	冻鲤科鱼、鳗鱼、黑鱼片	10	8
03047100	鳕鱼(大西洋鳕鱼、格陵兰鳕鱼、太平洋鳕鱼)	10	8
03047200	冻黑线鳕鱼片	10	8
03047300	冻绿青鳕鱼片	10	8
03047400	冻狗鳕鱼片	10	8
03047500	冻狭鳕鱼片	10	8
03047900	冻其他鳕鱼片	10	8
03048100	冻大麻哈鱼、大西洋鲑鱼及多瑙哲罗鱼片	10	8
03048200	冻鳟鱼片	10	8
03048300	冻比目鱼片	10	8
03048400	冻剑鱼片	10	8
03048500	冻南极犬牙鱼片	10	8
03048600	冻鲱鱼片	10	8
03048700	冻金枪鱼、鲣鱼或狐鲣(鲣)片	10	8
03048900	冻其他鱼片	10	8
03049100	冻的剑鱼肉	10	8
03049200	冻的南极犬牙鱼肉	10	8
03049300	冻罗非鱼等鱼鱼肉	10	8
03049400	冻狭鳕鱼肉	10	8
03049500	冻犀鳕科等鳕科鱼肉	10	8
03049900	其他冻鱼肉	10	8
03051000	供人食用的鱼粉及团粒	10	8
03052000	干、熏、盐制的鱼肝及鱼卵	10	NaN
03053100	干、盐腌罗非鱼等鱼鱼片	10	NaN
03053200	干、盐腌犀鳕科等鳕科鱼片	10	NaN
03053900	干、盐腌其他鱼片	10	NaN
03054110	熏大西洋鲑鱼，食用杂碎除外	14	NaN
03054120	熏鲱鱼，食用杂碎除外	14	NaN
03054200	熏鲱鱼，食用杂碎除外	16	NaN
03054300	熏鳟鱼，食用杂碎除外	14	NaN
03054400	熏罗非鱼等鱼，食用杂碎除外	14	NaN
03054900	熏其他鱼，食用杂碎除外	14	NaN
03055100	鳕鱼(大西洋鳕鱼、格陵兰鳕鱼、太平洋鳕鱼)	16	14.4
03055910	干海马、干海龙	2	0
03055990	干其他鱼，食用杂碎除外	16	14.4
03056100	盐腌及盐渍的鲱鱼，食用杂碎除外	16	14.4
03056200	鳕鱼(大西洋鳕鱼、格陵兰鳕鱼、太平洋鳕鱼)	16	14.4
03056300	盐腌及盐渍的鳀鱼，食用杂碎除外	16	14.4
03056400	盐腌及盐渍的罗非鱼等鱼，食用杂碎除外	16	14.4
03056910	盐腌及盐渍的带鱼，食用杂碎除外	16	14.4
03056920	盐腌及盐渍的黄鱼，食用杂碎除外	16	14.4
03056930	盐腌及盐渍的鲳鱼，食用杂碎除外	16	14.4
03056990	盐腌及盐渍的其他鱼，食用杂碎除外	16	14.4
03057100	鲨鱼翅	15	13.5
03057200	鱼头、鱼尾、鱼鳔	16	NaN
03057900	其他可食用杂碎	16	NaN
03061100	岩礁虾和其他龙虾（真龙虾属、龙虾属、岩龙虾属）	10	8
03061200	鳌龙虾(鳌龙虾属)	10	8
03061410	冻梭子蟹	10	8
03061490	其他冻蟹	10	8
03061500	冻挪威海鳌虾	16	14.4
03061611	冻冷水小虾虾仁	8	6.4
03061612	冻北方长额虾虾仁	5	0
03061619	冻其他冷水小虾	5	0
03061621	冻冷水对虾虾仁	8	6.4
03061629	冻其他冷水对虾	5	0
03061711	冻小虾虾仁	8	6.4
03061719	冻其他小虾	5	0
03061721	冻对虾虾仁	8	6.4
03061729	冻其他对虾	5	0
03061911	冻淡水小龙虾仁	16	14.4
03061919	冻带壳淡水小龙虾	16	14.4
03061990	其他冻甲壳动物	16	14.4
03062110	岩礁虾和其他龙虾（真龙虾属、龙虾属、岩龙虾属）种苗	0	0
03062190	其他岩礁虾和其他龙虾（真龙虾属、龙虾属、岩龙虾属）	15	13.5
03062210	鳌龙虾（鳌龙虾属）种苗	0	0
03062290	其他鳌龙虾（鳌龙虾属）	15	13.5
03062410	蟹种苗	0	0
03062491	未冻的中华绒毛蟹(大闸蟹)	14	12.6
03062492	未冻的梭子蟹	14	12.6
03062499	未冻的其他蟹	14	12.6
03062510	未冻的挪威海鳌虾种苗	0	0
03062590	未冻的其他挪威海鳌虾	14	12.6
03062610	未冻的冷水小虾及对虾种苗	0	0
03062620	鲜、冷冷水对虾	15	13.5
03062690	未冻的其他冷水小虾及对虾	12	10.8
03062710	未冻的其他小虾及对虾种苗	0	0
03062720	鲜、冷对虾	15	13.5
03062790	未冻的其他小虾及对虾	12	10.8
03062910	其他食用甲壳动物种苗	0	0
03062990	其他带壳或去壳的未冻的甲壳动物	14	12.6
03071110	活、鲜或冷的牡蛎（蚝）种苗	0	0
03071190	活、鲜或冷的其他牡蛎（蚝）	14	12.6
03071900	冻、干、盐腌或盐渍的牡蛎（蚝）	14	12.6
03072110	扇贝(包括海扇)种苗	0	0
03072190	其他活、鲜、冷扇贝	14	12.6
03072900	其他冻、干、盐腌或盐渍的扇贝	14	12.6
03073110	贻贝种苗	0	0
03073190	其他活、鲜、冷贻贝	14	12.6
03073900	其他冻、干、盐制的贻贝	14	12.6
03074110	墨鱼及鱿鱼种苗	0	0
03074190	其他活、鲜或冷墨鱼及鱿鱼	12	10.8
03074900	其他冻、干、盐制的墨鱼及鱿鱼	12	10.8
03075100	活、鲜、冷章鱼	17	15.3
03075900	其他冻、干、盐制的章鱼	17	15.3
03076010	蜗牛及螺的种苗，海螺种苗除外	0	0
03076090	其他蜗牛及螺，海螺除外	14	12.6
03077110	活、鲜或冷的蛤、鸟蛤及舟贝种苗	0	0
03077191	活、鲜或冷的蛤	14	12.6
03077199	活、鲜或冷的鸟蛤及舟贝	14	12.6
03077910	冻、干、盐腌或盐渍的蛤	10	8
03077990	冻、干、盐腌或盐渍的鸟蛤及舟贝	10	8
03078110	活、鲜或冷的鲍鱼种苗	0	0
03078190	活、鲜或冷的其他鲍鱼	14	12.6
03078900	冻、干、盐腌或盐渍的鲍鱼	10	8
03079110	活、鲜或冷的其他软体动物种苗	0	0
03079190	活、鲜或冷的其他软体动物	14	12.6
03079900	冻、干、盐腌或盐渍的软体动物	10	8
03081110	活、鲜或冷的海参种苗	0	0
03081190	活、鲜或冷的其他海参	14	12.6
03081900	冻、干、盐腌或盐渍的海参	10	8
03082110	活、鲜或冷的海胆种苗	0	0
03082190	活、鲜或冷的其他海胆	14	12.6
03082900	冻、干、盐腌或盐渍的海胆	10	8
03083011	活、鲜或冷的海蜇种苗	0	0
03083019	活、鲜或冷的其他海蜇	14	12.6
03083090	冻、干、盐腌或盐渍的海蜇	10	8
03089011	活、鲜或冷的其他水生无脊椎动物种苗	0	0
03089012	活、鲜或冷的其他沙蚕	14	12.6
03089019	活、鲜或冷的其他水生无脊椎动物	14	12.6
03089090	冻、干、盐腌或盐渍的其他水生无脊椎动物	10	8
04011000	脂肪含量未超1%未浓缩及未加糖的乳及奶油	15	13.5
04012000	脂肪含量在1-6%未浓缩及未加糖的乳及奶油	15	13.5
04014000	按重量计脂肪含量超过6％，但不超过10％的未浓缩及未加糖或其他甜物质的乳及奶油	15	13.5
04015000	按重量计脂肪含量超过10％的未浓缩及未加糖或其他甜物质的乳及奶油	15	13.5
04021000	脂肪含量≤1.5%固状乳及奶油	10	8
04022100	脂肪量＞1.5%未加糖固状乳及奶油	10	NaN
04022900	脂肪量＞1.5%的加糖固状乳及奶油	10	8
04029100	浓缩但未加糖的非固状乳及奶油	10	NaN
04029900	浓缩并已加糖的非固状乳及奶油	10	NaN
04031000	酸乳	10	9.166667
04039000	酪乳及其他发酵或酸化的乳及奶油	20	NaN
04041000	乳清及改性乳清	6	NaN
04049000	其他编号未列名的含天然乳的产品	20	NaN
04051000	黄油	10	8
04052000	乳酱	10	8
04059000	其他从乳中提取的脂和油	10	NaN
04061000	鲜乳酪(未熟化或未固化的)	12	9.84
04062000	各种磨碎或粉化的乳酪	12	9.84
04063000	经加工的乳酪，但磨碎或粉化的除外	12	9.84
04064000	蓝纹乳酪和娄地青霉生产的带有纹理的其他乳酪	15	NaN
04069000	其他乳酪	12	9.84
04071100	种用鸡蛋	0	0
04071900	种用其他禽蛋	0	0
04072100	鲜鸡蛋	20	18
04072900	其他鲜禽蛋	20	18
04079010	咸蛋	20	18
04079020	皮蛋	20	18
04079090	其他蛋	20	18
04081100	干蛋黄	20	18
04081900	其他蛋黄	20	18
04089100	干的其他去壳禽蛋	20	18
04089900	其他去壳禽蛋	20	18
04090000	天然蜂蜜	15	13.5
04100010	燕窝	25	22.5
04100041	鲜蜂王浆	15	13.5
04100042	鲜蜂王浆粉	15	13.5
04100043	蜂花粉	20	18
04100049	其他蜂产品	20	18
04100090	其他编号未列名的食用动物产品	20	18
05010000	未经加工的人发;废人发	15	13.5
05021010	猪鬃	20	18
05021020	猪毛	20	18
05021030	猪鬃或猪毛的废料	20	18
05029011	山羊毛	20	18
05029012	黄鼠狼尾毛	20	18
05029019	獾毛及其他制刷用兽毛	20	18
05029020	獾毛及其他制刷用兽毛的废料	20	18
05040011	整个或切块的盐渍猪肠衣(猪大肠头除外)	20	16
05040012	整个或切块的盐渍绵羊肠衣	18	16.2
05040013	整个或切块的盐渍山羊肠衣	18	16.2
05040014	整个或切块的盐渍猪大肠头	20	18
05040019	整个或切块的其他动物肠衣	18	16.2
05040021	冷和冻的鸡盹	20	18
05040029	鲜、冷、冻、干、盐制的其他动物胃	20	18
05040090	鲜、冷、冻、干、盐制的其他动物肠、膀胱、胃	20	16
05051000	填充用羽毛;羽绒	10	8
05059010	羽毛或不完整羽毛的粉未及废料	10	8
05059090	其他羽毛,羽绒,带有羽毛,羽绒,的鸟皮及鸟体其他部分	10	8
05061000	经酸处理的骨胶原及骨	12	10.8
05069011	含牛羊成分的骨粉及骨废料	12	10.8
05069019	骨粉及骨废料	12	10.8
05069090	其他骨及角柱	12	10.8
05071000	兽牙;兽牙粉末及废料	10	8
05079010	羚羊角及其粉末和废料	3	0
05079020	鹿茸及其粉末	11	9.9
05079090	龟壳、鲸须、鲸须毛、鹿角及其他角	10	8
05080010	珊瑚及水产品壳、骨的粉末及废料	12	10.8
05080090	珊瑚及介、贝、棘皮动物的壳、骨	12	10.8
05100010	黄药	3	0
05100020	龙涎香、海狸香、灵猫香	7	5.6
05100030	麝香	7	5.6
05100040	斑蝥	7	5.6
05100090	胆汁,配药用腺体及其他动物产品	6	4.8
05111000	牛的精液	0	0
05119111	受精鱼卵	12	10.8
05119119	其他鱼产品	12	10.8
05119190	其他未列名水产品；第三章的死动物	12	10.8
05119910	动物精液(牛的精液除外)	0	0
05119920	动物胚胎	0	0
05119930	蚕种	0	0
05119940	马毛及废马毛,不论是否制成有或无衬垫的毛片	15	13.5
05119990	其他编号未列名的动物产品；不适合供人食用的第一章的死动物	12	10.8
06011010	休眠的番红花球茎	4	0
06011021	种用百合球茎	0	0
06011029	其他百合球茎	5	0
06011091	种用休眠的鳞茎、块茎、块根等	0	0
06011099	其它休眠的鳞茎、块茎、块根等	5	0
06012000	生长或开花的鳞茎等及菊苣植物	15	13.5
06021000	无根插枝及接穗	0	0
06022010	食用水果及坚果树的种用苗木	0	0
06022090	其他食用水果及坚果树及灌木	10	8
06023010	种用杜鹃	0	0
06023090	其他杜鹃	15	13.5
06024010	种用玫瑰	0	0
06024090	其他玫瑰	15	13.5
06029010	蘑菇菌丝	0	0
06029091	其他种用苗木	0	0
06029092	兰花	10	8
06029093	菊花	10	8
06029094	百合	10	8
06029095	康乃馨	10	8
06029099	其他非种用活植物	10	8
06031100	鲜玫瑰	10	8
06031200	鲜康乃馨	10	8
06031300	鲜兰花	10	8
06031400	鲜菊花	10	8
06031500	鲜百合花	10	8
06031900	其他鲜花	10	8
06039000	干的及经过染色等加工的插花及花蕾	23	20.7
06042010	鲜苔藓及地衣	23	20.7
06042090	鲜植物枝、叶等	10	8
06049010	其他苔藓及地衣	23	20.7
06049090	其他植物枝、叶等	10	8
07011000	种用马铃薯	13	11.7
07019000	其他鲜或冷的马铃薯	13	11.7
07020000	鲜或冷藏的番茄	13	11.7
07031010	鲜或冷的洋葱	13	11.7
07031020	鲜或冷的青葱	13	11.7
07032010	鲜或冷藏的大蒜头	13	11.7
07032020	鲜或冷藏的大蒜蒜台及蒜苗(青蒜)	13	11.7
07032090	其他鲜或冷藏的大蒜	13	11.7
07039010	鲜或冷的韭葱	13	11.7
07039020	鲜或冷的大葱	13	11.7
07039090	鲜或冷的其他葱属蔬菜	13	11.7
07041000	鲜或冷的菜花及硬花甘蓝	10	8
07042000	鲜或冷的抱子甘蓝	13	11.7
07049010	卷心菜	13	11.7
07049020	西兰花	13	11.7
07049090	鲜或冷的其他食用芥菜类蔬菜	13	11.7
07051100	鲜或冷的结球莴苣(包心生菜)	10	8
07051900	鲜或冷的其他莴苣	10	8
07052100	鲜或冷的维特罗夫菊苣	13	11.7
07052900	鲜或冷的其他菊苣	13	11.7
07061000	鲜或冷的胡萝卜及萝卜	13	11.7
07069000	鲜或冷的小萝卜及类似食用根茎	13	11.7
07070000	鲜或冷的黄瓜及小黄瓜	13	11.7
07081000	鲜或冷的豌豆	13	11.7
07082000	鲜或冷的豇豆及菜豆	13	11.7
07089000	鲜或冷的其他豆类蔬菜	13	11.7
07092000	鲜或冷的芦笋	13	11.7
07093000	鲜或冷的茄子	13	11.7
07094000	鲜或冷的芹菜，但块根芹除外	10	8
07095100	鲜或冷的其他伞菌属蘑菇	13	11.7
07095910	鲜或冷的松茸	13	11.7
07095920	鲜或冷的香菇	13	11.7
07095930	鲜或冷的金针菇	13	11.7
07095940	鲜或冷的草菇	13	11.7
07095950	鲜或冷的口蘑	13	11.7
07095960	鲜或冷的块菌	13	11.7
07095990	鲜或冷的其他蘑菇	13	11.7
07096000	鲜或冷的辣椒，包括甜椒	13	11.7
07097000	鲜或冷的菠菜	13	11.7
07099100	鲜或冷藏的洋蓟	13	11.7
07099200	鲜或冷藏的油橄榄	13	11.7
07099300	鲜或冷藏的南瓜、笋瓜及瓠瓜	13	11.7
07099910	鲜或冷藏的竹笋	13	11.7
07099990	鲜或冷藏的其他蔬菜	13	11.7
07101000	冷冻马铃薯	13	11.7
07102100	冷冻豌豆	13	11.7
07102210	红小豆（赤豆）	13	11.7
07102290	其他冷冻豇豆及菜豆	13	11.7
07102900	冷冻其他豆类蔬菜	13	11.7
07103000	冷冻菠菜	13	11.7
07104000	冷冻甜玉米	10	8
07108010	冷冻松茸	13	11.7
07108020	冻其他蒜台及蒜苗(青蒜)	13	11.7
07108030	冻蒜头	13	11.7
07108040	冻牛肝菌	13	11.7
07108090	冷冻未列名蔬菜	13	11.7
07109000	冷冻什锦蔬菜	10	8
07112000	暂时保藏的油橄榄	13	11.7
07114000	暂时保藏的黄瓜及小黄瓜	13	11.7
07115112	盐水小白蘑菇	13	11.7
07115119	盐水的其他伞菌属蘑菇	13	11.7
07115190	其他伞菌属蘑菇	13	11.7
07115911	盐水松茸	13	11.7
07115919	盐水其他蘑菇及菌块	13	11.7
07115990	暂时保藏的其他蘑菇及菌块	13	11.7
07119031	盐水竹笋	13	11.7
07119034	盐水大蒜	13	11.7
07119039	盐水其他蔬菜；什锦蔬菜	13	11.7
07119090	暂时保藏的其他蔬菜；什锦蔬菜	13	11.7
07122000	干制洋葱	13	11.7
07123100	干伞菌属蘑菇	13	11.7
07123200	干木耳	13	11.7
07123300	干银耳	13	11.7
07123910	干香菇	13	11.7
07123920	干金针菇	13	11.7
07123930	干草菇	13	11.7
07123940	干口蘑	13	11.7
07123950	干牛肝菌	13	11.7
07123990	其他干制蘑菇及块菌	13	11.7
07129010	笋干丝	13	11.7
07129020	紫萁(薇菜干)	13	11.7
07129030	干金针菜(黄花菜)	13	11.7
07129040	蕨菜干	13	11.7
07129050	干制的大蒜	13	11.7
07129060	干甜椒	13	11.7
07129091	干制的辣根	13	11.7
07129099	干制的其他蔬菜及什锦蔬菜	13	11.7
07131010	种用豌豆	0	0
07131090	其他干豌豆	5	0
07132010	种用鹰嘴豆	0	0
07132090	其他干鹰嘴豆	7	5.6
07133110	种用绿豆	0	0
07133190	其他干绿豆	3	0
07133210	种用红小豆（赤豆）	0	0
07133290	其他红小豆（赤豆）	3	0
07133310	种用芸豆	0	0
07133390	其他干芸豆	7.5	6
07133400	干巴姆巴拉豆	7	5.6
07133500	干牛豆	7	5.6
07133900	干豇豆及菜豆	7	5.6
07134010	种用扁豆	0	0
07134090	其他干扁豆	7	5.6
07135010	种用蚕豆	0	0
07135090	其他干蚕豆	7	5.6
07136010	种用干木豆	0	0
07136090	其他干木豆	7	5.6
07139010	种用干豆	0	0
07139090	其它干豆	7	5.6
07141010	鲜木薯	10	8
07141020	干木薯	5	0
07141030	冷或冻的木薯	10	8
07142011	种用鲜甘薯	0	0
07142019	其他鲜甘薯	13	11.7
07142020	干甘薯	13	11.7
07142030	冷或冻的甘薯	13	11.7
07143000	山药	13	11.7
07144000	芋头	13	11.7
07145000	箭叶黄体芋	13	11.7
07149010	鲜、干或冷、冻的荸荠	13	11.7
07149021	种用藕	0	0
07149029	其他藕	13	11.7
07149090	含有高淀粉或菊粉的其他类似根茎	13	11.7
08011100	干的椰子	12	10.8
08011200	未去内壳的鲜椰子	12	10.8
08011910	种用椰子	0	0
08011990	其他鲜椰子	12	10.8
08012100	鲜或干的未去壳巴西果	10	8
08012200	鲜或干的去壳巴西果	10	8
08013100	鲜或干的未去壳腰果	20	18
08013200	鲜或干的去壳腰果	10	8
08021100	未去壳扁桃仁	24	21.6
08021200	其他扁桃仁	10	8
08022100	鲜或干的未去壳榛子	25	22.5
08022200	鲜或干的去壳榛子	10	8
08023100	鲜或干的未去壳核桃	25	22.5
08023200	鲜或干的去壳核桃	20	18
08024110	未去壳板栗	25	22.5
08024190	未去壳其他栗子	25	22.5
08024210	去壳板栗	25	22.5
08024290	去壳其他栗子	25	22.5
08025100	未去壳阿月浑子果	10	8
08025200	去壳阿月浑子果	10	8
08026110	未去壳种用马卡达姆坚果	0	0
08026190	未去壳其他马卡达姆坚果	24	21.6
08026200	去壳马卡达姆坚果	24	21.6
08027000	可乐果	24	21.6
08028000	槟榔果	10	8
08029020	鲜或干的白果	25	22.5
08029030	鲜或干的松子仁	25	22.5
08029090	其他鲜或干坚果	24	21.6
08031000	鲜或干的芭蕉	10	8
08039000	鲜或干的其他香蕉	10	8
08041000	鲜或干的椰枣	15	13.5
08042000	鲜或干的无花果	30	24.6
08043000	鲜或干菠萝	12	10.8
08044000	鲜或干鳄梨	25	22.5
08045010	鲜或干番石榴	15	13.5
08045020	鲜或干芒果	15	13.5
08045030	鲜或干山竹果	15	13.5
08051000	鲜或干橙	11	9.9
08052010	鲜或干蕉柑	12	10.8
08052020	阔叶柑橘	12	10.8
08052090	其他鲜或干的柑桔及杂交柑桔	12	10.8
08054000	鲜或干的葡萄柚,包括柚	12	10.8
08055000	鲜或干的柠檬及酸橙	11	9.9
08059000	其他鲜或干的柑桔属水果	30	24.6
08061000	鲜葡萄	13	11.7
08062000	葡萄干	10	8
08071100	鲜西瓜	25	22.5
08071910	鲜哈密瓜	12	10.8
08071920	鲜罗马甜瓜及加勒比甜瓜	12	10.8
08071990	其他鲜甜瓜	12	10.8
08072000	鲜木瓜	25	22.5
08081000	鲜苹果	10	8
08083010	鲜鸭梨及雪梨	12	10.8
08083020	鲜香梨	12	10.8
08083090	其他鲜梨	10	8
08084000	鲜榅桲	16	14.4
08091000	鲜杏	25	22.5
08092100	鲜欧洲酸樱桃	10	8
08092900	其他鲜樱桃	10	8
08093000	鲜桃,包括鲜油桃	10	8
08094000	鲜梅及李	10	8
08101000	鲜草莓	14	12.6
08102000	鲜的木莓、黑莓、桑椹及罗甘莓	25	22.5
08103000	鲜黑、白或红的穗醋栗（加仑子）及醋栗	25	22.5
08104000	鲜蔓越桔及越桔	30	24.6
08105000	鲜猕猴桃	20	18
08106000	鲜榴莲	20	18
08107000	鲜柿子	20	18
08109010	鲜荔枝	30	24.6
08109030	鲜龙眼	12	10.8
08109040	鲜红毛丹	20	18
08109050	鲜蕃荔枝	20	18
08109060	鲜杨桃	20	18
08109070	莲雾	20	18
08109080	火龙果	20	18
08109090	其他鲜果	20	18
08111000	冷冻草莓	30	NaN
08112000	冷冻其他浆果	30	NaN
08119010	未去壳的冷冻栗子	30	NaN
08119090	其他冷冻水果及坚果	30	NaN
08121000	暂时保藏的樱桃	30	NaN
08129000	暂时保藏的其他水果及坚果	25	22.5
08131000	杏干	25	22.5
08132000	梅干及李干	25	22.5
08133000	苹果干	25	22.5
08134010	龙眼干、肉	20	18
08134020	柿饼	25	22.5
08134030	干红枣	25	22.5
08134040	荔枝干	25	22.5
08134090	其他干果	25	22.5
08135000	本章的什锦坚果或干果	18	16.2
08140000	柑桔属水果或甜瓜的果皮	25	22.5
09011100	未浸除咖啡碱的未焙炒咖啡	8	6.4
09011200	已浸除咖啡碱的未焙炒咖啡	8	6.4
09012100	未浸除咖啡碱的已焙炒咖啡	15	14.1
09012200	已浸除咖啡碱的已焙炒咖啡	15	13.5
09019010	咖啡豆荚及咖啡豆皮	10	8
09019020	含咖啡的咖啡代用品	30	NaN
09021010	每件净重≤3kg的花茶	15	13.5
09021090	每件净重≤3kg的其他绿茶	15	13.5
09022010	每件净重＞3kg的花茶	15	13.5
09022090	每件净重＞3kg的其他绿茶	15	13.5
09023010	每件净重≤3kg的乌龙茶	15	13.5
09023020	每件净重≤3kg的普洱茶	15	13.5
09023090	每件净重≤3kg的其他发酵、半发酵红茶	15	13.5
09024010	每件净重＞3kg的乌龙茶	15	13.5
09024020	每件净重＞3kg的普洱茶	15	13.5
09024090	每件净重＞3kg的其他红茶(已发酵)及半发酵茶	15	13.5
09030000	马黛茶	10	8
09041100	未磨胡椒	20	18
09041200	已磨胡椒	20	18
09042100	未磨干辣椒	20	18
09042200	已磨辣椒	20	18
09051000	未磨香子兰豆	15	13.5
09052000	已磨香子兰豆	15	13.5
09061100	未磨锡兰肉桂	5	0
09061900	其他未磨的肉桂及肉桂花	5	0
09062000	已磨肉桂及肉桂花	15	13.5
09071000	未磨丁香	3	0
09072000	已磨丁香	3	0
09081100	未磨肉豆蔻	8	6.4
09081200	已磨肉豆蔻	8	6.4
09082100	未磨肉豆蔻衣	8	6.4
09082200	已磨肉豆蔻衣	8	6.4
09083100	未磨豆蔻	3	0
09083200	已磨豆蔻	3	0
09092100	未磨芫荽子	15	13.5
09092200	已磨芫荽子	15	13.5
09093100	未磨枯茗子	15	13.5
09093200	已磨枯茗子	15	13.5
09096110	未磨八角茴香	20	18
09096190	未磨其他茴香	15	13.5
09096210	已磨八角茴香	20	18
09096290	已磨其他茴香	15	13.5
09101100	未磨姜	15	13.5
09101200	已磨姜	15	13.5
09102000	番红花	2	0
09103000	姜黄	15	13.5
09109100	混合调味香料	15	13.5
09109900	其他调味香料	15	13.5
10011100	种用硬粒小麦	65	NaN
10011900	其他硬粒小麦	65	NaN
10019100	种用其他小麦及混合麦	65	NaN
10019900	其他小麦及混合麦	65	NaN
10021000	种用黑麦	0	0
10029000	其他黑麦	3	0
10031000	种用大麦	0	0
10039000	其他大麦	3	0
10041000	种用燕麦	0	0
10049000	其他燕麦	2	0
10051000	种用玉米	20	NaN
10059000	其他玉米	65	NaN
10061011	种用籼米稻谷	65	NaN
10061019	种用稻谷	65	NaN
10061091	其他籼米稻谷	65	NaN
10061099	其他稻谷	65	NaN
10062010	籼型糙米	65	NaN
10062090	其他糙米	65	NaN
10063010	籼型精米	65	NaN
10063090	其他精米	65	NaN
10064010	籼米碎米	65	NaN
10064090	其他碎米	65	NaN
10071000	种用高粱	0	0
10079000	其他高粱	2	0
10081000	荞麦	2	0
10082100	种用谷子	2	0
10082900	其他谷子	2	0
10083000	加那利草子	2	0
10084010	种用直长马唐	0	0
10084090	其他直长马唐	3	0
10085010	种用昆诺阿藜	0	0
10085090	其他昆诺阿藜	3	0
10086010	种用黑小麦	0	0
10086090	其他黑小麦	3	0
10089010	其他种用谷物	0	0
10089090	其他谷物	3	0
11010000	小麦或混合麦的细粉	65	NaN
11022000	玉米细粉	40	NaN
11029011	籼米大米细粉	40	NaN
11029019	其他大米细粉	40	NaN
11029090	其他谷物细粉	5	0
11031100	小麦粗粒及粗粉	65	NaN
11031300	玉米粗粒及粗粉	65	NaN
11031910	燕麦粗粒及粗粉	5	0
11031921	籼米大米粗粒及粗粉	10	NaN
11031929	其他大米粗粒及粗粉	10	NaN
11031990	其他谷物粗粒及粗粉	5	0
11032010	小麦团粒	65	NaN
11032090	其他谷物团粒	20	18
11041200	滚压或制片的燕麦	20	18
11041910	滚压或制片的大麦	20	18
11041990	滚压或制片的其他谷物	20	18
11042200	经其他加工的燕麦	20	18
11042300	经其他加工的玉米	65	NaN
11042910	经其他加工的大麦	65	NaN
11042990	经其他加工的其他谷物	20	18
11043000	整粒或经加工的谷物胚芽	20	18
11051000	马铃薯细粉、粗粉及粉末	15	13.5
11052000	马铃薯粉片、颗粒及团粒	15	13.5
11061000	干豆细粉、粗粉及粉末	10	8
11062000	用品目0714的西谷茎髓、植物根茎、块茎制成的细粉、粗粉、粉末	20	18
11063000	水果及坚果的细粉、粗粉及粉末	20	18
11071000	未焙制麦芽	10	8
11072000	已焙制麦芽	10	8
11081100	小麦淀粉	20	18
11081200	玉米淀粉	20	18
11081300	马铃薯淀粉	15	13.5
11081400	木薯淀粉	10	8
11081900	其他淀粉	20	18
11082000	菊粉	20	18
11090000	面筋，不论是否干制	18	16.2
12011000	种用大豆	0	0
12019010	黄大豆	3	0
12019020	黑大豆	3	0
12019030	青大豆	3	0
12019090	其他大豆	3	0
12023000	种用花生	0	0
12024100	去壳花生	15	13.5
12024200	未去壳花生	15	13.5
12030000	干椰子肉	15	13.5
12040000	亚麻子	15	13.5
12051010	种用的低芥子酸油菜子	0	0
12051090	其他低芥子酸油菜子	9	7.2
12059010	其他种用油菜子	0	0
12059090	其他油菜子	9	7.2
12060010	种用葵花籽	0	0
12060090	其他葵花籽	15	13.5
12071010	种用棕榈果及棕榈仁	0	0
12071090	其他棕榈果及棕榈仁	10	8
12072100	种用棉子	0	0
12072900	其他棉子	15	13.5
12073010	种用蓖麻子	0	0
12073090	其他蓖麻子	15	13.5
12074010	种用芝麻	0	0
12074090	其他芝麻	10	8
12075010	种用芥子	0	0
12075090	其他芥子	15	13.5
12076010	种用红花子	0	0
12076090	其他红花子	20	18
12077010	种用甜瓜子	0	0
12077091	黑瓜子	20	18
12077092	红瓜子	20	18
12077099	其他瓜子	30	NaN
12079100	罂粟子	20	18
12079910	其他种用含油子仁及果实	0	0
12079991	牛油树果	20	18
12079999	其他含油子仁及果实	10	8
12081000	大豆粉	9	7.2
12089000	其他含油子仁或果实的细粉及粗粉	15	13.5
12091000	糖甜菜子	0	0
12092100	紫苜蓿子	0	0
12092200	三叶草子	0	0
12092300	羊茅子	0	0
12092400	草地早熟禾子	0	0
12092500	黑麦草种子	0	0
12092910	甜菜籽，糖甜菜子除外	0	0
12092990	其他饲料植物种子	0	0
12093000	草本花卉植物种子	0	0
12099100	蔬菜种子	0	0
12099900	其他种植用的种子、果实及孢子	0	0
12101000	未研磨也未制成团粒的啤酒花	20	18
12102000	已研磨或制成团粒的啤酒花；蛇麻腺	10	8
12112010	鲜或干的西洋参	7.5	6
12112020	鲜或干的野山参(西洋参除外)	20	18
12112091	其他鲜人参	20	18
12112099	其他干人参	20	18
12113000	古柯叶	9	7.2
12114000	罂粟杆	9	7.2
12119011	鲜或干的当归	6	4.8
12119012	三七（田七）	6	4.8
12119013	鲜或干的党参	6	4.8
12119014	鲜或干的黄连	6	4.8
12119015	鲜或干的菊花	6	4.8
12119016	鲜或干的冬虫夏草	6	4.8
12119017	鲜或干的贝母	6	4.8
12119018	鲜或干的川芎	6	4.8
12119019	鲜或干的半夏	6	4.8
12119021	鲜或干的白芍	6	4.8
12119022	鲜或干的天麻	6	4.8
12119023	鲜或干的黄芪	6	4.8
12119024	鲜或干的大黄、籽黄	6	4.8
12119025	鲜或干的白术	6	4.8
12119026	鲜或干的地黄	6	4.8
12119027	鲜或干的槐米	6	4.8
12119028	鲜或干的杜仲	6	4.8
12119029	鲜或干的茯苓	6	4.8
12119031	鲜或干的枸杞	6	4.8
12119032	鲜或干的大海子	6	4.8
12119033	鲜或干的沉香	3	0
12119034	鲜或干的沙参	6	4.8
12119035	鲜或干的青蒿	6	4.8
12119036	鲜或干的甘草	6	4.8
12119037	鲜或干的黄芩	6	4.8
12119038	椴树(欧椴)花及叶	6	4.8
12119039	其他主要用作药料的鲜或干的植物	6	4.8
12119050	主要用作香料的植物	8	6.4
12119091	鲜或干的鱼藤根、除虫菊	3	0
12119099	其他鲜或干的杀虫、杀菌用植物	9	7.2
12122110	适合供人食用的海带	20	18
12122120	适合供人食用的发菜	20	18
12122131	适合供人食用的干裙带菜	15	13.5
12122132	适合供人食用的鲜裙带菜	15	13.5
12122139	适合供人食用的其他裙带菜	15	13.5
12122141	适合供人食用的干紫菜	15	13.5
12122142	适合供人食用的鲜紫菜	15	13.5
12122149	适合供人食用的其他紫菜	15	13.5
12122161	适合供人食用的干麒麟菜	15	13.5
12122169	适合供人食用的其他麒麟菜	15	13.5
12122171	适合供人食用的干江蓠	15	13.5
12122179	适合供人食用的其他江蓠	15	13.5
12122190	其他适合供人食用的海草及其他藻类	15	13.5
12122900	其他海草及藻类	15	13.5
12129100	鲜、冷、冻或干的甜菜	20	18
12129200	刺槐豆	20	18
12129300	甘蔗	20	18
12129400	菊苣根	30	NaN
12129911	主要供人食用的苦杏仁	20	18
12129912	主要供人食用的甜杏仁	20	18
12129919	主要供人食用的桃(包括油桃)、梅或李的核及核仁	20	18
12129993	鲜、冷、冻或干的白瓜子	20	18
12129994	鲜、冷、冻或干的莲子	20	18
12129996	甜叶菊叶	30	NaN
12129999	鲜、冷、冻或干的其他主要供人食用的其他税号未列明的果核、果仁及植物产品	30	NaN
12130010	未经处理的稻草的茎、杆	12	10.8
12130090	其他未经处理的谷类植物茎、杆及谷壳	12	10.8
12141000	紫苜蓿粗粉及团粒	5	0
12149000	芜菁甘蓝、饲料甜菜等其他植物饲料	9	7.2
13012000	阿拉伯胶	15	13.5
13019010	胶黄耆树胶	15	13.5
13019020	乳香、没药及血竭	3	0
13019030	阿魏	3	0
13019040	松脂	15	13.5
13019090	其他天然树胶、树脂	15	13.5
13021100	鸦片液汁及浸膏	0	0
13021200	甘草液汁及浸膏	6	4.8
13021300	啤酒花液汁及浸膏	10	8
13021910	生漆	20	18
13021920	印楝素	3	0
13021930	除虫菊或含鱼藤酮植物根茎的液汁及浸膏	3	0
13021940	银杏的液汁及浸膏	20	16
13021990	其他植物液汁及浸膏	20	16
13022000	果胶、果胶酸盐及果胶酸酯	20	18
13023100	琼脂	10	8
13023200	刺槐豆、刺槐豆子或瓜尔豆制得的胶液及增稠剂	15	13.5
13023911	卡拉胶	15	13.5
13023912	褐藻胶	15	13.5
13023919	其他海草及藻类制品	15	13.5
13023990	其他植物胶液及增稠剂	15	13.5
14011000	竹	10	8
14012000	藤	10	8
14019010	谷类植物的茎秆(麦秸除外)	10	8
14019020	芦苇	10	8
14019031	蔺草	10	8
14019039	灯芯草属的其他主要作编结用的植物材料	10	8
14019090	未列名主要用作编结用的植物材料	10	8
14042000	棉短绒	4	0
14049010	主要供染料或鞣料用的植物原料	5	0
14049090	其他植物产品	15	13.5
15011000	猪油	10	8
15012000	其他猪脂肪	10	8
15019000	家禽脂肪	10	8
15021000	牛、羊油脂	8	6.4
15029000	其他牛、羊脂肪	8	6.4
15030000	未经制作的猪油硬脂、油硬脂等	10	8
15041000	鱼肝油及其分离品	12	10.8
15042000	其他鱼油、脂及其分离品	12	9.84
15043000	海生哺乳动物的油、脂及其分离品	14.4	12.96
15050000	羊毛脂及羊毛脂肪物质	20	18
15060000	其他动物油、脂及其分离品	20	18
15071000	初榨豆油的分离品	9	NaN
15079000	精制的豆油及其分离品	9	NaN
15081000	初榨花生油的分离品	10	NaN
15089000	精制的花生油及其分离品	10	NaN
15091000	初榨油橄榄油及其分离品	10	8
15099000	精制的油橄榄油及其分离品	10	8
15100000	其他橄榄油及其分离品	10	8
15111000	初榨棕榈油的分离品	9	NaN
15119010	精制的棕榈液油（熔点19-24度）	9	NaN
15119020	精制的棕榈硬脂（熔点44-56度）	8	NaN
15119090	其他精制的棕榈油及其分离品	9	NaN
15121100	初榨葵花油或红花油的分离品	9	NaN
15121900	精制的葵花油或红花油及其分离品	9	NaN
15122100	初榨棉子油的分离品	10	NaN
15122900	精制的棉子油及其分离品	10	NaN
15131100	初榨椰子油分离品	9	7.2
15131900	椰子油及其分离品	9	7.2
15132100	初榨棕榈仁油或巴巴苏棕榈果油及其分离品	9	7.2
15132900	精制的棕榈仁油或巴巴苏棕榈果油及其分离品	9	7.2
15141100	初榨低芥子酸菜子油及其分离品	9	NaN
15141900	其他低芥子酸菜子油或芥子油及其分离品	9	NaN
15149110	初榨菜子油及其分离品	9	NaN
15149190	初榨芥子油及其分离品	9	NaN
15149900	其他菜子油或芥子油及其分离品	9	NaN
15151100	初榨亚麻子油及其分离品	15	13.5
15151900	精制的亚麻子油及其分离品	15	13.5
15152100	初榨玉米油的分离品	10	NaN
15152900	精制的玉米油及其分离品	10	NaN
15153000	蓖麻油及其分离品	10	8
15155000	芝麻油及其分离品	12	10.8
15159010	希蒙得木油及其分离品	20	18
15159020	印楝油及其分离品	20	18
15159030	桐油及其分离品	20	18
15159090	其他固定植物油、脂及其分离品	20	18
15161000	氢化、酯化或反油酸化动物油、脂及其分离品，但未进一步加工的	5	0
15162000	氢化、酯化或反油酸化植物油、脂及其分离品,但未进一步加工的	25	NaN
15171000	人造黄油,非液态	30	NaN
15179010	起酥油	25	22.5
15179090	混合制成的食用油脂或制品	25	20.5
15180000	化学改性的动、植物油、脂及其制品；其他税号未列名的非食用油、脂或制品	10	8
15200000	粗甘油,甘油水及甘油碱液	20	18
15211000	植物蜡	20	18
15219010	蜂蜡	20	18
15219090	其他虫蜡及鲸蜡	20	18
15220000	油鞣回收脂;加工处理油脂及动、植物蜡所剩残渣	20	18
16010010	用天然肠衣做外包装的香肠及类似产品	15	13.5
16010020	其他香肠及类似产品	15	13.5
16010030	用香肠制成的食品	15	13.5
16021000	肉或食用杂碎的均化食品	15	13.5
16022000	制作或保藏的动物肝	15	13.5
16023100	制作或保藏的火鸡肉及杂碎	15	13.5
16023210	鸡罐头	15	13.5
16023291	鸡胸肉	15	13.5
16023292	鸡腿肉	15	13.5
16023299	其他鸡肉	15	13.5
16023910	其他品目0105所列家禽肉及杂碎的罐头	15	13.5
16023991	鸭肉	15	13.5
16023999	经制作或保藏的其他品目0105所列家禽肉及杂碎	15	13.5
16024100	制作或保藏的猪后腿及其肉块	15	13.5
16024200	制作或保藏的猪前腿及其肉块	15	13.5
16024910	其他猪肉及杂碎的罐头	15	13.5
16024990	制作或保藏的其他猪肉、杂碎及血	15	13.5
16025010	牛肉及牛杂碎罐头	12	10.8
16025090	其他制作或保藏的牛肉、杂碎及血	12	10.8
16029010	其他肉及杂碎罐头	15	13.5
16029090	经制作或保藏的其他肉、杂碎及血	15	13.5
16030000	肉及水产品的精、汁	23	20.7
16041110	制作或保藏的大西洋鲑鱼，整条或切块，但未绞碎	12	NaN
16041190	制作或保藏的其他鲑鱼，整条或切块，但未绞碎	12	NaN
16041200	制作或保藏的鲱鱼，整条或切块，但未绞碎	12	10.8
16041300	制作或保藏的沙丁鱼、小沙丁鱼属、黍鲱或西鲱	5	0
16041400	制作或保藏的金枪鱼、鲣鱼及狐鲣	5	0
16041500	制作或保藏的鲭鱼，整条或切块，但未绞碎	12	10.8
16041600	制作保藏的Anchovies(醍鱼)，整条或切块，但未绞碎	12	10.8
16041700	制作或保藏的鳗鱼	12	10.8
16041920	制作或保藏的罗非鱼，整条或切块，但未绞碎	12	10.8
16041931	制作或保藏的斑点叉尾鮰鱼	12	10.8
16041939	制作或保藏的其他叉尾鮰鱼	12	10.8
16041990	制作或保藏的其他鱼，整条或切块，但未绞碎	12	10.8
16042011	鱼翅罐头	12	10.8
16042019	其他制作或保藏的鱼罐头	12	10.8
16042091	鱼翅	12	10.8
16042099	其他制作或保藏的鱼	12	10.8
16043100	鲟鱼子酱	12	10.8
16043200	鲟鱼子酱代用品	12	10.8
16051000	制作或保藏的蟹	5	0
16052100	制作或保藏的非密封包装小虾及对虾	5	0
16052900	制作或保藏的其他小虾及对虾	5	0
16053000	制作或保藏的龙虾	5	0
16054011	制作或保藏的淡水小龙虾仁	5	0
16054019	制作或保藏的带壳淡水小龙虾	5	0
16054090	制作或保藏的其他甲壳动物	5	0
16055100	制作或保藏的牡蛎	5	0
16055200	制作或保藏的扇贝	5	0
16055300	制作或保藏的贻贝	5	0
16055400	制作或保藏的墨鱼及鱿鱼	5	0
16055500	制作或保藏的章鱼	5	0
16055610	制作或保藏的蛤	5	0
16055620	制作或保藏的鸟蛤及舟贝	5	0
16055700	制作或保藏的鲍鱼	5	0
16055800	制作或保藏的蜗牛及螺	5	0
16055900	制作或保藏的其他软体动物	5	0
16056100	制作或保藏的海参	5	0
16056200	制作或保藏的海胆	5	0
16056300	制作或保藏的海蜇	15	13.5
16056900	制作或保藏的其他水生无脊椎动物	5	0
17011200	未加香料或着色剂的甜菜原糖	50	NaN
17011300	本章子目注释二所述的甘蔗糖	50	NaN
17011400	其他甘蔗糖	50	NaN
17019100	加有香料或着色剂的糖	50	NaN
17019910	砂糖	50	NaN
17019920	绵白糖	50	NaN
17019990	其他精制糖	50	NaN
17021100	无水乳糖，按重量计含量＞99%	10	8
17021900	其他乳糖及乳糖浆	10	8
17022000	槭糖及槭糖浆	30	NaN
17023000	低果糖含量的葡萄糖及糖浆	30	NaN
17024000	中果糖含量的葡萄糖及糖浆	30	NaN
17025000	化学纯果糖	30	NaN
17026000	其他果糖及糖浆	30	NaN
17029000	其他固体糖；人造蜜；焦糖	30	24.6
17031000	甘蔗糖蜜	8	6.4
17039000	其他糖蜜	8	6.4
17041000	口香糖，不论是否裹糖	12	10.8
17049000	其他不含可可的糖食	10	0
18010000	生或焙炒的整颗或破碎的可可豆	8	6.4
18020000	可可荚、壳、皮及废料	10	8
18031000	未脱脂可可膏	10	8
18032000	全脱脂或部分脱脂的可可膏	10	8
18040000	可可油,可可脂	22	19.8
18050000	未加糖或其他甜物质的可可粉	15	13.5
18061000	含糖或其他甜物质的可可粉	10	8
18062000	每件净重＞2kg的含可可食品	10	0
18063100	其他夹心块状或条状的含可可食品	8	6.4
18063200	其他不夹心块状或条状含可可食品	10	0
18069000	其他巧克力及含可可的食品	8	7.2
19011010	配方奶粉	15	13.5
19011090	其他供婴幼儿食用的零售包装食品	15	13.5
19012000	供焙烘面包糕点用的调制品及面团	25	22.5
19019000	其他麦精制的其他税号未列名食品	10	8
19021100	未包馅或未制作的含蛋生面食	15	13.5
19021900	其他未包馅或未制作的生面食	15	13.5
19022000	包馅面食	15	NaN
19023010	米粉干	15	13.5
19023020	粉丝	15	13.5
19023030	即食或快熟面条	15	13.5
19023090	其他面食	15	NaN
19024000	古斯古斯面食	25	22.5
19030000	珍粉及淀粉制成的珍粉代用品	15	13.5
19041000	谷物或谷物产品经膨化或烘炒制的食品	25	22.916667
19042000	未烘炒谷物片制成的食品	30	24
19043000	碾碎的干小麦	30	NaN
19049000	其他谷物制品	30	24
19051000	黑麦脆面包片	20	18
19052000	姜饼及类似品	20	18
19053100	甜饼干	15	13.75
19053200	华夫饼干及圣餐饼	15	0
19054000	面包干、吐司及类似的烤面包	20	18
19059000	其他面包、糕点、饼干及其焙烘糕饼	20	18
20011000	用醋或醋酸制作的黄瓜及小黄瓜	25	22.5
20019010	用醋制作的大蒜	25	22.5
20019090	用醋制作的其他果、菜及食用植物	25	22.5
20021010	非用醋制作的整个或切片番茄罐头	19	17.1
20021090	非用醋制作的其他整个或切片番茄	25	22.5
20029011	重量不超过5kg的番茄酱罐头	20	18
20029019	重量大于5kg的番茄酱罐头	20	18
20029090	非用醋制作的绞碎番茄	18	16.2
20031011	伞菌属小白蘑菇罐头	25	22.5
20031019	其他非用醋制作的伞菌属蘑菇罐头	25	22.5
20031090	非用醋制作的其他伞菌属蘑菇	25	22.5
20039010	其他蘑菇及块菌罐头	25	22.5
20039090	其他蘑菇及块菌	25	22.5
20041000	非用醋制作的冷冻马铃薯	13	11.7
20049000	非用醋制作的其他冷冻蔬菜	25	22.5
20051000	非用醋制作的未冷冻均化蔬菜	25	22.5
20052000	非用醋制作的未冷冻马铃薯	15	13.5
20054000	非用醋制作的未冷冻豌豆	25	22.5
20055111	非用醋或醋酸制作或保藏的未冷冻的赤豆馅罐头	25	22.5
20055119	非用醋或醋酸制作或保藏的未冷冻的其他脱荚豇豆及菜豆罐头	25	22.5
20055191	非用醋或醋酸制作或保藏的未冷冻的赤豆馅，不包括罐头	25	22.5
20055199	非用醋或醋酸制作或保藏的未冷冻的其他脱荚豇豆及菜豆	25	22.5
20055910	非用醋制作的其他豇豆及菜豆罐头	25	22.5
20055990	非用醋制作的其他豇豆及菜豆	25	22.5
20056010	非用醋制作的芦笋罐头	25	22.5
20056090	非用醋制作的其他芦笋	25	22.5
20057000	非用醋制作的未冷冻油橄榄	10	8
20058000	非用醋制作的未冷冻甜玉米	10	8
20059110	非用醋制作或保藏的竹笋罐头	25	22.5
20059190	非用醋制作或保藏的未冷冻的其他竹笋	25	22.5
20059920	蚕豆罐头	25	22.5
20059940	榨菜	25	22.5
20059950	咸蕨菜	25	22.5
20059960	咸荞头	25	22.5
20059991	其他蔬菜及什锦蔬菜罐头	25	22.5
20059999	非用醋制作的其他蔬菜及什锦蔬菜	25	20.5
20060010	蜜枣	30	NaN
20060020	糖渍制橄榄	30	NaN
20060090	其他糖渍蔬菜、水果、坚果、果皮	30	0
20071000	烹煮制成的果子均化食品	30	24
20079100	烹煮制成的柑桔属水果	30	0
20079910	烹煮制成的其他果酱、果冻罐头	5	0
20079990	烹煮制成的其他果酱、果冻	5	4
20081110	花生米罐头	30	NaN
20081120	烘焙花生	30	NaN
20081130	花生酱	30	NaN
20081190	其他非用醋制作的花生	30	NaN
20081910	核桃仁罐头	20	18
20081920	其他果仁罐头	13	11.7
20081991	栗仁	10	8.2
20081992	用其他方法制作或保藏的芝麻	10	8
20081999	其他坚果及子仁	10	8
20082010	菠萝罐头	15	13.5
20082090	非用醋制作的其他菠萝	15	13.5
20083010	柑桔属水果罐头	20	18
20083090	非用醋制作的其他柑桔属水果	20	18
20084010	梨罐头	20	18
20084090	非用醋制作的其他梨	20	18
20085000	非用醋制作的杏	20	18
20086010	用其他方法制作或保藏的樱桃罐头	20	18
20086090	用其他方法制作或保藏的其他樱桃	20	18
20087010	桃罐头	10	8
20087090	非用醋制作的其他桃	20	18
20088000	非用醋制作的草莓	15	13.5
20089100	非用醋制作的棕榈芯	5	0
20089300	用其他方法制作或保藏的蔓越橘	15	12
20089700	用其他方法制作或保藏的什锦果实	10	8
20089910	荔枝罐头	20	18
20089920	龙眼罐头	15	13.5
20089931	调味紫菜	15	13.5
20089932	盐渍海带	15	13.5
20089933	盐渍裙带菜	15	13.5
20089939	其他海草及藻类制品	15	13.5
20089940	清水荸荠（马蹄）罐头	25	22.5
20089990	未列名制作或保藏的水果、坚果	15	12
20091100	冷冻的橙汁	7.5	6
20091200	非冷冻的，白利糖度值不超过20的橙汁	30	0
20091900	其他橙汁	30	NaN
20092100	白利糖度值不超过20的葡萄柚(包括柚)汁	15	13.5
20092900	其他葡萄柚(包括柚)汁	15	13.5
20093110	白利糖度不超过20的柠檬汁	18	16.2
20093190	其他未混合的白利糖度值不超过20的桔汁属水果汁	18	16.2
20093910	白利糖度超过20的柠檬汁	18	16.2
20093990	其他未混合的柑桔属水果汁，白利糖度值不超过20	18	16.2
20094100	白利糖度值不超过20的菠萝汁	10	8
20094900	其他菠萝汁	10	8
20095000	番茄汁	30	NaN
20096100	白利糖度值不超过30的的葡萄汁,包括酿酒葡萄汁	20	18
20096900	葡萄汁,包括酿酒葡萄汁	20	18
20097100	白利糖度值不超过20的苹果汁	20	18
20097900	其他苹果汁	20	18
20098100	蔓越橘汁	20	18
20098912	芒果汁	20	18
20098913	西番莲果汁	20	18
20098914	番石榴果汁	20	18
20098915	梨汁	20	18
20098919	其他未混合的水果汁	20	18
20098920	其他未混合蔬菜汁	20	18
20099010	混合水果汁	20	18
20099090	混合蔬菜汁、水果与蔬菜的混合汁	20	18
21011100	咖啡浓缩精汁	17	NaN
21011200	以咖啡浓缩精汁或咖啡为基本成分的制品	30	NaN
21012000	茶、马黛茶浓缩精汁及其制品	32	25.6
21013000	烘焙咖啡代用品及其浓缩精汁	32	NaN
21021000	活性酵母	25	20
21022000	非活性酵母；已死的其他单细胞微生物	25	20
21023000	发酵粉	25	NaN
21031000	酱油	28	25.2
21032000	番茄沙司及其他番茄调味汁	15	13.5
21033000	芥子粉及其调味品	15	13.5
21039010	味精	21	18.9
21039020	别特油（Aromatic bitters）	21	18.9
21039090	其他调味品	21	19.25
21041000	汤料及其制品	15	13.5
21042000	均化混合食品	32	NaN
21050000	冰淇淋及其他冰制食品不论是否含可可	19	0
21061000	浓缩蛋白质及人造蛋白物质	10	8
21069010	制造碳酸饮料的浓缩物	35	NaN
21069020	制造饮料用的复合酒精制品	20	18
21069030	蜂王浆制剂	3	0
21069040	椰子汁	10	8
21069050	海豹油胶囊	20	18.333333
21069090	其他税号未列名的食品	20	18.333333
22011010	未加糖及未加味的矿泉水	20	18
22011020	未加糖及未加味的汽水	20	18
22019010	天然水	10	8
22019090	其他水、冰及雪	10	8
22021000	加味、加糖或其他甜物质的水	20	18
22029000	其他无酒精饮料	35	32.083333
22030000	麦芽酿造的啤酒	0	0
22041000	葡萄汽酒	14	12.6
22042100	小包装的鲜葡萄酿造的酒	14	12.6
22042900	其他包装的鲜葡萄酿造的酒	20	18
22043000	其他酿酒葡萄汁	30	NaN
22051000	小包装的味美思酒及类似酒	65	NaN
22059000	其他包装的味美思酒及类似酒	65	NaN
22060010	黄酒	40	NaN
22060090	其他发酵饮料	40	NaN
22071000	浓度≥80%的未改性乙醇	40	NaN
22072000	任何浓度的改性乙醇及其他酒精	30	NaN
22082000	蒸馏葡萄酒制得的烈性酒	10	8
22083000	威士忌酒	10	8
22084000	朗姆酒及蒸馏已发酵甘蔗产品制得的其他烈性酒	10	8
22085000	杜松子酒	10	8
22086000	伏特加洒	10	8
22087000	利口酒及柯迪尔酒	10	8
22089010	龙舌兰酒	10	8
22089020	白酒	10	8
22089090	其他蒸馏酒及酒精饮料	10	8
22090000	醋及醋酸制得的醋代用品	20	18
23011011	含牛羊成分的肉骨粉	2	0
23011019	其他动物的肉骨粉	2	0
23011020	油渣	5	0
23011090	其他不适于供人食用的肉渣粉	5	0
23012010	饲料用鱼粉	2	0
23012090	其他不适于供人食用的水产品渣粉	5	0
23021000	玉米糠、麸及其他残渣	5	0
23023000	小麦糠、麸及其他残渣	3	0
23024000	其他谷物糠、麸及其他残渣	5	0
23025000	豆类植物糠、麸及其他残渣	5	0
23031000	制造淀粉过程中的残渣及类似品	5	0
23032000	甜菜渣、甘蔗渣及制糖过程中的其他残渣	5	0
23033000	酿造及蒸馏过程中的糟粕及残渣	5	0
23040010	提炼豆油所得的油渣饼(豆饼)	5	0
23040090	提炼豆油所得的其他固体残渣	5	0
23050000	花生饼及类似油渣	5	0
23061000	棉子油渣饼及固体残渣	5	0
23062000	亚麻子油渣饼及固体残渣	5	0
23063000	葵花子油渣饼及固体残渣	5	0
23064100	低芥子酸的油菜子油渣饼及固体残渣	5	0
23064900	油菜子油渣饼及固体残渣	5	0
23065000	椰子或干椰肉油渣饼及固体残渣	5	0
23066000	油棕果或油棕仁油渣饼及固体残渣	5	0
23069000	其他油渣饼及固体残渣	5	0
23070000	葡萄酒渣、粗酒石	5	0
23080000	动物饲料用其他植物产品	5	0
23091010	零售包装的狗食或猫食罐头	15	13.5
23091090	零售包装的其他狗食或猫食	15	13.5
23099010	制成的饲料添加剂	5	4
23099090	其他配制的动物饲料	6.5	5.2
24011010	未去梗的烤烟	10	NaN
24011090	其他未去梗的烟草	10	NaN
24012010	部分或全部去梗的烤烟	10	NaN
24012090	部分或全部去梗的其他烟草	10	NaN
24013000	烟草废料	10	NaN
24021000	烟草制的雪茄烟	25	NaN
24022000	烟草制的卷烟	25	NaN
24029000	烟草代用品制的雪茄烟及卷烟	25	NaN
24031100	本章子目注释所述的水烟料	57	NaN
24031900	其他供吸用的烟草	57	NaN
24039100	“均化”或“再造”烟草	57	NaN
24039900	其他烟草及烟草代用品的制品;烟草精汁	57	NaN
25010011	食用盐	0	0
25010019	其他盐	0	0
25010020	纯氯化钠	3	0
25010030	海水	0	0
25020000	未焙烧的黄铁矿	3	0
25030000	硫磺，但升华硫磺、沉淀硫磺及胶态硫磺除外	3	0
25041010	鳞片状天然石墨	3	2.7
25041091	球化石墨	3	0
25041099	其他粉末状天然石墨	3	0
25049000	其他天然石墨	3	0
25051000	硅砂及石英砂，不论是否着色	3	0
25059000	其他天然砂，不论是否着色	3	0
25061000	石英	3	0
25062000	石英岩，不论是否切割成矩形板、块	3	0
25070010	不论是否煅烧的高岭土	3	0
25070090	不论是否煅烧的类似土	3	0
25081000	膨润土，不论是否煅烧	3	0
25083000	耐火粘土，不论是否煅烧	3	0
25084000	其他粘土，不论是否煅烧	3	0
25085000	红柱石,蓝晶石及硅线石，不论是否煅烧	3	0
25086000	富铝红柱石	3	0
25087000	火泥及第纳斯土	3	2.7
25090000	白垩	3	0
25101010	未碾磨磷灰石	3	0
25101090	未碾磨天然磷酸钙、天然磷酸铝钙及磷酸盐白垩，磷灰石除外	3	0
25102010	已碾磨磷灰石	3	0
25102090	已碾磨天然磷酸钙、天然磷酸铝钙及磷酸盐白垩，磷灰石除外	3	0
25111000	天然硫酸钡(重晶石)	3	0
25112000	天然碳酸钡(毒重石)，不论是否煅烧	3	0
25120010	硅藻土	3	0
25120090	其他硅质化石粗粉及类似的硅质土	3	0
25131000	浮石	3	0
25132000	刚玉岩、天然刚玉砂、天然石榴石及其他天然磨料	3	0
25140000	板岩，不论是否粗加修整或切割成矩形板块	3	0
25151100	原状或粗加修整大理石及石灰华	4	0
25151200	矩形大理石及石灰华	4	0
25152000	其他石灰质碑用或建筑用石；蜡石，不论是否粗加修整或切割成矩形板块	3	0
25161100	原状或粗加修整的花岗岩	4	0
25161200	矩形或正方形的花岗岩	4	0
25162000	砂岩，不论是否粗加修整或切割成矩形板块	3	0
25169000	其他碑用或建筑用石,不论是否粗加修整或切割成矩形板块	3	0
25171000	通常做混凝土粒料、铺路、铁道路基或其他路基用的卵石、砾石及碎石,圆石子及燧石，不论是否热处理	4	0
25172000	矿渣、浮渣及类似的工业残渣	3	0
25173000	沥青碎石	3	0
25174100	大理石碎粒、碎屑及粉末，不论是否热处理	3	0
25174900	税目2515及2616所列各种石料的碎粒、碎屑及粉末，大理石的除外，不论是否热处理	3	0
25181000	未煅烧或烧结的白云石,不论是否粗加修整或切割成矩形板块	3	0
25182000	已煅烧或烧结的白云石,不论是否粗加修整或切割成矩形板块	3	0
25183000	夯混白云石	3	0
25191000	天然碳酸镁(菱镁矿)	3	0
25199010	熔凝镁氧矿	3	0
25199020	烧结镁氧矿(重烧镁)	3	0
25199030	碱烧镁(轻烧镁)	3	0
25199091	化学纯氧化镁	3	0
25199099	非纯氧化镁	3	0
25201000	生石膏；硬石膏	5	0
25202010	牙科用熟石膏，不论是否着色及带有少量促凝剂或缓凝剂	5	0
25202090	其他熟石膏，不论是否着色及带有少量促凝剂或缓凝剂	5	0
25210000	石灰石助熔剂；通常用于制造石灰或水泥的石灰石及其他钙质石	5	0
25221000	生石灰	5	0
25222000	熟石灰	5	0
25223000	水硬石灰	5	0
25231000	水泥熟料，不论是否着色	8	6.4
25232100	白水泥,不论是否人工着色	6	4.8
25232900	其他硅酸盐水泥，不论是否着色	8	6.4
25233000	矾土水泥，不论是否着色	6	4.8
25239000	其他水凝水泥，不论是否着色	8	6.4
25241000	青石棉	5	0
25249010	其他长纤维石棉	5	0
25249090	其他石棉	5	0
25251000	原状云母及劈开的云母片	5	0
25252000	云母粉	5	0
25253000	云母废料	5	0
25261010	未破碎及未研粉的天然冻石,不论是否粗加修整或切割成矩形板块	3	0
25261020	未破碎及未研粉的滑石,不论是否粗加修整或切割成矩形板块	3	0
25262010	已破碎或已研粉的天然冻石	3	0
25262020	已破碎或已研粉的天然滑石	3	0
25280010	天然硼砂及其精矿，不论是否煅烧	3	0
25280090	硼酸盐(硼砂除外)，不论是否煅烧；天然粗硼酸,含硼酸干重不超85%	5	0
25291000	长石	3	0
25292100	按重量计氟化钙含量≤97%的萤石	3	0
25292200	按重量计氟化钙含量＞97%的萤石	3	0
25293000	白榴石；霞石及霞石正长岩	5	0
25301010	未膨胀的绿泥石	5	0
25301020	未膨胀的蛭石及珍珠岩	5	0
25302000	硫镁矾矿及泻盐矿(天然硫酸镁)	3	0
25309010	矿物性药材	3	0
25309020	稀土金属矿	0	0
25309091	硅灰石	3	0
25309099	其他矿产品	3	0
26011110	平均粒径小于0.8毫米的未煅烧铁矿砂及其精矿；但焙烧黄铁矿除外	0	0
26011120	平均粒径不小于0.8毫米，但不大于6.3毫米的未煅烧铁矿砂及其精矿；但焙烧黄铁矿除外	0	0
26011190	平均粒径大于6.3毫米的未烧结铁矿砂及其精矿，但焙烧黄铁矿除外	0	0
26011200	已烧结铁矿砂及其精矿	0	0
26012000	焙烧黄铁矿	0	0
26020000	锰矿砂及其精矿,包括以干重计含锰量在20%及以上的锰铁砂及其精矿	0	0
26030000	铜矿砂及其精矿	0	0
26040000	镍矿砂及其精矿	0	0
26050000	钴矿砂及其精矿	0	0
26060000	铝矿砂及其精矿	0	0
26070000	铅矿砂及其精矿	0	0
26080000	锌矿砂及其精矿	0	0
26090000	锡矿砂及其精矿	0	0
26100000	铬矿砂及其精矿	0	0
26110000	钨矿砂及其精矿	0	0
26121000	铀矿砂及其精矿	0	0
26122000	钍矿砂及其精矿	0	0
26131000	已焙烧钼矿砂及其精矿	0	0
26139000	其他钼矿砂及其精矿	0	0
26140000	钛矿砂及其精矿	0	0
26151000	锆矿砂及其精矿	0	0
26159010	水合钽铌原料（钽铌富集物）	0	0
26159090	其他铌钽钒矿砂及其精矿	0	0
26161000	银矿砂及其精矿	0	0
26169000	其他贵金属矿砂及其精矿	0	0
26171010	生锑（锑精矿，选矿产品）	0	0
26171090	其他锑矿砂及其精矿	0	0
26179010	朱砂(辰砂)	3	0
26179090	其他矿砂及其精矿	0	0
26180010	冶炼钢铁产生的锰渣	4	0
26180090	冶炼钢铁产生的其他粒状熔渣(熔渣砂)	4	0
26190000	冶炼钢铁产生的熔渣、浮渣、氧化皮及其他废料	4	0
26201100	含硬锌的矿灰及残渣	4	0
26201900	含其他锌的矿灰及残渣	4	0
26202100	含铅汽油的淤渣及含铅抗震化合物的淤渣	4	0
26202900	其他主要含铅的矿灰及残渣	4	0
26203000	主要含铜的矿灰及残渣	4	0
26204000	主要含铝的矿灰及残渣	4	0
26206000	含砷、汞、铊及其混合物，用于提取或生产砷、汞、铊及其化合物的矿灰及残渣	4	0
26209100	含锑、铍、镉、铬及其混合物的矿灰及残渣	4	0
26209910	主要含钨的矿灰及残渣	4	0
26209990	含其他金属及化合物的矿灰及残渣	4	0
26211000	焚化城市垃圾所产生的灰、渣	4	0
26219000	其他矿渣及矿灰	4	0
27011100	未制成型的无烟煤，不论是否粉化	3	0
27011210	未制成型的炼焦烟煤，不论是否粉化	3	0
27011290	未制成型的其他烟煤，不论是否粉化	6	4.8
27011900	未制成型的其他煤，不论是否粉化	5	0
27012000	煤砖、煤球及类似用煤制固体燃料	5	0
27021000	褐煤	3	0
27022000	制成型的褐煤	3	0
27030000	泥煤(包括肥料用泥煤) 不论是否成型	5	0
27040010	煤制焦炭及半焦炭不论是否成型	5	0
27040090	甑炭	5	0
27050000	煤气、水煤气、炉煤气及类似气体，石油气及其他烃类气除外	5	0
27060000	从煤、褐煤、或泥煤蒸馏所得的焦油及矿物焦油，不论是否脱水或部分蒸馏，包括再造焦油	6	4.8
27071000	粗苯	6	4.8
27072000	粗甲苯	6	4.8
27073000	粗二甲苯	6	4.8
27074000	萘	7	5.6
27075000	其他芳烃混合物，温度在250℃时蒸馏出的芳烃含量以体积计（包括损耗）在65%及以上（以美国标准实验法D86 为准）	7	5.6
27079100	杂酚油	7	5.6
27079910	酚	7	5.6
27079990	蒸馏煤焦油所得的其他产品；芳族成分重量超过非芳族成分的类似产品	7	5.6
27081000	从煤焦油或其他矿物焦油所得的沥青	7	5.6
27082000	从煤焦油或其他矿物焦油所得的沥青焦	6	4.8
27090000	石油原油及从沥青矿物提取的原油	0	0
27101210	车用汽油及航空汽油	5	0
27101220	石脑油	6	4.8
27101230	橡胶溶剂油、油漆溶剂油、抽提溶剂油	6	4.8
27101291	壬烯	9	7.2
27101299	其他轻油馏分产品	9	7.2
27101911	航空煤油	9	7.2
27101912	灯用煤油	9	7.2
27101919	其他煤油馏分产品	6	4.8
27101922	5-7号燃料油	6	4.8
27101923	柴油	6	4.8
27101929	其他柴油及其他燃料油	6	4.8
27101991	润滑油	6	4.8
27101992	润滑脂	6	4.8
27101993	润滑油基础油	6	4.8
27101994	液体石蜡和重质液体石蜡	6	4.8
27101999	其他重油及重油制品	6	4.8
27102000	石油及从沥青矿物提取的油类以及以上述油为基本成分（按重量计不低于70％）的其他税目未列名制品，含有生物柴油，但废油除外	5	0
27109100	含多氯联苯(PCBs)、多氯三联苯(PCTs)或多溴联苯(PBBs)的废油	6	4.8
27109900	其他废油	6	4.8
27111100	液化天然气	0	0
27111200	液化丙烷	5	0
27111310	直接灌注香烟打火机及类似打火器用，其包装容器的容积超过300立方厘米的液化丁烷	11	9.9
27111390	其他液化丁烷	5	0
27111400	液化的乙烯、丙烯、丁烯及丁二烯	5	0
27111910	直接灌注香烟打火机及类似打火器用，其包装容器的容积超过300立方厘米的其他液化燃料	10	8
27111990	其他液化石油气及烃类气	3	0
27112100	气态天然气	0	0
27112900	其他气态石油气及烃类气	6	4.8
27121000	凡士林	8	6.4
27122000	石蜡,不论是否着色，按重量计含油小于0.75%	8	6.4
27129010	微晶石蜡,不论是否着色	8	6.4
27129090	其他矿物蜡及用合成或其他方法制得的类似产品,不论是否着色	8	6.4
27131110	硫的重量百分比小于3％的未煅烧石油焦	3	0
27131190	未煅烧石油焦	3	0
27131210	硫的重量百分比小于0.8％的已煅烧石油焦	3	0
27131290	已煅烧石油焦	3	0
27132000	石油沥青	8	6.4
27139000	其他石油或从沥青矿物提取油类的残渣	6	4.8
27141000	沥青页岩、油页岩及焦油砂	6	4.8
27149010	天然沥青(地沥青)	8	6.4
27149020	乳化沥青	0	0
27149090	沥青岩	3	0
27150000	以天然沥青（地沥青）、石油沥青、矿物焦油或矿物焦油沥青为基本成分的沥青混合物	8	6.4
27160000	电力	0	0
28011000	氯	5.5	4.4
28012000	碘	5.5	4.4
28013010	氟	5.5	4.4
28013020	溴	5.5	4.4
28020000	升华、沉淀、胶态硫磺	5.5	4.4
28030000	碳（碳黑及其他税号未列名的其他形状的碳）	5.5	4.4
28041000	氢	5.5	4.4
28042100	氩	5.5	4.4
28042900	其他稀有气体	5.5	4.4
28043000	氮	5.5	4.4
28044000	氧	5.5	4.4
28045000	硼、碲	5.5	4.4
28046117	电子工业用直径≥30cm单晶硅棒	4	0
28046119	电子工业用7.5≤直径<30cm单晶硅棒	4	0
28046120	电子工业用直径＜7.5cm单晶硅棒	4	0
28046190	其他含硅量≥99.99%的硅	4	3.2
28046900	其他含硅量＜99.99%的硅	4	0
28047010	黄磷(白磷)	5.5	4.4
28047090	其他磷	5.5	4.4
28048000	砷	5.5	4.4
28049010	经掺杂用于电子工业的硒晶体棒	4	0
28049090	其他硒	5.5	4.4
28051100	钠	5.5	4.4
28051200	钙	5.5	4.4
28051900	其他碱金属及碱土金属	5.5	4.4
28053011	钕	5.5	4.4
28053012	镝	5.5	4.4
28053013	铽	5.5	4.4
28053014	镧	5.5	4.4
28053015	铈	5.5	4.4
28053016	镨	5.5	4.4
28053017	钇	5.5	4.4
28053019	其他未相互混合或熔合的稀土金属、钪及钇	5.5	4.4
28053021	已相互混合或熔合的稀土金属、钪及钇，电池级	5.5	4.4
28053029	其他已相互混合或熔合的稀土金属、钪及钇	5.5	4.4
28054000	汞	5.5	4.4
28061000	氯化氢(盐酸)	5.5	4.4
28062000	氯磺酸	5.5	4.4
28070000	硫酸、发烟硫酸	5.5	4.4
28080000	硝酸及磺硝酸	5.5	4.4
28091000	五氧化二磷	1	0
28092011	食品级磷酸	1	0
28092019	其他磷酸及偏磷酸、焦磷酸	1	0
28092090	其他多磷酸	5.5	4.4
28100010	硼的氧化物	5.5	4.4
28100020	硼酸	5.5	4.4
28111100	氟化氢(氢氟酸)	5.5	4.4
28111910	氢氰酸	5.5	4.4
28111920	硒化氢	5.5	4.4
28111990	其他无机酸	5.5	4.4
28112100	二氧化碳	5.5	4.4
28112210	硅胶	5.5	4.4
28112290	其他二氧化硅	5.5	4.4
28112900	其他非金属无机氧化物	5.5	4.4
28121010	氯化亚砜	5.5	4.4
28121020	氧氯化磷(磷酰氯;三氯氧磷)	5.5	4.4
28121030	碳酰二氯(光气)	5.5	4.4
28121041	一氯化硫(氯化硫)	5.5	4.4
28121042	二氯化硫	5.5	4.4
28121043	三氯化磷	5.5	4.4
28121044	三氯化砷	5.5	4.4
28121045	五氯化磷	5.5	4.4
28121049	其他非金属氯化物	5.5	4.4
28121090	其他非金属氯化物及氯氧化物	5.5	4.4
28129011	三氟化氮	5.5	4.4
28129019	其他氟化物及氟氧化物	5.5	4.4
28129090	其他非金属卤化物及卤氧化物	5.5	4.4
28131000	二硫化碳	5.5	4.4
28139000	其他非金属硫化物,商品三硫化二磷	5.5	4.4
28141000	氨	5.5	4.4
28142000	氨水	5.5	4.4
28151100	固体氢氧化钠	10	8
28151200	氢氧化钠水溶液及液体烧碱	8	6.4
28152000	氢氧化钾(苛性钾)	5.5	4.4
28153000	过氧化钠及过氧化钾	5.5	4.4
28161000	氢氧化镁及过氧化镁	5.5	4.4
28164000	锶或钡的氧化物、氢氧化物及过氧化物	5.5	4.4
28170010	氧化锌	5.5	4.4
28170090	过氧化锌	5.5	4.4
28181010	棕刚玉	5.5	4.4
28181090	其他人造刚玉，不论是否已有化学定义	5.5	4.4
28182000	氧化铝，但人造刚玉除外	8	6.4
28183000	氢氧化铝	5.5	4.4
28191000	三氧化铬	5.5	4.4
28199000	其他铬的氧化物及氢氧化物	5.5	4.4
28201000	二氧化锰	5.5	4.4
28209000	其他锰的氧化物	5.5	4.4
28211000	铁的氧化物及氢氧化物	5.5	4.4
28212000	土色料	5.5	4.4
28220010	四氧化三钴	5.5	4.4
28220090	其他钴的氧化物及氢氧化物；商品氧化钴	5.5	4.4
28230000	钛的氧化物	5.5	4.4
28241000	一氧化铅(铅黄、黄丹)	5.5	4.4
28249010	铅丹及铅橙	5.5	4.4
28249090	其他铅的氧化物	5.5	4.4
28251010	水合肼	5.5	4.4
28251020	硫酸羟胺	5.5	4.4
28251090	其他肼、胲及其无机盐	5.5	4.4
28252010	氢氧化锂	5.5	4.4
28252090	锂的氧化物	5.5	4.4
28253010	五氧化二钒	5.5	4.4
28253090	其他钒的氧化物及氢氧化物	5.5	4.4
28254000	镍的氧化物及氢氧化物	5.5	4.4
28255000	铜的氧化物及氢氧化物	5.5	4.4
28256000	锗的氧化物及二氧化锆	5.5	4.4
28257000	钼的氧化物及氢氧化物	5.5	4.4
28258000	锑的氧化物	5.5	4.4
28259011	钨酸	5.5	4.4
28259012	三氧化钨	5.5	4.4
28259019	其他钨的氧化物及氢氧化物	5.5	4.4
28259021	三氧化二铋	5.5	4.4
28259029	其他铋的氧化物及氢氧化物	5.5	4.4
28259031	二氧化锡	5.5	4.4
28259039	其他锡的氧化物及氢氧化物	5.5	4.4
28259041	一氧化铌	5.5	4.4
28259049	其他铌的氧化物及氢氧化物	5.5	4.4
28259090	其他无机碱；其他金属的氧化物及氢氧化物及过氧化物	5.5	4.4
28261210	无水氟化铝	5.5	4.4
28261290	其他氟化铝	5.5	4.4
28261910	铵的氟化物	5.5	4.4
28261920	钠的氟化物	5.5	4.4
28261990	其他氟化物	5.5	4.4
28263000	六氟铝酸钠(人造冰晶石)	5.5	4.4
28269010	氟硅酸盐	5.5	4.4
28269090	氟铝酸盐及其他氟络盐	5.5	4.4
28271010	肥料用氯化铵	4	0
28271090	非肥料用氯化铵	5.5	4.4
28272000	氯化钙	5.5	4.4
28273100	氯化镁	5.5	4.4
28273200	氯化铝	5.5	4.4
28273500	氯化镍	5.5	4.4
28273910	氯化锂	5.5	4.4
28273920	氯化钡	5.5	NaN
28273930	氯化钴	5.5	4.4
28273990	其他未列名氯化物	5.5	4.4
28274100	铜的氯氧化物及氢氧基氯化物	5.5	4.4
28274910	锆的氯氧化物及氢氧基氯化物	5.5	4.4
28274990	其他氯氧化物及氢氧基氯化物	5.5	4.4
28275100	溴化钠及溴化钾	5.5	4.4
28275900	其他溴化物及溴氧化物	5.5	4.4
28276000	碘化物及碘氧化物	5.5	4.4
28281000	商品次氯酸钙及其他钙的次氯酸盐	12	10.8
28289000	次氯酸盐；亚氯酸盐及次溴酸盐	5.5	4.4
28291100	氯酸钠	12	10.8
28291910	氯酸钾(洋硝)	5.5	4.4
28291990	其他氯酸盐	5.5	4.4
28299000	高氯酸盐；溴酸盐及过溴酸盐；碘酸盐及高碘酸盐	5.5	4.4
28301010	硫化钠	5.5	4.4
28301090	其他钠的硫化物	5.5	4.4
28309020	硫化锑	5.5	4.4
28309030	硫化钴	5.5	4.4
28309090	其他硫化物、多硫化物	5.5	4.4
28311010	钠的连二硫酸盐	5.5	4.4
28311020	钠的次硫酸盐	5.5	4.4
28319000	其他连二亚硫酸盐及次硫酸盐	5.5	4.4
28321000	钠的亚硫酸盐	5.5	4.4
28322000	其他亚硫酸盐	5.5	4.4
28323000	硫代硫酸盐	5.5	4.4
28331100	硫酸钠	5.5	4.95
28331900	钠的其他硫酸盐	5.5	4.4
28332100	硫酸镁	5.5	4.4
28332200	硫酸铝	5.5	4.4
28332400	镍的硫酸盐	5.5	4.4
28332500	铜的硫酸盐	5.5	4.4
28332700	硫酸钡	5.5	4.4
28332910	硫酸亚铁	5.5	4.4
28332920	铬的硫酸盐	5.5	4.4
28332930	硫酸锌	5.5	4.4
28332990	其他硫酸盐	5.5	4.95
28333010	钾铝矾	5.5	4.4
28333090	其他矾	5.5	4.4
28334000	过硫酸盐	5.5	4.4
28341000	亚硝酸盐	5.5	4.4
28342110	肥料用硝酸钾	4	0
28342190	非肥料用硝酸钾	5.5	4.4
28342910	硝酸钴	5.5	4.4
28342990	其他硝酸盐	5.5	4.4
28351000	次磷酸盐及亚磷酸盐	5.5	4.4
28352200	磷酸一钠及磷酸二钠	5.5	4.4
28352400	钾的磷酸盐	5.5	4.4
28352510	饲料级的正磷酸氢钙（磷酸二钙）	5.5	4.4
28352520	食品级的正磷酸氢钙（磷酸二钙）	5.5	4.4
28352590	其他正磷酸氢钙（磷酸二钙）	5.5	4.51
28352600	其他磷酸钙	5.5	4.4
28352910	磷酸三钠	5.5	4.4
28352990	其他磷酸盐	5.5	4.4
28353110	食品级的三磷酸钠（三聚磷酸钠）	5.5	4.4
28353190	其他三磷酸钠（三聚磷酸钠）	5.5	4.4
28353911	食品级的六偏磷酸钠	5.5	4.4
28353919	其他六偏磷酸钠	5.5	4.4
28353990	其他多磷酸盐	5.5	4.4
28362000	碳酸钠(纯碱)	5.5	4.4
28363000	碳酸氢钠(小苏打)	5.5	4.4
28364000	钾的碳酸盐	5.5	4.4
28365000	碳酸钙	5.5	4.4
28366000	碳酸钡	5.5	4.4
28369100	锂的碳酸盐	5.5	4.4
28369200	锶的碳酸盐	5.5	4.4
28369910	碳酸镁	5.5	4.4
28369930	碳酸钴	5.5	4.4
28369940	商品碳酸铵及其他铵的碳酸盐	5.5	4.4
28369950	碳酸锆	5.5	4.4
28369990	其他碳酸盐；过碳酸盐	5.5	4.4
28371110	氰化钠	5.5	4.4
28371120	氧氰化钠	5.5	4.4
28371910	氰化钾	5.5	4.4
28371990	其他氰化物及氧氰化物	5.5	4.4
28372000	氰络合物	5.5	4.4
28391100	偏硅酸钠	5.5	4.4
28391910	硅酸钠	5.5	4.4
28391990	其他钠的硅酸盐;商品硅酸钠	5.5	4.4
28399000	其他硅酸盐;商品碱金属硅酸盐	5.5	4.95
28401100	无水四硼酸钠	5.5	4.4
28401900	其他四硼酸钠	5.5	4.4
28402000	其他硼酸盐	5.5	4.4
28403000	过硼酸盐	5.5	4.4
28413000	重铬酸钠	5.5	4.4
28415000	其他铬酸盐及重铬酸盐；过铬酸盐	5.5	4.4
28416100	高锰酸钾	5.5	4.4
28416910	锰酸锂	5.5	4.4
28416990	其他亚锰酸盐、锰酸盐及高锰酸盐	5.5	4.4
28417010	钼酸铵	5.5	4.4
28417090	其他钼酸盐	5.5	4.4
28418010	仲钨酸铵	5.5	4.4
28418020	钨酸钠	5.5	4.4
28418030	钨酸钙	5.5	4.4
28418040	偏钨酸铵	5.5	4.4
28418090	其他钨酸盐	5.5	4.4
28419000	其他金属酸盐及过金属酸盐	5.5	4.4
28421000	硅酸复盐及硅酸络盐（包括不论是否已有化学定义的硅铝酸盐）	5.5	4.51
28429011	硫氰酸钠	5.5	4.4
28429019	其他雷酸盐、氰酸盐及硫氰酸盐	5.5	4.4
28429020	碲化镉	5.5	4.4
28429030	锂镍钴锰氧化物	5.5	4.4
28429040	磷酸铁锂	5.5	4.4
28429050	硒酸盐及亚硒酸盐	5.5	4.4
28429090	其他无机酸盐及过氧酸盐，叠氮化物除外	5.5	4.4
28431000	胶态贵金属	5.5	4.4
28432100	硝酸银	5.5	4.4
28432900	其他银化合物, 不论是否已有化学定义	5.5	4.4
28433000	金化合物，不论是否已有化学定义	5.5	4.4
28439000	其他贵金属化合物，不论是否已有化学定义；贵金属汞齐	5.5	NaN
28441000	天然铀及其化合物（包括其合金，分散体，陶瓷产品及混合物）	5.5	4.4
28442000	U235浓缩铀、钚及它们的化合物（包括其合金，分散体，陶瓷产品及混合物）	5.5	4.4
28443000	U235贫化铀、钍及它们的化合物（包括其合金，分散体，陶瓷产品及混合物）	5.5	4.4
28444010	镭及镭盐（包括其合金，分散体，陶瓷产品及混合物）	4	0
28444020	放射性钴及放射性钴盐（包括其合金，分散体，陶瓷产品及混合物）	4	0
28444090	其他放射性元素同位素及其化合物（包括其合金，分散体，陶瓷产品及混合物）；放射性残渣	5.5	4.4
28445000	核反应堆已耗尽的燃料元件	5.5	4.4
28451000	重水(氧化氘)	5.5	4.4
28459000	其他同位素及其化合物,不论是否已有化学定义	5.5	4.4
28461010	氧化铈	5.5	4.4
28461020	氢氧化铈	5.5	4.4
28461030	碳酸铈	5.5	4.4
28461090	铈的其他化合物	5.5	4.4
28469011	氧化钇	5.5	4.4
28469012	氧化镧	5.5	4.4
28469013	氧化钕	5.5	4.4
28469014	氧化铕	5.5	4.4
28469015	氧化镝	5.5	4.4
28469016	氧化铽	5.5	4.4
28469017	氧化镨	5.5	4.4
28469019	其他氧化稀土	5.5	4.4
28469021	氯化铽	5.5	4.4
28469022	氯化镝	5.5	4.4
28469023	氯化镧	5.5	4.4
28469024	氯化钕	5.5	4.4
28469025	氯化镨	5.5	4.4
28469026	氯化钇	5.5	4.4
28469028	混合氯化稀土	5.5	4.4
28469029	未混合氯化稀土	5.5	4.4
28469031	氟化铽	5.5	4.4
28469032	氟化镝	5.5	4.4
28469033	氟化镧	5.5	4.4
28469034	氟化钕	5.5	4.4
28469035	氟化镨	5.5	4.4
28469036	氟化钇	5.5	4.4
28469039	其他氟化稀土	5.5	4.4
28469041	碳酸镧	5.5	4.4
28469042	碳酸铽	5.5	4.4
28469043	碳酸镝	5.5	4.4
28469044	碳酸钕	5.5	4.4
28469045	碳酸镨	5.5	4.4
28469046	碳酸钇	5.5	4.4
28469048	混合碳酸稀土	5.5	4.4
28469049	未混合碳酸稀土	5.5	4.4
28469091	镧的其他化合物	5.5	4.4
28469092	钕的其他化合物	5.5	4.4
28469093	铽的其他化合物	5.5	4.4
28469094	镝的其他化合物	5.5	4.4
28469095	镨的其他化合物	5.5	4.4
28469096	钇的其他化合物	5.5	4.4
28469099	稀土金属、钇、钪的其他化合物	5.5	4.4
28470000	过氧化氢 (不论是否用尿素固化)	5.5	4.4
28480000	磷化物, 不论是否已有化学定义,，但不包括磷铁	5.5	4.4
28491000	碳化钙, 不论是否已有化学定义,	5.5	4.4
28492000	碳化硅, 不论是否已有化学定义,	5.5	4.4
28499010	碳化硼, 不论是否已有化学定义,	5.5	4.4
28499020	碳化钨, 不论是否已有化学定义,	5.5	4.4
28499090	其他碳化物, 不论是否已有化学定义,	5.5	4.4
28500011	氮化锰	5.5	4.4
28500019	其他氮化物	5.5	4.4
28500090	氢化物、迭氮化物、硅化物及硼化物，不论是否已有化学定义，但可归入税号28.49的碳化物除外:	5.5	4.4
28521000	汞的有机或无机化合物，汞齐除外	5.5	4.4
28529000	无化学定义的汞化合物	5.5	4.4
28530010	饮用蒸馏水	5.5	4.4
28530020	氯化氰	5.5	4.4
28530030	镍钴锰氢氧化物	5.5	4.4
28530090	其他无机化合物、液态空气、压缩空气，汞齐，但贵金属汞齐除外	5.5	4.4
29011000	饱和无环烃	2	0
29012100	乙烯	2	0
29012200	丙烯	2	0
29012310	1-丁烯	2	0
29012320	2-丁烯	2	0
29012330	2-甲基丙稀	2	0
29012410	1,3-丁二烯	2	0
29012420	异戊二烯	2	0
29012910	异戊烯	2	0
29012920	乙炔	2	0
29012990	其他不饱和无环烃	2	0
29021100	环己烷	2	0
29021910	蒎烯	2	0
29021920	---4-烷基-4'-烷基双环己烷	2	0
29021990	其他环烷烃、环烯及环萜烯	2	0
29022000	苯	2	0
29023000	甲苯	2	0
29024100	邻二甲苯	2	0
29024200	间二甲苯	2	0
29024300	对二甲苯	2	1.8
29024400	混合二甲苯异构体	2	0
29025000	苯乙烯	2	1.8
29026000	乙苯	2	0
29027000	异丙基苯	2	0
29029010	四氢萘	2	0
29029020	精萘	2	0
29029030	十二烷基苯	2	0
29029040	4-(4'-烷基环己基)环己基乙烯	2	0
29029090	其他芳香烃	2	0
29031100	一氯甲烷及氯乙烷	5.5	4.4
29031200	二氯甲烷	8	6.4
29031300	氯仿(三氯甲烷)	10	8
29031400	四氯化碳	8	6.4
29031500	1,2-二氯乙烷（ISO）	5.5	4.4
29031910	1,1,1-三氯乙烷(甲基氯仿)	8	6.4
29031990	其他无环烃的饱和氯化衍生物	5.5	4.4
29032100	氯乙烯	5.5	4.4
29032200	三氯乙烯	8	6.4
29032300	四氯乙烯	5.5	4.4
29032910	3-氯-1-丙稀（氯丙稀）	5.5	4.4
29032990	其他无环烃的不饱和氯化衍生物	5.5	4.4
29033100	1，2－二溴乙烷（ISO）	5.5	4.4
29033910	全氟异丁烯(八氟异丁烯)	5.5	4.4
29033990	其他无环烃的氟化、溴化或碘化衍生物	5.5	4.4
29037100	一氯二氟甲烷	5.5	4.4
29037200	二氯三氟乙烷	5.5	4.4
29037300	二氯一氟乙烷	5.5	4.4
29037400	一氯二氟乙烷	5.5	4.4
29037500	二氯五氟丙烷	5.5	4.4
29037600	溴氯二氟甲烷、溴三氟甲烷及二溴四氟乙烷	5.5	4.4
29037710	三氯氟甲烷	5.5	4.4
29037720	其他仅含氟和氯的甲烷、乙烷及丙烷的全卤化物	5.5	4.4
29037790	其他仅含氟氯的无环烃全卤化衍生物	5.5	4.4
29037800	其他无环烃全卤化衍生物	5.5	4.4
29037910	其他仅含氟和氯的甲烷、乙烷及丙烷的卤化衍生物	5.5	4.4
29037990	其他含有两种或两种以上不同卤素的无环烃卤化衍生物	5.5	4.4
29038100	1,2,3,4,5,6-六氯环己烷[六六六（ISO）],包括林丹（ISO，INN）	5.5	4.4
29038200	艾氏剂（ISO）、氯丹（ISO）及七氯（ISO）	5.5	4.4
29038900	其他环烷烃或环烯烃等卤化衍生物	5.5	4.4
29039110	邻二氯苯	5.5	4.4
29039190	氯苯及对二氯苯	5.5	4.4
29039200	六氯苯（ISO）及滴滴涕（ISO，INN）	5.5	4.4
29039910	对氯甲苯	5.5	4.4
29039920	3,4-二氯三氟甲苯	5.5	4.4
29039930	4-(4'-烷基苯基)-1-(4'-烷基苯基）-2-氟苯	5.5	4.4
29039990	其他芳烃卤化衍生物	5.5	4.4
29041000	仅含磺基的衍生物及其盐和乙酯	5.5	4.4
29042010	硝基苯	5.5	4.4
29042020	硝基甲苯	5.5	4.4
29042030	二硝基甲苯	5.5	4.4
29042040	三硝基甲苯(TNT)	5.5	4.4
29042090	其他仅含硝基或亚硝基衍生物	5.5	4.4
29049011	邻硝基氯化苯	5.5	4.4
29049012	间硝基氯化苯	5.5	4.4
29049013	对硝基氯化苯	5.5	4.4
29049020	二硝基氯化苯	5.5	4.4
29049030	三氯硝基甲烷(氯化苦;硝基氯仿)	5.5	4.4
29049090	其他烃的磺化、硝化、亚硝化衍生物,不论是否卤化	5.5	4.4
29051100	甲醇	5.5	4.4
29051210	丙醇	5.5	4.4
29051220	异丙醇	5.5	4.4
29051300	正丁醇	5.5	4.4
29051410	异丁醇	5.5	4.4
29051420	仲丁醇	5.5	4.4
29051430	叔丁醇	5.5	4.4
29051610	正辛醇	5.5	4.4
29051690	其他辛醇	5.5	4.4
29051700	十二醇、十六醇及十八醇	7	5.6
29051910	3,3-二甲基丁-2- 醇(频哪基醇)	5.5	4.4
29051990	其他饱和一元醇	5.5	4.95
29052210	香叶醇、 橙花醇	5.5	4.4
29052220	香茅醇	5.5	4.4
29052230	芳樟醇	5.5	NaN
29052290	其他无环萜烯醇	5.5	4.51
29052900	其他不饱和一元醇(无环萜烯醇除外)	5.5	4.4
29053100	1,2-乙二醇	5.5	NaN
29053200	丙二醇	5.5	4.4
29053910	2,5-二甲基己二醇	4	0
29053990	其他二元醇	5.5	4.4
29054100	三羟甲基丙烷	5.5	4.4
29054200	季戊四醇	5.5	4.4
29054300	甘露糖醇	8	6.4
29054400	山梨醇	14	12.6
29054500	丙三醇(甘油)	14	12.6
29054910	木糖醇	5.5	4.4
29054990	其他多元醇	5.5	4.4
29055100	乙氯维诺	5.5	4.4
29055900	无环醇的卤化、磺化、硝化、或亚硝化的衍生物(乙氯维诺除外)	5.5	4.4
29061100	薄荷醇	5	0
29061200	环己醇、甲基环己醇、二甲基环己醇	5.5	4.4
29061310	固醇	5.5	4.4
29061320	肌醇	5.5	4.4
29061910	萜品醇	5.5	4.4
29061990	其他环烷醇、环烯醇及环萜烯醇	5.5	NaN
29062100	苄醇	5	0
29062910	2-苯基乙醇	5.5	4.4
29062990	其他芳香醇及它们的衍生物	5.5	4.51
29071110	苯酚	5.5	4.4
29071190	苯酚的盐	5.5	4.95
29071211	间甲酚	5.5	4.4
29071212	邻甲酚	5.5	4.4
29071219	其他甲酚（对甲酚）	5.5	4.4
29071290	甲酚的盐	5.5	4.4
29071310	壬基酚	5.5	4.4
29071390	辛基酚及其异构体的盐和壬基酚盐	5.5	4.4
29071510	β-萘酚(2-萘酚)	5.5	4.4
29071590	其他萘酚及其盐	5.5	4.4
29071910	邻仲丁基酚、邻异丙基酚	4	3.6
29071990	其他一元酚	5.5	4.95
29072100	间苯二酚及其盐	5.5	4.4
29072210	对苯二酚	5.5	4.4
29072290	对苯二酚的盐	5.5	4.4
29072300	4,4'-异亚丙基联苯酚（双酚A）及其盐	5.5	4.4
29072910	邻苯二酚	4	0
29072990	其他多元酚；酚醇	5.5	4.4
29081100	五氯苯酚（ISO）	5.5	4.4
29081910	对氯苯酚	4	0
29081990	其他仅含卤素取代基的酚及酚醇衍生物及其盐	5.5	4.4
29089100	地乐酚（ISO）及其盐	5.5	4.4
29089200	4,6—二硝基邻甲酚〔二硝酚（ISO）〕及其盐	5.5	4.4
29089910	对硝基酚、对硝基酚钠	5.5	4.4
29089990	其他酚及酚醇的卤化、磺化、硝化、或亚硝化的等衍生物	5.5	4.4
29091100	乙醚	5.5	4.4
29091910	甲醚	5.5	4.4
29091990	其他无环醚及其卤化、磺化、硝化或亚硝化衍生物:	5.5	4.4
29092000	环烷醚、环烯醚或环萜烯醚及其卤化、磺化、硝化或亚硝化衍生物	5.5	4.4
29093010	---1-烷氧基-4-（4-乙烯基环己基）-2，3-二氟苯	5.5	4.4
29093090	其他芳香醚及其卤化、磺化、硝化或亚硝化衍生物	5.5	4.4
29094100	2,2'-氧联二乙醇(二甘醇)	5.5	4.4
29094300	乙二醇或二甘醇的单丁醚	5.5	4.4
29094400	乙二醇或二甘醇的其他单烷基醚	5.5	4.4
29094910	间苯氧基苄醇	4	0
29094990	其他醚醇及其卤化、磺化、硝化、或亚硝化的衍生物	5.5	4.4
29095000	醚酚、醚醇酚及其卤化、磺化、硝化、或亚硝化的衍生物	5.5	4.4
29096000	过氧化醇、过氧化醚、过氧化酮及其卤化、磺化、硝化、或亚硝化的衍生物	5.5	4.4
29101000	环氧乙烷(氧化乙烯)	5.5	4.4
29102000	甲基环氧乙烷(氧化丙烯)	5.5	4.4
29103000	1-氯-2,3-环氧丙烷(表氯醇)	5.5	4.4
29104000	狄氏剂（ISO，INN）	5.5	4.4
29109000	三节环环氧化物，环氧醇(酚、醚)及其卤化、磺化、硝化、或亚硝化的衍生物	5.5	4.51
29110000	缩醛、半缩醛，不论是否含有其它含氧基，及其卤化、磺化、硝化、或亚硝化的衍生物	5.5	4.51
29121100	甲醛	5.5	4.4
29121200	乙醛	5.5	4.4
29121900	其他无环醛（不含其他含氧基）	5.5	4.95
29122100	苯甲醛	5.5	4.4
29122910	铃兰醛(对叔丁基-α-甲基-氧化肉桂醛)	5.5	4.4
29122990	其他环醛（不含其他含氧基）	5.5	4.51
29124100	香草醛(3-甲氧基-4-羟基苯甲醛)	5.5	4.4
29124200	乙基香草醛	5.5	4.4
29124910	醛醇	5.5	4.4
29124990	其他醛醚、醛酚、其他含氧基的醛	5.5	4.4
29125000	环聚醛	5.5	NaN
29126000	多聚甲醛	5.5	4.4
29130000	税目2912所列产品的卤化、磺化、硝化、或亚硝化的衍生物	5.5	4.4
29141100	丙酮	5.5	4.4
29141200	丁酮	5.5	4.4
29141300	4-甲基-2-戊酮	5.5	4.4
29141900	其他不含其他含氧基的无环酮	5.5	4.4
29142200	环己酮及甲基环己酮	5.5	4.4
29142300	芷香酮及甲基芷香酮	5.5	NaN
29142910	樟脑	5.5	4.4
29142990	其他不含含氧基环烷酮、环烯酮或环萜烯酮	5.5	NaN
29143100	苯丙酮(苯基丙-2-酮)	5.5	4.4
29143910	苯乙酮	4	0
29143990	其他不含其他含氧基的芳香酮	5.5	4.95
29144000	酮醇及酮醛	5.5	4.95
29145011	覆盆子酮	5.5	4.4
29145019	其他酮酚	5.5	4.95
29145020	2-羟基-4-甲氧基二苯甲酮	5.5	4.4
29145090	酮酚及含其他含氧基酮	5.5	4.4
29146100	蒽醌	5.5	4.4
29146910	辅酶Q10	5.5	4.4
29146990	其他醌，不论是否含有其他含氧基，及其卤化、磺化、硝化或亚硝化衍生物	5.5	4.4
29147000	其他酮及醌的卤化、磺化、硝化、或亚硝化的衍生物	5.5	NaN
29151100	甲酸	5.5	4.4
29151200	甲酸盐	5.5	4.4
29151300	甲酸酯	5.5	4.4
29152111	食品级冰乙酸	5.5	4.4
29152119	其他冰乙酸(冰醋酸)	5.5	4.4
29152190	其他乙酸	5.5	4.4
29152400	乙酸酐	5.5	4.4
29152910	乙酸钠	5.5	4.4
29152990	其他乙酸盐	5.5	4.4
29153100	乙酸乙酯	5.5	4.4
29153200	乙酸乙烯酯	5.5	4.4
29153300	乙酸正丁酯	5.5	4.4
29153600	地乐酚（ISO）乙酸酯	5.5	4.4
29153900	其他乙酸酯	5.5	4.95
29154000	一、二、三氯代乙酸及其盐和酯	5.5	4.4
29155010	丙酸	5.5	4.4
29155090	丙酸盐和酯	5.5	4.4
29156000	丁酸、戊酸及其盐和酯	5.5	4.4
29157010	硬脂酸	7	5.6
29157090	棕榈酸及其盐和酯、硬脂酸盐、酯	5.5	4.4
29159000	其他饱和无环一元羧酸及其酸酐	5.5	4.95
29161100	丙烯酸及其盐	6.5	5.2
29161210	丙烯酸甲酯	6.5	5.33
29161220	丙烯酸乙酯	6.5	5.2
29161230	丙烯酸丁酯	6.5	5.2
29161240	丙烯酸异辛酯	6.5	5.2
29161290	其他丙烯酸酯	6.5	5.2
29161300	甲基丙烯酸及其盐	6.5	5.2
29161400	甲基丙烯酸酯	6.5	5.2
29161500	油酸、亚油酸或亚麻酸及其盐和酯	6.5	5.2
29161600	乐杀螨（ISO）	6.5	5.2
29161900	其他不饱和无环一元羧酸（包括其酸酐，酰卤化物，过氧化物和过氧酸及它们的衍生物）	6.5	NaN
29162010	DV菊酸甲酯、二溴菊酸	4	0
29162090	其他(环烷、环烯、环萜烯)一元羧酸（包括其酸酐，酰卤化物，过氧化物和过氧酸及它们的衍生物）	6.5	5.33
29163100	苯甲酸及其盐和酯	6.5	NaN
29163200	过氧化苯甲酰及苯甲酰氯	6.5	5.2
29163400	苯乙酸及其盐	6.5	NaN
29163910	邻甲基苯甲酸	6.5	5.2
29163920	布洛芬	6.5	5.2
29163990	其他芳香一元羧酸（包括其酸酐，酰卤化物，过氧化物和过氧酸及它们的衍生物）	6.5	5.33
29171110	草酸	6.5	5.2
29171120	草酸钴	9	7.2
29171190	其他草酸盐和酯	6.5	5.2
29171200	己二酸及其盐和酯	6.5	5.2
29171310	癸二酸及其盐和酯	6.5	5.2
29171390	壬二酸及其盐和酯	6.5	5.2
29171400	马来酐	6.5	5.2
29171900	其他无环多元羧酸（包括其酸酐，酰卤化物，过氧化物和过氧酸及它们的衍生物）	6.5	5.2
29172010	四氢苯酐	4	0
29172090	其他(环烷、环烯、环萜烯)多元羧酸（包括其酸酐，酰卤化物，过氧化物和过氧酸及它们的衍生物）	6.5	5.2
29173200	邻苯二甲酸二辛酯	6.5	5.2
29173300	邻苯二甲酸二壬酯,邻苯二甲酸二癸酯	6.5	5.2
29173410	邻苯二甲酸二丁酯	6.5	5.2
29173490	其他邻苯二甲酸酯	6.5	5.2
29173500	邻苯二甲酸酐(苯酐)	6.5	5.2
29173611	精对苯二甲酸	6.5	5.33
29173619	其他对苯二甲酸	6.5	5.33
29173690	对苯二甲酸盐	6.5	5.2
29173700	对苯二甲酸二甲酯	6.5	5.2
29173910	间苯二甲酸	6.5	5.2
29173990	其他芳香多元羧酸（包括其酸酐，酰卤化物，过氧化物和过氧酸及它们的衍生物）	6.5	5.2
29181100	乳酸及其盐和酯	6.5	5.2
29181200	酒石酸	6.5	5.2
29181300	酒石酸盐及酒石酸酯	6.5	5.2
29181400	柠檬酸	6.5	5.2
29181500	柠檬酸盐及柠檬酸酯	6.5	5.2
29181600	葡糖酸及其盐和酯	6.5	5.2
29181800	乙酯杀螨醇（ISO）	6.5	5.2
29181910	2,2-二苯基-2-羟基乙酸	6.5	5.2
29181990	其他含醇基但不含其他含氧基的羧酸（包括其酸酐，酰卤化物，过氧化物和过氧酸及它们的衍生物）	6.5	5.2
29182110	水杨酸、水杨酸钠	6.5	5.33
29182190	其他水杨酸盐	6.5	5.2
29182210	邻乙酰水杨酸(阿斯匹林)	6	4.8
29182290	邻乙酰水杨酸盐和酯	6.5	5.2
29182300	水杨酸其他酯及其盐	6.5	NaN
29182900	其他含酚基但不含其他含氧基羧酸及其酸酐（酰卤化物，过氧化物和过氧酸及它们的衍生物）	6.5	5.2
29183000	含醛基或酮基不含其他含氧基羧酸及其酸酐（酰卤化物，过氧化物和过氧酸及它们的衍生物）	6.5	5.33
29189100	2，4，5－滴（ISO）（2，4，5－三氯苯氧基乙酸）及其盐或酯	6.5	5.2
29189900	其他含其他附加含氧基羧酸及其酸酐（酰卤化物，过氧化物和过氧酸及它们的衍生物）	6.5	5.33
29191000	三（2，3－二溴丙基）磷酸酯	6.5	5.2
29199000	其他磷酸酯及其盐(包括乳磷酸盐)，及它们的卤化、磺化、硝化、或亚硝化的衍生物	6.5	5.2
29201100	对硫磷（ISO）及甲基对硫磷（ISO）	6.5	5.2
29201900	其他硫代磷酸酯及其盐，及它们的卤化、磺化、硝化、或亚硝化的衍生物	6.5	5.2
29209011	亚磷酸三甲酯	6.5	5.2
29209012	亚磷酸三乙酯	6.5	5.2
29209013	亚磷酸二甲酯	6.5	5.2
29209014	亚磷酸二乙酯	6.5	5.2
29209019	其他亚磷酸酯	6.5	5.2
29209090	其他无机酸酯（不包括卤化氢的酯）及其盐，及它们的卤化、磺化、硝化、或亚硝化的衍生物	6.5	5.2
29211100	甲胺、二甲胺或三甲胺及其盐	6.5	5.2
29211910	二正丙胺	4	0
29211920	异丙胺	6.5	5.2
29211930	N,N-二(2-氯乙基)乙胺	6.5	5.2
29211940	N,N-二(2-氯乙基)甲胺	6.5	5.2
29211950	三(2-氯乙基)胺	6.5	5.2
29211960	二烷氨基乙基-2-氯及其质子化盐	6.5	5.2
29211990	其他无环单胺及其衍生物，及它们的盐	6.5	5.2
29212110	乙二胺	6.5	5.2
29212190	乙二胺盐	6.5	5.33
29212210	已二酸已二胺盐(尼龙-66盐)	6.5	5.2
29212290	六亚甲基二胺及其他盐	6.5	5.2
29212900	其他无环多胺及其衍生物，及它们的盐	6.5	5.2
29213000	环(烷、烯、萜烯)单胺或多胺及衍生物，及它们的盐	6.5	5.2
29214110	苯胺	6.5	5.2
29214190	苯胺盐	6.5	NaN
29214200	苯胺衍生物及其盐	6.5	NaN
29214300	甲苯胺及其衍生物，及它们的盐	6.5	5.2
29214400	二苯胺及其衍生物，及它们的盐	6.5	NaN
29214500	1-萘胺、2-萘胺及其衍生物及盐	6.5	NaN
29214600	安非他明、苄非他明、右苯丙胺、乙非他明、芬坎法明、利非他明、左苯丙胺、美芬雷司、芬特明以及它们的盐	6.5	5.2
29214910	对异丙基苯胺	4	0
29214920	二甲基苯胺	6.5	5.2
29214930	2,6-甲基乙基苯胺	4	0
29214940	2,6-二乙基苯胺	6.5	NaN
29214990	其他芳香单胺及衍生物及它们的盐	6.5	NaN
29215110	邻苯二胺	4	0
29215190	间-、对-苯二胺、二氨基甲苯及其衍生物及它们的盐	6.5	5.2
29215900	其他芳香多胺及衍生物及它们的盐	6.5	NaN
29221100	单乙醇胺及其盐	6.5	5.2
29221200	二乙醇胺及其盐	6.5	5.2
29221310	三乙醇胺	6.5	5.2
29221320	三乙醇胺盐	6.5	5.2
29221400	右丙氧吩及其盐	6.5	5.2
29221910	乙胺丁醇	6.5	5.2
29221921	二甲氨基乙醇及其质子化盐	6.5	5.2
29221922	二乙氨基乙醇及其质子化盐	6.5	5.2
29221929	其他二烷氨基乙-2-醇及其质子化	6.5	5.2
29221930	乙基二乙醇胺	6.5	5.2
29221940	甲基二乙醇胺	6.5	5.2
29221950	本芴醇	6.5	5.2
29221990	其他氨基醇及其醚、酯和它们的盐（但含有一种以上含氧基的除外）	6.5	5.2
29222100	氨基羟基萘磺酸及其盐	6.5	5.2
29222910	茴香胺、二茴香胺、氨基苯乙醚及其盐	6.5	5.2
29222990	其他氨基(萘酚、酚)及醚、酯、盐（但含有一种以上含氧基的除外）	6.5	5.2
29223100	安非拉酮、美沙酮和去甲美沙酮以及它们的盐	6.5	5.2
29223910	4-甲基甲卡西酮	6.5	5.2
29223990	其他氨基醛、氨基酮、氨基醌及其盐（但含有一种以上含氧基的除外）	6.5	5.2
29224110	赖氨酸	5	0
29224190	赖氨酸酯和赖氨酸盐	6	4.8
29224210	谷氨酸	10	8
29224220	谷氨酸钠	10	8
29224290	其他谷氨酸盐	6.5	5.2
29224310	邻氨基苯甲酸(氨茴酸)	6.5	5.2
29224390	邻氨基苯甲酸(氨茴酸)盐	6.5	5.2
29224400	替利定及其盐	6.5	5.2
29224911	氨甲环酸	6.5	5.2
29224919	其他氨基酸	6.5	5.2
29224991	普鲁卡因	6	4.8
29224999	其他氨基酸及其酯及它们的盐（但含有一种以上含氧基的除外）	6.5	5.2
29225010	对羟基苯甘氨酸及其邓甲盐	6.5	5.2
29225020	莱克多巴胺和盐酸莱克多巴胺	6.5	5.2
29225090	其他氨基醇酚、氨基酸酚及其他含氧基氨基化合物	6.5	5.2
29231000	胆碱及其盐	6.5	5.2
29232000	卵磷脂及其他磷氨基类脂	6.5	5.2
29239000	其他季铵盐及季铵碱	6.5	5.2
29241100	甲丙氨酯	6.5	5.2
29241200	氯乙酰胺（ISO）、久效磷（ISO）及磷胺（ISO）	6.5	5.2
29241910	二甲基甲酰胺	6.5	5.2
29241990	其他无环酰胺及其衍生物以及他们的盐	6.5	5.2
29242100	酰脲及其衍生物，及它们的盐	6.5	5.2
29242300	2-乙酰氨基苯甲酸（N-乙酰邻氨基苯甲酸）及其盐	6.5	NaN
29242400	炔己蚁胺	6.5	5.2
29242910	对乙酰氨基苯乙醚(非那西丁)	6	4.8
29242920	对乙酰氨基酚(扑热息痛)	6	4.8
29242930	阿斯巴甜	6.5	5.85
29242990	其他环酰胺（包括环氨基甲酸酯）	6.5	5.85
29251100	糖精及其盐	9	7.2
29251200	格鲁米特	6.5	5.2
29251900	其他酰亚胺及其衍生物、盐	6.5	5.33
29252100	杀虫脒	6.5	5.2
29252900	其他亚胺及其衍生物以及它们的盐	6.5	5.2
29261000	丙烯腈	6.5	5.2
29262000	1-氰基胍(双氰胺)	6.5	5.2
29263000	芬普雷司及其盐；美沙酮中间体（4-氰基-2-二甲氨基-4,4-二苯基丁烷）	6.5	5.2
29269010	对氯氰苄	4	0
29269020	间苯二甲腈	6.5	5.2
29269090	其他腈基化合物	6.5	5.85
29270000	重氮化合物、偶氮化合物及氧化偶氮化合物	6.5	5.2
29280000	肼(联氨)及胲(羟胺)的有机衍生物	6.5	5.2
29291010	2，4和2，6甲苯二异氰酸酯混合物(甲苯二异氰酸酯TDI)	6.5	5.2
29291020	二甲苯二异氰酸酯（TODI）	6.5	NaN
29291030	二苯基甲烷二异氰酸酯(纯MDI)	6.5	5.85
29291040	六亚甲基二异氰酸酯	6.5	5.2
29291090	其他异氰酸酯	6.5	5.2
29299010	环已基氨基磺酸钠(甜蜜素)	9	7.2
29299020	二烷(甲、乙、正丙或异丙)氨基膦酰二卤	6.5	5.2
29299030	二烷氨基膦酸二烷酯	6.5	5.2
29299040	乙酰甲胺磷	6.5	5.2
29299090	其他含氮基化合物	6.5	5.2
29302000	其他硫代氨基甲酸盐(或酯)	6.5	5.2
29303000	（一硫化、二硫化、三硫化）二烃氨基硫羰	6.5	5.2
29304000	甲硫氨酸(蛋氨酸)	6.5	5.2
29305000	敌菌丹（ISO）及甲胺磷（ISO）	6.5	5.2
29309010	双巯丙氨酸(胱氨酸)	6.5	5.2
29309020	二硫代碳酸酯(或盐)[黄原酸酯（或盐）]	6.5	5.2
29309090	其他有机硫化合物	6.5	5.2
29311000	四甲基铅及四乙基铅	6.5	5.2
29312000	三丁基锡化合物	6.5	5.2
29319011	双甘膦	6.5	5.2
29319019	其他含有磷原子的有机-无机化合物	6.5	5.2
29319090	其他有机-无机化合物	6.5	5.2
29321100	四氢呋喃	6	4.8
29321200	2-糠醛	6	4.8
29321300	糠醇及四氢糠醇	6	4.8
29321900	其他结构上有非稠合呋喃环化合物（不论是否氢化）	6.5	NaN
29322010	香豆素、甲基香豆素及乙基香豆素	6.5	5.2
29322090	其他内酯	6.5	5.85
29329100	4-丙烯基-1,2-亚甲二氧基苯	6.5	5.2
29329200	1-(1,3-苯并二恶茂-5-基)丙-2-酮	6.5	5.2
29329300	3,4-亚甲二氧基苯甲醛(胡椒醛)	6.5	5.2
29329400	4-烯丙基-1,2-亚甲二氧基苯（黄樟脑）	6.5	5.2
29329500	四氢大麻酚（所有异构体）	6.5	5.2
29329910	7-羟基苯并呋喃(呋喃酚)	4	0
29329920	联苯双酯	6.5	5.2
29329930	蒿甲醚	6.5	5.85
29329990	其他仅含氧杂原子的杂环化合物	6.5	5.85
29331100	二甲基苯基吡唑酮（安替比林）及其衍生物	6.5	5.2
29331920	安乃近	6	4.8
29331990	其他结构上有非稠合吡唑环化合物（不论是否氢化）	6.5	5.2
29332100	乙内酰脲及其衍生物	6.5	5.2
29332900	其他结构上有非稠合咪唑环化合物（不论是否氢化）	6.5	5.33
29333100	吡啶及其盐	6	4.8
29333210	哌啶(六氢吡啶)	4	0
29333220	哌啶(六氢吡啶)盐	6.5	5.2
29333300	阿芬太尼、阿尼利定、氰苯双哌酰胺、溴西泮、地芬诺新、地芬诺酯、地匹哌酮、芬太尼、凯托米酮、哌醋甲酯、喷他左辛、哌替啶、哌替啶中间体A、苯环利定、苯哌利定、哌苯甲醇、哌氰米特、丙吡兰和三甲利定以及它们的盐	6.5	5.2
29333910	二苯乙醇酸-3-奎宁环脂	6.5	5.2
29333920	奎宁环-3-醇	6.5	5.2
29333990	其他结构上有非稠合吡啶环化合物（不论是否氢化）	6.5	5.85
29334100	左非诺及其盐	6.5	5.2
29334910	环丙氟哌酸	6.5	5.2
29334990	其他含喹琳或异喹啉环系的化合物（但未经进一步稠合）	6.5	5.2
29335200	丙二酰脲（巴比土酸）及其盐	6.5	5.2
29335300	阿洛巴比妥、异戊巴比妥、巴比妥、布他比妥、正丁巴比妥、环己巴比妥、甲苯巴比妥、戊巴比妥、苯巴比妥、仲丁巴比妥、司可巴比妥和乙烯比妥以及他们的盐	6.5	5.2
29335400	其他丙二酰脲的衍生物以及他们的盐	6.5	5.2
29335500	氯普唑仑、甲氯喹酮等以及他们的盐	6.5	5.2
29335910	胞嘧啶	6.5	5.2
29335990	其他结构上有嘧啶环或哌嗪环的化合物（不论是否氢化）	6.5	5.85
29336100	三聚氰胺(蜜胺)	6.5	5.2
29336910	三聚氰氯	6	4.8
29336921	二氯异氰脲酸	6.5	5.2
29336922	三氯异氰脲酸	6.5	5.2
29336929	其他异氰脲酸氯化衍生物	6.5	5.2
29336990	其他结构上含非稠合三嗪环化合物（不论是否氢化）	6.5	5.2
29337100	6-己内酰胺	9	7.2
29337200	氯巴占和甲乙哌酮	9	7.2
29337900	其他内酰胺	9	NaN
29339100	阿普唑仑、卡马西泮等以及它们的盐	6.5	5.2
29339900	其他仅含氮杂原子的杂环化合物	6.5	5.33
29341000	结构上含有非稠合噻唑环的化合物（不论是否氢化）	6.5	5.2
29342000	含一个苯并噻唑环系的化合物（但未经进一步稠合,不论是否氢化）	6.5	5.2
29343000	含一个吩噻嗪环系的化合物（但未经进一步稠合,不论是否氢化）	6.5	5.2
29349100	阿米雷司、溴替唑仑、氯噻西泮等以及他们的盐	6.5	5.2
29349910	磺内酯及磺内酰胺	6.5	5.2
29349920	呋喃唑酮	6	NaN
29349930	核酸及其盐	6.5	5.2
29349940	奈韦拉平、依发韦仑、利托那韦及它们的盐	6.5	5.2
29349950	克拉维酸及其盐	6.5	5.2
29349960	7-苯乙酰氨基-3-氯甲基-4-头孢烷酸对甲氧基苄酯、7-氨基头孢烷酸、7-氨基脱乙酰氧基头孢烷酸	6	4.8
29349990	其他杂环化合物	6.5	5.2
29350010	磺胺嘧啶	6.5	5.2
29350020	磺胺双甲基嘧啶	6.5	5.2
29350030	磺胺甲恶唑	6.5	5.2
29350090	其他磺(酰)胺	6.5	5.33
29362100	未混合的维生素A及其衍生物	4	3.28
29362200	未混合的维生素B1及其衍生物	4	0
29362300	未混合的维生素B2及其衍生物	4	0
29362400	未混合的D或DL-泛酸及其衍生物	4	0
29362500	未混合的维生素B6及其衍生物	4	0
29362600	未混合的维生素B12及其衍生物	4	3.6
29362700	未混合的维生素C及其衍生物	4	0
29362800	未混合的维生素E及其衍生物	4	3.6
29362900	其他未混合的维生素及其衍生物	4	3.6
29369000	维生素原、混合维生素及其衍生物	4	0
29371100	生长激素及其衍生物和类似结构物	4	0
29371210	重组人胰岛素及其盐	4	0
29371290	其他胰岛素及其盐	4	0
29371900	其他多肽激素、蛋白激素、糖蛋白激素及其衍生物和类似结构物	4	3.6
29372100	可的松、氢化可的松及脱氢可的松及脱氢皮质（甾）醇	4	0
29372210	地塞米松	4	0
29372290	其他皮质（甾）激素的卤化衍生物	4	0
29372311	孕马结合雌激素	4	0
29372319	其他动物源的雌（甾）激素和孕激素	4	0
29372390	其他皮质甾类激素的卤化衍生物	4	0
29372900	其他甾族激素及其衍生物和类似结构物	4	0
29375000	前列腺素、血栓烷和白细胞三烯及其衍生物和结构类似物	4	0
29379000	其他天然或合成再制的激素及其衍生物和结构类似物，包括主要用作激素的改性链多肽	4	0
29381000	芸香苷及其衍生物	6.5	5.2
29389010	齐多夫定、拉米夫定、司他夫定、地达诺新及它们的盐	6.5	5.2
29389090	其他天然或合成再制的苷及其盐、醚、酯和其他衍生物	6.5	5.2
29391100	罂粟杆浓缩物、丁丙诺啡、可待因等以及他们的盐	4	0
29391900	其他鸦片碱及其衍生物，及它们的盐	4	0
29392000	其他金鸡纳生物碱及其衍生物，及它们的盐	4	0
29393000	咖啡因及其盐	4	0
29394100	麻黄碱及其盐	4	0
29394200	假麻黄碱及其盐	4	0
29394300	d－去甲麻黄碱（INN)及其盐	4	0
29394400	去甲麻黄碱及其盐	4	0
29394900	其他麻黄碱类及其盐	4	0
29395100	芬乙茶碱（INN）及其盐	4	0
29395900	其他茶碱和氨茶碱及其衍生物，及它们的盐	4	0
29396100	麦角新碱及其盐	4	0
29396200	麦角胺及其盐	4	0
29396300	麦角酸及其盐	4	0
29396900	其他麦角生物碱及其衍生物，及它们的盐	4	3.6
29399110	可卡因及其盐	4	0
29399190	芽子碱、左甲苯丙胺、去氧麻黄碱、去氧麻黄碱外消旋体，它们的盐、酯及其他衍生物；可卡因的酯及其他衍生物	4	0
29399910	烟碱及其盐	4	0
29399920	番木鳖碱(士的年)及其盐	4	0
29399990	其他天然或合成再制的生物碱及其盐、醚、酯和其他衍生物	4	3.6
29400000	化学纯糖,但蔗糖、乳糖、麦芽糖、葡萄糖及果糖除外；糖醚、糖酯及其盐，但不包括税目29.37、29.38、29.39的产品	6	4.8
29411011	氨苄青霉素	6	4.8
29411012	氨苄青霉素三水酸	6	4.8
29411019	其他氨苄青霉素盐	6	4.8
29411091	羟氨苄青霉素	4	0
29411092	羟氨苄青霉素三水酸	4	0
29411093	6氨基青霉烷酸(6APA)	4	0
29411094	青霉素V	4	0
29411095	磺苄青霉素	4	0
29411096	邻氯青霉素	4	0
29411099	其他青霉素及其衍生物，及它们的盐	4	0
29412000	链霉素及其衍生物，及它们的盐	4	0
29413011	四环素	4	0
29413012	四环素盐	4	0
29413020	四环素衍生物及其盐	4	0
29414000	氯霉素及其衍生物，及它们的盐	4	0
29415000	红霉素及其衍生物，及它们的盐	4	0
29419010	庆大霉素及其衍生物，及它们的盐	4	0
29419020	卡那霉素及其衍生物，及它们的盐	4	0
29419030	利福平及其衍生物，及它们的盐	4	0
29419040	林可霉素及其衍生物，及它们的盐	4	0
29419052	头孢氨苄及其盐	6	4.8
29419053	头孢唑啉及其盐	6	4.8
29419054	头孢拉啶及其盐	6	4.8
29419055	头孢三嗪(头孢曲松)及其盐	6	4.92
29419056	头孢哌酮及其盐	6	4.8
29419057	头孢噻肟及其盐	6	4.8
29419058	头孢克罗及其盐	6	4.8
29419059	其他头孢菌素及其衍生物以及它们的盐	6	4.8
29419060	麦迪霉素及其衍生物，及它们的盐	6	4.8
29419070	乙酰螺旋霉素及其衍生物，及它们的盐	4	0
29419090	其他抗菌素	6	4.8
29420000	其他有机化合物	6.5	5.2
30012000	腺体、其他器官及其分泌物提取物	3	0
30019010	肝素及其盐	3	0
30019090	其他未列名的人体或动物制品(供治疗或预防疾病用)	3	0
30021000	抗血清、其他血份及免疫制品(不论是否修饰通过生物工艺加工制得)	3	2.46
30022000	人用疫苗	3	2.7
30023000	兽用疫苗	3	0
30029010	石房蛤毒素	3	0
30029020	蓖麻毒素	3	0
30029030	细菌及病毒	3	2.7
30029040	遗传物质和基因修饰生物体	3	0
30029090	人血；治病、防病或诊断用动物血制品；其他毒素、培养微生物（不包括酵母）及类似产品	3	0
30031011	含有氨苄青霉素的混合药品（两种或两种以上成分混合而成的，治病或防病用，未配定剂量或非零售包装）	6	4.8
30031012	含有羟氨苄青霉素的混合药品（两种或两种以上成分混合而成的，治病或防病用未配定剂量或非零售包装）	6	4.8
30031013	含有青霉素V的混合药品（两种或两种以上成分混合而成的，治病或防病用未配定剂量或非零售包装）	6	4.8
30031019	含有其他青霉素及具有青霉烷酸结构的青霉素衍生物的混合药品（两种或两种以上成分混合而成的，治病或防病用未配定剂量或非零售包装）	6	4.8
30031090	含有含有链霉素的混合药品（两种或两种以上成分混合而成的，治病或防病用未配定剂量或非零售包装）	6	4.8
30032011	含有头孢噻肟的混合药品（两种或两种以上成分混合而成的，治病或防病用未配定剂量或非零售包装）	6	4.8
30032012	含有头孢他啶的混合药品（两种或两种以上成分混合而成的，治病或防病用未配定剂量或非零售包装）	6	4.8
30032013	含有头孢西丁的混合药品（两种或两种以上成分混合而成的，治病或防病用未配定剂量或非零售包装）	6	4.8
30032014	含有头孢替唑的混合药品（两种或两种以上成分混合而成的，治病或防病用未配定剂量或非零售包装）	6	4.8
30032015	含有头孢克罗的混合药品（两种或两种以上成分混合而成的，治病或防病用未配定剂量或非零售包装）	6	4.8
30032016	含有头孢呋辛的混合药品（两种或两种以上成分混合而成的，治病或防病用未配定剂量或非零售包装）	6	4.8
30032017	含有头孢三嗪(头孢曲松) 的混合药品 （两种或两种以上成分混合而成的，治病或防病用未配定剂量或非零售包装）	6	4.8
30032018	含有头孢哌酮的混合药品（两种或两种以上成分混合而成的，治病或防病用未配定剂量或非零售包装）	6	4.8
30032019	含有其他头孢菌素的混合药品（两种或两种以上成分混合而成的，治病或防病用未配定剂量或非零售包装）	6	4.8
30032090	其他含有其他抗菌素的混合药品（两种或两种以上成分混合而成的，治病或防病用未配定剂量或非零售包装）	6	4.8
30033100	含有胰岛素但不含抗菌素的混合药品（两种或两种以上成分混合而成的，治病或防病用未配定剂量或非零售包装）	5	0
30033900	含激素（胰岛素除外）或税目29.37其他产品，但不含抗菌素的混合药品（两种或两种以上成分混合而成的，治病或防病用未配定剂量或非零售包装）	6	4.8
30034010	含奎宁或其盐，但不含抗菌素及税目2937的产品的混合药品（两种或两种以上成分混合而成的，治病或防病用未配定剂量或非零售包装）	5	0
30034090	含生物碱及其衍生物（ 奎宁或其盐除外），但不含抗菌素及税目2937的激素或其他产品的混合药品（两种或两种以上成分混合而成的，治病或防病用未配定剂量或非零售包装）	5	0
30039010	含磺胺类的混合药品（两种或两种以上成分混合而成的，治病或防病用未配定剂量或非零售包装）	6	4.8
30039020	含有青蒿素及其衍生物药品	5	0
30039090	含其他成份混合药品（两种或两种以上成分混合而成的，治病或防病用未配定剂量或非零售包装）	5	4.1
30041011	氨苄青霉素制剂（混合，治病或防病用，已配定剂量或制成零售包装）	6	4.8
30041012	羟氨苄青霉素制剂（两种或两种以上成分混合而成的，治病或防病用，已配定剂量或制成零售包装）	6	4.8
30041013	青霉素V制剂（两种或两种以上成分混合而成的，治病或防病用，已配定剂量或制成零售包装）	6	4.8
30041019	其他青霉素制剂（混合或非混合，治病或防病用，已配定剂量或制成零售包装）	6	4.8
30041090	含有其他青霉素及具有青霉烷酸结构的青霉素衍生物或链霉素及其衍生物的药品（混合或非混合，治病或防病用，已配定剂量或制成零售包装）	6	4.8
30042011	头孢噻肟制剂（混合或非混合，治病或防病用已配定剂量或制成零售包装）	6	4.8
30042012	头孢他啶制剂（混合或非混合，治病或防病用，已配定剂量或制成零售包装）	6	4.8
30042013	头孢西丁制剂（混合或非混合，治病或防病用，已配定剂量或制成零售包装）	6	4.8
30042014	头孢替唑制剂（混合或非混合，治病或防病用，已配定剂量或制成零售包装）	6	4.8
30042015	头孢克罗制剂（混合或非混合，治病或防病用，已配定剂量或制成零售包装）	6	4.8
30042016	头孢呋辛制剂（混合或非混合，治病或防病用，已配定剂量或制成零售包装）	6	4.8
30042017	头孢三嗪(头孢曲松)制剂（混合或非混合，治病或防病用，已配定剂量或制成零售包装）	6	4.8
30042018	头孢哌酮制剂（混合或非混合，治病或防病用，已配定剂量或制成零售包装）	6	4.8
30042019	含有其他头孢菌素制剂（混合或非混合，治病或防病用，已配定剂量或制成零售包装）	6	4.8
30042090	含有其他抗菌素的药品（混合或非混合，治病或防病用，已配定剂量或制成零售包装）	6	5.4
30043110	含有重组人胰岛素但不含抗菌素的药品（混合或非混合，治病或防病用已配定剂量或零售包装）	5	0
30043190	含有其他胰岛素但不含抗菌素的药品（混合或非混合，治病或防病用已配定剂量或零售包装）	5	0
30043200	含肾上腺皮混合或非混合质激素但不含抗菌素的药品（，治病或防病用已配定剂量或零售包装）	5	0
30043900	含有税目29.37其他产品但不含抗菌素的药品（混合或非混合，治病或防病用已配定剂量或零售包装）	5	4.5
30044010	含有奎宁或其盐，但不含抗菌素及税目29.37的产品的药品（混合或非混合，治病或防病用已配定剂量或零售包装）	5	0
30044090	含有其他生物碱及其衍生物，但不含抗菌素及税目29.37的产品的药品（混合或非混合，治病或防病用已配定剂量或零售包装）	5	0
30045000	含有维生素或税目29.36其他产品的其他药品（混合或非混合，治病或防病用已配定剂量或零售包装）	6	4.8
30049010	含有磺胺类的药品（两种或两种以上成分混合而成的，治病或防病用已配定剂量或零售包装）	6	4.8
30049020	含联苯双酯的药品（混合或非混合，治病或防病用已配定剂量或零售包装）	4	0
30049051	中药酒（混合或非混合，治病或防病用已配定剂量或零售包装）	3	0
30049052	片仔癀 （混合或非混合，治病或防病用已配定剂量或零售包装）	3	0
30049053	白药 （混合或非混合，治病或防病用已配定剂量或零售包装）	3	0
30049054	清凉油（混合或非混合，治病或防病用已配定剂量或零售包装）	3	0
30049055	安宫牛黄丸	3	0
30049059	其他中式成药（混合或非混合，治病或防病用已配定剂量或零售包装）	3	0
30049060	含有青蒿素及其衍生物的中成药	4	0
30049090	其他药品（混合或非混合，治病或防病用已配定剂量或零售包装）	4	3.6
30051010	橡皮膏（经药物浸涂或制定零售包装供医疗、外科、牙科或兽医用）	5	0
30051090	其他胶粘敷料及有胶粘涂层的物品（经药物浸涂或制定零售包装供医疗、外科、牙科或兽医用）	5	0
30059010	药棉、纱布、绷带（经药物浸涂或制定零售包装供医疗、外科、牙科或兽医用）	5	0
30059090	其他医用软填料及类似物品（经药物浸涂或制定零售包装供医疗、外科、牙科或兽医用）	5	0
30061000	无菌外科肠线；无菌昆布、无菌粘合胶布、无菌吸收性止血材料、外科或牙科用无菌抗粘连阻隔材料及类似无菌材料	5	4
30062000	血型试剂	3	2.7
30063000	X光检查造影剂；诊断试剂	4	3.2
30064000	牙科粘固剂及其他牙科填料（包括骨骼粘固剂）	5	4
30065000	急救药箱、药包	5	0
30066010	以激素等为基本成分的化学避孕药	0	0
30066090	其他化学避孕药物	0	0
30067000	专用于人类或作兽药用的凝胶制品，作为外科手术或体检时躯体部位的润滑剂，或者作为躯体和医疗器械之间的偶合剂	6.5	5.2
30069100	可确定用于造口术用具	10	8
30069200	废药物	5	0
31010011	未经化学处理的鸟粪	3	0
31010019	未经化学处理的其他动植物肥料	6.5	5.2
31010090	动植物产品经混合或化学处理的制成的肥料	4	0
31021000	尿素（不论是否水溶液）	50	NaN
31022100	硫酸铵	4	0
31022900	硫酸铵和硝酸铵的复盐及混合物	4	0
31023000	硝酸铵（不论是否水溶液）	4	0
31024000	硝酸铵与碳酸钙或其他无肥效无机物的混合物	4	0
31025000	硝酸钠	4	0
31026000	硝酸钙和硝酸铵的复盐及混合物	4	0
31028000	尿素及硝酸铵混合物的水溶液或氨水溶液	4	0
31029010	氰氨化钙	4	0
31029090	其他矿物氮肥及化学氮肥，包括上述子目未列名的混合物	4	0
31031010	重过磷酸钙	4	0
31031090	其他过磷酸钙	4	0
31039000	其他矿物磷肥或化学磷肥	4	0
31042020	纯氯化钾	3	0
31042090	其他氯化钾	3	0
31043000	硫酸钾	3	0
31049010	光卤石、钾盐及其他天然粗钾盐	3	0
31049090	其他矿物钾肥及化学钾肥	3	0
31051000	制成片状及类似形状或每包毛重不超过10公斤的31章各货品	4	0
31052000	含氮、磷、钾三种肥效元素的肥料	50	NaN
31053000	磷酸氢二铵	50	NaN
31054000	磷酸二氢铵及磷酸二氢铵与磷酸氢二铵的混合物	4	0
31055100	含有硝酸盐及磷酸盐的肥料	4	0
31055900	其他含氮、磷两种肥效元素的矿物肥料或化学肥料	4	0
31056000	含磷、钾两种元素的肥料	4	0
31059000	其他肥料	4	0
32011000	坚木浸膏	5	0
32012000	荆树皮浸膏	6.5	5.2
32019010	其他植物鞣料浸膏	6.5	5.2
32019090	鞣酸及其盐、醚、酯和其他衍生物	6.5	5.2
32021000	有机合成鞣料	6.5	5.2
32029000	无机鞣料;鞣料制剂等,不论是否含有天然鞣料;预鞣用酶制剂	6.5	5.2
32030011	天然靛蓝及以其为基本成分的制品,包括染料浸膏(不论是否已有化学定义)	6.5	5.2
32030019	其他植物质着色料及以其为基本成分的制品包括染料浸膏(不论是否已有化学定义);32章注释三所述的以植物质着色料为基本成分的制品	6.5	5.2
32030020	动物质着色料及以其为基本成分的制品包括染料浸膏(不论是否已有化学定义，但动物炭黑除外); 32章注释三所述的以动物质着色料为基本成分的制品	6.5	5.2
32041100	分散染料及以其为基本成分的制品(不论是否已有化学定义)	6.5	NaN
32041200	酸性染料(不论是否预金属络合)及以其为基本成分的制品(不论是否已有化学定义);媒染染料及以其为基本成分的制品(不论是否已有化学定义)	6.5	5.33
32041300	碱性染料及以其为基本成分的制品(不论是否已有化学定义)	6.5	5.2
32041400	直接染料及以其为基本成分的制品(不论是否已有化学定义)	6.5	5.85
32041510	合成靛蓝(还原靛蓝) (不论是否已有化学定义)	6.5	5.2
32041590	其他瓮染料（包括颜料用的）及以其为基本成分的制品(不论是否已有化学定义)	6.5	5.2
32041600	活性染料及以其为基本成分的制品(不论是否已有化学定义)	6.5	5.33
32041700	颜料及以其为基本成分的制品(不论是否已有化学定义)	6.5	5.85
32041911	硫化黑(硫化青)及以其为基本成分的制品(不论是否已有化学定义)	6.5	5.2
32041919	其他硫化染料及以其为基本成分的制品(不论是否已有化学定义)	6.5	5.2
32041990	由子目号3204.11至3204.19中两个或多个子目所列着色料组成的混合物, (不论是否已有化学定义)	6.5	NaN
32042000	用作萤光增白剂的有机合成产品(不论是否已有化学定义)	6.5	5.33
32049010	生物染色剂及染料指示剂(不论是否已有化学定义)	6.5	5.85
32049090	其他用作发光体的有机合成产品(不论是否已有化学定义)	6.5	5.2
32050000	色淀及32章注释三所述的以色淀为基本成分的制品	6.5	5.2
32061110	钛白粉	6.5	5.2
32061190	干量计二氧化钛≥80％的颜料及制品,钛白粉除外	6.5	5.2
32061900	二氧化钛为基料的颜料及制品，干量计二氧化钛＜80％	10	8
32062000	铬化合物为基本成分的颜料及制品	6.5	5.2
32064100	群青及以其为基本成分的制品	6.5	5.2
32064210	锌钡白	6.5	5.2
32064290	其他以硫化锌为基本成份的颜料和制品	6.5	5.2
32064911	以钒酸铋为基本成分的颜料及制品	6.5	5.2
32064919	其他以铋化合物为基本成分的颜料及制品	6.5	5.2
32064990	其他着色料及其他制品	6.5	5.2
32065000	用作发光体的无机产品,不论是否已有化学定义	6.5	5.2
32071000	调制颜料、遮光剂、着色剂及类似制品(用于陶瓷、搪瓷及玻璃工业)	5	0
32072000	珐琅和釉料、釉底料及类似制品(用于陶瓷、搪瓷及玻璃工业)	5	0
32073000	光瓷釉及类似制品(用于陶瓷、搪瓷及玻璃工业)	5	0
32074000	呈粉、粒状搪瓷玻璃料及其他玻璃	5	0
32081000	分散或溶于非水介质的聚酯油漆及清漆等	10	8
32082010	分散或溶于非水介质的丙烯酸聚合物油漆及清漆	10	8
32082020	分散或溶于非水介质的乙烯聚合物油漆及清漆	10	8
32089010	分散或溶于非水介质的聚胺酯类油漆及清漆	10	8
32089090	分散或溶于非水介质其他油漆、清漆溶液	10	9
32091000	分散或溶于水介质的丙烯酸聚合物或乙烯聚合物油漆及清漆	10	8
32099010	以环氧树脂为基本成分的溶于水介质其他聚合物油漆及清漆	10	8
32099020	以氟树脂为基本成分的溶于水介质其他聚合物油漆及清漆	10	8
32099090	溶于水介质其他聚合物油漆及清漆	10	9
32100000	其他油漆及清漆(包括瓷漆\大漆及水浆涂料)；皮革用水性颜料	10	8
32110000	配制的催干剂	10	9
32121000	压印箔	15	13.5
32129000	制漆用颜料（分散于非水介质中呈液状或浆状的）及零售形状或零售包装的染料、色料	10	8
32131000	成套的颜料(艺术家、学生和广告美工用的)	10	8
32139000	非成套颜料、调色料及类似品（艺术家、学生和广告美工用的,片状、管装、罐装、瓶装、扁盒装等类似形状或包装的）	10	8
32141010	半导体器件封装材料	9	7.2
32141090	其他安装玻璃用油灰、接缝用油灰、树脂胶泥、嵌缝胶及其他类似胶粘剂;漆工用填料	9	8.1
32149000	非耐火涂面制剂，涂门面、内墙、地板、天花板等用	9	7.2
32151100	黑色印刷油墨(不论是否固体或浓缩)	6.5	5.2
32151900	其他印刷油墨(不论是否固体或浓缩)，黑色印刷油墨除外	6.5	5.85
32159010	书写墨水(不论是否固体或浓缩)	6.5	5.2
32159020	水性喷墨墨水	10	9
32159090	绘图墨水及其他墨类(不论是否固体或浓缩)	10	9
33011200	橙油（包括浸膏及净油）	20	18.333333
33011300	柠檬油（包括浸膏及净油）	20	16
33011910	白柠檬油(酸橙油) （包括浸膏及净油）	20	18
33011990	其他柑桔属果实的精油（包括浸膏及净油）	20	18
33012400	胡椒薄荷油（包括浸膏及净油）	20	18
33012500	其他薄荷油（包括浸膏及净油）	15	13.5
33012910	樟脑油（包括浸膏及净油）	20	18
33012920	香茅油（包括浸膏及净油）	15	13.5
33012930	茴香油（包括浸膏及净油）	20	18
33012940	桂油（包括浸膏及净油）	20	18
33012950	山苍子油（包括浸膏及净油）	20	18
33012960	桉叶油（包括浸膏及净油）	20	18
33012991	老鹳草油(香叶油) （包括浸膏及净油）	20	18
33012999	其他非柑桔属果实的精油（包括浸膏及净油）	15	13.5
33013010	鸢尾凝脂	20	18
33013090	其他香膏	20	18
33019010	提取的油树脂	20	18
33019020	柑桔属果实的精油脱萜所得的萜烯副产品	20	18
33019090	用花香吸取法或浸渍法制定的含浓缩精油的脂肪、固定油、蜡及类似品；精油脱萜所得的萜烯副产品（柑桔属果实的除外）；精油水溶液及水馏液	20	18
33021010	生产饮料用的混合香料以及以香料为基本成分的制品，按容量计酒精浓度≤0.5%	15	13.5
33021090	其他食品或饮料工业用混合香料以及以香料为基本成分的制品	15	13.5
33029000	其他工业用混合香料及以香料为基本成分的混合物和制品	10	8
33030000	香水及花露水	10	8
33041000	唇用化妆品	10	8
33042000	眼用化妆品	10	8
33043000	指(趾)甲化妆品	15	13.5
33049100	香粉,不论是否压紧	10	8
33049900	其他美容品或化妆品及护肤品	6.5	5.2
33051000	洗发剂(香波)	6.5	5.2
33052000	烫发剂	15	13.5
33053000	定型剂	15	13.5
33059000	其他护发品	10	8
33061010	牙膏	10	8
33061090	其他洁齿品	10	8
33062000	牙线	10	8
33069000	其他口腔及牙齿清洁剂	10	8
33071000	剃须用制剂	10	8
33072000	人体除臭剂及止汗剂	10	8
33073000	香浴盐及其他沐浴用制剂	10	8
33074100	神香及其他通过燃烧散发香气制品	10	8
33074900	室内除臭制品	10	8
33079000	脱毛剂、其他编号未列名的芳香料制品及化妆盥洗品	9	7.2
34011100	盥洗用肥皂及有机表面活性产品，条状、块状或模制形状的，以及用肥皂或洗涤剂浸渍、涂面或包覆的纸、絮胎、毡呢及无纺织物	10	8
34011910	洗衣皂	10	8
34011990	其他用肥皂及有机表面活性产品，条状、块状或模制形状的，以及用肥皂或洗涤剂浸渍、涂面或包覆的纸、絮胎、毡呢及无纺织物	15	13.5
34012000	其他形状的肥皂	15	13.5
34013000	洁肤用的有机表面活性产品及制品，液状或膏状并制成零售包装的，不论是否含有肥皂	10	8
34021100	阴离子型有机表面活性剂	6.5	5.2
34021200	阳离子型有机表面活性剂	6.5	5.2
34021300	非离子型有机表面活性剂	6.5	5.85
34021900	其他有机表面活性剂	6.5	5.2
34022010	零售包装的合成洗涤粉	10	8
34022090	零售包装有机表面活性剂制品（合成洗涤粉除外）	10	8
34029000	非零售包装有机表面活性剂制品、洗涤剂及清洁剂	9	8.1
34031100	用于纺织材料、皮革、毛皮或其他材料油脂处理的制剂（含有石油或从沥青矿物提取的油类且按重量计＜70%）	10	8
34031900	润滑剂（含有石油或从沥青矿物提取的油类且按重量计＜70%）	10	0
34039100	用于纺织、皮革、毛皮或其他材料油脂处理的制剂（不含有石油或从沥青矿物提取的油类）	10	8
34039900	润滑剂（不含有石油或从沥青矿物提取的油类）	10	9
34042000	聚乙二醇蜡	10	8
34049000	其他人造蜡及调制蜡	10	8
34051000	鞋靴或皮革用的上光剂及类似制品	10	8
34052000	保养木制品的上光剂及类似制品	10	8
34053000	车身用的上光剂及类似制品	10	8
34054000	擦洗膏、去污粉及类似制品	10	8
34059000	玻璃或金属用的光洁剂	10	8
34060000	各种蜡烛及类似品	10	8
34070010	牙科用蜡及造型膏	6.5	5.85
34070020	以熟石膏为成分的牙科用其他制品	6.5	5.2
34070090	塑型用膏	10	8
35011000	酪蛋白	10	8
35019000	酪蛋白衍生物；酪蛋白胶	10	8
35021100	干的卵清蛋白	10	8
35021900	其他卵清蛋白	10	8
35022000	乳白蛋白，包括两种或两种以上的乳清蛋白浓缩物	10	8
35029000	其他白蛋白及白蛋白盐及其衍生物	10	8
35030010	明胶及其衍生物	12	10.8
35030090	鱼胶;其他动物胶	12	10.8
35040010	蛋白胨	3	0
35040090	其他税号未列名蛋白质及其衍生物,皮粉	8	6.4
35051000	糊精及其他改性淀粉	12	10.8
35052000	以淀粉、糊精或其他改性淀粉为基本成分的胶	20	18
35061000	适于作胶或粘合剂的产品，零售包装每件净重≤1kg	10	9
35069110	以聚酰胺为基本成份的粘合剂	10	8
35069120	以环氧树脂为基本成分的粘合剂	10	9
35069190	以其他橡胶或塑料为基本成分的粘合剂	10	9
35069900	其他调制胶、粘合剂	10	9
35071000	粗制凝乳酶及其浓缩物	6	4.8
35079010	碱性蛋白酶	6	4.8
35079020	碱性脂肪酶	6	4.8
35079090	其他酶及未列名的酶制品	6	4.8
36010000	发射药	9	7.2
36020010	硝铵炸药,但发射药除外	9	7.2
36020090	其他配制炸药,但发射药除外	9	7.2
36030000	安全导火索、导爆索；火帽或雷管；引爆器；电雷管	9	7.2
36041000	烟花、爆竹	6	4.8
36049000	信号弹、降雨火箭、浓雾信号弹及其他烟火制品	6	4.8
36050000	火柴,但税目3604的烟火制品除外	6	4.8
36061000	灌注打火机等用的液体或液化气体燃料，其包装容器的容积≤300cm3	10	8
36069011	已切成形可直接使用的铈铁及其他引火合金	9	7.2
36069019	未切成形不可直接使用的铈铁及其他引火合金	9	7.2
36069090	其他易燃材料制品	9	7.2
37011000	未曝光的X光感光硬片及平面软片，用纸、纸板及纺织物以外任何材料制成	20	18
37012000	未曝光的一次成像感光平片，用纸、纸板及纺织物以外任何材料制成	5	4.1
37013021	激光照排片(任何一边超过255mm) ，用纸、纸板及纺织物以外任何材料制成	10	9
37013022	PS版(预涂感光版) (任何一边超过255mm) ，用纸、纸板及纺织物以外任何材料制成	10	8
37013024	CTP版	10	8
37013025	柔性印刷版	10	9
37013029	其他未曝光照相制版用感光硬片及软片(任何一边超过255mm) ，用纸、纸板及纺织物以外任何材料制成	10	9
37013090	未曝光其他用途的感光硬片及软片(任何一边超过255mm) ，用纸、纸板及纺织物以外任何材料制成	20	18
37019100	彩色摄影用未曝光彩色硬片及平面软片，用纸、纸板及纺织物以外任何材料制成，任何一边≤ 255mm	22	19.8
37019920	照相制版用其他未曝光软片及硬片，用纸、纸板及纺织物以外任何材料制成，任何一边≤ 255mm	10	8
37019990	其他用未曝光软片及硬片，用纸、纸板及纺织物以外任何材料制成，任何一边≤ 255mm	25	22.5
37021000	成卷的未曝光的X光感光胶片，用纸、纸板及纺织物以外任何材料制成	10	8
37023110	彩色摄影用未曝光一次成像感光卷片，宽度≤105 mm，用纸、纸板及纺织物以外任何材料制成	5	0
37023190	彩色摄影用未曝光无齿孔彩色胶卷，宽度≤105 mm，用纸、纸板及纺织物以外任何材料制成	40	NaN
37023210	照相制版用未曝光涂卤化银液无齿孔一次成像感光卷片，宽度≤105 mm，用纸、纸板及纺织物以外任何材料制成	5	0
37023220	照相制版用未曝光涂卤化银液无齿孔胶卷，宽度≤105 mm，用纸、纸板及纺织物以外任何材料制成	10	8
37023290	其他未曝光涂乳液无齿孔胶卷，宽度≤105 mm，用纸、纸板及纺织物以外任何材料制成	22	19.8
37023920	照相制版用未曝光未涂卤化银无齿孔感光胶卷，宽度≤105 mm，用纸、纸板及纺织物以外任何材料制成	10	8
37023990	其他未曝光未涂卤化银无齿孔感光胶卷，宽度≤105 m，用纸、纸板及纺织物以外任何材料制成	22	19.8
37024100	彩色摄影用未曝光无齿孔彩色胶卷，宽度＞610 mm，长度＞200m，用纸、纸板及纺织物以外任何材料制成	16	14.4
37024221	印刷电路板制造用未曝光光致抗蚀干膜，宽度＞610 mm，长度＞200m，用纸、纸板及纺织物以外任何材料制成	10	8
37024229	照相制版用其他未曝光无齿孔胶卷 ，宽度＞610 mm，长度＞200m，用纸、纸板及纺织物以外任何材料制成	10	8
37024292	红色或红外激光胶片	16	14.4
37024299	其他未曝光无齿孔宽长胶卷	16	14.4
37024321	照相制版用未曝光无齿孔激光照排片，宽度＞610 mm，长度≤200m，用纸、纸板及纺织物以外任何材料制成	10	8
37024329	其他照相制版用未曝光无齿孔胶卷，宽度＞610 mm，长度≤200m，用纸、纸板及纺织物以外任何材料制成	10	8
37024390	其他用未曝光无齿孔胶卷，宽度610 mm，长度≤200m，用纸、纸板及纺织物以外任何材料制成	20	18
37024421	照相制版用无齿孔未曝光激光照排片，105mm＜宽度≤610mm，用纸、纸板及纺织物以外任何材料制成	10	8
37024422	印刷电路板制造用未曝光光致抗蚀干膜 ，105mm＜宽度≤610mm，用纸、纸板及纺织物以外任何材料制成	10	8
37024429	其他照相制版用无齿孔未曝光胶卷，105mm＜宽度≤610mm，用纸、纸板及纺织物以外任何材料制成	10	8
37024490	其他用无齿孔未曝光胶卷，105mm＜宽度≤610mm，用纸、纸板及纺织物以外任何材料制成	20	18
37025200	彩色摄影用未曝光彩色胶卷 ，宽度≤16 mm	47	NaN
37025300	幻灯片用未曝光彩色摄影胶卷，16 mm＜宽度≤35 mm，长度＜30m，用纸、纸板及纺织物以外任何材料制成	47	NaN
37025410	非幻灯片用未曝光彩色胶卷，宽度35mm，长度≤2 m，用纸、纸板及纺织物以外任何材料制成	18	16.2
37025490	非幻灯片用彩色摄影用未曝光彩色胶卷，16 mm＜宽度＜35 mm，2 m＜长度≤30m，用纸、纸板及纺织物以外任何材料制成	18	16.2
37025520	未曝光的彩色电影胶片，16mm＜ 宽度≤35mm, 长度＞30m,用纸、纸板及纺织物以外任何材料制成	26	NaN
37025590	未曝光彩色摄影用胶卷，16mm＜ 宽度≤35mm, 长度＞30m，用纸、纸板及纺织物以外任何材料制成，电影胶片除外	40	NaN
37025620	未曝光的彩色电影胶片，宽度＞35mm，用纸、纸板及纺织物以外任何材料制成	24	21.6
37025690	未曝光的彩色摄影用胶卷，宽度＞35mm，用纸、纸板及纺织物以外任何材料制成，电影胶片除外	40	NaN
37029600	未曝光非彩色胶卷，宽度≤35mm,长度≤30m，用纸、纸板及纺织物以外任何材料制成	20	18
37029700	未曝光的非彩色胶卷， 宽度≤35mm, 长度＞30m，用纸、纸板及纺织物以外任何材料制成	18	16.2
37029800	未曝光的非彩色胶卷，宽度＞35mm，用纸、纸板及纺织物以外任何材料制成	18	16.2
37031010	成卷未曝光的感光纸及纸板，宽度＞610mm	18	16.2
37031090	成卷未曝光的感光布，宽度＞610mm	18	16.2
37032010	未曝光的彩色摄影用感光纸及纸板，非成卷或宽度≤610mm	35	NaN
37032090	未曝光的彩色摄影用感光布，非成卷或宽度≤610mm	18	16.2
37039010	未曝光的非彩色摄影用感光纸及纸板，非成卷或宽度≤610mm	35	NaN
37039090	未曝光的非彩色摄影用感光布，非成卷或宽度≤610mm	18	16.2
37040010	已曝光未冲洗的电影胶片	6.5	5.2
37040090	已曝光未冲洗的摄影硬片、软片、纸、纸板及纺织物，电影胶片除外	18	16.2
37051000	已曝光已冲洗供复制胶版用摄影硬片及软片	18	16.2
37059010	已曝光已冲洗的教学专用幻灯片	0	0
37059021	书籍、报刊用的已曝光已冲洗的缩微胶片	0	0
37059029	已曝光已冲洗的缩微胶片，书籍、报刊用除外	4	0
37059090	已曝光已冲洗的其他摄影硬片及软片	18	16.2
37061010	已曝光巳冲洗的教学专用电影胶片，宽度≥35mm，不论是否配有声道或仅有声道	0	0
37061090	已曝光巳冲洗的电影胶片，宽度≥35mm，不论是否配有声道或仅有声道，教学专用除外	5	0
37069010	已曝光已冲洗的教学专用电影胶片，宽度＜35mm，不论是否配有声道或仅有声道	0	0
37069090	已曝光已冲洗的电影胶片，宽度＜35mm，不论是否配有声道或仅有声道，教学专用除外	4	0
37071000	摄影用感光乳液	8	7.2
37079010	冲洗胶卷及相片用化学制剂或摄影用未混合品（定量包装或零售包装可立即使用的）	16	14.4
37079020	复印机用化学制剂或摄影用未混合品（定量包装或零售包装可立即使用的）	10	8
37079090	其他摄影用化学制剂或摄影用未混合品（定量包装或零售包装可立即使用的）	8	7.2
38011000	人造石墨	6.5	5.85
38012000	胶态或半胶态石墨	6.5	5.2
38013000	电极用碳糊及炉衬用的类似糊	6.5	5.85
38019010	表面处理的球化石墨	6.5	5.2
38019090	其他石墨	6.5	5.2
38021010	木质活性碳	6.5	5.2
38021090	其他活性碳	6.5	5.2
38029000	活性天然矿产品；动物炭黑（包括废动物炭黑）	10	8
38030000	妥尔油,不论是否精炼	6.5	5.2
38040000	木浆残余碱液, 不论是否浓缩、脱糖或经化学处理，包括木素磺酸盐，但不包括税目38.03的妥尔油	6.5	5.2
38051000	脂松节油、木松节油和硫酸松节油	6.5	5.2
38059010	以α萜品醇为基本成分的松油,用蒸馏或其他方法从针叶木制得	6.5	5.2
38059090	粗制二聚戊烯;亚硫酸盐松节油及其他粗制对异丙基苯甲烷;其他萜烯油,用蒸馏或其他方法从针叶木制得	6.5	5.2
38061010	松香	10	8
38061020	树脂酸	10	8
38062010	松香盐及树脂酸盐	6.5	5.2
38062090	松香或树脂酸衍生物的盐，但松香加合物的盐除外	6.5	5.2
38063000	酯胶	6.5	5.2
38069000	其他松香和树脂酸的衍生物;松香精及松香油;再熔胶	6.5	5.2
38070000	木焦油；精制木焦油；木杂酚油；粗木精；植物沥青；以松香、树脂酸或植物沥青为基本成分的啤酒桶沥青及类似制品	6.5	5.2
38085010	零售包装的本章注释一规定货物	9	7.2
38085090	非零售包装的本章注释一规定货物	5	0
38089111	蚊香	10	8
38089112	生物杀虫剂	10	8
38089119	零售包装杀虫剂	10	8
38089190	非零售包装杀虫剂	6	5.4
38089210	零售包装的杀菌剂	9	8.1
38089290	非零售包装的杀菌剂	6	5.4
38089311	零售包装的除草剂	9	7.2
38089319	非零售包装的除草剂	5	4.5
38089391	零售包装抗萌剂及植物生长调节剂	9	7.2
38089399	非零售抗萌剂及植物生长调节剂	6	4.8
38089400	消毒剂	9	8.1
38089910	零售包装的杀鼠剂及其他类似产品	9	7.2
38089990	非零售包装的杀鼠剂及其他类似产品	9	7.2
38091000	以淀粉物质为基本成分，纺织、造纸、制革及类似工业用的其他税号未列名的整理剂、染料加速着色或固色助剂及其他产品和制剂	10	8
38099100	纺织工业及类似工业用其他税号未列名整理剂、染料加速着色剂或固色助剂及其他产品和制剂	6.5	5.85
38099200	造纸工业用其他税号未列名整理剂、染料加速着色剂或固色助剂及其他产品和制剂	6.5	5.2
38099300	制革工业用其他税号未列名整理剂、染料加速着色剂或固色助剂及其他产品和制剂	6.5	5.2
38101000	金属表面酸洗剂; 金属及其他材料制成的焊粉或焊膏	6.5	5.2
38109000	焊接用的焊剂及其他辅助剂；作焊条芯子或焊条涂料用的制品	6.5	5.2
38111100	以铅化合物为基本成分的抗震剂，用于矿物油或与矿物油同样用途的其他液体	6.5	5.2
38111900	抗震剂（以铅化合物为基本成分的除外），用于矿物油或与矿物油同样用途的其他液体	6.5	5.2
38112100	含有石油或从沥青矿物提取的油类的润滑油添加剂	6.5	5.2
38112900	不含石油或从沥青矿物提取的油类的润滑油添加剂	6.5	5.2
38119000	抗氧剂、防胶剂、粘度改良剂、防腐剂配制添加剂，用于矿物油或与矿物油同样用途的其他液体	6.5	5.2
38121000	配制的橡胶促进剂	6	4.8
38122000	橡胶或塑料用复合增塑剂	6.5	5.2
38123010	橡胶的防老剂	6	4.8
38123090	其他橡胶、塑料用抗氧剂及其他稳定剂	6.5	5.85
38130010	灭火器的装配药	6.5	5.2
38130020	已装药的灭火弹	10	8
38140000	其他税号未列名的有机复合溶剂及稀释剂；除漆剂	10	9
38151100	以镍及其化合物为活性物的载体催化剂	6.5	5.2
38151200	以贵金属及其化合物为活性物的载体催化剂	6.5	5.2
38151900	其他载体催化剂	6.5	5.2
38159000	其他未列名的反应引发剂、促进剂	6.5	5.85
38160000	耐火水泥、灰泥、混凝土及类似耐火材料，但税目38.01的产品除外	6.5	5.2
38170000	混合烷基苯及混合烷基萘,但税目27.07及29.02的产品除外	6.5	5.2
38180011	7.5 cm≤直径≤15.24 cm的单晶硅切片	0	0
38180019	经掺杂用于电子工业的,已切成圆片、薄片或类似形状，直径＞15.24cm的单晶硅片	0	0
38180090	经掺杂用于电子工业的化学元素, ,已切成圆片、薄片或类似形状，单晶硅片除外；经掺杂用于电子工业的化合物	0	0
38190000	闸用液压油及其他液压传动用液体，不含石油或从沥青矿物提取的油类，或者按重量计石油或从沥青矿物提取的油类含量低于70%	6.5	5.2
38200000	防冻剂及解冻剂	10	8
38210000	制成的微生物培养基	3	0
38220010	附于衬背上的诊断或实验用试剂，但税目32.02,32.06的货品除外	4	3.2
38220090	无论是否附于衬背上的诊断或实验用配制试剂，但税目32.02,32.06的货品除外	5	4
38231100	硬脂酸	16	14.4
38231200	油酸	16	14.4
38231300	妥尔油脂肪酸	16	14.4
38231900	其他工业用单羧脂肪酸;精炼所得的酸性油	16	14.4
38237000	工业用脂肪醇	13	11.7
38241000	铸模及铸芯用粘合剂	6.5	5.2
38243000	自身混合或与金属粘合剂混合的未烧结金属碳化物	6.5	5.2
38244010	高效减水剂	6.5	5.2
38244090	其他水泥、灰泥及混凝土用添加剂	6.5	5.2
38245000	非耐火的灰泥及混凝土	6.5	5.2
38246000	子目号2905.44以外的山梨醇	14	12.6
38247100	含全氯氟烃的，不论是否含氢氯氟烃、全氟烃或氢氟烃的含有甲烷、乙烷、丙烷卤化衍生物混合物	6.5	5.2
38247200	含溴氯二氟甲烷、溴三氟甲烷或二溴四氟乙烷的含有甲烷、乙烷、丙烷卤化衍生物混合物	6.5	5.2
38247300	含氢溴氟烃的含有甲烷、乙烷、丙烷卤化衍生物混合物	6.5	5.2
38247400	含氢氯氟烃的，不论是否含全氟烃或氢氟烃，但不含全氯氟烃的含有甲烷、乙烷、丙烷卤化衍生物混合物	6.5	5.2
38247500	含四氯化碳的含有甲烷、乙烷、丙烷卤化衍生物混合物	6.5	5.2
38247600	含1，1，1－三氯乙烷（甲基氯仿）的含有甲烷、乙烷、丙烷卤化衍生物混合物	6.5	5.2
38247700	含溴化甲烷（甲基溴）或溴氯甲烷的含有甲烷、乙烷、丙烷卤化衍生物混合物	6.5	5.2
38247800	含全氟烃或氢氟烃的，但不含全氯氟烃或氢氯氟烃的含有甲烷、乙烷、丙烷卤化衍生物混合物	6.5	5.2
38247900	其他含有甲烷、乙烷、丙烷卤化衍生物的混合物	6.5	5.2
38248100	含环氧乙烷的混合物及制品	6.5	5.2
38248200	含多氯联苯、多氯三联苯或多溴联苯的混合物及制品	6.5	5.2
38248300	含三（2，3－二溴丙基）磷酸酯的混合物及制品	6.5	5.2
38249010	杂醇油	6.5	5.2
38249020	除墨剂、蜡纸改正液及类似品	9	7.2
38249030	增炭剂	6.5	5.2
38249091	含滑石50％以上的混合物	6.5	5.2
38249092	按重量计含氧化镁70％以上的混合物	6.5	5.2
38249093	表层包覆钴化合物的氢氧化镍（掺杂炭）	6.5	NaN
38249099	其他税目未列名的化学工业及其相关工业的化学产品及配制品	6.5	NaN
38251000	城市垃圾	6.5	5.2
38252000	下水道淤泥	6.5	5.2
38253000	医疗废物	6.5	5.2
38254100	含卤化物的废有机溶剂	6.5	5.2
38254900	其他废有机溶剂	6.5	5.2
38255000	废的金属酸洗液、液压油、制动油及防冻液	6.5	5.2
38256100	主要含有机成分的化工及相关工业废物	6.5	5.2
38256900	其他税目未列名的化工及相关工业废物	6.5	5.2
38259000	其他税目未列名的化学工业及相关工业的副产品	6.5	5.2
38260000	生物柴油及其混合物，不含或含有按重量计低于70％的石油或从沥青矿物提取的油类	6.5	NaN
39011000	初级形状比重＜0.94的聚乙烯	6.5	5.33
39012000	初级形状比重≥0.94的聚乙烯	6.5	5.33
39013000	初级形状乙烯-乙酸乙烯酯共聚物	6.5	5.2
39019010	初级形状的乙烯丙烯共聚物(乙丙橡胶,乙烯单体单元的含量大于丙烯单体单元)	6.5	5.2
39019020	线型低密度聚乙烯	6.5	NaN
39019090	其他初级形状的乙烯聚合物	6.5	5.2
39021000	初级形状的聚丙烯	6.5	5.33
39022000	初级形状的聚异丁烯	6.5	5.2
39023010	初级形状的乙烯丙烯共聚物(乙丙橡胶丙烯单体单元的含量大于乙烯单体单元))	6.5	5.2
39023090	初级形状的其他丙烯共聚物	6.5	5.2
39029000	其他初级形状的烯烃聚合物	6.5	5.2
39031100	初级形状的可发性聚苯乙烯	6.5	5.2
39031910	初级形状的改性非可发性聚苯乙烯	6.5	5.2
39031990	初级形状的其他聚苯乙烯	6.5	5.2
39032000	初级形状苯乙烯-丙烯腈共聚物	12	10.8
39033010	初级形状的改性丙烯腈-丁二烯-苯乙烯共聚物	6.5	5.33
39033090	其它丙烯腈-丁二烯-苯乙烯共聚物	6.5	5.85
39039000	初级形状的其他苯乙烯聚合物	6.5	5.2
39041010	聚氯乙烯糊树脂	6.5	5.2
39041090	其他初级形状的纯聚氯乙烯	6.5	5.2
39042100	初级形状未塑化的聚氯乙烯	6.5	5.2
39042200	初级形状已塑化的聚氯乙烯	6.5	5.2
39043000	氯乙烯-乙酸乙烯酯共聚物	9	7.2
39044000	初级形状的其他氯乙烯共聚物	12	10.8
39045000	初级形状的偏二氯乙烯聚合物	6.5	5.2
39046100	初级形状的聚四氟乙烯	10	8
39046900	初级形状的其他氟聚合物	6.5	5.2
39049000	初级形状的其他卤化烯烃聚合物	10	8
39051200	聚乙酸乙烯酯的水分散体	10	8
39051900	其他初级形状聚乙酸乙烯酯	10	8
39052100	乙酸乙烯酯共聚物的水分散体	10	8
39052900	其他初级形状的乙酸乙烯酯共聚物	10	NaN
39053000	初级形状的聚乙烯醇（不论是否含有未水解的乙酸酯基）	14	12.6
39059100	其他乙烯酯或乙烯基的共聚物	10	8
39059900	其他乙烯酯或乙烯基的聚合物	10	8
39061000	初级形状的聚甲基丙烯酸甲酯	6.5	5.2
39069010	聚丙稀酰胺	6.5	5.2
39069090	其他初级形状的丙烯酸聚合物	6.5	5.85
39071010	初级形状的聚甲醛	6.5	5.2
39071090	其他初级形状的聚缩醛	6.5	5.2
39072010	聚四亚甲基醚二醇	6.5	5.2
39072090	其他初级形状的聚醚	6.5	5.85
39073000	初级形状的环氧树脂	6.5	5.33
39074000	初级形状的聚碳酸酯	6.5	5.85
39075000	初级形状的醇酸树脂	10	8
39076011	高粘度聚对苯二甲酸乙二酯切片	6.5	5.2
39076019	其他聚对苯二甲酸乙二酯切片	6.5	5.2
39076090	其他初级形状聚对苯二甲酸乙二酯	6.5	5.2
39077000	聚乳酸	6.5	5.2
39079100	初级形状的不饱和聚酯	6.5	5.2
39079910	聚对苯二甲酸丁二酯	6.5	5.2
39079991	聚对苯二甲酸-己二醇-丁二醇酯	6.5	5.2
39079999	其他聚酯	6.5	5.2
39081011	聚酰胺-6,6切片	6.5	5.85
39081012	聚酰胺-6切片	6.5	5.33
39081019	初级形状聚酰胺切片	6.5	5.33
39081090	其他初级形状的聚酰胺	6.5	5.85
39089000	初级形状的其他聚酰胺	10	NaN
39091000	初级形状的尿素树脂及硫尿树脂	6.5	5.2
39092000	初级形状的蜜胺树脂	6.5	5.2
39093010	聚合MDI	6.5	5.2
39093090	其他初级形状的其他氨基树脂	6.5	5.2
39094000	初级形状的酚醛树脂	6.5	5.2
39095000	初级形状的聚亚氨酯	6.5	5.2
39100000	初级形状的聚硅氧烷	6.5	5.2
39111000	初级形状的石油树脂、苯并呋喃-茚树脂、多萜树脂	6.5	5.2
39119000	其他初级形状的多硫化物、聚砜及39章注释3所规定的其他税号未列名新产品	6.5	5.2
39121100	初级形状的未塑化醋酸纤维素	6.5	5.2
39121200	初级形状的已塑化醋酸纤维素	6.5	5.2
39122000	初级形状的硝酸纤维素	6.5	5.2
39123100	初级形状的羧甲基纤维素及其盐	6.5	5.2
39123900	初级形状的其他纤维素醚	6.5	5.2
39129000	初级形状的其他未列名的纤维素(包括化学衍生物)	6.5	5.2
39131000	初级形状的藻酸及盐和酯	10	8
39139000	初级形状的其他未列名天然聚合物（包括改性天然聚合物）	6.5	5.2
39140000	初级形状的离子交换剂	6.5	5.2
39151000	乙烯聚合物的废碎料及下脚料	6.5	5.2
39152000	苯乙烯聚合物的废碎料及下脚料	6.5	5.2
39153000	氯乙烯聚合物的废碎料及下脚料	6.5	5.2
39159010	聚对苯二甲酸乙二酯的塑料废碎料及下脚料	6.5	5.85
39159090	其他塑料的废碎料及下脚料	6.5	5.85
39161000	乙烯聚合物制单丝、条、杆及型材	10	8
39162010	聚氯乙烯异型材	10	8
39162090	氯乙烯聚合物制单丝、条、杆及型材	10	8
39169010	聚酰胺制的单丝、条、杆及型材	10	8
39169090	其他塑料制单丝、条、杆及型材	10	8
39171000	硬化蛋白或纤维素材料制人造肠衣	10	8
39172100	乙烯聚合物制的硬管	10	8
39172200	丙烯聚合物制的硬管	10	8
39172300	氯乙烯聚合物制的硬管	10	8
39172900	其他塑料制的硬管	10	9
39173100	塑料制的软管	10	8
39173200	其他未装有附件的塑料制管子	6.5	5.85
39173300	其他装有附件的塑料管子	6.5	5.2
39173900	塑料制的其他管子	6.5	5.2
39174000	塑料制的管子附件	10	9
39181010	氯乙烯聚合物制糊墙品	10	8
39181090	氯乙烯聚合物制的铺地制品	10	9
39189010	其他塑料制的糊墙品	10	8
39189090	其他塑料制的铺地制品	10	8
39191010	丙烯酸树脂为基本成份的成卷胶粘板片条等，宽度≤20cm	6.5	5.2
39191091	宽度≤20cm成卷的胶囊型反光膜	6.5	5.2
39191099	其他材料制的,宽度≤20cm的其他成卷塑料胶粘板片等	6.5	5.85
39199010	其他胶囊型反光膜	6.5	5.2
39199090	其他自粘塑料板、片、膜等材料	6.5	5.2
39201010	乙烯聚合物制电池隔膜	6.5	5.2
39201090	其他乙烯聚合物制板、片、带	6.5	5.85
39202010	丙烯聚合物制电池隔膜	6.5	5.2
39202090	其他丙烯聚合物制板、片、带	6.5	5.85
39203000	非泡沫聚苯乙烯板、片、膜、箔及扁条	6.5	5.2
39204300	按重量计增塑剂含量不小于6%的聚氯乙烯板、片、膜、箔及扁条	6.5	5.2
39204900	按重量计增塑剂含量小于6%的聚氯乙烯板、片、膜、箔及扁条	6.5	5.85
39205100	聚甲基丙烯酸甲酯板片膜箔及扁条	6.5	5.2
39205900	其他丙烯酸聚合物板片膜箔及扁条	6.5	5.2
39206100	聚碳酸酯制板、片、膜、箔及扁条	6.5	5.2
39206200	聚对苯二甲酸乙二酯板片膜箔扁条	6.5	5.2
39206300	不饱和聚酯板、片、膜、箔及扁条	10	8
39206900	其他聚酯板、片、膜、箔及扁条	10	8
39207100	再生纤维素制板、片、膜、箔及扁条	6.5	5.2
39207300	醋酸纤维素制板、片、膜、箔及扁条	6.5	5.2
39207900	纤维素衍生物制板、片、膜箔及扁条	10	8
39209100	聚乙烯醇缩丁醛板、片、膜、箔及扁条	6.5	5.2
39209200	聚酰胺板、片、膜、箔及扁条	10	8
39209300	氨基树脂板、片、膜、箔及扁条	6.5	5.2
39209400	酚醛树脂板、片、膜、箔及扁条	10	8
39209910	聚四氟乙烯制的非泡沫塑料板片	6.5	5.2
39209990	其他塑料制的非泡沫塑料板片	6.5	5.2
39211100	泡沫聚苯乙烯板、片、带、箔及扁条	10	8
39211210	泡沫聚氯乙烯人造革及合成革	9	7.2
39211290	泡沫聚氯乙烯板、片、带、箔及扁条	6.5	5.85
39211310	泡沫聚氨酯制人造革及合成革	9	7.2
39211390	泡沫聚氨酯板、片、带、箔及扁条	6.5	5.2
39211400	泡沫再生纤维素板、片、膜、箔及扁条	10	8
39211910	其他泡沫塑料制人造革及合成革	9	7.2
39211990	其他泡沫塑料板、片、膜、箔及扁条	6.5	5.85
39219020	嵌有玻璃纤维的聚乙烯板、片	6.5	5.85
39219030	聚异丁烯为基本成分的附有人造毛毡的板、片、卷材	6.5	5.2
39219090	未列名塑料板、片、膜、箔及扁条	6.5	5.85
39221000	塑料浴缸、淋浴盘及盥洗盆	10	8
39222000	塑料马桶坐圈及盖	10	8
39229000	塑料便盆、抽水箱等类似卫生洁具	10	8
39231000	塑料制盒、箱及类似品	10	8
39232100	乙烯聚合物制袋及包	10	8
39232900	其他塑料制的袋及包	10	8
39233000	塑料制坛、瓶及类似品	6.5	5.2
39234000	塑料制卷轴、纡子、筒管及类似品	10	8
39235000	塑料制塞子、盖子及类似品	10	9
39239000	供运输或包装货物用其他塑料制品	10	8
39241000	塑料制餐具及厨房用具	10	8
39249000	塑料制其他家庭用具及卫生或盥洗用具	10	8
39251000	塑料制囤、柜、罐、桶及类似容器	10	8
39252000	塑料制门、窗及其框架、门槛	10	8
39253000	塑料制窗板、百叶窗及类似制品	10	8
39259000	其他未列名的建筑用塑料制品	10	8.2
39261000	办公室或学校用塑料制品	10	8
39262011	聚氯乙稀制手套（包括分指手套、连指手套及露指手套）	10	8
39262019	其他手套（包括分指手套、连指手套及露指手套）	10	8
39262090	其他塑料制衣服及衣着附件	10	8
39263000	塑料制家具、车厢及类似品的附件	10	8
39264000	塑料制小雕塑品及其他装饰品	10	8
39269010	塑料制机器及仪器用零件	10	9
39269090	其他塑料制品	10	9
40011000	天然胶乳	20	18
40012100	天然橡胶烟胶片	20	18
40012200	技术分类天然橡胶(TSNR)	20	18
40012900	其他初级形状的天然橡胶	20	18
40013000	巴拉塔胶、古塔波胶、银胶菊胶、糖胶树胶及类似的天然树胶	20	18
40021110	羧基丁苯橡胶胶乳	7.5	6
40021190	丁苯橡胶胶乳	7.5	6
40021911	初级形状未经任何加工的丁苯橡胶	7.5	6
40021912	初级形状的充油丁苯橡胶	7.5	6
40021913	初级形状的热塑丁苯橡胶	7.5	6
40021914	初级形状的充油热塑丁苯橡胶	7.5	6
40021919	初级形状的其他丁苯橡胶及羧基丁苯橡胶	7.5	6
40021990	丁苯橡胶及羧基丁苯橡胶板、片、带	7.5	6
40022010	初级形状的丁二烯橡胶	7.5	6
40022090	丁二烯橡胶板、片、带	7.5	6
40023110	初级形状的异丁烯-异戊二烯橡胶	6	4.8
40023190	异丁烯-异戊二烯橡胶板、片、带	7.5	6
40023910	初级形状的其他卤代丁基橡胶	7.5	6
40023990	卤代丁基橡胶板、片、带	7.5	6
40024100	氯丁二烯橡胶胶乳	7.5	6
40024910	初级形状的氯丁二烯橡胶	7.5	6
40024990	氯丁二烯橡胶板、片、带	7.5	6
40025100	丁腈橡胶胶乳	7.5	6
40025910	初级形状的丁腈橡胶	7.5	6
40025990	丁腈橡胶板、片、带	7.5	6
40026010	初级形状的异戊二烯橡胶	3	0
40026090	异戊二烯橡胶板、片、带	5	0
40027010	初级形状的乙丙非共轭二烯橡胶	7.5	6
40027090	乙丙非共轭二烯橡胶板、片、带	7.5	6
40028000	天然橡胶与合成橡胶的混合物	7.5	6
40029100	其他未列名的合成橡胶胶乳	7.5	6
40029911	其他初级形状的合成橡胶	7.5	6
40029919	其他合成橡胶板、片、带	7.5	6
40029990	从油类提取的油膏	4	0
40030000	初级形状或板、片、带状再生橡胶	8	6.4
40040000	橡胶(硬质橡胶除外)废碎料及下脚料及其粉、粒	8	6.4
40051000	与碳黑等混合的未硫化复合橡胶	8	6.4
40052000	未硫化的复合橡胶溶液及分散体	8	6.4
40059100	其他未硫化的复合橡胶板、片、带	8	6.4
40059900	其他未硫化的初级形状复合橡胶	8	6.4
40061000	未硫化轮胎翻新用胎面补料胎条	8	6.4
40069010	未硫化橡胶的杆、管或型材及异型材	8	6.4
40069020	未硫化橡胶制品	14	12.6
40070000	硫化橡胶线及绳	14	12.6
40081100	海绵硫化橡胶制的板、片及带	8	6.4
40081900	海绵硫化橡胶制型材、异型材及杆	8	6.4
40082100	非海绵硫化橡胶制板、片及带	8	6.4
40082900	非海绵硫化橡胶型材、异型材及杆	8	6.4
40091100	未加强或未与其他材料合制硫化橡胶管，未装有附件	10.5	9.45
40091200	未加强或未与其他材料合制硫化橡胶管，装有附件	10	8
40092100	用金属加强或只与金属合制的硫化橡胶管，未装有附件	10.5	9.45
40092200	用金属加强或只与金属合制的硫化橡胶管，装有附件	10	8
40093100	用纺织材料加强或只与纺织材料合制硫化橡胶管，未装有附件	10.5	9.45
40093200	用纺织材料加强或只与纺织材料合制硫化橡胶管，装有附件	10	8
40094100	用其他材料加强或与其他材料合制硫化橡胶管，未装有附件	10.5	9.45
40094200	用其他材料加强或与其他材料合制硫化橡胶管，装有附件	10	8
40101100	金属加强的硫化橡胶输送带及带料	10	9.166667
40101200	纺织材料加强的硫化橡胶输送带及带料	10	0
40101900	其他硫化橡胶制的输送带及带料	10	0
40103100	梯形截面的环形传动带（三角带），V形肋状的，外周长超过60厘米，但不超过180厘米	8	6.4
40103200	梯形截面的环形传动带（三角带），V形肋状的除外，外周长超过60厘米，但不超过180厘米	8	6.4
40103300	180CM＜外周长≤240CM的三角带，V形肋状的	8	6.4
40103400	180CM＜外周长≤240CM的三角带，V形肋状的除外	8	6.4
40103500	60CM＜外周长≤150CM的环形同步带	10	8
40103600	150CM＜外周长≤198CM的环形同步带	10	8
40103900	其他硫化橡胶制的传动带及带料	8	0
40111000	机动小客车用新的充气橡胶轮胎	10	8
40112000	客或货运车用新的充气橡胶轮胎	10	8
40113000	航空器用新的充气橡胶轮胎	1	0
40114000	摩托车用新的充气橡胶轮胎	15	13.5
40115000	自行车用新的充气橡胶轮胎	20	18
40116100	农业或林业车辆及机器用人字形胎面或类似胎面的新充气橡胶轮胎	17.5	15.75
40116200	辋圈尺寸不超过61CM的建筑或工业搬运车辆及机器用人字形胎面或类似胎面的新充气橡胶轮胎	17.5	15.75
40116300	辋圈>61CM建筑或工业搬运车辆及机器用人字形胎面或类似胎面的新充气橡胶轮胎	17.5	15.75
40116900	其他人字形胎面或类似胎面的新充气橡胶轮胎	17.5	15.75
40119200	农业或林业车辆及机器用非人字形胎面或类似胎面的新充气橡胶轮胎	25	NaN
40119300	辋圈尺寸不超过61CM的建筑或工业搬运车辆及机器用非人字形胎面或类似胎面的新充气橡胶轮胎	25	NaN
40119400	辋圈>61CM建筑或工业搬运车辆及机器用非人字形胎面或类似胎面的新充气橡胶轮胎	25	NaN
40119900	其他新的充气橡胶轮胎	25	NaN
40121100	机动小客车（包括旅行小客车及赛车）用翻新轮胎	20	18
40121200	机动大客车或货运机动车用翻新轮胎	20	18
40121300	航空器用翻新轮胎	20	18
40121900	其他翻新轮胎	20	18
40122010	汽车用旧的充气橡胶轮胎	25	NaN
40122090	其他用途旧的充气橡胶轮胎	25	NaN
40129010	航空器用实心或半实心橡胶轮胎	3	0
40129020	汽车用实心或半实心橡胶轮胎	22	19.8
40129090	其他用实心或半实心橡胶轮胎	22	19.8
40131000	汽车用橡胶内胎	15	13.5
40132000	自行车用橡胶内胎	15	13.5
40139010	航空器用橡胶内胎	3	0
40139090	其他用橡胶内胎	15	13.5
40141000	硫化橡胶制避孕套	0	0
40149000	硫化橡胶制其他卫生及医疗用品	17.5	15.75
40151100	硫化橡胶制外科用手套	8	6.4
40151900	硫化橡胶制其他手套	18	16.2
40159010	医疗用硫化橡胶衣着用品及附件	8	6.4
40159090	其他硫化橡胶制衣着用品及附件	15	13.5
40161010	硫化海绵橡胶制机器及仪器用零件	8	6.4
40161090	硫化海绵橡胶制其他制品	15	13.5
40169100	硫化橡胶制铺地制品及门垫	18	16.2
40169200	硫化橡胶制橡皮擦	18	16.2
40169310	硫化橡胶制机器、仪器用垫片、垫圈及其他密封垫	8	7.2
40169390	硫化橡胶制其他用垫片、垫圈、及其他密封垫	15	13.5
40169400	硫化橡胶制船舶或码头的碰垫	18	16.2
40169500	硫化橡胶制其他可充气制品	18	16.2
40169910	硫化橡胶制机器及仪器用其他零件	8	7.2
40169990	其他未列名硫化橡胶制品	10	9
40170010	各种形状的硬质橡胶(包括废碎料)	8	6.4
40170020	硬质橡胶制品	15	13.5
41012011	规定重量范围内的未剖层整张生牛皮，经逆鞣处理的	8	6.4
41012019	规定重量范围内的未剖层整张生牛皮，经逆鞣处理的除外	5	0
41012020	规定重量范围内的未剖层整张生马皮	5	0
41015011	经逆鞣处理的重量＞16公斤的整张生牛皮	8.4	6.72
41015019	重量＞16公斤的整张生牛皮，经逆鞣处理的除外	5	0
41015020	重量＞16公斤的整张生马皮	5	0
41019011	其他（包括整张或半张的背皮及腹皮）经逆鞣处理的生牛皮	8.4	6.72
41019019	其他（包括整张或半张的背皮及腹皮）生牛皮，经逆鞣处理的除外	5	0
41019020	其他（包括整张或半张的背皮及腹皮）生马皮	5	0
41021000	带毛的绵羊或羔羊生皮	7	5.6
41022110	浸酸的不带毛绵羊或羔羊生皮，经逆鞣处理的	14	12.6
41022190	浸酸的不带毛绵羊或羔羊生皮，经逆鞣处理的除外	9	7.2
41022910	其他不带毛的绵羊或羔羊生皮，经逆鞣处理的	14	12.6
41022990	其他不带毛的绵羊或羔羊生皮，经逆鞣处理的除外	7	5.6
41032000	爬行动物的生皮	9	7.2
41033000	生猪皮	9	7.2
41039011	经逆鞣处理的山羊板皮	14	12.6
41039019	山羊板皮，经逆鞣处理的除外	9	7.2
41039021	经逆鞣处理的其他山羊或小山羊皮	14	12.6
41039029	其他山羊或小山羊皮，经逆鞣处理的除外	9	7.2
41039090	其他生皮	9	7.2
41041111	全粒面未剖层或粒面剖层蓝湿牛皮	7	5.6
41041119	其他全粒面未剖层或粒面剖层湿牛皮革	8	6.4
41041120	全粒面未剖层或粒面剖层马皮革	5	0
41041911	其他蓝湿牛皮	6	4.8
41041919	其他湿牛皮革	7	5.6
41041920	其他湿马皮革	7	5.6
41044100	全粒面未剖层或粒面剖层干革（坯革）	5	0
41044910	其他机器带用干革（坯革）	5	0
41044990	其他干革（坯革）	7	5.6
41051010	蓝湿绵羊或羔羊皮	14	12.6
41051090	其他他绵羊或羔羊湿皮革	10	8
41053000	绵羊或羔羊干革（坯革）	8	6.4
41062100	山羊或小山羊皮湿革	14	12.6
41062200	山羊或小山羊皮干革（坯革）	14	12.6
41063110	蓝湿猪皮	14	12.6
41063190	其他猪皮湿革	14	12.6
41063200	猪皮干革（坯革）	14	12.6
41064000	爬行动物皮革	14	12.6
41069100	其他未列名动物皮湿革（包括蓝湿皮革）	14	12.6
41069200	其他未列名动物皮干革（坯革）	14	12.6
41071110	已鞣全粒面未剖层整张牛皮革	8	6.4
41071120	已鞣全粒面未剖层整张马皮革	5	0
41071210	已鞣粒面剖层整张牛皮革	8	6.4
41071220	已鞣粒面剖层整张马皮革	5	0
41071910	已鞣机器带用整张牛马皮革	5	0
41071990	其他已鞣整张牛马皮革	7	5.6
41079100	已鞣全粒面未剖层非整张牛马皮革	5	0
41079200	已鞣粒面剖层非整张牛马皮革	5	4
41079910	已鞣机器带用非整张牛马皮革	5	0
41079990	其他已鞣非整张牛马皮革	7	5.6
41120000	已鞣进一步加工的不带毛绵羊或羔羊皮革	8	6.4
41131000	已鞣进一步加工的不带毛山羊或小山羊皮革	14	12.6
41132000	已鞣进一步加工的不带毛猪皮革	14	12.6
41133000	已鞣进一步加工的不带毛爬行动物皮革	14	12.6
41139000	其他已鞣进一步加工的不带毛动物皮革	14	12.6
41141000	油鞣皮革	14	12.6
41142000	漆皮及层压漆皮；镀金属皮革	10	8
41151000	以皮革或皮革纤维为基本成分的再生皮革，成块、成张或成条，不论是否成卷	14	12.6
41152000	皮革或再生皮革边角料；皮革粉末	14	12.6
42010000	各种材料制成的鞍具及挽具，适合各种动物用	20	18
42021110	以皮革、再生皮革作面的衣箱	15	13.5
42021190	以皮革、再生皮革作面的箱包	10	9
42021210	以塑料或纺织材料作面的衣箱	20	18
42021290	塑料或纺织材料作面的其他箱包	20	18
42021900	其他材料制箱包	20	18
42022100	以皮革、再生皮革作面的手提包	10	9
42022200	以塑料片或纺织材料作面的手提包	10	9
42022900	以钢纸或纸板作面的手提包	20	18
42023100	以皮革、再生皮革作面的钱包等物品	10	9
42023200	以塑料或纺织品作面的钱包等物品	20	18
42023900	以钢纸或纸板作面的钱包等物品	20	18
42029100	皮革、再生皮革作面的其他容器	10	9
42029200	以塑料或纺织材料作面的其他容器	10	8
42029900	以钢纸或纸板作面的其他容器	20	16.4
42031000	皮革或再生皮革制的衣服	10	8
42032100	皮革或再生皮革制专供运动用手套	20	18
42032910	皮革或再生皮革制的劳保手套	20	18
42032990	皮革或再生皮革制的其他手套	20	18
42033010	皮革或再生皮革制腰带	10	8
42033020	皮革或再生皮革制的腰带及子弹带	10	8
42034000	皮革或再生皮革制的其他衣着附件	20	18
42050010	皮革或再生皮革制坐具套	12	10.8
42050020	机器、机械器具或其他专门技术用途的皮革或再生皮革制品	8	6.56
42050090	皮革或再生皮革的其他制品	12	10.8
42060000	肠线、肠膜、膀胱或筋腱制品	20	18
43011000	整张生水貂皮	15	13.5
43013000	阿斯特拉罕等羔羊的整张生毛皮，不论是否带头、尾或爪	20	18
43016000	整张生狐皮	20	18
43018010	整张生兔皮	20	18
43018090	整张的其他生毛皮	20	18
43019010	黄鼠狼尾	20	18
43019090	适合加工皮货用的其他未鞣头、尾、爪	20	18
43021100	已鞣未缝制的整张水貂皮	12	10.8
43021910	已鞣未缝制的贵重毛皮（貂皮、狐皮、水獭及旱獭等）	10	8
43021920	已鞣未缝制的整张兔皮	10	8
43021930	已鞣未缝制阿斯特拉罕等羔羊皮，不论是否带头、尾或爪	20	18
43021990	已鞣未缝制的其他毛皮	10	8
43022000	已鞣未缝制的头、尾、爪及其他块片	20	18
43023010	已鞣已缝制的贵重毛皮及其块、片	20	18
43023090	已鞣已缝制的其他整张毛皮及块片	20	18
43031010	毛皮衣服	23	20.7
43031020	毛皮衣着附件	18	16.2
43039000	毛皮制其他物品	18	16.2
43040010	人造毛皮	18	16.2
43040020	人造毛皮制品	18	16.2
44011000	薪柴	0	0
44012100	针叶木木片或木粒	0	0
44012200	非针叶木木片或木粒	0	0
44013100	木屑棒	0	0
44013900	其他锯末、木废料及碎片，不论是否粘结成原木段、块、片或类似形状	0	0
44021000	竹炭	10.5	9.45
44029000	木炭	10.5	9.45
44031000	用油漆、着色剂、防腐剂等处理的原木	0	0
44032010	红松和樟子松	0	0
44032020	白松（云杉和冷杉）	0	0
44032030	辐射松	0	0
44032040	落叶松	0	0
44032050	花旗松	0	0
44032090	其他针叶木	0	0
44034100	深红色红柳桉木、浅红色红柳桉木及巴栲红柳桉木原木	0	0
44034910	柚木原木	0	0
44034920	奥克曼（奥克榄）原木	0	0
44034930	龙脑香木原木	0	0
44034940	山樟（香木）原木	0	0
44034950	印加木（波罗格）原木	0	0
44034960	大干巴豆（门格里斯或康派斯）原木	0	0
44034970	异翅香木原木	0	0
44034990	其他方法处理的其他热带原木	0	0
44039100	栎木原木	0	0
44039200	山毛榉木原木	0	0
44039910	楠木原木	0	0
44039920	樟木原木	0	0
44039930	红木原木	0	0
44039940	泡桐木原木	0	0
44039950	水曲柳原木	0	0
44039960	北美硬阔叶木原木（包括樱桃木、黑胡桃木、枫木）	0	0
44039980	其他未列名的温带非针叶原木	0	0
44039990	其他未列名非针叶原木	0	0
44041000	针叶木的箍木、木劈条、木桩、木棒及类似品，木片条	8	6.4
44042000	非针叶木箍木、木劈条、木桩、木棒及类似品，木片条	8	6.4
44050000	木丝及木粉	8	6.4
44061000	未浸渍的铁道及电车道枕木	0	0
44069000	已浸渍的铁道及电车道枕木	0	0
44071010	红松和樟子松厚板材	0	0
44071020	白松（云杉和冷杉）厚板材	0	0
44071030	辐射松厚板材	0	0
44071040	花旗松厚板材	0	0
44071090	其他针叶木厚板材	0	0
44072100	桃花心木板材，经纵锯、纵切、刨切，不论是否刨平、砂光或指榫结合，厚度超过6mm	0	0
44072200	维罗蔻、细孔绿心樟、轻木板材，经纵锯、纵切、刨切，不论是否刨平、砂光或指榫结合，厚度超过6mm	0	0
44072500	深红色红柳桉木、浅红色红柳桉木及巴栲红柳桉木板材，经纵锯、纵切、刨切，不论是否刨平、砂光或指榫结合，厚度超过6mm	0	0
44072600	白柳桉木、白色红柳桉木、白色柳桉木、黄色红柳桉木及阿兰木，经纵锯、纵切、刨切，不论是否刨平、砂光或指榫结合，厚度超过6mm	0	0
44072700	卡雅楝木板材，经纵锯、纵切、刨切，不论是否刨平、砂光或指榫结合，厚度超过6mm	0	0
44072800	绿柄桑木板材，经纵锯、纵切、刨切，不论是否刨平、砂光或指榫结合，厚度超过6mm	0	0
44072910	柚木板材，经纵锯、纵切、刨切，不论是否刨平、砂光或指榫结合，厚度超过6mm	0	0
44072920	非洲桃花心木板材	0	0
44072930	波罗格板材	0	0
44072990	其他列名的热带木板材，经纵锯、纵切、刨切，不论是否刨平、砂光或指榫结合，厚度超过6mm	0	0
44079100	栎木板材，经纵锯、纵切、刨切，不论是否刨平、砂光或指榫结合，厚度超过6mm	0	0
44079200	山毛榉木板材，经纵锯、纵切、刨切，不论是否刨平、砂光或指榫结合，厚度超过6mm	0	0
44079300	枫木厚板材	0	0
44079400	樱桃木厚板材	0	0
44079500	白蜡木厚板材	0	0
44079910	樟木、楠木、红木板材，经纵锯、纵切、刨切，不论是否刨平、砂光或指榫结合，厚度超过6mm	0	0
44079920	泡桐木板材，经纵锯、纵切、刨切，不论是否刨平、砂光或指榫结合，厚度超过6mm	0	0
44079930	北美硬阔叶木（含樱桃木、枫木、黑胡桃木）厚板材	0	0
44079980	其他温带非针叶木厚板材	0	0
44079990	其他木板材，经纵锯、纵切、刨切，不论是否刨平、砂光或指榫结合，厚度超过6mm	0	0
44081011	用胶合板等多层板制的饰面用针叶木薄板，不论是否刨平、砂光或指榫结合	8	6.4
44081019	饰面用针叶木薄板，不论是否刨平、砂光或指榫结合，用胶合板等多层板制的除外	4	0
44081020	制胶合板用针叶木薄板，不论是否刨平、砂光或指榫结合	4	0
44081090	其他针叶木薄板材，不论是否刨平、砂光或指榫结合	4	0
44083111	用胶合板等多层板制的深红色红柳桉木、浅红色红柳桉木及巴栲红柳桉木制的饰面用薄板，不论是否刨平、砂光或指榫结合	10	8
44083119	深红色红柳桉木、浅红色红柳桉木及巴栲红柳桉木制的饰面用薄板，不论是否刨平、砂光或指榫结合，用胶合板等多层板制的除外	4	0
44083120	深红色红柳桉木、浅红色红柳桉木及巴栲红柳桉木制的胶合板用薄板，不论是否刨平、砂光或指榫结合	4	0
44083190	深红色红柳桉木、浅红色红柳桉木及巴栲红柳桉木制的其他薄板，不论是否刨平、砂光或指榫结合	4	0
44083911	用胶合板等多层板制的其他列名的热带木制的饰面用薄板，不论是否刨平、砂光或指榫结合	10	8
44083919	其他列名的热带木制的饰面用薄板，不论是否刨平、砂光或指榫结合，用胶合板等多层板制的除外	4	0
44083920	其他列名热带木制的胶合板用薄板，不论是否刨平、砂光或指榫结合	4	0
44083990	其他列名的热带木制的其他薄板材，不论是否刨平、砂光或指榫结合	4	0
44089011	用胶合板等多层板制的其他木制饰面用薄板，不论是否刨平、砂光或指榫结合	4	0
44089012	温带非针叶木制饰面用单板	3	0
44089013	竹制饰面用单板	4	0
44089019	其他木制饰面用薄板，不论是否刨平、砂光或指榫结合，用胶合板等多层板制的除外	3	0
44089021	其他温带非针叶木制胶合板用单板	3	0
44089029	其他木制胶合板用单板	3	0
44089091	其他温带非针叶木制木材	3	0
44089099	其他木材	3	0
44091010	针叶木地板条（块）	7.5	6
44091090	一边或面制成连续形状的针叶木材，不论是否刨平、砂光或指榫结合	7.5	6
44092110	竹制地板条	4	0
44092190	一边或面制成连续形状的竹材，不论是否刨平、砂光或指榫结合	4	0
44092910	其他非针叶木地板条	4	0
44092990	一边或面制成连续形状的其他非针叶木材，不论是否刨平、砂光或指榫结合	4	0
44101100	木制碎料板	4	0
44101200	木制定向刨花板	4	0
44101900	木制其他材料板	4	3.2
44109011	麦稻秸秆制碎料板	7.5	NaN
44109019	其他类似木质碎料板	7.5	NaN
44109090	类似木质碎料的木质材料板	7.5	NaN
44111211	厚度不超过5毫米的中密度木纤维板，密度超过每立方厘米0.8克，未经机械加工或盖面的	4	0
44111219	厚度不超过5毫米的中密度木纤维板，密度超过每立方厘米0.8克，经机械加工或盖面的	7.5	6
44111221	辐射松制的厚度不超过5毫米的中密度木纤维板，密度超过每立方厘米0.5克，但未超过每立方厘米0.8克	4	0
44111229	其他厚度不超过5毫米的中密度木纤维板，密度超过每立方厘米0.5克，但未超过每立方厘米0.8克	4	0
44111291	厚度不超过5毫米的其他中密度木纤维板，未经机械加工或盖面的	7.5	6
44111299	厚度不超过5毫米的其他中密度木纤维板，经机械加工或盖面的	4	0
44111311	厚度超过5毫米但未超过9毫米的中密度木纤维板，密度超过每立方厘米0.8克，未经机械加工或盖面的	4	0
44111319	厚度超过5毫米但未超过9毫米的中密度木纤维板，密度超过每立方厘米0.8克，经机械加工或盖面的	7.5	6.15
44111321	辐射松制的厚度超过5毫米但未超过9毫米的中密度木纤维板，密度超过每立方厘米0.5克，但未超过每立方厘米0.8克	4	0
44111329	其他厚度超过5毫米但未超过9毫米的中密度木纤维板，密度超过每立方厘米0.5克，但未超过每立方厘米0.8克	4	0
44111391	厚度超过5毫米但未超过9毫米的其他中密度木纤维板，未经机械加工或盖面的	7.5	6
44111399	厚度超过5毫米但未超过9毫米的其他中密度木纤维板，经机械加工或盖面的	4	0
44111411	厚度超过9毫米的中密度木纤维板，密度超过每立方厘米0.8克，未经机械加工或盖面的	4	0
44111419	厚度超过9毫米的中密度木纤维板，密度超过每立方厘米0.8克，经机械加工或盖面的	7.5	6.15
44111421	辐射松制的厚度超过9毫米的中密度木纤维板，密度超过每立方厘米0.5克，但未超过每立方厘米0.8克	4	0
44111429	其他厚度超过9毫米的中密度木纤维板，密度超过每立方厘米0.5克，但未超过每立方厘米0.8克	4	0
44111491	厚度超过9毫米的其他中密度木纤维板，未经机械加工或盖面的	7.5	6
44111499	厚度超过9毫米的其他中密度木纤维板，经机械加工或盖面的	4	0
44119210	其他木纤维板，密度超过每立方厘米0.8克，未经机械加工或盖面的	4	0
44119290	其他木纤维板，密度超过每立方厘米0.8克，经机械加工或盖面的	7.5	6
44119310	辐射松制的其他木纤维板，密度超过每立方厘米0.5克，但未超过每立方厘米0.8克	4	0
44119390	其他木纤维板，密度超过每立方厘米0.5克，但未超过每立方厘米0.8克	4	0
44119410	其他木纤维板，密度超过每立方厘米0.35克，但未超过每立方厘米0.5克	7.5	6
44119421	其他木纤维板，密度未超过每立方厘米0.35，未经机械加工或盖面的	7.5	6
44119429	其他木纤维板，密度未超过每立方厘米0.35，经机械加工或盖面的	4	0
44121011	至少有一表层为热带木的竹胶合板	12	10.8
44121019	其他仅由薄板制竹胶合板	4	0
44121020	竹面多层板	10	8
44121091	至少一层为热带木的竹面多层板	8	6.4
44121092	至少一层为木碎板的竹面多层板	10	8
44121099	其他竹面多层板	4	0
44123100	其他至少有一表层为热带木薄板制的胶合板	12	10.8
44123210	其他至少有一表层为温带非针叶木单板制的胶合板	4	0
44123290	其他至少有一表层为非针叶木单板制的胶合板	4	0
44123900	其他仅由薄木板制胶合板	4	0
44129410	木块芯胶合板，侧板条芯胶合板及板条芯胶合板，至少有一表层是非针叶木	10	8
44129491	木块芯胶合板，侧板条芯胶合板及板条芯胶合板，至少有一层是热带木	8	6.4
44129492	木块芯胶合板，侧板条芯胶合板及板条芯胶合板，至少含有一层木碎料	10	8
44129499	其他木块芯胶合板，侧板条芯胶合板及板条芯胶合板	4	0
44129910	至少有一表层是非针叶木的其他木面多层板	10	8
44129991	至少有一层是热带木的其他木面多层板	8	6.4
44129992	至少含有一层木碎料板的其他木面多层板	10	8
44129999	其他木面多层板	4	0
44130000	强化木	6	4.8
44140010	辐射松制的画框、相框、镜框及类似品	20	NaN
44140090	其他木制的画框、相框、镜框及类似品	20	NaN
44151000	木箱及类似的包装容器；电缆卷筒	7.5	6
44152010	辐射松制的木托板、箱形托盘及其他装载用木板;辐射松制制的托盘护框	7.5	NaN
44152090	其他木托板、箱形托盘及其他装载用木板;其他木制的托盘护框	7.5	NaN
44160010	辐射松制的大桶、琵琶桶、盆和其他辐射松制箍桶及其零件，包括桶板	16	NaN
44160090	其他木制大桶、琵琶桶、盆和其他木制箍桶及其零件，包括桶板	16	NaN
44170010	辐射松制的工具、工具支架、工具柄、扫帚及刷子的身及柄;辐射松制鞋靴楦及楦头	16	NaN
44170090	其他木制的工具、工具支架、工具柄、扫帚及刷子的身及柄;木制鞋靴楦及楦头	16	NaN
44181010	辐射松制的窗、法兰西式（落地）窗及其框架	4	NaN
44181090	其他木制的窗、法兰西式（落地）窗及其框架	4	NaN
44182000	木门及其框架和门槛	4	0
44184000	水泥构件的木模板	4	0
44185000	木瓦及盖屋板	7.5	6
44186000	柱和梁	4	0
44187100	已拼装的马赛克地板	4	0
44187210	竹制已拼装的多层地板	4	0
44187290	其他已拼装的多层地板	4	0
44187910	竹制已拼装的地板	4	0
44187990	其他已拼装的地板	4	0
44189010	竹制建筑用制品	4	0
44189090	其他建筑用木工制品	4	0
44190031	木制一次性筷子	0	0
44190032	竹制一次性筷子	0	0
44190091	竹制其他餐具及厨房用具	0	0
44190099	其他木制餐具及厨房用具	0	0
44201011	木刻	0	0
44201012	竹刻	0	0
44201020	木扇	0	0
44201090	其他木制小雕像及其他装饰品	0	0
44209010	镶嵌木	0	0
44209090	木盒子及类似品;非落地式木家具	0	0
44211000	木衣架	0	0
44219010	木卷轴、纡子、筒管、线轴及类似品	0	0
44219021	木制园签、园棒、冰果棒、压舌片及类似一次性制品	0	0
44219022	竹制园签、园棒、冰果棒、压舌片及类似一次性制品	0	0
44219090	其他未列名的木制品	0	0
45011000	未加工或简单加工的天然软木	6	4.8
45019010	软木废料	0	0
45019020	软木废料及碎、粒、粉状的软木	0	0
45020000	除去表皮或粗切成方形或成块、板、片或条状的天然软木	8	6.4
45031000	天然软木塞子	8	6.4
45039000	其他天然软木制品	10.5	9.45
45041000	块、板、片及条状压制软木；任何形状的砖、瓦；实心圆柱体，包括原片	8.4	6.72
45049000	其他压制软木及其制品	0	0
46012100	竹制的席子、席料、帘子	9	7.2
46012200	藤制的席子、席料及帘子	9	7.2
46012911	蔺草制的席子、席料及帘子	9	7.2
46012919	其他草制的席子、席料及帘子	9	7.2
46012921	苇帘	9	7.2
46012929	芦苇制的席子、席料	9	7.2
46012990	其他植物材料制席子、席料及帘子	9	7.2
46019210	竹缏条及类似产品，不论是否缝合成宽条	9	7.2
46019290	其他竹编结产品	9	7.2
46019310	藤缏条及类似产品，不论是否缝合成宽条	9	7.2
46019390	其他藤编结产品	9	7.2
46019411	稻草制的鞭条（绳）	10	8
46019419	稻草制的其他编结材料产品	10	8
46019491	其他植物编结材料的缏条及类似产品，不论是否缝合成宽条	9	7.2
46019499	其他植物编结材料产品	9	7.2
46019910	其他非植物编结材料的缏条及类似产品，不论是否缝合成宽条	9	7.2
46019990	其他非植物编结材料产品	9	7.2
46021100	竹编制的篮筐及其他制品	9	7.2
46021200	藤编制的篮筐及其他制品	9	7.2
46021910	草编制的篮筐及其他制品	9	7.2
46021920	玉米皮编制的篮筐及其他制品	9	7.2
46021930	柳条编制的篮筐及其他制品	9	7.2
46021990	其他植物材料编制篮筐及其他制品	9	7.2
46029000	其他编结材料制品及其他制品	9	7.2
47010000	机械木浆	0	0
47020000	化学木浆，溶解级	0	0
47031100	未漂白针叶木碱木浆或硫酸盐木浆	0	0
47031900	未漂白非针叶木碱木浆或硫酸盐木浆	0	0
47032100	漂白针叶木碱木浆或硫酸盐木浆	0	0
47032900	漂白非针叶木碱木浆或硫酸盐木浆	0	0
47041100	未漂白的针叶木亚硫酸盐木浆	0	0
47041900	未漂白的非针叶木亚硫酸盐木浆	0	0
47042100	漂白的针叶木亚硫酸盐木浆	0	0
47042900	漂白的非针叶木亚硫酸盐木浆	0	0
47050000	半化学木浆	0	0
47061000	棉短绒纸浆	0	0
47062000	从回收纸或纸板提取的纤维浆	0	0
47063000	竹浆	0	0
47069100	其他纤维状纤维素机械浆	0	0
47069200	其他纤维状纤维素化学浆	0	0
47069300	用机械和化学联合法制得的浆	0	0
47071000	未漂白牛皮、瓦楞纸或纸板废碎品	0	0
47072000	漂白化学木浆制的未经本体染色纸和纸板废碎品	0	0
47073000	机械木浆制的纸或纸板的废碎品	0	0
47079000	其他回收纸或纸板	0	0
48010000	成卷或成张的新闻纸	5	NaN
48021010	宣纸	7.5	NaN
48021090	其他手工制纸及纸板	7.5	NaN
48022010	照相原纸	7.5	NaN
48022090	光敏、热敏、电敏纸，纸板的原纸、板	7.5	NaN
48024000	墙壁纸原纸	7.5	NaN
48025400	书写、印刷等用未涂布薄纸及纸板，不含用机械方法制得的纤维或所含前述纤维不超过全部纤维重量的10%	7.5	NaN
48025500	其他书写印刷等用未涂中厚纸(板) ，不含用机械方法制得的纤维或所含前述纤维不超过全部纤维重量的10%，成卷	5	NaN
48025600	书写、印刷等用未涂布中厚纸及纸板，不含用机械方法制得的纤维或所含前述纤维不超过全部纤维重量的10%，成张，一边≤435mm，另一边≤297mm	5	NaN
48025700	其他书写印刷等用未涂中厚纸(板) ，不含用机械方法制得的纤维或所含前述纤维不超过全部纤维重量的10%，其他成张	5	NaN
48025800	书写、印刷等用未涂布厚纸及纸板，不含用机械方法制得的纤维或所含前述纤维不超过全部纤维重量的10%	5	NaN
48026110	其他书写、印刷等用未涂布纸及纸板，所含用机械方法制得的纤维超过全部纤维重量的10%，成卷的新闻纸	7.5	NaN
48026190	其他书写、印刷等用未涂布纸及纸板，所含用机械方法制得的纤维超过全部纤维重量的10%，成卷的其他纸	5	NaN
48026200	其他书写、印刷等用未涂布纸及纸板，所含用机械方法制得的纤维超过全部纤维重量的10%，成张的，一边≤435mm、另一边≤297mm（以未折叠计）	5	NaN
48026910	其他书写、印刷等用未涂布纸及纸板，所含用机械方法制得的纤维超过全部纤维重量的10%，成张的新闻纸	7.5	NaN
48026990	其他书写、印刷等用未涂布纸及纸板，所含用机械方法制得的纤维超过全部纤维重量的10%，成张的其他纸	5	NaN
48030000	卫生纸、面巾纸、餐巾纸及类似纸	7.5	NaN
48041100	成卷或成张的未经涂布未漂白的牛皮挂面纸	5	NaN
48041900	成卷或成张的未经涂布的漂白的牛皮挂面纸	5	NaN
48042100	未漂白的袋用牛皮纸	5	NaN
48042900	漂白的袋用牛皮纸	5	NaN
48043100	未漂白的其他薄牛皮纸及纸板	2	NaN
48043900	漂白的薄牛皮纸及纸板	2	NaN
48044100	未漂白的其他中厚牛皮纸及纸板	2	NaN
48044200	本体均匀漂白的中厚牛皮纸及纸板	5	NaN
48044900	其他漂白的中厚牛皮纸及纸板	2	NaN
48045100	未漂白的其他厚牛皮纸及纸板	2	NaN
48045200	本体均匀漂白的厚牛皮纸及纸板	5	NaN
48045900	其他漂白的厚牛皮纸及纸板	2	NaN
48051100	半化学的瓦楞纸(瓦楞原纸)	7.5	NaN
48051200	草浆瓦楞原纸	7.5	NaN
48051900	其他瓦楞原纸	7.5	NaN
48052400	薄强韧箱纸板	7.5	NaN
48052500	厚强韧箱纸板	7.5	NaN
48053000	亚硫酸盐包装纸	7.5	NaN
48054000	滤纸及纸板	7.5	NaN
48055000	毡纸及纸板	7.5	NaN
48059110	每平方米重量在150克及以下的电解电容器原纸	7.5	NaN
48059190	每平方米重量在150克及以下的薄纸及纸板	7.5	NaN
48059200	其他未经涂布中厚纸及纸板	7.5	NaN
48059300	其他未经涂布厚纸及纸板	7.5	NaN
48061000	植物羊皮纸	7.5	NaN
48062000	防油纸	7.5	NaN
48063000	描图纸	7.5	NaN
48064000	高光泽透明或半透明纸	7.5	NaN
48070000	成卷或成张的复合纸及纸板，未经表面涂布或未浸渍	7.5	NaN
48081000	瓦楞纸及纸板	7.5	6.15
48084000	皱纹牛皮纸	7.5	NaN
48089000	其他皱纹纸及纸板、纹纸及纸板	7.5	NaN
48092000	大张(卷)的自印复写纸	7.5	NaN
48099000	其他大张(卷)的拷贝纸或转印纸	7.5	NaN
48101300	涂无机物书写(印刷)纸(板) ，不含用机械方法制得的纤维或所含前述纤维不超过全部纤维重量的10%，成卷的	5	NaN
48101400	涂无机物书写(印刷)纸(板) ，不含用机械方法制得的纤维或所含前述纤维不超过全部纤维重量的10%，成张的，一边≤435mm，另一边≤297mm（以未折叠计）	5	NaN
48101900	其他涂无机物书写(印刷)纸(板) ，不含用机械方法制得的纤维或所含前述纤维不超过全部纤维重量的10%，成张的	5	NaN
48102200	轻质涂布无机物的书写、印刷纸，所含用机械方法制得的纤维超过全部纤维重量的10%	5	NaN
48102900	其他涂无机物的书写、印刷纸及纸板，所含用机械方法制得的纤维超过全部纤维重量的10%	5	NaN
48103100	涂无机物的薄漂白牛皮纸及纸板，书写、印刷或类似用途的除外	5	NaN
48103200	涂无机物的厚漂白牛皮纸及纸板，书写、印刷或类似用途的除外	5	NaN
48103900	涂无机物的其他牛皮纸及纸板，书写、印刷或类似用途的除外	5	NaN
48109200	其他涂无机物的多层纸及纸板	5	NaN
48109900	其他涂无机物的纸及纸板	7.5	NaN
48111000	焦油纸及纸板、沥青纸及纸板	7.5	NaN
48114100	自粘的胶粘纸及纸板	7.5	NaN
48114900	其他胶粘纸及纸板	7.5	NaN
48115110	漂白的彩色相纸用双面涂塑厚纸	7.5	NaN
48115190	漂白的其他涂、浸、盖厚纸及纸板	7.5	NaN
48115910	绝缘纸及纸板	7.5	NaN
48115991	镀铝的用塑料涂布、浸渍的其他纸及纸板	7.5	NaN
48115999	其他用塑料涂布、浸渍的其他纸及纸板	7.5	NaN
48116010	用蜡或油等涂布的绝缘纸及纸板	7.5	NaN
48116090	用蜡或油等涂布的其他纸及纸板	7.5	NaN
48119000	其他经涂布、浸渍、覆盖的纸及纸板	7.5	NaN
48120000	纸浆制的滤块、滤板及滤片	7.5	NaN
48131000	成小本或管状的卷烟纸	7.5	NaN
48132000	宽度≤5cm成卷的卷烟纸	7.5	NaN
48139000	其他卷烟纸	7.5	NaN
48142000	用塑料涂面或盖面的壁纸及类似品	7.5	NaN
48149000	其他壁纸及类似品；窗用透明纸	7.5	NaN
48162000	小卷(张)自印复写纸	7.5	NaN
48169010	小卷(张)热敏转印纸	7.5	NaN
48169090	小卷(张)胶印版纸及其他拷贝纸或	7.5	NaN
48171000	信封	7.5	NaN
48172000	封缄信片、素色明信片及通信卡片	7.5	NaN
48173000	纸或纸板制的盒子、袋子及夹子	7.5	NaN
48181000	小卷(张)卫生纸	7.5	NaN
48182000	小卷(张)纸手帕及纸面巾	7.5	NaN
48183000	小卷(张)纸台布及纸餐巾	7.5	NaN
48185000	纸制衣服及衣着附件	7.5	6
48189000	纸床单及类似家庭、卫生、医院用品	7.5	NaN
48191000	瓦楞纸或纸板制的箱、盒、匣	5	NaN
48192000	非瓦楞纸或纸板制可折叠箱、盒、匣	5	NaN
48193000	底宽≥40cm的纸袋	7.5	6
48194000	其他纸袋	7.5	NaN
48195000	其他纸包装容器	7.5	NaN
48196000	纸卷宗盒、信件盘、存储盒及类似品	7.5	NaN
48201000	登记本、帐本、笔记本、定货本、收据本、信笺本、记事本、日记本及类似品	7.5	NaN
48202000	练习本	7.5	NaN
48203000	纸制活动封面、文件夹及卷宗皮	7.5	NaN
48204000	多联商业表格纸、页间夹有复写纸的本	7.5	6
48205000	纸制样品簿及粘贴簿	7.5	NaN
48209000	其他纸制文具用品，书籍封面	7.5	NaN
48211000	纸或纸板印制的各种标签	7.5	NaN
48219000	纸或纸板制的其他各种标签	7.5	NaN
48221000	纺织纱线用纸制的筒管、卷轴、纡子	7.5	NaN
48229000	纸制的其他筒管、卷轴、纡子	7.5	NaN
48232000	切成形的滤纸及纸板	7.5	NaN
48234000	已印制的自动记录器用打印纸	7.5	NaN
48236100	竹浆纸、纸板制的盘、碟、盆、杯及类似品	7.5	6
48236910	非木植物浆制	7.5	6
48236990	其他纸或纸板制的盘、碟、盆、杯及类似品	7.5	6
48237000	压制或模制纸浆制品	7.5	NaN
48239010	以纸或纸板为底制成的铺地制品	7.5	6
48239020	神纸及类似用品	7.5	6
48239030	纸扇	7.5	6
48239090	其他纸及纸制品	7.5	NaN
49011000	单张的书籍、小册子及类似印刷品	0	0
49019100	字典、百科全书	0	0
49019900	其他书籍、小册子及类似的印刷品	0	0
49021000	每周至少出版四次的报纸、杂志	0	0
49029000	其他报纸、杂志及期刊	0	0
49030000	儿童图画书、绘画或涂色书	0	0
49040000	乐谱原稿或印本	0	0
49051000	地球仪、天体仪	0	0
49059100	成册的各种印刷的地图及类似图表	0	0
49059900	其他各种印刷的地图及类似图表	0	0
49060000	设计图纸原稿或手稿及其复制件	0	0
49070010	指运国流通新发行未使用的邮票	7.5	6
49070020	钞票	0	0
49070030	证券凭证	0	0
49070090	指运国流通新发行未使用的印花税票及类似票证；印有邮票或印花税票的纸品；空白支票	7.5	6
49081000	釉转印贴花纸	7.5	6
49089000	其他转印贴花纸	7.5	6
49090010	印刷或有图画的明信片	7.5	6
49090090	其他致贺或通告卡片	7.5	6
49100000	印刷的各种日历，包括日历芯	7.5	6.75
49111010	无商业价值的广告品及类似印刷品	0	0
49111090	其他商业广告品及类似印刷品	7.5	6.75
49119100	印刷的图片、设计图样及照片	7.5	6
49119910	纸质的其他印刷品	7.5	6.15
49119990	其他印刷品	7.5	6.15
50010010	适于缫丝的桑蚕茧	6	4.8
50010090	适于缫丝的其他蚕茧	6	4.8
50020011	厂丝	9	7.2
50020012	土丝	9	7.2
50020013	双宫丝	9	7.2
50020019	其他未加捻桑蚕丝	9	7.2
50020020	未加捻柞蚕丝	9	7.2
50020090	未加捻其他生丝	9	7.2
50030011	下茧、茧衣、长吐、滞头	9	7.2
50030012	回收纤维	9	7.2
50030019	其他	9	7.2
50030091	绵球	9	7.2
50030099	其他	9	7.2
50040000	非供零售用丝纱线	6	4.8
50050010	非供零售用绸丝纱线	6	4.8
50050090	非供零售用其他绢纺纱线	6	4.8
50060000	零售用丝纱线、绢纺纱线；蚕胶丝	6	4.8
50071010	未漂白或漂白的绸丝机织物	10	8
50071090	其他绸丝机织物	10	8
50072011	未漂白或漂白的纯桑蚕丝机织物	10	8
50072019	其他纯桑蚕丝机织物	10	8
50072021	未漂白或漂白的纯柞蚕丝机织物	10	8
50072029	其他纯柞蚕丝机织物	10	8
50072031	未漂白或漂白的纯绢丝机织物	10	8
50072039	其他纯绢丝机织物	10	8
50072090	其他纯丝机织物	10	8
50079010	未漂白或漂白其他丝机织物	10	8
50079090	其他丝机织物	10	8
51011100	未梳的含脂剪羊毛	38	NaN
51011900	未梳的其他含脂羊毛	38	NaN
51012100	未梳的脱脂剪羊毛(未碳化)	38	NaN
51012900	未梳的其他脱脂羊毛(未碳化)	38	NaN
51013000	未梳碳化羊毛	38	NaN
51021100	未梳喀什米尔山羊毛	9	7.2
51021910	未梳兔毛	9	7.2
51021920	未梳其他山羊绒	9	7.2
51021930	未梳骆驼毛、骆驼绒	9	7.2
51021990	未梳的其他动物细毛	9	7.2
51022000	未梳的动物粗毛	9	7.2
51031010	羊毛落毛	38	NaN
51031090	其他动物细毛落毛	9	7.2
51032010	羊毛废料	13.5	12.15
51032090	其他动物细毛废料	9	7.2
51033000	动物粗毛废料	9	7.2
51040010	羊毛回收纤维	15	13.5
51040090	其他动物细毛或粗毛的回收纤维	5	0
51051000	粗梳羊毛	38	NaN
51052100	精梳羊毛片毛	38	NaN
51052900	羊毛条及其他精梳羊毛	38	NaN
51053100	已梳喀什米尔山羊毛	5	0
51053910	已梳兔毛	5	0
51053921	已梳无毛山羊绒	5	0
51053929	其他已梳山羊绒	5	0
51053990	其他已梳动物细毛	5	0
51054000	已梳动物粗毛	5	0
51061000	非供零售用粗梳纯羊毛纱线	5	0
51062000	非供零售用粗梳混纺羊毛纱线	5	0
51071000	非供零售用精梳纯羊毛纱线	5	0
51072000	非供零售用精梳混纺羊毛纱线	5	0
51081011	按重量计山羊绒的含量在85%及以上的非供零售用的粗梳纱线	5	0
51081019	按重量计其他动物细毛含量在85%及以上的非供零售用的粗梳纱线	5	0
51081090	按重量计动物细毛含量在85%以下的非供零售用的粗梳纱线	5	0
51082011	按重量计山羊绒含量在85%及以上的非供零售用的精梳纱线	5	0
51082019	按重量计其他动物细毛含量在85%及以上的非供零售用的精梳纱线	5	0
51082090	按重量计动物细毛含量在85%以下的非供零售用的精梳纱线	5	0
51091011	按重量计山羊绒含量在85%及以上的供零售用的纱线	6	4.8
51091019	按重量计其他动物细毛含量在85%及以上的供零售用的纱线	6	4.8
51091090	按重量计羊毛含量在85%及以上的供零售用的纱线	6	4.8
51099011	供零售用的其他山羊绒纱线	6	4.8
51099019	供零售用的其他动物细毛纱线	6	4.8
51099090	供零售用的羊毛纱线	6	4.8
51100000	动物粗毛或马毛的纱线	6	4.8
51111111	按重量计山羊绒含量在85%及以上，每平方米重量不超过300克的山羊绒机织物	10	8
51111119	按重量计其他动物细毛含量在85%及以上，每平方米重量不超过300克的其他动物细毛机织物	10	8
51111190	按重量计羊毛含量在85%及以上，每平方米重量不超过300克的羊毛机织物	10	8
51111911	按重量计山羊绒含量在85%及以上，每平方米重量超过300克的山羊绒的机织物	10	8
51111919	按重量计其他动物细毛含量在85%及以上，每平方米超过300克的其他动物细毛机织物	10	8
51111990	按重量计羊毛含量在85%及以上，每平方米超过300克的羊毛机织物	10	8
51112000	与化纤长丝混纺粗梳毛布	10	8
51113000	与化纤短纤混纺粗梳毛布	10	8
51119000	与其他纤维混纺的粗梳毛布	10	8
51121100	重量≤200g/平米精梳全毛布	10	8
51121900	重量＞200g/平米精梳全毛布	10	8
51122000	与化纤长丝混纺精梳毛布	10	8
51123000	与化纤短纤混纺精梳毛布	10	8
51129000	与其他纤维混纺精梳毛布	10	8
51130000	动物粗毛或马毛机织物	10	8
52010000	未梳的棉花	40	NaN
52021000	废棉纱线	10	8
52029100	棉的回收纤维	10	8
52029900	其他废棉	10	8
52030000	已梳的棉花	40	NaN
52041100	非供零售用全棉缝纫线	5	0
52041900	非供零售用其他棉缝纫线	5	0
52042000	零售用棉制缝纫线	5	0
52051100	非零售粗梳粗支纯棉单纱	5	0
52051200	非零售粗梳中支纯棉单纱	5	0
52051300	非零售粗梳细支纯棉单纱	5	0
52051400	非零售粗梳较细支纯棉单纱	5	0
52051500	非零售粗梳特细支纯棉单纱	5	0
52052100	非零售精梳粗支纯棉单纱	5	0
52052200	非零售精梳中支纯棉单纱	5	0
52052300	非零售精梳细支纯棉单纱	5	0
52052400	非零售精梳较细支纯棉单纱	5	0
52052600	非零售精梳较特细支纯棉单纱	5	0
52052700	非零售精梳特细支纯棉单纱	5	0
52052800	非零售精梳超细支纯棉单纱	5	0
52053100	非零售粗梳粗支纯棉多股纱	5	0
52053200	非零售粗梳中支纯棉多股纱	5	0
52053300	非零售粗梳细支纯棉多股纱	5	0
52053400	非零售粗梳较细支纯棉多股纱	5	0
52053500	非零售粗梳特细支纯棉多股纱	5	0
52054100	非零售精梳粗支纯棉多股纱	5	0
52054200	非零售精梳中支纯棉多股纱	5	4
52054300	非零售精梳细支纯棉多股纱	5	0
52054400	非零售精梳较细支纯棉多股纱	5	0
52054600	非零售精梳较特细支纯棉多股纱	5	0
52054700	非零售精梳特细支纯棉多股纱	5	0
52054800	非零售精梳超细支纯棉多股纱	5	0
52061100	非零售粗梳粗支混纺棉单纱	5	0
52061200	非零售粗梳中支混纺棉单纱	5	0
52061300	非零售粗梳细支混纺棉单纱	5	0
52061400	非零售粗梳较细支混纺棉单纱	5	0
52061500	非零售粗梳特细支混纺棉单纱	5	0
52062100	非零售精梳粗支混纺棉单纱	5	0
52062200	非零售精梳中支混纺棉单纱	5	0
52062300	非零售精梳细支混纺棉单纱	5	0
52062400	非零售精梳较细支混纺棉单纱	5	0
52062500	非零售精梳特细支混纺棉单纱	5	0
52063100	非零售粗梳粗支混纺棉多股纱	5	0
52063200	非零售粗梳中支混纺棉多股纱	5	0
52063300	非零售粗梳细支混纺棉多股纱	5	0
52063400	非零售粗梳较细混纺棉多股纱	5	0
52063500	非零售粗梳特细混纺棉多股纱	5	0
52064100	非零售精梳粗支混纺棉多股纱	5	0
52064200	非零售精梳中支混纺棉多股纱	5	0
52064300	非零售精梳细支混纺棉多股纱	5	0
52064400	非零售精梳较细混纺棉多股纱	5	0
52064500	非零售精梳特细混纺棉多股纱	5	0
52071000	供零售用纯棉纱线	6	4.8
52079000	供零售用混纺棉纱线	6	4.8
52081100	未漂白轻质全棉平纹布	10	8
52081200	未漂白较轻质全棉平纹布	10	8
52081300	未漂白轻质全棉三、四线斜纹布	10	8
52081900	未漂白轻质其他全棉机织物	10	8
52082100	漂白的轻质全棉平纹布	10	8
52082200	漂白的较轻质全棉平纹布	10	8
52082300	漂白的轻质全棉三、四线斜纹布	12	9.84
52082900	漂白的轻质其他全棉机织物	10	8
52083100	染色的轻质全棉平纹布	10	8
52083200	染色的较轻质全棉平纹布	10	8
52083300	染色的轻质全棉三、四线斜纹布	10	8
52083900	染色的轻质其他全棉机织物	10	8
52084100	色织的轻质全棉平纹布	10	9
52084200	色织的较轻质全棉平纹布	10	9
52084300	色织的轻质全棉三、四线斜纹布	10	9
52084900	色织的轻质其他全棉机织物	10	8
52085100	印花的轻全棉平纹布	10	8
52085200	印花的较轻全棉平纹布	10	8
52085910	印花的轻质全棉三、四线斜纹布	10	8
52085990	印花的轻质其他全棉机织物	10	8
52091100	未漂白重质全棉平纹布	10	8
52091200	未漂白重质全棉三、四线斜纹布	10	8
52091900	未漂白重质其他全棉机织物	10	8
52092100	漂白的重质全棉平纹布	12	10.8
52092200	漂白的重质全棉三、四线斜纹布	12	10.8
52092900	漂白的重质其他全棉机织物	12	10.8
52093100	染色的重质全棉平纹布	10	8
52093200	染色的重质全棉三、四线斜纹布	10	8
52093900	染色的重质其他全棉机织物	10	8
52094100	色织的重质全棉平纹布	10	8
52094200	色织的重质全棉粗斜纹布(劳动布)	10	8
52094300	其他三线或四线斜纹机织物，包括双面斜纹机织物	10	8
52094900	色织的重质其他全棉机织物	10	8
52095100	印花的重质全棉平纹布	10	8
52095200	印花的重质全棉三、四线斜纹布	10	8
52095900	印花的重质其他全棉机织物	10	8
52101100	与化纤混纺未漂白轻质平纹棉布	12	10.8
52101910	化纤混纺未漂白轻质3、4线斜纹棉布	12	10.8
52101990	与化纤混纺未漂白轻质其他棉布	12	10.8
52102100	与化纤混纺漂白的轻质平纹棉布	14	12.6
52102910	化纤混纺漂白的轻质三线或线斜纹棉布	14	12.6
52102990	与化纤混纺漂白的轻质其他棉布	14	12.6
52103100	与化纤混纺染色的轻质平纹棉布	10	8
52103200	化纤混纺染色的轻质三线或四线斜纹棉布	10	8
52103900	与化纤混纺染色的轻质其他棉布	10	8
52104100	与化纤混纺色织的轻质平纹棉布	10	8
52104910	化纤混纺色织的轻质三线或四线斜纹棉布	10	8
52104990	与化纤混纺色织的轻质其他棉布	10	8
52105100	与化纤混纺印花的轻质平纹棉布	10	8
52105910	化纤混纺印花的轻质三线或四线斜纹棉布	10	8
52105990	与化纤混纺印花的轻质其他棉布	10	8
52111100	与化纤混纺未漂白重质平纹棉布	12	10.8
52111200	化纤混纺未漂白重质三线或四线斜纹棉布	12	10.8
52111900	与化纤混纺未漂白重质其他棉布	12	10.8
52112000	与化纤混纺漂白的重质其他棉布	14	12.6
52113100	与化纤混纺染色的重质平纹棉布	10	8
52113200	化纤混纺染色的重质三线或四线斜纹棉布	10	8
52113900	与化纤混纺染色的重质其他棉布	10	8
52114100	与化纤混纺色织的重质平纹棉布	10	8
52114200	与化纤混纺色织的重质粗斜纹棉布	10	8
52114300	其他三线或四线斜纹机织物，包括双面斜纹机织物	10	8
52114900	与化纤混纺色织的重质其他棉布	10	8
52115100	与化纤混纺印花的重质平纹棉布	10	8
52115200	化纤混纺印花的重质三线或四线斜纹棉布	10	8
52115900	与化纤混纺印花的重质其他棉布	10	8
52121100	未漂白的其他混纺轻质棉布	12	10.8
52121200	漂白的其他混纺轻质棉布	14	12.6
52121300	染色的其他混纺轻质棉布	10	8
52121400	色织的其他混纺轻质棉布	10	8
52121500	印花的其他混纺轻质棉布	10	8
52122100	未漂白的其他混纺重质棉布	12	10.8
52122200	漂白的其他混纺重质棉布	14	12.6
52122300	染色的其他混纺重质棉布	10	8
52122400	色织的其他混纺重质棉布	10	8
52122500	印花的其他混纺重质棉布	10	8
53011000	生的或沤制的亚麻	6	4.8
53012100	破开或打成的亚麻	6	4.8
53012900	栉梳或经其他加工未纺制的亚麻	6	4.8
53013000	亚麻短纤及废麻	6	4.8
53021000	生的或沤制的大麻	6	4.8
53029000	经加工、未纺的大麻、大麻短纤及废麻	6	4.8
53031000	生或沤制黄麻,其他纺织用韧皮纤维	5	0
53039000	经加工、未纺的黄麻及其他纺织用韧皮纤维	5	0
53050011	生的苎麻	5	0
53050012	经加工、未纺制的苎麻	5	0
53050013	苎麻的短纤及废麻	5	0
53050019	其他苎麻	5	0
53050020	经加工、未纺制的蕉麻及蕉麻废料	3	0
53050091	经加工、未纺的西沙尔麻及其他龙舌兰类纤维	5	0
53050092	加工、未纺的椰壳纤维及椰壳纤维废料	5	0
53050099	经加工的其他未列名纺织用植物纤维及其废麻	5	0
53061000	亚麻单纱	6	4.8
53062000	亚麻多股纱线或缆线	10	8
53071000	黄麻及其他纺织用韧皮纤维单纱	6	4.8
53072000	黄麻及其他纺织用韧皮纤维多股纱或缆线	6	4.8
53081000	椰壳纤维纱线	6	4.8
53082000	大麻纱线	6	4.8
53089011	未漂白或漂白的全苎麻纱线	6	4.8
53089012	全苎麻色纱线	6	4.8
53089013	未漂白或漂白的混纺苎麻纱线	6	4.8
53089014	混纺苎麻色纱线	6	4.8
53089091	纸纱线	6	4.8
53089099	其他植物纺织纤维纱线	6	4.8
53091110	未漂白全亚麻机织物	10	8
53091120	漂白的全亚麻机织物	10	8
53091900	其他全亚麻机织物	10	8
53092110	未漂白的混纺亚麻机织物	10	8
53092120	漂白的混纺亚麻机织物	10	8
53092900	其他混纺亚麻机织物	10	8
53101000	未漂白黄麻或其他韧皮纤维织物	10	8
53109000	其他黄麻机织物或韧皮鲜为纤维织物	10	8
53110012	未漂白全苎麻机织物	10	8
53110013	其他全苎麻机织物	12	10.8
53110014	未漂白混纺苎麻机织物	10	8
53110015	其他混纺苎麻机织物	12	10.8
53110020	纸纱线机织物	10	8
53110030	大麻的机织物	10	8
53110090	其他纺织用植物纤维机织物	10	8
54011010	非供零售用合成纤维长丝缝纫线	5	4
54011020	供零售用合成纤维长丝缝纫线	5	0
54012010	非供零售用人纤长丝缝纫线	5	0
54012020	供零售用人纤长丝缝纫线	5	0
54021110	非零售用聚间苯二甲酰间苯二胺纺制的长丝高强力纱	5	0
54021120	非零售用聚对苯二甲酰对苯二胺纺制的长丝高强力纱	5	0
54021190	非零售用其他芳香族聚酰胺纺制的长丝高强力纱	5	0
54021910	非零售用聚酰胺-6纺制的长丝高强力纱	5	0
54021920	非零售用聚酰胺-66纺制的长丝高强力纱	5	0
54021990	非零售用其他尼龙长丝高强纱	5	0
54022000	非零售聚酯长丝高强力纱	5	4
54023111	非零售用聚酰胺-6纺制的细弹力丝	5	0
54023112	非零售用聚酰胺-66纺制的细弹力丝	5	0
54023113	非零售用芳香族聚酰胺纺制的细弹力丝	5	0
54023119	非零售其他细尼龙弹力丝	5	0
54023190	非零售其他细尼龙变形纱线	5	0
54023211	非零售用聚酰胺-6纺制的粗弹力丝	5	0
54023212	非零售用聚酰胺-66纺制的粗弹力丝	5	0
54023213	非零售用芳香族聚酰胺纺制的粗弹力丝	5	0
54023219	非零售其他粗尼龙弹力丝	5	0
54023290	非零售其他粗尼龙变形纱线	5	0
54023310	非零售聚酯弹力丝	5	0
54023390	非零售其他聚酯变形纱线	5	0
54023400	非零售用聚丙烯变形纱线	5	0
54023900	非零售其他合成纤维长丝变形纱线	5	0
54024410	弹性氨纶纱线，未加捻或捻度每米不超过50转	5	0
54024490	其他弹性纱线，未加捻或捻度每米不超过50转	5	0
54024510	聚酰胺-6纺制的其他单纱，未加捻或捻度每米不超过50转	5	0
54024520	聚酰胺-6，6纺制的其他单纱，未加捻或捻度每米不超过50转	5	0
54024530	芳香族聚酰胺纺制的其他单纱，未加捻或捻度每米不超过50转	5	0
54024590	其他尼龙或聚酰胺纱线纺制的，未加捻或捻度每米不超过50转的单纱	5	0
54024600	其他部分定向聚酯纱线，未加捻或捻度每米不超过50转	5	0
54024700	其他聚酯纱线，未加捻或捻度每米不超过50转	5	4.5
54024800	其他聚丙烯纱线，未加捻或捻度每米不超过50转	5	0
54024910	断裂强度大于等于22cN/dtex,且初始模量大于等于750cN/dtex的聚乙烯纱线	5	0
54024990	其他纱线，未加捻或捻度每米不超过50转	5	0
54025110	非零售用聚酰胺-6纺制的加捻单纱	5	0
54025120	非零售用聚酰胺-66纺制的加捻单纱	5	0
54025130	非零售用芳香族聚酰胺纺制的加捻单纱	5	0
54025190	非零售用其他尼龙加捻单纱	5	0
54025200	非零售加捻的其他聚酯加捻单纱	5	0
54025910	非零售用聚丙烯加捻单纱	5	0
54025920	断裂强度大于等于22cN/dtex,且初始模量大于等于750cN/dtex的聚乙烯纱线	5	0
54025990	非零售加捻的其他合成纤维长丝单纱	5	0
54026110	非零售用聚己内酰胺(尼龙-6)制多股纱线	5	0
54026120	非零售用聚酰胺-66制多股纱线	5	0
54026130	非零售用芳香族聚酰胺制多股纱线	5	0
54026190	非零售用其他尼龙制多股纱线	5	0
54026200	非零售聚酯多股纱线	5	0
54026910	非零售用聚丙烯多股纱线	5	0
54026920	非零售用氨纶多股纱线	5	0
54026990	非零售其他合成纤维长丝多股纱线	5	0
54031000	非零售粘胶纤维高强力纱	5	0
54033110	竹制非零售未捻的粘胶纤维单纱	5	0
54033190	其他非零售未捻的粘胶纤维单纱	5	0
54033210	竹制非零售加捻的粘胶纤维单纱	5	0
54033290	其他非零售加捻的粘胶纤维单纱	5	0
54033310	非零售二醋酸纤维单纱	5	0
54033390	非零售其他醋酸纤维单纱	5	0
54033900	非零售其他人造纤维长丝单纱	5	0
54034100	非零售粘胶长丝多股纱线或缆线	5	0
54034200	非零售醋酸长丝多股纱线或缆线	5	0
54034900	非零售其他人造纤维长丝多股纱或缆线	5	0
54041100	细度≥67分特、≤1mm的弹性单丝	5	0
54041200	细度≥67分特、≤1mm的的聚丙烯单丝	5	0
54041900	细度≥67分特、≤1mm的其他合成纤维单丝	5	4
54049000	其他宽≤5mm合成纺织材料制扁条及类似品	5	0
54050000	细度≥67分特、≤1mm人造纤维单丝；宽≤5mm扁条及类似品	5	0
54060010	供零售用合成纤维长丝纱线	5	0
54060020	供零售用人造纤维长丝纱线	5	0
54071010	尼龙或其他聚酰胺高强力纱制机织物	10	8
54071020	聚酯高强力纱制机织物	10	8
54072000	合成纤维扁条及类似品的机织物	10	8
54073000	多层平行纱线相互层迭并粘合机织物	10	8
54074100	未漂白或漂白的纯尼龙布	10	8
54074200	染色的纯尼龙布	10	8
54074300	色织的纯尼龙布	10	8
54074400	印花的纯尼龙布	10	8
54075100	未漂白或漂白纯聚酯变形长丝布	10	8
54075200	染色的纯聚酯变形长丝布	10	8
54075300	色织的纯聚酯变形长丝布	10	8
54075400	印花的纯聚酯变形长丝布	10	8
54076100	其他纯聚酯非变形长丝布	10	8
54076900	其他纯聚酯长丝布	10	8
54077100	未漂白或漂白其他纯合成纤维长丝布	10	8
54077200	染色的其他纯合成纤维长丝布	10	8
54077300	色织的其他纯合成纤维长丝布	10	8
54077400	印花的其他纯合成纤维长丝布	10	8
54078100	未漂或漂白的与棉混纺合成纤维长丝布	10	8
54078200	染色的与棉混纺合成纤维长丝布	10	8
54078300	色织的与棉混纺合成纤维长丝布	10	8
54078400	印花的与棉混纺合成纤维长丝布	10	8
54079100	未漂或漂白的其他混纺合成纤维长丝布	10	8
54079200	染色的其他混纺合成纤维长丝布	10	8
54079300	色织的其他混纺合成纤维长丝布	10	8
54079400	印花的其他混纺合成纤维长丝布	10	8
54081000	粘胶长丝高强力纱的机织物	10	8
54082110	粘胶长丝制未漂白或漂白的机织物	12	10.8
54082120	醋酸长丝制未漂白或漂白的机织物	12	10.8
54082190	其他人造长丝制未漂白或漂白的机织物	12	10.8
54082210	纯粘胶长丝制染色机织物	10	8
54082220	纯醋酸长丝制染色机织物	10	8
54082290	纯其他人造长丝制染色机织物	10	8
54082310	纯粘胶长丝制色织机织物	10	8
54082320	纯醋酸长丝制色织机织物	10	8
54082390	纯其他人造长丝制色织机织物	10	8
54082410	纯粘胶长丝制印花机织物	10	8
54082420	纯醋酸长丝制印花机织物	10	8
54082490	纯其他人造长丝制印花机织物	10	8
54083100	未漂白或漂白人造纤维长丝混纺布	10	8
54083200	染色的人纤长丝混纺布	10	8
54083300	色织的人纤长丝混纺布	10	8
54083400	印花的人纤长丝混纺布	10	8
55011000	尼龙或其他聚酰胺长丝丝束	5	0
55012000	聚酯长丝丝束	5	0
55013000	聚丙烯腈长丝丝束	5	0
55014000	聚丙烯长丝丝束	5	0
55019000	其他合成纤维长丝丝束	5	0
55020010	二醋酸纤维丝束	3	0
55020090	其他人造纤维长丝丝束	5	0
55031110	未梳的聚间苯二甲酰间苯二胺纺制的合成纤维短纤	5	0
55031120	未梳的聚对苯二甲酰对苯二胺纺制的合成纤维短纤	5	0
55031190	未梳的其他芳香聚酰胺纺制的合成纤维短纤	5	4.5
55031900	未梳的尼龙或其他聚酰胺合成纤维短纤	5	4.5
55032000	未梳的聚酯合成纤维短纤	5	0
55033000	未梳的聚丙烯腈合成纤维短纤	5	0
55034000	未梳的聚丙烯合成纤维短纤	5	0
55039010	聚苯硫醚制未梳的纤维短纤	5	0
55039090	未梳的其他合成纤维短纤	5	0
55041010	竹制未梳的粘胶纤维短纤	5	0
55041021	木制未梳的阻燃的粘胶纤维短纤	5	0
55041029	其他木制未梳的粘胶纤维短纤	5	0
55041090	其他未梳的粘胶纤维短纤	5	0
55049000	未梳的其他人造纤维短纤	5	0
55051000	合成纤维废料	5	0
55052000	人造纤维废料	5	0
55061011	已梳的聚间苯二甲酰间苯二胺纤维短纤	5	0
55061012	已梳的聚对苯二甲酰对苯二胺纤维短纤	5	0
55061019	已梳的其他芳香族聚酰胺纤维短纤	5	0
55061090	已梳的尼龙或其他聚酰胺纤维短纤	5	0
55062000	已梳的聚酯纤维短纤	5	0
55063000	已梳的聚丙烯腈及其变性纤维短纤	5	0
55069010	聚苯硫醚制已梳的纤维短纤	5	0
55069090	已梳的其他合成纤维短纤	5	0
55070000	已梳的人造纤维短纤	5	0
55081000	合成纤维短纤纺制的缝纫线	5	0
55082000	人造纤维短纤纺制的缝纫线	5	0
55091100	非零售纯尼龙短纤单纱	5	0
55091200	非零售纯尼龙短纤多股纱线	5	0
55092100	非零售纯聚酯短纤单纱	5	0
55092200	非零售纯聚酯短纤多股纱线	5	0
55093100	非零售纯聚丙烯腈短纤单纱	5	0
55093200	非零售纯聚丙烯腈短纤多股纱线	5	0
55094100	非零售纯其他合成纤维短纤单纱	5	0
55094200	非零售纯其他合成纤维短纤多股纱线	5	0
55095100	非零售与人造纤维短纤混纺聚酯短纤纱	5	0
55095200	非零售与毛混纺聚酯短纤纱线	5	0
55095300	非零售与棉混纺聚酯短纤纱线	5	0
55095900	非零售其他混纺聚酯短纤纱线	5	0
55096100	非零售与毛混纺腈纶短纤纱线	5	0
55096200	非零售与棉混纺腈纶短纤纱线	5	0
55096900	非零售与其他混纺腈纶短纤纱线	5	0
55099100	非零售与毛混纺其他合成纤维短纤纱线	5	0
55099200	非零售与棉混纺其他合成纤维短纤纱线	5	0
55099900	非零售与其他混纺合成纤维短纤纱线	5	0
55101100	非零售纯人造纤维短纤单纱	5	0
55101200	非零售纯人造纤维短纤多股纱线	5	0
55102000	非零售与毛混纺人造纤维短纤纱线	5	0
55103000	非零售与棉混纺人造纤维短纤纱线	5	0
55109000	非零售与其他混纺人造纤维短纤纱线	5	0
55111000	零售用纯合成纤维短纤纱线	5	0
55112000	零售用混纺合成纤维短纤纱线	5	0
55113000	零售用人造纤维短纤纱线	5	0
55121100	未漂或漂白的纯聚酯布	15	13.5
55121900	其他纯聚酯布	10	8
55122100	未漂或漂白的纯腈纶布	13	11.7
55122900	其他纯腈纶布	10	8
55129100	未漂或漂白的纯其他合成纤维布	18	16.2
55129900	其他纯合成纤维布	10	8
55131110	与棉混纺未漂白的轻质聚酯平纹布	16	14.4
55131120	与棉混纺漂白的轻质聚酯平纹布	15	13.5
55131210	与棉混纺未漂白的轻质聚酯斜纹布	16	14.4
55131220	与棉混纺漂白的轻质聚酯斜纹布	18	16.2
55131310	与棉混纺未漂白的其他轻质聚酯布	16	14.4
55131320	与棉混纺漂白的其他轻质聚酯布	18	16.2
55131900	与棉混纺未漂白或漂白的轻质其他合成纤维布	18	16.2
55132100	与棉混纺染色的轻质聚酯平纹布	10	8
55132310	与棉混纺染色的轻质聚酯斜纹布	10	8
55132390	与棉混纺染色的其他轻质聚酯布	10	8
55132900	与棉混纺染色的轻质其他合成纤维布	10	8
55133100	与棉混纺色织的轻质聚酯平纹布	10	8
55133910	与棉混纺色织的轻质聚酯斜纹布	10	8
55133920	与棉混纺色织的其他轻质聚酯布	10	8
55133990	与棉混纺色织的轻质其他合成纤维布	10	8
55134100	与棉混纺印花的轻质聚酯平纹布	10	8
55134910	与棉混纺印花的轻质聚酯斜纹布	10	8
55134920	与棉混纺印花的其他轻质聚酯布	10	8
55134990	与棉混纺印花的轻质其他合成纤维布	10	8
55141110	与棉混纺未漂白的重质聚酯平纹布	16	14.4
55141120	与棉混纺漂白的重质聚酯平纹布	18	16.2
55141210	与棉混纺未漂白的重质聚酯斜纹布	16	14.4
55141220	与棉混纺漂白的重质聚酯斜纹布	18	16.2
55141911	与棉混纺未漂白的重质其他聚酯布	16	14.4
55141912	与棉混纺漂白的重质其他聚酯布	18	16.2
55141990	与棉混纺未漂白或漂白的重质其他合成纤维布	16	14.4
55142100	与棉混纺染色的重质聚酯平纹布	10	8
55142200	与棉混纺染色的重质聚酯斜纹布	10	8
55142300	与棉混纺染色的其他重质聚酯布	10	8
55142900	与棉混纺染色的重质其他合成维纤布	10	8
55143010	与棉混纺色织的重质聚酯平纹布	10	8
55143020	与棉混纺色织的重质聚酯斜纹布	10	8
55143030	与棉混纺色织的其他重质聚酯布	10	8
55143090	与棉混纺色织的重质其他合成纤维布	10	8
55144100	与棉混纺印花的重质聚酯平纹布	10	8
55144200	与棉混纺印花的重质聚酯斜纹布	10	8
55144300	与棉混纺印花的其他重质聚酯布	10	8
55144900	与棉混纺印花的重质其他合成纤维布	10	8
55151100	与粘胶纤维短纤混纺的聚酯布	10	8
55151200	与化纤长丝混纺的聚酯布	10	8
55151300	与毛混纺的聚酯布	10	8
55151900	与其他纤维混纺的聚酯布	10	8
55152100	与化纤长丝混纺的腈纶布	10	8
55152200	与毛混纺的腈纶布	12	10.8
55152900	与其他纤维混纺的腈纶布	10	8
55159100	与化纤长丝混纺的其他合成纤维短纤布	10	8
55159900	与其他纤维混纺的其他合成纤维短纤布	10	8
55161100	未漂白或漂白的纯人造纤维短纤布	12	10.8
55161200	染色的纯人造纤维短纤布	10	8
55161300	色织的纯人造纤维短纤布	10	8
55161400	印花的纯人造纤维短纤布	10	8
55162100	与化纤长丝混纺未漂白或漂白的人造纤维布	12	10.8
55162200	与化纤长丝混纺的染色人造纤维布	10	8
55162300	与化纤长丝混纺的色织人造纤维布	10	8
55162400	与化纤长丝混纺的印花人造纤维布	10	8
55163100	与毛混纺的未漂或漂白人造纤维布	12	10.8
55163200	与毛混纺的染色人造纤维布	10	8
55163300	与毛混纺的色织人造纤维布	10	8
55163400	与毛混纺的印花人造纤维布	10	8
55164100	与棉混纺的未漂或漂白人造纤维布	12	10.8
55164200	与棉混纺的染色人造纤维布	12	10.8
55164300	与棉混纺的色织人造纤维布	10	8
55164400	与棉混纺的印花人造纤维布	10	8
55169100	与其他纤维混纺未漂白或漂白的人造纤维布	12	10.8
55169200	与其他纤维混纺的染色人造纤维布	10	8
55169300	与其他纤维混纺的色织人造纤维布	10	8
55169400	与其他纤维混纺的印花人造纤维布	10	8
56012100	棉制的絮胎及其他絮胎制品	10	8
56012210	化学纤维制的卷烟滤嘴	12	10.8
56012290	化学纤维制的絮胎及其他絮胎制品	12	10.8
56012900	其他材料制絮胎及其他絮胎制品	10	8
56013000	纺织纤维屑、纤维粉末及球结	10	8
56021000	针刺机制毡呢及纤维缝编织物	10	8
56022100	未浸、涂的毛制其他毡呢	10	8
56022900	未浸、涂的其他纺织材料制其他毡呢	10	8
56029000	经浸、涂、包覆或层压的其他毡呢	10	8
56031110	每平米≤25g经浸渍化纤长丝无纺织物	10	8
56031190	每平米≤25g的其他化纤长丝无纺织物	10	8
56031210	25g ＜每平米≤70g浸渍化纤长丝无纺织物	10	8
56031290	25g ＜每平米≤70g其他化纤长丝无纺织物	10	8
56031310	70g＜每平米≤150g浸渍化纤长丝无纺织物	10	8
56031390	70g ＜每平米≤150g其他化纤长丝无纺织物	10	8
56031410	每平米＞150g经浸渍化纤长丝无纺织物	10	8
56031490	每平米＞150g的其他化纤长丝无纺织物	10	8
56039110	每平米≤25g经浸渍其他无纺织物	10	8
56039190	每平米≤25g的其他无纺织物	10	8
56039210	25g ＜每平米≤70g浸渍其他无纺织物	10	8
56039290	25g ＜每平米≤70g其他无纺织物	10	8
56039310	70g ＜每平米≤150g浸渍其他无纺织物	10	8
56039390	70g ＜每平米≤150g的其他无纺织物	10	8
56039410	每平米＞150g经浸渍其他无纺织物	10	8
56039490	每平米＞150g的其他无纺织物	10	8
56041000	用纺织材料包覆的橡胶线及绳	5	0
56049000	用橡、塑浸渍涂布的其他纺织纱线	5	0
56050000	含金属纱线	5	0
56060000	绳绒线及粗松螺旋花线	5	0
56072100	剑麻或其他龙舌兰纤维制包扎用绳	5	0
56072900	剑麻或龙舌兰纤维制其他线绳索缆	5	0
56074100	聚乙烯或聚丙烯制包扎用绳	5	0
56074900	聚乙烯或聚丙烯制线、绳、索、缆	5	0
56075000	其他合纤制线、绳、索、缆	5	4
56079010	蕉麻或硬质纤维制线、绳、索、缆	5	0
56079090	其他纺织材料制线、绳、索、缆	5	0
56081100	化纤材料制成的渔网	10	8
56081900	化纤材料制成的其他网	12	10.8
56089000	其他纤维制成的渔网及其他网	10	8
56090000	用纱线、扁条、绳、索、缆制其他物品	10	8
57011000	羊毛结织栽绒地毯及其他铺地制品	14	12.6
57019010	化纤结织栽绒地毯及其他铺地制品	16	14.4
57019020	丝制结织栽绒地毯及铺地制品	14	12.6
57019090	其他材料结织栽绒地毯及铺地制品	14	12.6
57021000	“开来姆”等手织地毯	14	12.6
57022000	椰壳纤维制的铺地制品	14	12.6
57023100	未制成的毛制起绒地毯及铺地制品	10	9
57023200	未制成的化纤起绒地毯及铺地制品	16	14.4
57023900	未制成其他纺织材料起绒铺地制品	14	12.6
57024100	制成的毛制起绒地毯及铺地制品	10	8
57024200	制成的化纤起绒地毯及铺地制品	10	8
57024900	制成的其他纺织材料起绒铺地制品	14	12.6
57025010	未制成毛制非起绒地毯及铺地制品	14	12.6
57025020	未制成化纤非起绒地毯及铺地制品	16	14.4
57025090	未制成其他纺织材料非起绒地毯及铺地制品	14	12.6
57029100	制成的毛制非起绒地毯及铺地制品	14	12.6
57029200	制成的化纤非起绒地毯及铺地制品	16	14.4
57029900	制成的其他纺织材料非起绒地毯及铺地制品	14	12.6
57031000	毛制簇绒地毯及其他簇绒铺地制品	14	12.6
57032000	尼龙簇绒地毯及其他簇绒铺地制品	10	8
57033000	化纤簇绒地毯及其他簇绒铺地制品	10	8
57039000	其他纺织材料簇绒地毯及其他簇绒铺地制品	14	12.6
57041000	小块毡呢地毯及其他毡呢铺地制品	14	12.6
57049000	大块毡呢地毯及其他毡呢铺地制品	10	8
57050010	毛制其他地毯及其他铺地制品	14	12.6
57050020	化纤制其他地毯及其他铺地制品	10	8
57050090	其他纺织材料制其他地毯及铺地制品	14	12.6
58011000	毛制起绒机织物及绳绒织物	10	8
58012100	不割绒的棉制纬起绒织物	12	10.8
58012200	割绒的棉制灯芯绒	10	8
58012300	其他棉制纬起绒织物	10	8
58012600	棉制绳绒织物	10	8
58012710	棉制的不割绒的经起绒织物（棱纹绸）	10	8
58012720	棉制的割绒的经起绒织物	10	8
58013100	不割绒的化纤制纬起绒织物	10	8
58013200	割绒的化纤制灯芯绒	10	8
58013300	其他化纤纬起绒织物	10	8
58013600	化纤绳绒织物	10	8
58013710	化学纤维制的不割绒的经起绒织物（棱纹绸）	10	8
58013720	化学纤维制的割绒的经起绒织物	10	8
58019010	丝及绢丝制起绒机织物及绳绒织物	10	8
58019090	其他材料制起绒机织物及绳绒织物	10	8
58021100	未漂白棉毛巾织物及类似毛圈机织物	12	10.8
58021900	其他棉毛巾织物及类似毛圈机织物	10	8
58022010	丝及绢丝毛巾织物及类似毛圈机织物	12	10.8
58022020	羊毛等毛巾织物及类似毛圈机织物	12	10.8
58022030	化纤毛巾织物及类似毛圈机织物	14	12.6
58022090	其他纺织材料毛巾织物及类似毛圈织物	12	10.8
58023010	丝及绢丝制簇绒织物	10	8
58023020	羊毛或动物细毛制簇绒织物	10	8
58023030	棉或麻制簇绒织物	10	8
58023040	化学纤维制簇绒织物	10	8
58023090	其他纺织材料制簇绒织物	10	8
58030010	棉制纱罗	10	8
58030020	丝及绢丝制纱罗	10	8
58030030	化学纤维制纱罗	10	8
58030090	其他纺织材料制纱罗	10	8
58041010	丝及绢丝网眼薄纱及其他网眼织物	10	8
58041020	棉制网眼薄纱及其他网眼织物	10	8.2
58041030	化纤制网眼薄纱及其他网眼织物	12	10.8
58041090	其他纺织材料网眼薄纱及其他网眼织物	10	8
58042100	化纤机制花边	10	8
58042910	丝及绢丝机制花边	10	8
58042920	棉机制花边	10	8
58042990	其他纺织材料制机制花边	10	8
58043000	手工制花边	10	8
58050010	手工针绣嵌花装饰毯	12	10.8
58050090	“哥白林”等手织装饰毯	12	10.8
58061010	棉或麻狭幅起绒机织物及绳绒织物	10	8
58061090	其他材料狭幅起绒织物及绳绒织物	10	8
58062000	含弹性纱线≥5%的狭幅织物	10	8
58063100	棉制其他狭幅机织物	10	8
58063200	化纤制其他狭幅机织物	10	8
58063910	丝及绢丝制其他狭幅机织物	10	8
58063920	毛制其他狭幅机织物	10	8
58063990	其他材料制其他狭幅机织物	10	8
58064010	棉或麻粘合有经纱无纬纱狭幅织物	10	8
58064090	其他材料粘合有经纱无纬纱狭幅织物	10	8
58071000	机织非绣制纺织材料标签、徽章等	10	8
58079000	非机织非绣制纺织材料标签徽章等	10	8
58081000	成匹的编带	10	8
58089000	非绣制成匹装饰带、流苏、绒球	10	8
58090010	与棉混制金属线布及含金属纱线布	10	8
58090020	与化纤混制金属线布及含金属纱布	10	8
58090090	其他金属线布及含金属纱线布	10	8
58101000	不见底布的刺绣品	10	8
58109100	棉制见底布的刺绣品	10	8
58109200	化学纤维制见底布刺绣品	10	8
58109900	其他纺织材料制见底布刺绣品	10	8
58110010	丝及绢丝制绗缝被褥状纺织品	10	8
58110020	羊毛或动物细毛制绗缝被褥状纺织品	10	8
58110030	棉制绗缝被褥状纺织品	10	8
58110040	化学纤维制绗缝被褥状纺织品	12	10.8
58110090	其他纺织材料制绗缝被褥状纺织品	10	8
59011010	用胶或淀粉涂布的棉或麻纺织物	10	8
59011020	用胶或淀粉涂布的化纤纺织物	10	8
59011090	用胶或淀粉涂布的其他纤维纺织物	10	8
59019010	制成的油画布	10	8
59019091	棉或麻制描图布、帽里硬衬布等	10	8
59019092	化纤制描图布、帽里硬衬布等	10	8
59019099	其他纺织纤维制描图布、帽里硬衬布等	10	8
59021010	聚酰胺-6（尼龙-6）制的帘子布	10	8
59021020	聚酰胺-6，6（尼龙-6，6）制的帘子布	10	8
59021090	其他尼龙等高强力纱制的帘子布	10	8
59022000	聚酯高强力纱制的帘子布	10	8
59029000	粘胶纤维高强力纱制帘子布	10	9
59031010	用聚氯乙烯浸、涂的绝缘布或带	10	8
59031020	用聚氯乙烯浸、涂的人造革	10	8
59031090	用聚氯乙烯浸、涂的其他纺织物	10	8
59032010	用聚氨基甲酸酯浸、涂的绝缘布或带	10	8
59032020	用聚氨基甲酸酯浸、涂的人造革	10	8
59032090	用聚氨基甲酸酯浸、涂的其他纺织物	10	8
59039010	用其他塑料浸、涂的绝缘布或带	10	9
59039020	用其他塑料浸、涂的人造革	10	8
59039090	用其他塑料浸、涂的其他纺织物	10	8
59041000	列诺伦(亚麻油地毡)	14	12.6
59049000	以织物为底涂布的铺地品	14	12.6
59050000	糊墙织物	10	8
59061010	用橡胶处理宽≤20cm纺织绝缘胶粘带	10	8
59061090	用橡胶处理宽≤20cm其他纺丝胶粘带	10	8
59069100	用橡胶处理的针织或钩编的纺织物	10	8
59069910	用橡胶处理宽其他绝缘布或带	10	8
59069990	用橡胶处理的其他纺织物	10	8
59070010	用其他材料浸、涂的绝缘布或带	10	9
59070020	用其他材料浸、涂的已绘制画布	10	8
59070090	用其他材料浸、涂的其他纺织物	10	8
59080000	纺织材料制灯芯、炉芯等和煤气灯纱筒及纱罩	10	8
59090000	纺织材料制水龙软管及类似管子	8	6.4
59100000	纺织材料制的传动带或输送带及带料	8	6.4
59111010	包覆纺锤用浸胶的起绒狭幅织物	8	6.4
59111090	其他涂胶等针布及专门技术用途的纺织物起绒狭幅织物	8	6.4
59112000	筛布	8	0
59113100	造纸等机器用轻的环状或有联接装置的布或毡呢	8	6.4
59113200	造纸等机器用重的环状或有联接装置的布或毡呢	8	7.2
59114000	用于榨油机器或类似机器的滤布	8	6.4
59119000	其他专门技术用途纺织产品及制品	8	6.4
60011000	针织或钩编的长毛绒织物	10	8
60012100	棉制针织或钩编的毛圈绒头织物	10	8
60012200	化纤制针织或钩编毛圈绒头织物	10	8
60012900	其他材料制针织或钩编毛圈绒头布	12	10.8
60019100	棉制针织或钩编起绒织物	10	8
60019200	化纤制针织或钩编起绒织物	10	8
60019900	其他纤维制针织或钩编起绒织物	12	10.8
60024010	宽≤30cm，弹性纱线≥5%棉针织、钩编织物	10	8
60024020	宽≤30cm，弹性纱线≥5%丝及绢丝制针织、钩编织物	10	8
60024030	宽≤30cm，弹性纱线≥5%合成纤维制针织、钩编织物	10	8
60024040	宽≤30cm，弹性纱线≥5%人造纤维制针织、钩编织物	10	8
60024090	宽≤30cm，弹性纱线≥5%其他纺织材料针织、钩编织物	10	8
60029010	宽≤30cm含橡胶线的棉针织、钩编织物	10	8
60029020	宽≤30cm含橡胶线的丝及绢丝制针织、钩编织物	10	8
60029030	宽≤30cm含橡胶线的合成纤维制针织、钩编织物	10	8
60029040	宽≤30cm含橡胶线的人造纤维制针织、钩编织物	10	8
60029090	宽≤30cm含橡胶线的其他纺织材料针织、钩编织物	10	8
60031000	宽≤30cm羊毛或动物细毛制的针织、钩编织物	10	8
60032000	宽≤30cm其他棉制的针织、钩编织物	10	8
60033000	宽≤30cm合成纤维制的针织、钩编织物	10	8
60034000	宽≤30cm人造纤维制的针织、钩编织物	10	8
60039000	宽≤30cm其他针织、钩编织物	10	8
60041010	宽＞30cm，弹性纱线≥5%棉针织、钩编织物	10	8
60041020	宽＞30cm，弹性纱线≥5%丝及绢丝制针织、钩编织物	10	8
60041030	宽＞30cm，弹性纱线≥5%合成纤维制针织、钩编织物	10	8
60041040	宽＞30cm，弹性纱线≥5%人造纤维制针织、钩编织物	10	8
60041090	宽＞30cm，弹性纱线≥5%其他纺织材料针织、钩编织物	10	8
60049010	宽＞30cm含橡胶线的棉针织、钩编织物	10	8
60049020	宽＞30cm含橡胶线的丝及绢丝制针织、钩编织物	10	8
60049030	宽＞30cm含橡胶线的合成纤维制针织、钩编织物	10	8
60049040	宽＞30cm含橡胶线的人造纤维制针织、钩编织物	10	8
60049090	宽＞30cm含橡胶线的其他纺织材料针织、钩编织物	10	8
60052100	未漂白或漂白棉制的其他经编织物	10	8
60052200	染色棉制的其他经编织物	10	8
60052300	色织棉制的其他经编织物	10	8
60052400	印花棉制的其他经编织物	10	8
60053100	未漂白或漂白合成纤维制的其他经编织物	10	8
60053200	染色合成纤维制的其他经编织物	10	8
60053300	色织合成纤维制的其他经编织物	10	8
60053400	印花合成纤维制的其他经编织物	10	8
60054100	未漂白或漂白人造纤维制的其他经编织物	10	8
60054200	染色人造纤维制的其他经编织物	10	8
60054300	色织人造纤维制的其他经编织物	10	8
60054400	印花人造纤维制的其他经编织物	10	8
60059010	羊毛或动物细毛制的其他经编织物	12	10.8
60059090	其他纺织材料经编织物	12	10.8
60061000	羊毛或动物细毛制的其他针织、钩编织物	12	10.8
60062100	未漂白或漂白棉制的其他针织、钩编织物	10	8
60062200	染色棉制的其他针织、钩编织物	10	8
60062300	色织棉制的其他针织、钩编织物	10	8
60062400	印花棉制的其他针织、钩编织物	10	8
60063100	未漂白或漂白合成纤维制的其他针织、钩编织物	10	8
60063200	染色合成纤维制的其他针织、钩编织物	10	8
60063300	色织合成纤维制的其他针织、钩编织物	10	8
60063400	印花合成纤维制的其他针织、钩编织物	10	8
60064100	未漂白或漂白人造纤维制的其他针织、钩编织物	10	8
60064200	染色人造纤维制的其他针织、钩编织物	10	8
60064300	色织人造纤维制的其他针织、钩编织物	10	8
60064400	印花人造纤维制的其他针织、钩编织物	10	8
60069000	未列名针织、钩编织物	12	10.8
61012000	棉制针织或钩编男式大衣、防风衣	17.5	15.75
61013000	化纤制针织或钩编男式大衣等	17.5	15.75
61019010	毛制针织或钩编男式大衣、防风衣	25	22.5
61019090	其他纺织材料制针织或钩编男式大衣、防风衣	17.5	15.75
61021000	毛制针织或钩编女式大衣、防风衣	25	22.5
61022000	棉制针织或钩编女式大衣、防风衣	17.5	15.75
61023000	化纤制针织或钩编女式大衣等	17.5	15.75
61029000	其他纺织材料制针织或钩编女式大衣、防风衣	20	18
61031010	毛制针织或钩编男式西服套装	25	22.5
61031020	合纤制针织或钩编男西服套装	25	22.5
61031090	其他纺织材料制针织或钩编男式西服套装	17.5	15.75
61032200	棉制针织或钩编男式便服套装	20	18
61032300	合纤制针织或钩编男便服套装	25	22.5
61032910	毛制针织或钩编男式便服套装	25	22.5
61032990	其他纺织材料制针织或钩编男式便服套装	25	22.5
61033100	毛制针织或钩编男式上衣	16	14.4
61033200	棉制针织或钩编男式上衣	16	14.4
61033300	合纤制针织或钩编男式上衣	19	17.1
61033900	其他纺织材料制针织或钩编男式上衣	16	14.4
61034100	毛制针织或钩编男长裤、工装裤等	16	14.4
61034200	棉制针织或钩编男长裤、工装裤等	16	14.4
61034300	合纤制针织或钩编男长裤等	17.5	15.75
61034900	其他纺织材料制针织或钩编男长裤等	16	14.4
61041300	合纤制针织或钩编女西服套装	25	22.5
61041910	毛制针织或钩编女式西服套装	17.5	15.75
61041920	棉制针织或钩编女式西服套装	17.5	15.75
61041990	其他纺织材料制针织或钩编女式西服套装	17.5	15.75
61042200	棉制针织或钩编女式便服套装	17.5	15.75
61042300	合纤制针织或钩编女便服套装	25	22.5
61042910	毛制针织或钩编女式便服套装	17.5	15.75
61042990	其他纺织材料制针织或钩编女式便服套装	15	13.5
61043100	毛制针织女式上衣	16	14.4
61043200	棉制针织女式上衣	16	14.4
61043300	合纤制针织女上衣	19	17.1
61043900	其他纺织材料制针织女上衣	16	14.4
61044100	毛制针织或钩编连衣裙	16	14.4
61044200	棉制针织或钩编连衣裙	16	14.4
61044300	合纤制针织或钩编连衣裙	17.5	15.75
61044400	人纤制针织或钩编连衣裙	16	14.4
61044900	其他纺织材料制针织或钩编连衣裙	16	14.4
61045100	毛制针织或钩编裙子及裙裤	14	12.6
61045200	棉制针织裙子及裙裤	14	12.6
61045300	合纤制针织或钩编裙子及裙裤	16	14.4
61045900	其他纺织材料制针织或钩编裙子及裙裤	14	12.6
61046100	毛制针织或钩编女长裤、工装裤等	16	14.4
61046200	棉制针织或钩编女长裤、工装裤等	16	14.4
61046300	合纤制针织或钩编女长裤等	17.5	15.75
61046900	其他纺织材料制针织或钩编女长裤等	16	14.4
61051000	棉制针织或钩编男衬衫	16	14.4
61052000	化纤制针织或钩编男衬衫	17.5	15.75
61059000	其他纺织材料制针织或钩编男衬衫	16	14.4
61061000	棉制针织或钩编女衬衫	16	14.4
61062000	化纤制针织或钩编女衬衫	17.5	15.75
61069000	其他纺织材料制针织或钩编女衬衫	16	14.4
61071100	棉制针织或钩编男内裤及三角裤	14	12.6
61071200	化纤制针织或钩编男内裤及三角裤	16	14.4
61071910	丝及绢丝制针织或钩编男内裤及三角裤	14	12.6
61071990	其他纺织材料制针织或钩编男内裤及三角裤	14	12.6
61072100	棉制针织或钩编男长睡衣及睡衣裤	14	12.6
61072200	化纤制针织或钩编男睡衣裤	16	14.4
61072910	丝及绢丝制针织或钩编男长睡衣及睡衣裤	14	12.6
61072990	其他纺织材料制针织或钩编男长睡衣及睡衣裤	14	12.6
61079100	棉制针织或钩编男浴衣、晨衣	14	12.6
61079910	化纤制针织或钩编男浴衣、晨衣	16	14.4
61079990	其他纺织材料制针织或钩编男浴衣、晨衣	14	12.6
61081100	化纤制针织或钩编长衬裙及衬裙	16	14.4
61081910	棉制针织或钩编女式长衬裙及衬裙	14	12.6
61081920	丝及绢丝制针织或钩编女式长衬裙及衬裙	14	12.6
61081990	其他纺织材料制针织或钩编女式长衬裙及衬裙	14	12.6
61082100	棉制针织或钩编女三角裤及短衬裤	14	12.6
61082200	化纤制针织或钩编女三角裤及短衬裤	16	14.4
61082910	丝及绢丝制针织或钩编女三角裤及短衬裤	14	12.6
61082990	其他纺织材料制针织或钩编女三角裤及短衬裤	14	12.6
61083100	棉制针织或钩编女睡衣及睡衣裤	14	12.6
61083200	化纤制针织或钩编女睡衣及睡衣裤	16	14.4
61083910	丝及绢丝制针织或钩编女睡衣及睡衣裤	14	12.6
61083990	其他纺织材料制针织或钩编女睡衣及睡衣裤	14	12.6
61089100	棉制针织或钩编女浴衣、晨衣	14	12.6
61089200	化纤制针织或钩编女浴衣、晨衣	16	14.4
61089900	其他纺织材料制针织或钩编女浴衣、晨衣	14	12.6
61091000	棉制针织或钩编T恤衫、汗衫等	14	12.6
61099010	丝及绢丝制针织或钩编T恤衫、汗衫等	14	12.6
61099090	其他纺织材料制针织或钩编T恤衫、汗衫等	14	12.6
61101100	羊毛制针织或钩编套头衫等	14	12.6
61101200	喀什米尔山羊细毛制针织或钩编套头衫等	14	12.6
61101910	其他山羊细毛制针织或钩编套头衫等	14	12.6
61101920	兔毛制针织或钩编套头衫等	14	12.6
61101990	其他毛制针织或钩编套头衫等	14	12.6
61102000	棉制针织或钩编套头衫等	14	12.6
61103000	化纤制针织或钩编套头衫等	16	14.4
61109010	丝及绢丝制针织或钩编套头衫等	14	12.6
61109090	其他纺织材料制针织或钩编套头衫等	14	12.6
61112000	棉制针织或钩编婴儿服装及附件	14	12.6
61113000	合纤制针织婴儿服装及附件	16	14.4
61119010	毛制针织或钩编婴儿服装及附件	14	12.6
61119090	其他纺织材料制针织或钩编婴儿服装及附件	14	12.6
61121100	棉制针织或钩编运动服	16	14.4
61121200	合纤制针织或钩编运动服	17.5	15.75
61121900	其他纺织材料制针织或钩编运动服	16	14.4
61122010	棉制针织或钩编滑雪服	16	14.4
61122090	其他纺织材料制针织或钩编滑雪服	19	17.1
61123100	合纤制针织或钩编男式游泳服	17.5	15.75
61123900	其他纺织材料制针织或钩编男式游泳服	16	14.4
61124100	合纤制针织或钩编女式游泳服	17.5	15.75
61124900	其他纺织材料制针织或钩编女式游泳服	16	14.4
61130000	涂层经处理针织或钩编织物制服装	16	14.4
61142000	棉制针织或钩编的其他服装	16	14.4
61143000	化纤制针织或钩编的其他服装	17.5	15.75
61149010	毛制针织或钩编的其他服装	16	14.4
61149090	其他纺织材料制针织或钩编的其他服装	16	14.4
61151000	渐紧压袜类连裤袜	16	13.12
61152100	单丝＜67分特合纤制连裤袜等	16	14.4
61152200	单丝≥67分特合纤制连裤袜等	16	14.4
61152910	棉制针织或钩编连裤袜及紧身裤袜	14	12.6
61152990	其他纺织材料制针织连裤袜及紧身裤袜	14	12.6
61153000	单丝<67分特制针织或钩编女统袜	14	12.6
61159400	毛制针织或钩编短袜及其他袜类	14	12.6
61159500	棉制针织或钩编短袜及其他袜类	14	12.6
61159600	合纤制针织或钩编短袜及其他袜类	16	14.4
61159900	其他纺织材料制针织或钩编短袜及其他袜类	14	12.6
61161000	塑料或橡胶浸渍的针织或钩织手套	14	12.6
61169100	毛制其他针织或钩编手套	14	12.6
61169200	棉制其他针织或钩编手套	14	12.6
61169300	合纤制其他针织或钩编手套	16	14.4
61169900	其他纺织材料制针织或钩编手套	14	12.6
61171011	山羊绒制披巾、头巾、围巾、披纱、面纱及类似品	14	12.6
61171019	其他动物细毛制披巾、头巾、围巾、披纱、面纱及类似品	14	12.6
61171020	羊毛制披巾、头巾、围巾、披纱、面纱及类似品	14	12.6
61171090	其他制的披巾、头巾、围巾、披纱、面纱及类似品	14	12.6
61178010	针织或钩编领带及领结	14	12.6
61178090	针织或钩编其他衣着附件	14	12.6
61179000	其他针织或钩编衣着零件	14	12.6
62011100	毛制男式大衣、斗篷及类似品	16	14.4
62011210	棉制男式羽绒服	16	14.4
62011290	棉制男式大衣、斗篷及类似品	16	14.4
62011310	化纤制男式羽绒服	17.5	15.75
62011390	化纤制男式大衣、斗篷及类似品	17.5	15.75
62011900	其他纺织材料制男式大衣、斗篷及类似品	16	14.4
62019100	毛制男式带风帽防寒短上衣、防风衣	16	14.4
62019210	棉制男式其他羽绒服	16	14.4
62019290	棉制男式带风帽防寒短上衣、防风衣	16	14.4
62019310	化纤制男式其他羽绒服	17.5	15.75
62019390	化纤制男式防寒短上衣、防风衣	17.5	15.75
62019900	其他纺织材料制男式防寒短上衣、防风衣	16	14.4
62021100	毛制女式大衣、斗篷及类似品等	16	14.4
62021210	棉制女式羽绒服	16	14.4
62021290	棉制女式大衣、斗篷及类似品等	16	14.4
62021310	化纤制女式羽绒服	19	17.1
62021390	化纤制女式大衣、斗篷及类似品	19	17.1
62021900	其他纺织材料制女式大衣、斗篷及类似品	16	14.4
62029100	毛制女式带风帽防寒短上衣、防风衣	16	14.4
62029210	棉制女式其他羽绒服	16	14.4
62029290	棉制女式带风帽防寒短上衣、防风衣	16	14.4
62029310	化纤制女式其他羽绒服	17.5	15.75
62029390	化纤制女式防风衣等	17.5	15.75
62029900	其他纺织材料制防风衣、防风短上衣等	16	14.4
62031100	毛制男式西服套装	17.5	0
62031200	合纤制男式西服套装	17.5	15.75
62031910	丝及绢丝制男式西服套装	17.5	15.75
62031990	其他纺织材料制男式西服套装	17.5	14.35
62032200	棉制男式便服套装	17.5	15.75
62032300	合纤制男式便服套装	17.5	15.75
62032910	丝及绢丝制男式便服套装	17.5	15.75
62032920	毛制男式便服套装	17.5	15.75
62032990	其他纺织材料制男式便服套装	17.5	15.75
62033100	毛制男式上衣	16	14.4
62033200	棉制男式上衣	16	14.4
62033300	合纤制男式上衣	17.5	15.75
62033910	丝及绢丝制男式上衣	16	14.4
62033990	其他纺织材料制男式上衣	16	14.4
62034100	毛制男式长裤、工装裤等	16	0
62034210	棉制男式阿拉伯裤	16	14.4
62034290	棉制男式长裤、工装裤等	16	14.4
62034310	合成纤维制男式阿拉伯裤	17.5	15.75
62034390	合纤制男式长裤、工装裤等	17.5	15.75
62034910	其他纺织材料制男式阿拉伯裤	16	14.4
62034990	其他纺织材料制男童裤、工装裤	16	14.4
62041100	毛制女式西服套装	17.5	15.75
62041200	棉制女式西服套装	17.5	15.75
62041300	合纤制女式西服套装	17.5	15.75
62041910	丝及绢丝制女式西服套装	17.5	15.75
62041990	其他纺织材料制女式西服套装	17.5	15.75
62042100	毛制女式便服套装	17.5	15.75
62042200	棉制女式便服套装	17.5	15.75
62042300	合纤制女式便服套装	20	18
62042910	丝及绢丝制女式便服套装	20	18
62042990	其他纺织材料制女式便服套装	14	12.6
62043100	毛制女式上衣	16	14.4
62043200	棉制女式上衣	16	14.4
62043300	合纤制女式上衣	17.5	15.75
62043910	丝及绢丝制女式上衣	16	14.4
62043990	其他纺织材料制女式上衣	16	14.4
62044100	毛制连衣裙	16	14.4
62044200	棉制连衣裙	16	14.4
62044300	合纤制女式连衣裙	17.5	15.75
62044400	人纤制女式连衣裙	16	14.4
62044910	丝及绢丝制连衣裙	16	14.4
62044990	其他纺织材料制连衣裙	16	14.4
62045100	毛制裙子及裙裤	14	12.6
62045200	棉制裙子及裙裤	14	12.6
62045300	合纤制裙子及裙裤	16	14.4
62045910	丝及绢丝制裙子及裙裤	14	12.6
62045990	其他纺织材料制裙子及裙裤	14	12.6
62046100	毛制女式长裤、工装裤等	16	14.4
62046200	棉制女式长裤、工装裤等	16	14.4
62046300	合纤制女式长裤、工装裤等	17.5	15.75
62046900	其他纺织材料制女式长裤、工装裤等	16	14.4
62052000	棉制男衬衫	16	14.4
62053000	化纤制男衬衫	16	14.4
62059010	丝及绢丝制男衬衫	16	14.4
62059020	毛制男衬衫	16	14.4
62059090	其他纺织材料制男衬衫	16	14.4
62061000	丝及绢丝制女式衬衫	16	14.4
62062000	毛制女衬衫	16	14.4
62063000	棉制女衬衫	16	14.4
62064000	化纤制女衬衫	17.5	15.75
62069000	其他纺织材料制女衬衫	16	14.4
62071100	棉制男式内裤及三角裤	14	12.6
62071910	丝制男式内裤及三角裤	14	12.6
62071920	化纤制男式内裤及三角裤	16	14.4
62071990	其他纺织材料制男式内裤及三角裤	14	12.6
62072100	棉制男式长睡衣及睡衣裤	14	12.6
62072200	化纤制男式长睡衣及睡衣裤	16	14.4
62072910	丝及绢丝制男式长睡衣及睡衣裤	14	12.6
62072990	其他纺织材料制男式长睡衣及睡衣裤	14	12.6
62079100	棉制男式浴衣、晨衣及类似品	14	12.6
62079910	丝及绢丝制男浴衣、晨衣及类似品	14	12.6
62079920	化纤制男浴衣、晨衣及类似品	16	14.4
62079990	其他纺织材料制男浴衣、晨衣及类似品	14	12.6
62081100	化纤制长衬裙及衬裙	16	14.4
62081910	丝及绢丝制长衬裙及衬裙	14	12.6
62081920	棉制长衬裙及衬裙	14	12.6
62081990	其他纺织材料制长衬裙及衬裙	14	12.6
62082100	棉制女式睡衣及睡衣裤	14	12.6
62082200	化纤制女式睡衣及睡衣裤	16	14.4
62082910	丝及绢丝制女式睡衣及睡衣裤	14	12.6
62082990	其他纺织材料制女式睡衣及睡衣裤	14	12.6
62089100	棉制女式背心.内衣.浴衣及类似品	14	12.6
62089200	化纤制女式背心、内衣及类似品	16	14.4
62089910	丝制女式背心、内衣及类似品	14	12.6
62089990	其他纺织材料制女式背心、内衣及类似	14	12.6
62092000	棉制婴儿服装及衣着附件	14	12.6
62093000	合纤制婴儿服装及衣着附件	16	14.4
62099010	毛制婴儿服装及衣着附件	14	12.6
62099090	其他纺织材料制婴儿服装及衣着附件	14	12.6
62101010	毛制毡呢或无纺织物服装	16	14.4
62101020	棉或麻制毡呢或无纺织物服装	16	14.4
62101030	化纤制毡呢或无纺织物服装	17.5	15.75
62101090	其他纺织材料制毡呢或无纺织物服装	16	14.4
62102000	用塑料、橡胶等处理的织物制男大衣等	16	14.4
62103000	用塑料、橡胶等处理的织物制女大衣等	16	14.4
62104000	用塑料、橡胶等处理的织物制的其他男式服装	16	14.4
62105000	用塑料、橡胶等处理的织物制的其他女式服装	16	14.4
62111100	男式游泳服	16	14.4
62111200	女式游泳服	16	14.4
62112010	棉制滑雪服	16	14.4
62112090	其他纺织材料制滑雪服	19	17.1
62113210	棉制男式阿拉伯袍	16	14.4
62113220	棉制男式运动服	16	14.4
62113290	棉制其他男式服装	16	14.4
62113310	化纤制男式阿拉伯袍	17.5	15.75
62113320	化纤制男式运动服	18	16.2
62113390	化纤制其他男式服装	17.5	15.75
62113910	丝及绢丝制男式运动服及其他服装	16	14.4
62113920	毛制男式运动服及其他服装	16	14.4
62113990	其他纺织材料制男式运动服及其他服装	16	14.4
62114210	棉制女式运动服	16	14.4
62114290	棉制其他女式服装	16	14.4
62114310	化纤制女式运动服	17.5	15.75
62114390	化纤制其他女式服装	17.5	15.75
62114910	丝及绢丝制女式运动服及其他服装	16	14.4
62114990	其他纺织材料制女式运动服及其他服装	16	14.4
62121010	化纤制胸罩	16	14.4
62121090	其他纺织材料制胸罩	14	12.6
62122010	化纤制束腰带及腹带	16	14.4
62122090	其他纺织材料制束腰带及腹带	14	12.6
62123010	化纤制紧身胸衣	16	14.4
62123090	其他纺织材料制紧身胸衣	14	12.6
62129010	化纤制吊裤带、吊袜带等	16	14.4
62129090	其他纺织材料制吊裤带、吊袜带等	14	12.6
62132010	棉制刺绣手帕	14	12.6
62132090	其他棉制手帕	14	12.6
62139020	其他纺织材料制刺绣手帕	14	12.6
62139090	其他纺织材料制手帕	14	12.6
62141000	丝制披巾、头巾、围巾及类似品	14	12.6
62142010	羊毛制披巾、领巾、围巾、披纱、面纱及类似品	14	12.6
62142020	山羊绒制披巾、领巾、围巾、披纱、面纱及类似品	14	12.6
62142090	其他动物细毛制披巾、领巾、围巾、披纱、面纱及类似品	14	12.6
62143000	合纤制披巾、头巾及类似品	16	14.4
62144000	人纤制披巾、头巾及类似品	14	12.6
62149000	其他纺织材料制披巾、头巾及类似品	14	12.6
62151000	丝及绢丝制领带及领结	14	12.6
62152000	化纤制领带及领结	16	14.4
62159000	其他纺织材料制领带及领结	14	12.6
62160000	非针织非钩编手套	14	12.6
62171010	非针织非钩编袜子及袜套	14	12.6
62171020	非针织非钩编和服腰带	14	12.6
62171090	非针织非钩编服装或衣着附件	14	12.6
62179000	非针织非钩编服装或衣着零件	14	12.6
63011000	电暖毯	16	14.4
63012000	毛制毯子及旅行毯	16	14.4
63013000	棉制毯子及旅行毯	16	14.4
63014000	合纤制毯子及旅行毯	17.5	15.75
63019000	其他纺织材料制毯子及旅行毯	16	14.4
63021010	棉制针织或钩编的床上用织物制品	14	12.6
63021090	其他纺织材料制针织或钩编的床上用织物制品	14	12.6
63022110	棉制印花床单	14	11.48
63022190	棉制印花床上用织物制品	14	12.6
63022210	化纤制印花床单	16	14.4
63022290	化纤制印花床上用织物制品	16	14.4
63022910	丝及绢丝制印花床上用织物制品	14	12.6
63022920	麻制印花床上用织物制品	14	12.6
63022990	其他纺织材料制印花床上用织物制品	14	12.6
63023110	棉制刺绣其他床上用织物制品	14	12.6
63023191	棉制其他床单	14	12.6
63023192	棉制其他毛巾被	14	12.6
63023199	棉制其他床上用织物制品	14	12.6
63023210	化纤制刺绣其他床上用织物制品	16	14.4
63023290	化纤制其他床上用织物制品	16	14.4
63023910	丝及绢丝制其他床上用织物制品	14	12.6
63023921	麻制刺绣的其他床上用织物制品	14	12.6
63023929	麻制其他床上用织物制品	14	12.6
63023991	其他纺织材料制刺绣床上用织物制品	14	12.6
63023999	其他纺织材料制其他床上用织物制品	14	12.6
63024010	手工针织或钩编的餐桌用织物制品	14	12.6
63024090	其他针织或钩编的餐桌用织物制品	14	12.6
63025110	棉制刺绣其他餐桌用织物制品	14	12.6
63025190	棉制其他餐桌用织物制品	14	12.6
63025310	化纤制刺绣其他餐桌织物制品	14	12.6
63025390	化纤制其他餐桌用织物制品	16	14.4
63025911	亚麻制刺绣其他餐桌用织物制品	14	12.6
63025919	亚麻制其他餐桌用织物制品	14	12.6
63025990	其他纺织材料制餐桌用织物制品	14	12.6
63026010	棉制浴巾	14	12.6
63026090	棉制盥洗及厨房用毛巾织物	14	12.6
63029100	棉制其他盥洗及厨房织物制品	14	12.6
63029300	化纤制其他盥洗及厨房织物制品	16	14.4
63029910	亚麻制其他盥洗及厨房织物制品	14	12.6
63029990	其他材料制其他盥洗及厨房织物	14	12.6
63031210	合纤制针织的窗帘等	16	14.4
63031220	合纤制钩编的窗帘等	16	14.4
63031931	棉制针织的窗帘等	14	12.6
63031932	棉制钩编的窗帘等	14	12.6
63031991	其他纺织材料制针织的窗帘等	14	12.6
63031992	其他纺织材料制钩编的窗帘等	14	12.6
63039100	棉制非针织非钩编窗帘等	14	12.6
63039200	合纤制非针织非钩编窗帘等	16	14.4
63039900	其他纺织材料制非针织非钩编窗帘等	14	12.6
63041121	手工针织床罩	14	12.6
63041129	非手工针织床罩	14	12.6
63041131	手工钩编床罩	14	12.6
63041139	非手工钩编床罩	14	12.6
63041910	丝及绢丝制非针织非钩编床罩	14	12.6
63041921	棉或麻制非针织非钩编刺绣床罩	14	12.6
63041929	棉或麻制其他非针织非钩编床罩	14	12.6
63041931	化纤制非针织非钩编刺绣床罩	16	14.4
63041939	化纤制其他非针织非钩编床罩	16	14.4
63041991	其他纺织材料制非针织、非钩编刺绣床罩	14	12.6
63041999	其他材料制其他非针织非钩编床罩	14	12.6
63049121	手工针织的其他装饰制品	14	12.6
63049129	非手工针织的其他装饰制品	14	12.6
63049131	手工钩编的其他装饰制品	14	12.6
63049139	非手工钩编的其他装饰制品	14	12.6
63049210	棉制非针织、非钩编的其他刺绣装饰制品	14	12.6
63049290	棉制非针织或钩编的其他装饰制品	14	12.6
63049310	合纤制非针织、非钩编其他刺绣装饰制品	16	14.4
63049390	合纤制其他非针织、非钩编装饰制品	16	14.4
63049910	丝制非针织非钩编的装饰制品	14	12.6
63049921	麻制非针织、非钩编的其他刺绣装饰制品	14	12.6
63049929	麻制其他非针织非钩编的装饰制品	14	12.6
63049990	其他纺织材料制非针织非钩编装饰制品	14	12.6
63051000	黄麻或其他韧皮纤维制货物包装袋	10	8
63052000	棉制货物包装袋	16	14.4
63053200	化纤制的散装货物储运软袋	16	14.4
63053300	聚乙烯或聚丙烯扁条制其他货物包装袋	16	14.4
63053900	其他化纤制货物包装袋	16	14.4
63059000	其他纺织材料制货物包装袋	14	12.6
63061200	合纤制油苫布、天篷及遮阳篷	16	14.4
63061910	麻制油苫布、天篷及遮阳篷	14	12.6
63061920	棉制油苫布、天篷及遮阳篷	14	12.6
63061990	其他纺织材料制油苫布、天篷及遮阳篷	14	12.6
63062200	合纤制帐篷	16	14.4
63062910	棉制帐篷	14	12.6
63062990	其他纺织材料制帐篷	14	12.6
63063010	合纤制风帆	16	14.4
63063090	其他纺织材料制风帆	14	12.6
63064010	棉制充气褥垫	14	12.6
63064020	化纤制充气褥垫	16	14.4
63064090	其他纺织材料制充气褥垫	14	12.6
63069010	棉制其他野营用品	14	12.6
63069020	麻制其他野营用品	14	12.6
63069030	化学纤维制其他野营用品	16	14.4
63069090	其他野营用品	14	12.6
63071000	擦地布、擦碗布等	14	12.6
63072000	救生衣及安全带	14	12.6
63079000	其他纺织材料制成品	14	12.6
63080000	零售包装成套物品	14	12.6
63090000	旧衣物	14	12.6
63101000	经分拣的纺织材料制碎织物等	14	12.6
63109000	纺织材料制其他碎织物等	14	12.6
64011010	橡胶制鞋面的装金属护头的塑料、橡胶制防水鞋靴	24	21.6
64011090	塑料制鞋面的装金属护头的塑料、橡胶制防水鞋靴	24	21.6
64019210	橡胶制鞋面的橡胶、塑料底及面的中、短统防水靴	24	21.6
64019290	塑料制鞋面的橡胶、塑料底及面的中、短统防水靴	24	21.6
64019900	其他橡胶、塑料制外底及鞋面防水靴	24	21.6
64021200	橡胶、塑料底及面的滑雪靴	10	8
64021900	橡胶、塑料制底及面的其他运动靴	24	21.6
64022000	橡胶、塑料的将鞋面条带栓塞在鞋底上的鞋	24	21.6
64029100	其他橡胶、塑料短统靴(过踝)	24	21.6
64029910	橡胶制鞋面的其他橡胶、塑料鞋靴	24	21.6
64029921	以机织物或其他纺织材料作衬底的	24	21.6
64029929	塑料制鞋面的其他橡胶、塑料鞋靴	24	21.6
64031200	皮革制鞋面的滑雪靴	24	21.6
64031900	皮革制鞋面的其他运动鞋靴	15	13.5
64032000	皮革条带为鞋面的皮底鞋	24	21.6
64034000	装有金属护鞋头的其他皮革面鞋靴	24	21.6
64035111	低于小腿的内底长度＜24cm的皮革制外底皮革面的短统靴(过踝)	10	8
64035119	低于小腿的内底长度≥24cm的皮革制外底皮革面的短统靴(过踝)	10	8
64035191	其他内底长度＜24cm的皮革制外底的皮革面短统靴（过踝）	10	8
64035199	其他内底长度≥24cm的皮革制外底皮革面短统靴（过踝）	10	8
64035900	皮革制外底的皮革面其他鞋靴	10	9
64039111	其他低于小腿的内底长度＜24cm的皮革面的短统靴(过踝)	10	9
64039119	其他低于小腿的内底长度≥24cm的皮革面的短统靴(过踝)	10	8
64039191	其他内底长度＜24cm的皮革面短统靴（过踝）	10	8
64039199	其他内底长度≥24cm的皮革面短统靴（过踝）	10	8
64039900	皮革制面的其他鞋靴	10	9
64041100	纺织材料制鞋面的运动鞋靴	24	21.6
64041900	纺织材料制鞋面胶底的其他鞋靴	24	21.6
64042000	纺织材料制鞋面皮革底的鞋靴	24	21.6
64051010	橡胶、塑料、皮革及再生皮革制外底的皮革或再生皮革制面的其他鞋靴	24	21.6
64051090	其他材料制外底的皮革或再生皮革制面的其他鞋靴	24	21.6
64052000	纺织材料制面的其他鞋靴	22	19.8
64059010	橡胶、塑料、皮革及再生皮革制外底的其他材料制面的鞋靴	15	13.5
64059090	其他材料制外底的其他材料制面的鞋靴	15	13.5
64061000	鞋面及其零件，硬衬除外	15	13.5
64062010	橡胶制的外底及鞋跟	15	13.5
64062020	塑料制的外底及鞋跟	15	13.5
64069010	木制鞋靴零件,活动式鞋内底等	15	13.5
64069091	活动式鞋内底、跟垫及类似品	15	13.5
64069092	护腿、裹腿和类似品及其零件	15	13.5
64069099	其他鞋靴零件（包括鞋面，不论是否带有除外底以外的其他鞋底）;活动式鞋内底、跟垫及类似品;护腿、裹腿和类似品及其零件	15	13.5
65010000	毡呢制帽坯及圆帽片	22	19.8
65020000	编结或用条带拼制的帽坯	20	18
65040000	编结或用条带拼制成的帽类	20	18
65050010	发网	10	8
65050020	钩编的帽类	20	18
65050091	成品毡呢帽类	22	19.8
65050099	针织或成匹织物制成的帽类	20	18
65061000	安全帽	10	8
65069100	橡胶或塑料制帽类	10	8
65069910	皮革制帽类	10	8
65069920	毛皮制帽类	10	8
65069990	其他材料制的未列名帽类	24	21.6
65070000	帽类附件	24	21.6
66011000	庭园用伞及类似品	14	12.6
66019100	折叠伞	10	8
66019900	其他伞	10	8
66020000	手杖、带座手杖、鞭子及类似品	10	8
66032000	伞骨	14	12.6
66039000	伞、手杖及鞭子的其他零件及饰品	14	12.6
67010000	已加工羽毛、羽绒及其制品	20	18
67021000	塑料制花、叶、果实及其制品	20	18
67029010	羽毛制花、叶、果实及其制品	20	18
67029020	丝或绢丝制花、叶、果实及其制品	24	21.6
67029030	化学纤维制花、叶、果实及其制品	24	21.6
67029090	其他材料制花、叶、果实及其制品	20	18
67030000	经梳理、稀疏等方法加工的人发及假发材料	20	18
67041100	合成纺织材料制整头假发	25	20.5
67041900	合成纺织材料制其他假发、须等	25	20.5
67042000	人发制假发、须、眉及类似品	15	13.5
67049000	其他材料制假发、须眉及类似品	25	20.5
68010000	长方砌石、路缘石、扁平石	12	10.8
68021010	大理石制砖、瓦、方块及类似品	24	21.6
68021090	其他石料制砖瓦、方块及类似品	20	18
68022110	具有一个平面的大理石及制品	10	8
68022120	石灰华	24	21.6
68022190	具有一个平面石灰华及蜡石及制品	24	21.6
68022300	具有一个平面的花岗岩及制品	10	8
68022910	具有一个平面的其他石灰石及制品	24	21.6
68022990	具有一个平面的其他石及制品	15	13.5
68029110	大理石、石灰华及蜡石制石刻	24	21.6
68029190	其他大理石、石灰华及蜡石及制品	10	8
68029210	其他石灰石制石刻	24	21.6
68029290	其他加工形式石灰石制品	10	8
68029311	花岗岩制墓碑石	24	21.6
68029319	其他花岗岩制石刻	24	21.6
68029390	其他加工形式花岗岩制品	10	8
68029910	其他石制成的石刻	24	21.6
68029990	其他石及制品	24	21.6
68030010	板岩制品	20	18
68030090	已加工板岩及板岩或粘聚板岩制品	20	18
68041000	碾磨或磨浆用石磨、石碾	8	6.4
68042100	金刚石制石磨、石碾及砂轮	8	7.2
68042210	其他砂轮	8	7.2
68042290	其他石磨、石碾及类似品	8	6.4
68042310	天然石料制的砂轮	8	6.4
68042390	天然石料制其他石磨、石碾等	8	6.4
68043010	手用琢磨油石	8	6.4
68043090	手用其他磨石及抛光石	8	6.4
68051000	砂布	8	7.2
68052000	砂纸	8	7.2
68053000	其他材料为底的天然或人造研磨料	8	6.4
68061010	硅酸铝纤维及其制品	10.5	9.45
68061090	其他矿渣棉、岩石棉及类似的矿质棉（包括其相互混合物），块状、成片或成卷	10.5	9.45
68062000	页状硅石、膨胀粘土、泡沫矿渣	10.5	9.45
68069000	其他矿物材料的混合物及制品	10	8
68071000	成卷的沥青或类似原料的制品	12	10.8
68079000	其他形状的沥青或类似原料的制品	12	10.8
68080000	镶板、平板、瓦、砖及类似品	10.5	9.45
68091100	纸贴面未饰的石膏板、片、砖、瓦及类似品	28	25.2
68091900	以其他材料贴面加强的未饰石膏板	25	NaN
68099000	其他石膏制品	25	NaN
68101100	水泥制建筑用砖及石砌块	10.5	9.45
68101910	人造石制砖、瓦、扁平石及类似品	10.5	9.45
68101990	水泥制其他砖、瓦、扁平石	10.5	9.45
68109110	钢筋混凝土和预应力混凝土管、杆、板、桩等	10.5	9.45
68109190	其他水泥制建筑或土木工程用预制构件	10.5	9.45
68109910	铁道用水泥枕	8	6.4
68109990	水泥、混凝土或人造石制其他制品	10.5	9.45
68114010	含石棉的瓦楞板	5	0
68114020	含石棉的片、板、砖、瓦及类似品	10.5	9.45
68114030	含石棉的管子及管子配件	8	6.4
68114090	含石棉的其他制品	8.4	6.72
68118100	不含石棉的瓦楞板	5	0
68118200	不含石棉的片、板、砖、瓦及类似品	10.5	8.61
68118910	不含石棉的管子及管子配件	8	6.4
68118990	不含石棉的其他制品	8.4	6.72
68128000	青石棉或青石棉混合物制品	10.5	9.45
68129100	其他石棉或石棉混合物制的服装	10.5	9.45
68129200	其他石棉或石棉混合物制的纸、麻丝板	10.5	9.45
68129300	其他成片成卷的压缩石棉纤维接合材料	10.5	9.45
68129900	其他石棉或石棉混合物制品	10	8
68132010	含石棉的闸衬、闸垫	10	8
68132090	含石棉的磨擦料及其他用于制动等用途制品	12	10.8
68138100	不含石棉的闸衬、闸垫	10	8
68138900	不含石棉的磨擦料及其他用于制动等用途制品	12	10.8
68141000	粘聚或复制云母制的板、片、带	10.5	0
68149000	其他已加工的云母及其制品	10.5	9.45
68151000	非电器用的石墨或其他碳精制品	15	13.5
68152000	泥煤制品	15	13.5
68159100	含菱镁矿、白云石或铬铁矿的制品	15	13.5
68159920	碳纤维	17.5	15.75
68159931	碳布	17.5	15.75
68159932	碳纤维预浸料	17.5	15.75
68159939	其他碳纤维制品	17.5	15.75
68159940	玄武岩纤维及其制品	17.5	15.75
68159990	其他未列名石制品及矿物制品	17.5	15.75
69010000	硅质化石粉或类似硅土制的砖、瓦	8	6.4
69021000	含＞50%镁、钙、铬耐火砖及类似品	8	6.4
69022000	含＞50%氧化铝、硅耐火砖及类似品	8	7.2
69029000	其他耐火砖及耐火陶瓷建材制品	8	6.4
69031000	含＞50%石墨其他耐火陶瓷制品	8	6.4
69032000	含＞50%氧化铝其他耐火陶瓷制品	8	6.4
69039000	其他耐火陶瓷制品	8	6.4
69041000	陶瓷制建筑用砖	15	13.5
69049000	陶瓷制铺地砖、支撑或填充用砖	24.5	22.05
69051000	陶瓷制屋顶瓦	24.5	22.05
69059000	其他建筑用陶瓷制品	24.5	22.05
69060000	陶瓷套管、导管、槽管及管子配件	15	13.5
69071000	未上釉的小陶瓷砖、瓦、块及类似品	24.5	22.05
69079000	未上釉的大陶瓷砖、瓦、块及类似品	12	10.8
69081000	上釉的小陶瓷砖、瓦、块及类似品	12	10.8
69089000	上釉的大陶瓷砖、瓦、块及类似品	12	10.8
69091100	实验室、化学或其他技术用瓷器	8	6.4
69091200	莫氏硬度≥9的技术用陶瓷器	8	6.4
69091900	其他实验室、化学用陶瓷器	8	0
69099000	农业用、运输或盛装货物用陶瓷容器	21	18.9
69101000	瓷制脸盆、浴缸及类似卫生器具	10	8
69109000	陶制脸盆、浴缸及类似卫生器具	10	8
69111011	骨瓷餐具	12	10.8
69111019	其他餐具	12	10.8
69111021	刀具	15	13.5
69111029	其他厨房器具	15	13.5
69119000	其他家用或盥洗用瓷器	24.5	22.05
69120010	陶餐具	15	13.5
69120090	陶制厨房器具	15	13.5
69131000	瓷塑像及其他装饰用瓷制品	15	13.5
69139000	陶塑像及其他装饰用陶制品	15	13.5
69141000	其他瓷制品	24.5	22.05
69149000	其他陶制品	10	9
70010000	废碎玻璃及玻璃块料	12	10.8
70021000	未加工的玻璃球	12	10.8
70022010	光导纤维预制棒	6	4.8
70022090	其他未加工的玻璃棒	12	10.8
70023110	光导纤维用波导级石英玻璃管	5	0
70023190	熔融石英或熔融硅石制其他玻璃管	14	12.6
70023200	其他未加工的玻璃管	12	10.8
70023900	未列名、未加工的玻璃管	12	10.8
70031200	铸、轧制着色的非夹丝玻璃板、片	15	13.5
70031900	铸、轧制的其他非夹丝玻璃板、片	17.5	15.75
70032000	铸、轧制的夹丝玻璃板、片	15	13.5
70033000	铸、轧制的玻璃型材及异型材	15	13.5
70042000	拉、吹制的着色玻璃板、片	17.5	15.75
70049000	拉、吹制的其他玻璃板、片	17.5	15.75
70051000	有吸收层非夹丝浮法或抛光玻璃板	15	13.5
70052100	其他着色非夹丝浮法玻璃板、片	15	13.5
70052900	其他非夹丝浮法玻璃板、片	15	13.5
70053000	夹丝浮法玻璃板、片	17.5	15.75
70060000	经其他加工税号70.03-70.05的玻璃	15	13.5
70071110	航空航天器及船舶用钢化安全玻璃	2	0
70071190	车辆用钢化安全玻璃	10	8
70071900	其他钢化安全玻璃	14	12.6
70072110	航空航天器及船舶用层压安全玻璃	2	0
70072190	车辆用层压安全玻璃	20	18
70072900	其他层压安全玻璃	14	12.6
70080010	中空或真空隔温、隔音玻璃	14	12.6
70080090	其他多层隔温、隔音玻璃组件	14	12.6
70091000	车辆后视镜	10	8
70099100	其他未镶框玻璃镜(包括后视镜)	21	18.9
70099200	其他镶框玻璃镜(包括后视镜)	12	10.8
70101000	玻璃安瓿	14	12.6
70102000	玻璃制的塞、盖及类似封口器	14	12.6
70109010	装运货物或保藏用的玻璃大容器	14	12.6
70109020	装运货物或保藏用的玻璃中容器	14	12.6
70109030	装运货物或保藏用的玻璃小容器	14	12.6
70109090	装运货物或保藏用的玻璃特小容器	14	12.6
70111000	电灯用未封口玻璃外壳及玻璃零件	21	18.9
70112010	显象管玻壳及其零件	10	8
70112090	阴极射线管用玻壳及零件	10	8
70119010	电子管未封口玻璃外壳及玻璃零件	8	6.4
70119090	其他类似品用未封口玻璃外壳零件	21	18.9
70131000	玻璃陶瓷制玻璃器皿	24.5	22.05
70132200	铅晶质高脚杯	24.5	22.05
70132800	其他高脚杯	8	6.4
70133300	其他铅晶质玻璃杯	24.5	22.05
70133700	其他玻璃杯	8	6.4
70134100	铅晶质玻璃制餐桌、厨房用器皿	24.5	22.05
70134200	低膨胀系数玻璃制餐桌厨房用器皿	10	8
70134900	其他玻璃制餐桌、厨房用器皿	10	8
70139100	其他铅晶质玻璃器皿	10	8
70139900	其他玻璃器皿	10	8
70140010	光学仪器用光学元件毛坯	10	8
70140090	其他未经光学加工的信号玻璃器	17.5	15.75
70151010	视力矫正眼镜用变色镜片坯件	21	18.9
70151090	其他视力矫正眼镜用镜片坯件	17.5	15.75
70159010	钟表玻璃	17.5	15.75
70159020	平光变色镜片坯件	18	16.2
70159090	税号7015的其他未经光学加工玻璃	12	9.84
70161000	供镶嵌或装饰用玻璃马赛克	22	19.8
70169010	花饰铅条窗玻璃及类似品	24	21.6
70169090	建筑用压制或模制铺面玻璃块、砖	18	16.2
70171000	实验室、卫生及配药用玻璃器	0	0
70172000	其他玻璃制实验室等用玻璃器	8	6.56
70179000	其他实验室、卫生及配药用玻璃器	8	6.4
70181000	玻璃珠、仿珍珠及类似小件玻璃品	10	8
70182000	直径≤1mm的玻璃珠	20	18
70189000	玻璃假眼；灯工方法制的玻璃塑像及玻璃饰品	20	18
70191100	长度≤50mm的短切玻璃纤维	12	10.8
70191200	玻璃纤维粗纱	12	10.8
70191900	玻璃纤维、梳条、纱线	10	8
70193100	玻璃纤维(包括玻璃棉)制的席	5	0
70193200	玻璃纤维(包括玻璃棉)制的薄片	14	12.6
70193910	垫	10.5	9.45
70193990	玻璃纤维（包括玻璃棉）及其制品	10.5	9.45
70194000	玻璃纤维粗纱机织物	12	10.8
70195100	宽度≤30mm的玻璃纤维机织物	12	10.8
70195200	每平米≤250g的玻璃长丝平纹织物	12	10.8
70195900	其他玻璃纤维机织物	12	10.8
70199010	玻璃棉及其制品	7	5.6
70199021	每平方米重量小于450克的玻璃纤维布浸胶制品	7	5.6
70199029	其他玻璃纤维布浸胶制品	7	5.6
70199090	其他玻璃纤维及其制品	7	5.6
70200011	导电玻璃	10.5	9.45
70200012	绝缘子用玻璃伞盘	10.5	9.45
70200013	熔融石英或其他熔融硅石制	10.5	9.45
70200019	其他工业用玻璃制品	10.5	9.45
70200091	保温瓶或其他保温器用玻璃胆	21	18.9
70200099	其他非工业用玻璃制品	15	13.5
71011011	未分级的天然黑珍珠	21	18.9
71011019	其他未分级的天然珍珠	21	18.9
71011091	其他天然黑珍珠	21	18.9
71011099	其他天然珍珠	21	18.9
71012110	未分级、未加工的养殖珍珠	21	18.9
71012190	其他未加工的养殖珍珠	21	18.9
71012210	未分级、已加工的养殖珍珠	21	18.9
71012290	其他已加工的养殖珍珠	21	18.9
71021000	未分级钻石	3	0
71022100	未加工或简单加工的工业用钻石	0	0
71022900	其他工业用钻石	0	0
71023100	未加工或简单加工非工业用钻石	3	2.7
71023900	其他非工业用钻石	8	7.2
71031000	未加工宝石或半宝石	3	0
71039100	经其他加工的红宝石、蓝宝石、祖母绿	8	7.2
71039910	经其他加工的翡翠	8	6.4
71039920	水晶	8	7.2
71039930	碧玺	8	7.2
71039940	软玉	8	7.2
71039990	经其他加工的其他宝石或半宝石	8	7.2
71041000	压电石英	6	4.8
71042010	未加工合成或再造钻石	0	0
71042090	未加工合成或再造其他宝石或半宝石	0	0
71049011	其他工业用合成或再造的钻石	6	4.8
71049012	工业用蓝宝石	6	4.8
71049019	其他工业用合成或再造的其他宝石或半宝石	6	4.8
71049091	其他非工业用合成钻石	8	6.4
71049099	其他非工业用合成其他宝石或半宝石	8	6.4
71051010	天然钻石	0	0
71051020	人工合成的钻石	0	0
71059000	天然或合成宝石或半宝石粉末	0	0
71061011	平均粒径小于3微米的非片状银粉	0	0
71061019	平均粒径不小于3微米的非片状银粉	0	0
71061021	平均粒径小于10微米的片状银粉	0	0
71061029	其他银粉	0	0
71069110	纯度达99.99%及以上的未锻造银	0	0
71069190	其他未锻造银	0	0
71069210	纯度达99.99%及以上的半制成银	0	0
71069290	其他半制成银	0	0
71070000	以贱金属为底的包银材料	10.5	9.45
71081100	非货币用金粉	0	0
71081200	非货币用未锻造金	0	0
71081300	非货币用半制成金	0	0
71082000	货币用未锻造金(包括镀铂的金)及金粉	0	0
71090000	以贱金属或银为底的包金材料	10.5	9.45
71101100	未锻造或粉未状铂	0	0
71101910	板、片状铂	0	0
71101990	其他半制成铂	3	0
71102100	未锻造或粉未状钯	0	0
71102910	板、片状钯	0	0
71102990	其他半制成钯	3	0
71103100	未锻造或粉未状铑	0	0
71103910	板、片状铑	0	0
71103990	其他半制成铑	3	0
71104100	未锻造或粉末状铱、锇、钌	0	0
71104910	板、片状铱、锇、钌	0	0
71104990	其他半制成铱、锇、钌	3	0
71110000	以贱金属、银或金为底的包铂材料	3	0
71123010	含银或银化合物的灰	8	6.4
71123090	其他含贵金属或贵金属化合物的灰	6	4.8
71129110	金及包金的废碎料	0	0
71129120	其他含金或金化合物的废碎料	6	4.8
71129210	铂及包铂的废碎料	0	0
71129220	其他含铂或铂化合物的废碎料	6	4.8
71129910	含银及银化合物的废碎料	8	6.4
71129920	含有其他贵金属或贵金属化合物的废碎料	6	4.8
71129990	其他贵金属或包贵金属的废碎料	0	0
71131110	镶嵌钻石的银首饰及其零件	20	16.4
71131190	其他银首饰及其零件	20	16
71131911	镶嵌钻石的黄金制首饰及其零件	20	18.333333
71131919	其他黄金制首饰及其零件	20	16
71131921	镶嵌钻石的铂制首饰及其零件	35	NaN
71131929	其他铂制首饰及其零件	35	28
71131991	镶嵌钻石的其他贵金属制首饰及其零件	35	NaN
71131999	其他贵金属制首饰及其零件	35	28
71132010	镶嵌钻石的以贱金属为底的包贵金属制首饰	35	28.7
71132090	其他以贱金属为底的包贵金属制首饰	35	NaN
71141100	银器及零件	35	28
71141900	其他贵金属制金银器及零件	35	32.083333
71142000	以贱金属为底的包贵金属制金银器	35	28.7
71151000	金属丝布或格栅状的铂催化剂	3	0
71159010	工业或实验室用贵或包贵金属制品	3	0
71159090	其他用途的贵或包贵金属制品	35	NaN
71161000	天然或养殖珍珠制品	35	31.5
71162000	宝石或半宝石制品	35	28
71171100	贱金属制袖扣、饰扣	35	28.7
71171900	其他贱金属制仿首饰	17	15.3
71179000	未列名材料制仿首饰	35	NaN
71181000	非法定货币的硬币(金币除外)	0	0
71189000	其他硬币	0	0
72011000	非合金生铁,含磷量≤0.5%	1	0
72012000	非合金生铁,含磷量＞0.5%	1	0
72015000	合金生铁、镜铁	1	0
72021100	锰铁,含碳量≥2%	2	0
72021900	锰铁,含碳量≤2%	2	0
72022100	硅铁,含硅量≥55%	2	0
72022900	硅铁,含硅量≤55%	2	0
72023000	硅锰铁	2	0
72024100	铬铁,含碳量≥4%	2	0
72024900	铬铁,含碳量≤4%	2	0
72025000	硅铬铁	2	0
72026000	镍铁	2	0
72027000	钼铁	2	0
72028010	钨铁	2	0
72028020	硅钨铁	2	0
72029100	钛铁及硅钛铁	2	0
72029210	按重量计含钒量在75％及以上的钒铁	9	7.2
72029290	其他钒铁	9	7.2
72029300	铌铁	2	0
72029911	钕铁硼速凝永磁片	2	0
72029912	钕铁硼磁粉	2	0
72029919	其他钕铁硼合金	2	0
72029991	按重量计稀土元素总含量在10%以上的其他铁合金	2	0
72029999	其他铁合金	2	0
72031000	直接从铁矿还原的铁产品	2	0
72039000	其他海绵铁,产品纯度＞99.94%	2	0
72041000	铸铁废碎料	2	0
72042100	不锈钢废碎料	0	0
72042900	其他合金钢废碎料	0	0
72043000	镀锡钢铁废碎料	2	0
72044100	机械加工中产生的废料	2	0
72044900	其他钢铁废碎料	0	0
72045000	供再熔的碎料钢铁锭	0	0
72051000	生铁、镜铁及钢铁颗粒	2	0
72052100	合金钢粉末	2	0
72052900	生铁、镜铁及其他钢铁粉末	2	0
72061000	铁及非合金钢锭	2	0
72069000	其他初级形状的铁及非合金钢	2	0
72071100	宽度＜厚度两倍的矩形截面钢坯,C<0.25%	2	0
72071200	其他矩形截面钢坯,C,0.25%	2	0
72071900	其他含碳量＜0.25%的钢坯	2	0
72072000	含碳量≥0.25%的钢坯	2	0
72081000	轧压花纹的热轧卷材	5	0
72082500	厚度≥4.75mm其他经酸洗的热轧卷材	5	0
72082610	屈服强度大于355牛顿/平方毫米，3mm≤厚度＜4.75mm其他经酸洗热轧卷材	5	0
72082690	其他3mm≤厚度＜4.75mm其他经酸洗热轧卷材	5	0
72082710	厚度＜1.5mm的其他经酸洗的热轧卷材	5	0
72082790	其他厚度＜3mm的其他经酸洗的热轧卷材	5	0
72083600	厚度＞10mm的其他热轧卷材	6	4.8
72083700	4.75mm≤厚度≤10mm的其他热轧卷材	5	0
72083810	屈服强度大于355牛顿/平方毫米，3mm≤厚度＜4.75mm的其他卷材	5	0
72083890	其他3mm≤厚度＜4.75mm的其他卷材	5	0
72083910	厚度＜1.5mm的其他热轧卷材	3	0
72083990	其他厚度＜3mm的其他热轧卷材	3	0
72084000	轧有凸起花纹的热轧非卷材	6	4.8
72085110	厚度＞50mm的其他热轧非卷材	6	4.8
72085120	厚度＞20mm，但不超过50毫米的其他热轧非卷材	6	4.8
72085190	其他厚度＞10mm的其他热轧非卷材	6	4.8
72085200	4.75mm≤厚度≤10mm的热轧非卷材	6	4.8
72085310	屈服强度大于355牛顿/平方毫米，3mm≤厚度＜4.75mm的热轧非卷材	6	4.8
72085390	其他3mm≤厚度＜4.75mm的热轧非卷材	6	4.8
72085410	厚度＜1.5mm的热轧非卷材	6	4.8
72085490	其他厚度＜3mm的热轧非卷材	6	4.8
72089000	其他热轧铁或非合金钢宽平板轧材	6	4.8
72091510	屈服强度大于355牛顿/平方毫米，厚度≥3mm的冷轧卷材	6	4.8
72091590	其他厚度≥3mm的冷轧卷材	6	4.8
72091610	屈服强度大于275牛顿/平方毫米，1mm＜厚度＜3mm的冷轧卷材	6	4.8
72091690	其他1mm＜厚度＜3mm的冷轧卷材	6	4.8
72091710	屈服强度大于275牛顿/平方毫米，0.5mm≤厚度≤1mm的冷轧卷材	3	0
72091790	其他0.5mm≤厚度≤1mm的冷轧卷材	3	0
72091810	厚度＜0.3mm的冷轧卷材	6	4.8
72091890	其他厚度＜0.5mm的冷轧卷材	6	4.8
72092500	厚度≥3mm的冷轧非卷材	6	4.8
72092600	1mm＜厚度＜3mm的冷轧非卷材	6	4.8
72092700	0.5mm≤厚度≤1mm的冷轧非卷材	6	4.8
72092800	厚度＜0.5mm的冷轧非卷材	6	4.8
72099000	其他冷轧铁或非合金钢宽平板轧材	6	4.8
72101100	镀锡的铁或非合金钢厚宽平板轧材	10	8
72101200	镀锡的铁或非合金钢薄宽平板轧材	5	0
72102000	镀铅的铁或非合金钢宽平板轧材	4	0
72103000	电镀锌的铁或非合金钢宽板材	8	6.4
72104100	镀锌的瓦楞形铁或非合金钢宽板材	8	6.4
72104900	镀锌的其他形铁或非合金钢宽板材	4	0
72105000	镀氧化铬的铁或非合金钢宽板材	8	6.4
72106100	镀或涂铝锌合金的铁宽平板轧材	8	6.4
72106900	其他镀或涂铝的铁宽平板轧材	8	6.4
72107010	厚度小于1.5毫米涂漆或涂塑的宽度在600毫米及以上的铁或非合金钢平板轧材，经包覆、镀层或涂层	4	3.2
72107090	其他涂漆或涂塑的宽度在600毫米及以上的铁或非合金钢平板轧材，经包覆、镀层或涂层	4	3.2
72109000	涂镀其他材料铁或非合金钢宽板材	8	6.4
72111300	未轧花纹的四面轧制的热轧非卷材	6	4.8
72111400	厚度≥4.75mm的其他热轧板材	6	4.8
72111900	其他热轧铁或非合金钢窄板材	6	4.8
72112300	冷轧含炭量＜0.25%的板材	6	4.8
72112900	冷轧其他铁或非合金钢窄板材	6	4.8
72119000	冷轧的铁或非合金钢其他窄板材	6	4.8
72121000	镀或涂锡的铁或非合金钢窄板材	5	0
72122000	电镀锌的铁或非合金钢窄板材	8	6.4
72123000	其他镀或涂锌的铁窄板材	8	6.4
72124000	涂漆或涂塑的铁或非合金钢窄板材	4	0
72125000	涂镀其他材料铁或非合金钢窄板材	8	6.4
72126000	经包覆的铁或非合金钢窄板材	8	6.4
72131000	带有轧制花纹的热轧盘条	3	0
72132000	其他易切削钢制热轧盘条	3	0
72139100	直径＜14mm圆截面的其他热轧盘条	5	0
72139900	其他热轧盘条	5	0
72141000	锻造的铁或非合金钢条、杆	7	5.6
72142000	热加工带有轧制花纹的条、杆	3	0
72143000	热加工易切削钢的条、杆	7	5.6
72149100	热加工其他矩形截面的条杆	3	0
72149900	热加工其他条、杆	3	0
72151000	冷加工其他易切削钢制条、杆	7	6.3
72155000	冷加工或冷成形的其他条、杆	7	5.6
72159000	铁及非合金钢的其他条、杆	3	0
72161010	截面高度＜80mm的H型钢	3	0
72161020	截面高度低于80毫米的工字钢	3	0
72161090	截面高度＜80mmU型钢	3	0
72162100	热加工截面高度＜80mm角钢	6	4.8
72162200	热加工截面高度＜80mm丁字钢	6	4.8
72163100	热加工截面高度≥80mm槽型钢	6	4.8
72163210	截面高度在200毫米以上的工字钢	6	4.8
72163290	热加工截面高度≥80mm工字型钢	6	4.8
72163311	截面高度在800毫米以上的H型缸	6	4.8
72163319	截面高度≥200mmH型钢	6	4.8
72163390	其他截面高度≥80mmH型钢	6	4.8
72164010	热加工截面高度≥80mm角钢	3	0
72164020	热加工截面高度≥80mm丁字钢	3	0
72165010	热加工乙字钢	6	4.8
72165020	热加工球扁钢	3	0
72165090	热加工其他角材、型材及异型材	3	0
72166100	冷加工板材制的角材、型材及异型材	3	0
72166900	冷加工其他角材、型材及异型材	3	0
72169100	冷加工其他板材制角材、型材及异型材	3	0
72169900	其他角材、型材及异型材	3	0
72171000	未镀或涂层的铁或非合金钢丝	8	6.4
72172000	镀或涂锌的铁或非合金钢丝	8	6.4
72173010	镀或涂铜的铁丝和非合金钢丝	8	6.4
72173090	镀或涂其他贱金属的铁丝和非合金钢丝	8	6.4
72179000	其他铁丝或非合金钢丝	8	6.4
72181000	不锈钢锭及其他初级形状产品	2	0
72189100	矩形截面的不锈钢半制成品	2	0
72189900	其他不锈钢半制成品	2	0
72191100	厚度＞10mm热轧不锈钢卷板	4	0
72191200	4.75mm≤厚度≤10mm热轧不锈钢卷板	4	0
72191312	按重量计含锰量在5.5%及以上的未经酸洗3mm≤厚度＜4.75mm铬锰系不锈钢	4	0
72191319	厚度在3毫米及以上，但小于4.75毫米的未径酸洗的其他不锈钢卷板	4	0
72191322	按重量计含锰量在5.5%及以上的经酸洗3mm≤厚度＜4.75mm铬锰系不锈钢	4	0
72191329	厚度在3毫米及以上，但小于4.75毫米的经酸洗的其他不锈钢卷板	4	0
72191412	按重量计含锰量在5.5%及以上的未经酸洗厚度＜3mm的铬锰系不锈钢	4	0
72191419	厚度在3毫米以下的未径酸洗的其他不锈钢卷板	4	0
72191422	按重量计含锰量在5.5%及以上的经酸洗厚度＜3mm的铬锰系不锈钢	4	0
72191429	厚度在3毫米以下的经酸洗的其他不锈钢卷板	4	0
72192100	厚度＞10mm热轧不锈钢平板	10	8
72192200	4.75mm≤厚度≤10mm热轧不锈钢平板	10	8
72192300	3mm≤厚度＜4.75mm热轧不锈钢平板	10	8
72192410	1mm＜厚度＜3mm热轧不锈钢平板	10	8
72192420	0.5mm≤厚度≤1mm热轧不锈钢平板	10	8
72192430	厚度＜0.5mm热轧不锈钢平板	10	8
72193100	厚度≥4.75mm冷轧不锈钢板	10	8
72193200	3mm≤厚度＜4.75mm冷轧不锈钢板材	10	8
72193310	1mm＜厚度＜3mm冷轧按重量计含锰量在5.5%及以上的铬锰系不锈钢板材	10	8
72193390	其他1mm＜厚度＜3mm冷轧不锈钢板材	10	8
72193400	0.5mm≤厚度≤1mm冷轧不锈钢板材	10	8
72193500	厚度＜0.5mm冷轧不锈钢板材	10	8
72199000	其他不锈钢冷轧板材	10	8
72201100	热轧不锈钢带材厚度≥4.75mm	10	8
72201200	热轧不锈钢带材厚度＜4.75mm	10	8
72202020	厚度在0.35毫米及以下的冷轧不锈钢带材	10	8
72202030	厚度在0.35毫米以上但小于3毫米的冷轧不锈钢带材	10	8
72202040	厚度在3毫米及以上的冷轧不锈钢带材	10	8
72209000	其他不锈钢带材	10	8
72210000	不锈钢热轧条、杆	10	8
72221100	热加工的圆形截面不锈钢条、杆	10	8
72221900	热加工其他截面形状不锈钢条杆	10	8
72222000	冷成形或冷加工的不锈钢条、杆	10	8
72223000	其他不锈钢条、杆	10	8
72224000	不锈钢角材、型材及异型材	10	8
72230000	不锈钢丝	10	8
72241000	其他合金钢锭及其他初级形状	2	0
72249010	单重≥10吨的粗铸锻件坯	2	0
72249090	其他合金钢坯	2	0
72251100	取向性硅电钢宽板	3	0
72251900	其他硅电钢宽板	6	4.8
72253000	宽度≥600mm热轧其他合金钢卷材	3	0
72254010	工具钢	3	0
72254091	含硼合金钢	3	0
72254099	其他非卷材,除热轧外未经进一步加工	3	0
72255000	宽度≥600mm冷轧其他合金钢板材	3	0
72259100	电镀锌的其他合金钢宽平板轧材	7	5.6
72259200	其他镀或涂锌的其他合金钢宽板材	7	5.6
72259910	宽度≥600mm的高速钢平板轧材	3	0
72259990	宽度≥600mm的其他合金钢平板轧材	7	5.6
72261100	取向性硅电钢窄板	3	0
72261900	其他硅电钢窄板	3	0
72262000	宽度＜600mm的高速钢平板轧材	3	0
72269110	工具钢	3	0
72269191	含硼合金钢	3	0
72269199	其他除热轧外未经进一步加工的合金钢平板轧材，宽度小于600毫米	3	0
72269200	宽度＜600mm冷轧其他合金钢板材	3	0
72269910	电镀锌的其他合金钢窄平板轧材	7	5.6
72269920	其他镀或涂锌的其他合金钢窄板材	7	5.6
72269990	宽度＜600mm的其他合金板材	7	5.6
72271000	高速钢的热轧盘条	3	0
72272000	硅锰钢的热轧盘条	6	4.8
72279010	含硼合金钢制不规则盘卷的其他合金钢热轧条、杆	3	0
72279090	其他不规则盘卷的其他合金钢热轧条、杆	3	0
72281000	其他高速钢的条、杆	3	0
72282000	其他硅锰钢的条、杆	6	4.8
72283010	含硼合金钢制其他条、杆，除热轧、热拉拔或热挤压外未经进一步加工	3	0
72283090	其他条、杆，除热轧、热拉拔或热挤压外未经进一步加工	3	0
72284000	其他合金钢锻造条、杆	3	0
72285000	其他合金钢冷成形或冷加工条、杆	3	0
72286000	其他合金钢条、杆	3	0
72287010	履带板型钢	6	4.8
72287090	其他合金钢角材、型材及异型材	6	4.8
72288000	其他合金钢空心钻钢	7	5.6
72292000	硅锰钢丝	7	5.6
72299010	高速钢丝	3	0
72299090	其他合金钢丝	7	5.6
73011000	钢铁板桩	7	5.6
73012000	焊接的钢铁角材、型材及异型材	7	5.6
73021000	钢轨	6	4.8
73023000	道岔尖轨、辙叉、尖轨拉杆	8	6.4
73024000	钢铁制鱼尾板、钢轨垫板	7	5.6
73029010	钢铁轨枕	6	4.8
73029090	其他铁道电车道铺轨用钢铁材料	7	6.3
73030010	内径＞500mm的铸铁圆型截面管	4	0
73030090	其他铸铁管及空心异型材	4	0
73041110	外径大于等于215.9毫米，但不超过406.4毫米的不锈钢制石油或天然气套管	5	0
73041120	外径大于114.3毫米，但小于215.9毫米的不锈钢制石油或天然气套管	5	0
73041130	外径不超过114.3毫米的不锈钢制石油或天然气套管	5	0
73041190	其他不锈钢制石油或天然气套管	5	0
73041910	外径大于等于215.9毫米，但不超过406.4毫米的非不锈钢制石油或天然气套管	5	0
73041920	外径大于114.3毫米，但小于215.9毫米的非不锈钢制石油或天然气套管	5	0
73041930	外径不超过114.3毫米的非不锈钢制石油或天然气套管	5	0
73041990	其他非不锈钢制石油或天然气套管	5	0
73042210	外径不超过168.3毫米的不锈钢制钻管	4	0
73042290	其他不锈钢制钻管	4	0
73042310	外径不超过168.3毫米的非不锈钢制钻管	4	0
73042390	其他非不锈钢制钻管	4	0
73042400	其他不锈钢制钻探石油用天然气套管、导管	4	0
73042910	屈服强度小于552兆帕的钻探石油及天然气用的套管、导管及钻管	4	0
73042920	屈服强度大于等于552兆帕，但小于758兆帕的钻探石油及天然气用的套管、导管及钻管	4	0
73042930	屈服强度大于等于758兆帕的钻探石油及天然气用的套管、导管及钻管	4	0
73043110	冷轧的钢铁制无缝锅炉管	4	0
73043120	冷轧的铁制无缝地质钻管、套管	8	6.4
73043190	其他冷轧的铁制无缝圆形截面管	4	3.2
73043910	非冷轧的铁制无缝锅炉管	4	0
73043920	非冷轧的铁制无缝地质钻管套管	5	0
73043990	非冷轧的铁制其他无缝管	4	0
73044110	冷轧的不锈钢制无缝锅炉管	10	8
73044190	冷轧的不锈钢制的其他无缝管	10	8
73044910	非冷轧的不锈钢制无缝锅炉管	10	8
73044990	非冷轧的不锈钢制其他无缝管	10	8
73045110	冷轧的其他合金钢无缝锅炉管	4	0
73045120	冷轧的其他合金钢无缝地质钻套管	4	0
73045190	冷轧的其他合金钢制其他无缝管	4	3.2
73045910	非冷轧其他合金钢无缝锅炉管	4	0
73045920	非冷轧其他合金钢无缝地质钻套管	4	0
73045990	非冷轧其他合金钢制无缝圆形截面	4	0
73049000	未列名无缝钢铁管及空心异型材	4	0
73051100	纵向埋弧焊接石油、天然气粗钢管	7	5.6
73051200	其他纵向焊接石油、天然气粗钢管	3	0
73051900	其他石油、天然气粗钢管	7	5.6
73052000	其他钻探石油、天然气用粗套管	7	5.6
73053100	纵向焊接的其他粗钢铁管	6	4.8
73053900	其他方法焊接其他粗钢铁管	6	4.8
73059000	未列名圆形截面粗钢铁管	6	4.8
73061100	不锈钢焊缝石油、天然气管道管	7	5.6
73061900	其他石油、天然气管道管	7	5.6
73062100	不锈钢焊缝钻探石油天然气用套、导管	3	0
73062900	其他钻探石油天然气用套、导管	3	0
73063011	壁厚在0.7毫米及以下的外径不超过10毫米的其他铁或非合金刚圆形截面焊缝管	3	0
73063019	壁厚在0.7毫米以上外径不超过10毫米的其他铁或非合金刚圆形截面焊缝管	3	0
73063090	外径超过10毫米的其他铁或非合金刚圆形截面焊缝管	3	0
73064000	不锈钢其他圆形截面细焊缝管	6	4.8
73065000	其他合金钢的圆形截面细焊缝管	3	0
73066100	矩形或正方形截面的其他焊缝管	3	0
73066900	其他非圆形截面的其他焊缝管	3	0
73069000	未列名其他钢铁管及空心异型材	6	4.8
73071100	无可锻性铸铁制管子附件	5	0
73071900	可锻性铸铁及铸钢管子附件	8	7.2
73072100	不锈钢制法兰	8.4	6.72
73072200	不锈钢制螺纹肘管、弯管、管套	8.4	6.72
73072300	不锈钢制对焊件	8.4	6.72
73072900	不锈钢制其他管子附件	8.4	7.56
73079100	未列名钢铁制法兰	7	5.6
73079200	未列名钢铁制螺纹肘管、弯管、管套	4	3.2
73079300	未列名钢铁制对焊件	7	5.6
73079900	未列名钢铁制其他管子附件	4	3.2
73081000	钢铁制桥梁及桥梁体段	8	6.4
73082000	钢铁制塔楼及格构杆	8.4	6.72
73083000	钢铁制门窗及其框架、门槛	10	8
73084000	钢铁制脚手架模板坑凳用支柱及类	8.4	6.72
73089000	其他钢铁结构体及部件	4	3.2
73090000	容积＞300L钢铁制盛物容器	10.5	9.45
73101000	容积50-300L钢铁制盛物容器	10.5	9.45
73102110	易拉罐及罐体	17.5	15.75
73102190	其他容积在50升以下焊边或卷边接合的罐	17.5	15.75
73102910	易拉罐及罐体	17.5	16.041667
73102990	其他盛装物料用的钢铁柜、桶、罐、听、盒及类似容器（装压缩气体或液化气体的除外），容积不超过300升，不论是否衬里或隔热，但无机械或热力装置	17.5	16.041667
73110010	装压缩或液化气的钢铁容器	17.5	15.75
73110090	其他装压缩或液化气的容器	8	6.4
73121000	非绝缘的钢铁绞股线、绳、缆	4	3.2
73129000	非绝缘钢铁编带、吊索及类似品	4	3.2
73130000	带刺钢铁丝、围篱用钢铁绞带	7	5.6
73141200	不锈钢制的机器用环形带	12	9.84
73141400	不锈钢制的机织品	12	0
73141900	其他钢铁丝制机织品	7	NaN
73142000	交点焊接的粗钢铁丝网、篱及格栅	7	5.6
73143100	交点焊接的镀或涂锌细钢铁丝网	7	5.6
73143900	交点焊接的其他细钢铁丝网、篱	7	5.6
73144100	其他镀锌的钢铁丝网、荔及格栅	8	6.4
73144200	其他涂塑的钢铁丝网、篱及格栅	8	7.2
73144900	其他钢铁丝网、篱及格栅	8	7.2
73145000	网眼钢铁板	8	6.4
73151110	自行车滚子链	12	10.8
73151120	摩托车滚子链	12	10.8
73151190	其他滚子链	12	10.8
73151200	其他铰接链	12	10.8
73151900	铰接链零件	12	10.8
73152000	防滑链	12	10.8
73158100	日字环节链	12	10.8
73158200	其他焊接链	12	10.8
73158900	未列名链	12	10.8
73159000	非铰接链零件	10	8
73160000	钢铁锚、多爪锚及其零件	10	8
73170000	铁钉、图钉、平头钉及类似品	10	8
73181100	方头螺钉	10	8
73181200	其他木螺钉	10	8
73181300	钩头螺钉及环头螺钉	10	8
73181400	自攻螺钉	10	9
73181510	抗拉强度在800兆帕及以上的螺钉及螺栓，不论是否带有螺母或垫圈	8	7.2
73181590	其他螺钉及螺栓	8	7.2
73181600	螺母	8	7.2
73181900	未列名螺纹制品	5	4
73182100	弹簧垫圈及其他防松垫圈	10	8
73182200	其他垫圈	10	8
73182300	铆钉	10	8
73182400	销及开尾销	10	9
73182900	其他无螺纹紧固件	10	8
73194010	安全别针	10	8
73194090	其他别针	10	8
73199000	未列名钢铁制针及类似品	10	9
73201010	铁道车辆用片簧及簧片	6	4.8
73201020	汽车用片簧及弹簧	10	8
73201090	其他片簧及簧片	10	9
73202010	铁道车辆用螺旋弹簧	6	4.8
73202090	其他螺旋弹簧	10	9
73209010	铁道车辆用其他弹簧	6	4.8
73209090	其他弹簧	12	10.8
73211100	可使用气体燃料的家用炉灶	15	13.5
73211210	煤油炉	21	18.9
73211290	其他使用液体燃料的家用炉灶	21	18.9
73211900	其他炊事用具及加热板	21	18.9
73218100	可使用气体燃料的其他家用器具	23	20.7
73218200	使用液体燃料的其他家用器具	21	18.9
73218900	其他非电热家用器具	21	18.9
73219000	非电热家用器具零件	12	10.8
73221100	非电热铸铁制集中供暖用散热器	21	18.9
73221900	非电热钢制集中供暖用散热器	21	18.9
73229000	非电热空气加热器、暖气分布器	20	18
73231000	钢铁丝绒、擦锅器、洗擦用块垫等	14	12.6
73239100	餐桌、厨房等家用铸铁制器具	20	18
73239200	餐桌、厨房等家用铸铁制搪瓷器	20	18
73239300	餐桌、厨房等家用不锈钢器具	12	10.8
73239410	钢铁制搪瓷面盆	20	18
73239420	钢铁制搪瓷烧锅	20	18
73239490	其他餐桌、厨房等家用钢铁制搪瓷器	20	18
73239900	其他餐桌、厨房等用钢铁器具	20	18
73241000	不锈钢制洗涤槽及脸盆	18	16.2
73242100	铸铁制浴缸	10	8
73242900	其他钢铁制浴缸	30	27
73249000	其他钢铁制卫生器具及零件	25	22.5
73251010	工业用无可锻性制品	7	5.6
73251090	其他无可锻性铸铁制品	20	18
73259100	可锻性铸铁及铸钢研磨机的研磨球	10.5	9.45
73259910	工业用未列名可锻性铸铁制品	10.5	9.45
73259990	非工业用未列名可锻性铸铁制品	20	18
73261100	钢铁制研磨机用研磨球及类似品	10.5	9.45
73261910	工业用未列名钢铁制品	10.5	9.45
73261990	非工业用未列名钢铁制品	20	18
73262010	工业用钢铁丝制品	10	8
73262090	非工业用钢铁丝制品	18	16.2
73269011	钢铁纤维及其制品	10.5	9.45
73269019	其他工业用钢铁制品	10.5	9.45
73269090	其他非工业用钢铁制品	8	7.2
74010000	铜锍、沉积铜(泥铜)	2	0
74020000	未精炼铜、电解精炼用铜阳极	2	0
74031111	按重量计铜含量超过99.9935%的阴极精炼铜	2	0
74031119	其他阴极精炼铜	2	0
74031190	精炼铜阴极型材	2	0
74031200	精炼铜的线锭	2	1.8
74031300	精炼铜的坯段	2	0
74031900	其他未锻轧的精炼铜	2	0
74032100	未锻轧的铜锌合金(黄铜)	1	0
74032200	未锻轧的铜锡合金(青铜)	1	0
74032900	未锻轧的其他铜合金	1	0
74040000	铜废碎料	1.5	0
74050000	铜母合金	4	0
74061010	精炼铜制非片状粉末	3	0
74061020	白铜或德银制非片状粉末	6	4.8
74061030	铜锌合金(黄铜)制非片状铜粉粉末	6	4.8
74061040	铜锡合金(青铜)制非片状铜粉粉末	6	4.8
74061090	其他铜合金制非片状粉末	6	4.8
74062010	精炼铜制片状粉末	4	0
74062020	白铜或德银制片状粉末	6	4.8
74062090	其他铜合金制片状粉末	6	4.8
74071010	铬锆铜制条、杆及型材及异型材	4	3.2
74071090	其他精炼铜条、杆及型材及异型材	4	3.2
74072111	直线度不大于0.5毫米/米铜锌合金条、杆	7	6.3
74072119	其他铜锌合金条、杆	7	6.3
74072190	其他黄铜条、杆及型材及异型材	7	6.3
74072900	其他铜合金条杆、型材及异型材	7	6.3
74081100	最大截面尺寸＞6mm的精炼铜丝	4	0
74081900	截面尺寸≤6mm的精炼铜丝	4	3.2
74082100	黄铜丝	7	5.6
74082210	铜镍锌铅合金(加铅德银)丝	8	6.4
74082290	其他白铜丝或德银(铜镍锌合金)丝	8	6.4
74082900	其他铜合金丝	7	5.6
74091110	含氧量不超过10PPM，厚度超过0.15mm的盘卷精炼铜板、片、带	4	0
74091190	厚度超过0.15mm的其他盘卷精炼铜板、片、带	4	0
74091900	其他精炼铜板、片、带	4	3.2
74092100	成卷的黄铜板、片、带	7	6.3
74092900	其他黄铜板、片、带	7	5.6
74093100	成卷的青铜板、片、带	7	5.6
74093900	其他青铜板、片、带	7	5.6
74094000	白铜或德银制板、片、带	7	5.6
74099000	其他铜合金板、片、带	7	5.6
74101100	无衬背的精炼铜箔	4	3.2
74101210	无衬背的白铜或德银铜箔	7	5.6
74101290	无衬背的其他铜合金箔	7	5.6
74102110	印刷电路用覆铜板	4	0
74102190	有衬背的其他精炼铜箔	4	0
74102210	有衬背的白铜或德银铜箔	7	5.6
74102290	有衬背的其他铜合金箔	7	5.6
74111011	外径小于等于25mm的带有内（外）螺纹或翅片的精炼铜管	4	0
74111019	外径小于等于25mm的其他精炼铜管	4	0
74111020	外径超过70mm的精炼铜管	4	0
74111090	其他精炼铜管	4	3.6
74112110	盘卷黄铜管	7	5.6
74112190	铜锌合金(黄铜)管	7	5.6
74112200	白铜或德银管	7	5.6
74112900	其他铜合金管	7	5.6
74121000	精炼铜管子附件	4	3.6
74122010	白铜或德银管子配件	7	6.3
74122090	其他铜合金管子配件	7	5.6
74130000	非绝缘的铜丝绞股线、缆、编带等	5	4
74151000	铜钉、平头钉、图钉U型钉及类似品	8	6.4
74152100	铜垫圈(包括弹簧垫圈)	10	8
74152900	铜制其他无螺纹制品	10	8
74153310	铜制木螺钉	8	6.4
74153390	铜制其他螺钉螺栓螺母	8	6.4
74153900	其他铜制螺纹制品	10	8
74181010	擦锅器及洗刷擦光用的块垫、手套	18	16.2
74181020	非电热的铜制家用烹饪、供暖器具	20	18
74181090	餐桌厨房等家用铜制器具及其零件	18	16.2
74182000	铜制卫生器具及其零件	18	16.2
74191000	铜链条及其零件	14	12.6
74199110	工业用铸造、模压、冲压其他铜制品	10	8
74199190	非工业用铸造、模压、冲压铜制品	20	18
74199920	铜弹簧	10	9
74199930	铜丝制的布（包括环形带）	7	5.6
74199940	铜丝制的网、格删、网眼和铜板	8	6.4
74199950	非电热的铜制家用供暖器及其零件	20	18
74199991	工业用其他铜制品	10	9
74199999	非工业用其他铜制品	20	18
75011000	镍锍	3	0
75012010	镍湿法冶炼中间品	3	0
75012090	氧化镍烧结物、镍的其他中间产品	3	0
75021010	按重量计镍、钴总量在99.99％及以上的，但钴含量不超过0.005％的非合金镍	3	0
75021090	其他非合金镍	3	0
75022000	未锻轧镍合金	3	0
75030000	镍废碎料	1.5	0
75040010	非合金镍粉及片状粉末	4	0
75040020	合金镍粉及片状粉末	4	0
75051100	纯镍条、杆、型材及异型材	6	4.8
75051200	合金镍条、杆、型材及异型材	6	4.8
75052100	纯镍丝	6	5.4
75052200	镍合金丝	6	4.8
75061000	纯镍板、片、带、箔	6	4.8
75062000	镍合金板、片、带、箔	6	4.8
75071100	纯镍管	6	4.92
75071200	镍合金管	6	4.8
75072000	镍及镍合金管子附件	6	4.8
75081010	镍丝制的布	6	4.8
75081080	工业用镍丝制的网及格栅	6	4.8
75081090	其他镍丝制的网及格栅	6	4.8
75089010	电镀用镍阳极	4	0
75089080	其他工业用镍制品	6	4.8
75089090	其他非工业用镍制品	6	4.8
76011010	按重量计含铝量在99.95%及以上的未煅轧非铝合金	5	0
76011090	其他非煅轧非铝合金	5	0
76012000	未锻轧铝合金	7	5.6
76020000	铝废碎料	1.5	0
76031000	非片状铝粉	6	4.8
76032000	片状铝粉末	7	5.6
76041010	非合金铝条、杆	5	0
76041090	非合金铝型材及异形材	5	0
76042100	铝合金制空心异型材	5	0
76042910	铝合金条、杆	5	4
76042990	铝合金型材及异形材	5	4
76051100	纯铝制的粗丝	8	6.4
76051900	纯铝制的细丝	8	6.4
76052100	铝合金制的粗丝	8	6.4
76052900	铝合金制的细丝	8	6.4
76061121	0.3mm≦厚度<0.36mm的非合金铝与塑料复合的矩形板片带	6	4.8
76061129	其他0.3mm≦厚度<0.36mm的非合金铝制矩形铝板片带	6	4.8
76061191	其他非合金铝与塑料复合的矩形板片带	6	4.8
76061199	纯铝制矩形的其他板、片及带	6	4.8
76061220	厚度<0.28mm的铝合金制矩形铝板片带	6	4.8
76061230	0.28mm≦厚度≤0.35mm的铝合金制矩形铝板片带	6	4.8
76061251	0.35mm<厚度≤0.4mm的铝合金与塑料复合的矩形板片带	6	5.4
76061259	其他0.35mm<厚度≤0.4mm的铝合金制矩形铝板片带	6	5.4
76061290	厚度>0.4mm的铝合金制矩形铝板片带	6	5.4
76069100	纯铝制非矩形的板、片及带	6	4.8
76069200	铝合金制非矩形的板、片及带	10	8
76071110	厚度不超过0.007毫米的无衬背铝箔	6	5.4
76071120	厚度大于0.007毫米，但不超过0.01毫米的无衬背铝箔	6	4.8
76071190	轧制后未进一步加工的无衬背铝箔	6	4.8
76071900	其他无衬背铝箔	6	4.8
76072000	有衬背铝箔	6	5.4
76081000	纯铝管	8	6.4
76082010	外径不超过10厘米的铝合金管	8	6.4
76082091	外径超过10厘米壁厚不超过25毫米铝合金管	8	6.4
76082099	其他铝合金管	8	6.4
76090000	铝制管子附件	8	6.4
76101000	铝制门窗及其框架、门槛	25	22.5
76109000	其他铝制结构体及其部件	6	4.8
76110000	容积＞300L的铝制囤、罐等容器	12	10.8
76121000	铝制软管容器	12	10.8
76129010	铝制易拉罐及罐体	30	27
76129090	容积≤300L的铝制囤、罐等容器	12	10.8
76130010	零售包装装压缩、液化气体铝容器	12	9.84
76130090	非零售装装压缩、液化气体铝容器	6	4.8
76141000	带钢芯的铝制绞股线、缆、编带	6	4.8
76149000	不带钢芯的铝制绞股线、缆、编带	6	4.8
76151010	擦锅器及洗刷擦光用的块垫、手套	18	16.2
76151090	餐桌厨房等家用铝制器具及其零件	15	13.5
76152000	铝制卫生器具及其零件	18	16.2
76161000	铝钉、螺钉、螺母、垫圈等紧固件	10	8
76169100	铝丝制的布、网、篱及格栅	10	8
76169910	其他工业用铝制品	10	9
76169990	其他非工业用铝制品	15	13.5
78011000	未锻轧精炼铅	3	0
78019100	未锻轧铅锑合金	3	0
78019900	未锻轧的其他铅合金	3	0
78020000	铅废碎料	1.5	0
78041100	铅片、带及厚度≤0.2mm的箔	6	4.8
78041900	铅及铅合金板、厚度＞0.2mm的箔	6	4.8
78042000	铅及铅合金粉末、片状粉末	6	4.8
78060010	铅及铅合金条、杆、丝、型材	6	4.8
78060090	其他铅制品	6	4.8
79011110	按重量计含锌量在99.995%及以上的未煅轧锌	3	0
79011190	含锌量不小于99.99％，并小于99.995％的未煅轧锌	3	0
79011200	含锌量＜99.99%的未锻轧锌	3	0
79012000	未锻轧锌合金	3	0
79020000	锌废碎料	1.5	0
79031000	锌末	6	4.8
79039000	锌粉及片状粉末	6	5.4
79040000	锌及锌合金条、杆、型材、丝	6	4.8
79050000	锌板、片、带、箔	6	4.8
79070020	锌管及锌制管子附件	6	4.8
79070030	电池壳体坯料（锌饼）	6	4.8
79070090	其他非工业用锌制品	6	4.8
80011000	未锻轧非合金锡	3	0
80012010	锡基巴毕脱合金	3	0
80012021	按重量计含铅量在0.1%以下的焊锡	3	0
80012029	其他焊锡	3	0
80012090	其他锡合金	3	0
80020000	锡废碎料	1.5	0
80030000	锡及锡合金条、杆、型材、丝	8	6.4
80070020	锡及锡合金板、片及带,厚度＞0.2mm	8	6.4
80070030	锡箔、锡粉及片状粉未	8	6.4
80070040	锡及锡合金管、管子附件	8	7.2
80070090	其他锡制品	8	6.4
81011000	钨粉	6	4.8
81019400	未锻轧钨	3	2.7
81019600	钨丝	8	6.4
81019700	钨废碎料	3	0
81019910	锻轧钨条、杆、型材；废碎料	5	4
81019990	其他钨制品	8	6.4
81021000	钼粉	6	4.8
81029400	未锻轧钼、钼废碎料	3	0
81029500	锻轧钼条杆、型材、板片带箔	8	6.4
81029600	钼丝	8	6.4
81029700	钼废碎料	3	0
81029900	钼制品	8	6.4
81032011	松装密度小于2.2g/cm3的钽粉	6	4.8
81032019	松装密度大于等于2.2g/cm3的钽粉	6	4.8
81032090	未锻轧钽	6	4.8
81033000	钽废碎料	6	4.8
81039011	直径＜0.5mm的钽丝	8	6.4
81039019	直径≥0.5mm的钽丝	8	6.4
81039090	其他锻轧钽及其制品	8	6.4
81041100	含镁量≥99.8%的未锻轧镁	6	4.8
81041900	其他未锻轧的镁及镁合金	6	4.8
81042000	镁废碎料	1.5	0
81043000	已分级的镁锉屑、车屑、颗粒;粉末	8	6.4
81049010	锻轧镁	8	6.4
81049020	镁制品	8.4	6.72
81052010	钴湿法冶炼中间品	4	0
81052020	未锻轧钴	4	0
81052090	钴锍及其他钴冶炼时所得的中间产品、粉末	4	0
81053000	钴锍废碎料	4	0
81059000	其他钴及制品	8	6.4
81060010	未锻轧铋、废碎料、粉末	3	0
81060090	其他铋及铋制品	8	6.4
81072000	未锻轧镉、粉末	3	0
81073000	镉废碎料	3	0
81079000	其他镉及镉制品	8	6.4
81082021	海绵钛	3	0
81082029	其他未锻轧钛	3	0
81082030	钛粉末	3	0
81083000	钛废碎料	3	0
81089010	钛条、杆、型材及异型材	8	6.4
81089020	钛丝	8	6.4
81089031	厚度≤0.8mm钛板、片、带、箔	8	6.4
81089032	厚度＞0.8mm钛板、片、带、箔	8	6.4
81089040	钛管	8	6.4
81089090	其他钛及钛制品	8	6.4
81092000	未锻轧锆、粉末	3	0
81093000	锆废碎料	3	0
81099000	锻轧锆及锆制品	8	6.4
81101010	未锻轧锑	3	0
81101020	锑粉末	3	0
81102000	锑废碎料	3	0
81109000	其他锑及锑制品	8	6.4
81110010	未锻轧锰;锰废碎料;粉末	3	0
81110090	其他锰及制品	8	6.4
81121200	未锻轧铍、粉末	3	0
81121300	铍废碎料	3	0
81121900	其他铍及其制品	8	6.4
81122100	未锻轧铬、粉末	3	0
81122200	铬废碎料	3	0
81122900	其他铬制品	3	0
81125100	未锻轧铊、粉末	3	0
81125200	铊废碎料	3	0
81125900	其他铊制品	8	6.4
81129210	未锻轧锗	3	0
81129220	未锻轧钒	3	0
81129230	未锻轧铟、铟废碎料、粉末	3	0
81129240	未锻轧铌、铌废碎料、粉末	3	0
81129290	未锻轧的未列名贱金属及其制品	3	0
81129910	锗及其制品	3	0
81129920	钒及其制品	3	0
81129930	锻扎铟及其制品	8	6.4
81129940	锻扎铌及其制品	8	6.4
81129990	锻轧的未列名贱金属及其制品	8	6.4
81130010	金属陶瓷颗粒、粉末	8.4	6.72
81130090	其他金属陶瓷及其制品，包括废碎料	8.4	6.72
82011000	锹及铲	8	6.4
82013000	镐、锄、耙	8	6.4
82014000	斧子、钩刀及类似砍伐工具	8	6.4
82015000	修枝剪等单手操作农用剪	8	6.4
82016000	修枝等双手操作农用剪	8	6.4
82019010	农用叉	8	6.4
82019090	其他农业、园艺、林业用手工工具	8	6.4
82021000	手工锯	8.4	6.72
82022010	双金属带锯条	8	7.2
82022090	其他带锯片手工锯	8	7.2
82023100	带有钢制工作部件的圆锯片	8	6.4
82023910	带有天然或合成金刚石、立方氮化硼制工作部件的圆锯片	8	6.4
82023990	其他圆锯片,包括部件	8	6.4
82024000	链锯片	8	7.2
82029110	加工金属用的机械锯的直锯片	8	7.2
82029190	加工金属用的非机械锯的直锯片	8	7.2
82029910	机械锯用的其他锯片	8.4	7.56
82029990	非机械锯用的其他锯片	10.5	9.45
82031000	钢锉、木锉及类似工具	10.5	9.45
82032000	钳子、镊子及类似工具	10.5	9.45
82033000	白铁剪及类似工具	10.5	9.45
82034000	切管器、螺栓切头器、打孔冲子等	10.5	9.45
82041100	固定式的手动扳手及板钳	10.5	9.45
82041200	可调式的手动扳手及板钳	10	8
82042000	可互换的扳手套筒	10	8
82051000	手工钻孔或攻丝工具	10	8
82052000	手工锤子	10	8
82053000	木工用刨子、凿子及类似切削工具	10.5	9.45
82054000	手工螺丝刀	10.5	9.45
82055100	其他家用手工工具	10.5	9.45
82055900	其他手工工具	10	9
82056000	喷灯	10	9
82057000	台钳、夹钳及类似品	10.5	8.61
82059000	成套手工工具	10.5	9.45
82060000	成套工具组成的零售包装货品	10.5	9.625
82071300	带金属陶瓷工作部件的凿岩工具	8	6.4
82071910	带超硬材料部件的凿岩或钻探工具	8	6.4
82071990	带其他材料工作部件的凿岩工具	8	6.4
82072010	带超硬部件的金属拉拔或挤压用模	8	6.4
82072090	其他金属拉拔或挤压用模	8	7.2
82073000	锻压或冲压工具	8	6.4
82074000	攻丝工具	8	6.4
82075010	带超硬材料部件的钻孔工具	8	0
82075090	带其他材料工作部件的钻孔工具	8	6.4
82076010	带超硬材料部件的镗孔或铰孔工具	8	6.4
82076090	其他镗孔或铰孔工具	8	6.4
82077010	带有天然或合成金刚石、立方氮化硼制的工作部件的铣削工具	8	6.4
82077090	其他铣削工具	8	6.4
82078010	带有天然或合成金刚石、立方氮化硼制的车削工具	8	6.4
82078090	其他车削工具	8	6.4
82079010	带超硬材料部件的其他可互换工具	8	6.4
82079090	其他可互换工具	8	7.2
82081011	经镀或涂层的硬质合金制的金工机械用刀及刀片	8	7.2
82081019	其他硬质合金制的金工机械用刀及刀片	8	7.2
82081090	其他金工机械用刀及刀片	8	7.2
82082000	木工机械用刀及刀片	8	6.4
82083000	厨房或食品加工机器用刀及刀片	8	6.4
82084000	农、林业机器用刀及刀片	8	7.2
82089000	其他机器或机械器具用刀及刀片	8	7.2
82090010	未装配的工具用金属陶瓷板	8	6.4
82090021	晶粒度小于0.8微米的金属陶瓷条、杆	8	7.2
82090029	其他未装配的工具用金属陶瓷条、杆	8	7.2
82090030	未装配的工具用金属陶瓷刀头	8	6.4
82090090	其他未装配的工具用金属陶瓷类似品	8	6.4
82100000	加工调制食品、饮料用手动机械	18	16.2
82111000	以刀为主的成套货品	18	16.2
82119100	刃面固定的餐刀	18	16.2
82119200	刃面固定的其他刀	12	11
82119300	可换刃面刀	18	14.4
82119400	税号82.11所列刀的刀片	14	12.6
82119500	贱金属制的刀柄	12	9.84
82121000	剃刀	12	10.8
82122000	安全剃刀片	14	12.6
82129000	剃刀零件	12	10.8
82130000	剪刀、裁缝剪刀及类似品、剪刀片	12	10.8
82141000	裁纸刀、信刀、铅笔刀及刀片	12	10.8
82142000	修指甲及修脚用具(包括指甲锉)	18	16.2
82149000	理发推子、切菜刀等其他利口器	18	16.2
82151000	成套含镀贵金属制厨房或餐桌用具	18	16.2
82152000	成套的其他厨房或餐桌用具	18	16.2
82159100	非成套镀贵金属制厨房或餐桌用具	18	16.2
82159900	其他非成套的厨房或餐桌用具	18	16.2
83011000	挂锁	14	12.6
83012010	机动车用中央控制门锁	10	8
83012090	其他机动车用锁	10	8
83013000	家具用锁	14	12.6
83014000	其他锁	14	12.6
83015000	带锁的扣环及扣环框架	14	12.6
83016000	锁零件	12	10.8
83017000	钥匙	10	8
83021000	铰链(折叶)	10	8
83022000	用贱金属支架的小脚轮	12	10.8
83023000	机动车辆用贱金属附件及架座	10	8
83024100	建筑用贱金属配件及架座	14	12.6
83024200	家具用贱金属配件及架座	12	10.8
83024900	其他用贱金属配件及架座	12	10.8
83025000	帽架、帽钩、托架及类似品	14	12.6
83026000	自动闭门器	12	10.8
83030000	保险箱、柜、保险库的门	14	12.6
83040000	贱金属档案柜、文件箱等办公用具	10.5	9.45
83051000	活页夹或宗卷夹的附件	10.5	9.45
83052000	成条钉书钉	10.5	9.45
83059000	信夹、信角、文件夹等办公用品	10.5	9.45
83061000	非电动铃、钟、锣及其类似品	8	6.4
83062100	镀贵金属的雕塑像及其他装饰品	8	6.4
83062910	景泰兰雕塑像及其他装饰品	8	6.4
83062990	其他雕塑像及其他装饰品	8	6.4
83063000	相框、画框及类似框架、镜子	8	6.4
83071000	钢铁制软管、可有配件	8.4	7.56
83079000	其他贱金属软管,可有配件	8.4	6.72
83081000	贱金属制钩、环及眼	10.5	9.45
83082000	贱金属制管形铆钉及开口铆钉	10.5	9.45
83089000	贱金属制珠子及亮晶片	10.5	9.45
83091000	贱金属制冠形瓶塞	18	16.2
83099000	盖子瓶帽螺口塞封志等包装用配件	12	10.8
83100000	标志牌、铭牌、号码、字母等标志	18	16.2
83111000	焊剂涂面的贱金属电极、电弧焊用	8	6.4
83112000	以焊剂为芯的贱金属制焊丝	8	6.4
83113000	以焊剂涂面或作芯的贱金属条或丝	8	6.4
83119000	贱金属粘聚成的丝或条	8	6.4
84011000	核反应堆	2	0
84012000	同位素分离机器、装置及其零件	1	0
84013010	未辐照燃料元件(释热元件)	2	0
84013090	未辐照燃料元件的零件	1	0
84014010	未辐照相关组件	1	0
84014020	堆内构件	1	0
84014090	其他核反应堆零件	1	0
84021110	蒸发量≥900t/hr发电锅炉	3	0
84021190	蒸发量＞45t/hr,＜900t/hr发电锅炉	14	12.6
84021200	蒸发量≤45t/hr水管锅炉	5	0
84021900	其他蒸汽锅炉	5	0
84022000	过热水锅炉	16	14.4
84029000	蒸汽锅炉及过热水锅炉的零件	2	0
84031010	家用型集中供暖用热水锅炉	10	8
84031090	其他集中供暖用的热水锅炉	10	8
84039000	集中供暖用热水锅炉的零件	6	4.8
84041010	蒸汽锅炉、过热水锅炉的辅助设备	7	6.3
84041020	集中供暖用热水锅炉的辅助设备	10	8
84042000	水及其他蒸汽动力装置的冷凝器	14	12.6
84049010	集中供暖热水锅炉辅助设备的零件	10	8
84049090	其他辅助设备用零件	7	5.6
84051000	煤气、乙炔及类似水解气体发生器	14	12.6
84059000	煤气、乙炔等气体发生器的零件	8	6.4
84061000	船舶动力用汽轮机	5	0
84068110	40MW＜输出功率≤100MW的汽轮机	5	0
84068120	100MW＜输出功率≤350MW的汽轮机	5	0
84068130	输出功率＞350MW的汽轮机	6	4.8
84068200	输出功率≤40MW的汽轮机	5	4.1
84069000	汽轮机用的零件	2	1.8
84071010	输出功率≤298kw航空器点燃式发动机	2	0
84071020	输出功率＞298kw航空器点燃式发动机	2	0
84072100	船舶用舷外点燃式发动机	8	6.4
84072900	船舶用其他未列名点燃式发动机	8	6.4
84073100	排气量≤50cc往复式活塞发动机	10	8
84073200	排气量50-250cc往复式活塞发动机	10	8
84073300	排气量250-1000cc往复式活塞发动机	10	8
84073410	排气量1000-3000cc往复式活塞发动机	10	8
84073420	排气量＞3000cc往复式活塞发动机	10	8
84079010	沼气发动机	12	10.8
84079090	其他点燃往复或旋转式内燃发动机	18	16.2
84081000	船舶用压燃式内燃发动机	5	4
84082010	输出功率≥132.39kw车用柴油发动机	9	7.2
84082090	输出功率＜132.39kw车用柴油发动机	25	NaN
84089010	机车用柴油发动机	6	4.8
84089091	功率≤14kw其他用柴油发动机	5	0
84089092	14kw＜功率＜132.39kw其他柴油发动机	8.4	6.72
84089093	功率≥132.39kw其他用柴油发动机	5	4
84091000	航空器发动机用零件	2	0
84099110	船舶用点燃式发动机专用零件	6	4.8
84099191	电控燃油喷射装置	5	0
84099199	其他点燃式活塞内燃发动机用零件	5	4.5
84099910	其他船舶发动机专用零件	5	4.5
84099920	其他机车发动机专用零件	2	0
84099991	功率≥132.39kw发动机的专用零件	2	0
84099999	其他未列名发动机的专用零件	8.4	6.72
84101100	功率≤1000kw的水轮机及水轮	10	8
84101200	功率1千kw-1万kw的水轮机及水轮	10	8
84101310	功率＞3万kw的冲击式水轮机及水轮	10	8
84101320	功率＞3.5万kw的贯流水轮机及水轮	10	8
84101330	功率＞20万kw的水泵式水轮机及水轮	10	8
84101390	其他功率＞1万kw的水轮机及水轮	10	8
84109010	水轮机及水轮的调节器	6	4.8
84109090	水轮机及水轮的其他零件	6	4.8
84111110	推力≤25千牛顿的涡轮风扇发动机	1	0
84111190	推力≤25千牛顿的其他的涡轮喷气发动机	1	0
84111210	推力＞25千牛顿的涡轮风扇发动机	1	0
84111290	推力＞25千牛顿的其他涡轮喷气发动机	1	0
84112100	功率≤1100kw的涡轮螺桨发动机	2	0
84112210	功率1100-2238kw涡轮螺桨发动机	2	0
84112220	功率2238-3730kw涡轮螺桨发动机	2	0
84112230	功率＞3730kw涡轮螺桨发动机	2	0
84118100	功率≤5000kw的其他燃气轮机	15	13.5
84118200	功率＞5000kw的其他燃气轮机	3	0
84119100	涡轮喷气或涡轮螺桨发动机用零件	1	0
84119910	涡轮轴发动机用零件	5	0
84119990	其他燃气轮机用零件	5	4
84121010	航空、航天器用喷气发动机	3	0
84121090	非航空、航天器用喷气发动机	10	8
84122100	直线作用的液压动力装置(液压缸)	12	10.8
84122910	液压马达	10	9
84122990	其他液压动力装置	14	12.6
84123100	直线作用的气压动力装置(气压缸)	14	11.2
84123900	其他气压动力装置	14	11.2
84128000	其他发动机及动力装置	10	8
84129010	航空、航天器用喷气发动机的零件	2	0
84129090	其他发动机及动力装置的零件	8	6.4
84131100	分装燃料或润滑油的泵	10	8
84131900	其他装有或可装计量装置的泵	10	9
84132000	手泵	10	8
84133021	输出功率在132.39千瓦（180马力）及以上的发动机用燃油泵	3	0
84133029	其他燃油泵	3	0
84133030	润滑油泵	3	0
84133090	其他燃油泵、润滑油泵或冷却剂泵	3	0
84134000	混凝土泵	8	6.4
84135010	气动式往复式排液泵	10	8
84135020	电动式往复式排液泵	10	9.166667
84135031	往复式柱塞泵	10	8
84135039	其他液压式往复泵	10	8
84135090	其他往复式排液泵	10	8
84136021	电动式齿轮回转泵	10	8
84136022	液压式齿轮回转泵	10	8
84136029	其他齿轮回转泵	10	8
84136031	电动式叶片回转泵	10	8
84136032	液压式叶片回转泵	10	8
84136039	其他叶片回转泵	10	8
84136040	螺杆回转泵	10	8
84136050	径向柱塞泵	10	8
84136060	轴向柱塞泵	10	8
84136090	其他回转式排液泵	10	9
84137010	转速≥10000转/分离心泵	8	6.4
84137091	电动潜油泵及潜水电泵	10	8
84137099	其他离心泵	8	7.2
84138100	其他液体泵	8	7.2
84138200	液体提升机	8	6.56
84139100	液体泵用零件	5	4.5
84139200	液体提升机用零件	6	4.8
84141000	真空泵	8	7.2
84142000	手动或脚踏式空气泵	8	6.4
84143011	功率≤0.4kw的冷藏、冷冻箱用压缩机	8	6.4
84143012	功率0.4-5kw的冷藏、冷冻箱用压缩机	10	8
84143013	功率0.4-5kw的空气调节器用压缩机	10	8
84143014	功率＞5kw的空气调节器用压缩机	10	8
84143015	冷冻或冷藏设备用，电动机额定功率超过5千瓦的电动机驱动压缩机	10	8
84143019	其他制冷设备用压缩机	10	8
84143090	非电机驱动的压缩机	9	7.2
84144000	装在拖车底盘上的空气压缩机	8	6.4
84145110	功率≤125瓦的吊扇	20	18
84145120	功率≤125瓦的换气扇	20	18
84145130	功率≤125瓦，有旋转导风轮的风扇	12	10.8
84145191	功率≤125瓦的台扇	10	8
84145192	功率≤125瓦的落地扇	10	8
84145193	功率≤125瓦的壁扇	10	8
84145199	功率≤125瓦其他风扇、风机	10	8
84145910	其他吊扇	8	6.4
84145920	其他换气扇	8	6.4
84145930	离心通风机	10	8
84145990	其他扇，风机	8	7.2
84146010	抽油烟机	10	8
84146090	罩最大边长≤120cm的通风罩或循环气罩	10	8
84148010	燃气轮机用的自由活塞式发生器	8	6.4
84148020	二氧化碳压缩机	7	5.6
84148030	发动机用增压器	7	NaN
84148090	其他气体压缩机及通风罩或循环气罩	7	5.74
84149011	用于制冷设备的压缩机进、排气阀片	8	6.4
84149019	其他用于制冷设备的压缩机零件	8	7.2
84149020	风机、风扇、通风罩及循环气罩零件	12	10.8
84149090	税号84.14其他所列机器零件	7	5.74
84151010	独立窗式或壁式空气调节器	15	13.5
84151021	分体式制冷量制冷量≤4千大卡/时窗式或壁式空气调节器	15	13.5
84151022	分体式制冷量制冷量＞4千大卡/时窗式或壁式空气调节器	15	13.5
84152000	机动车辆上供人使用的空气调节器	20	18
84158110	制冷量≤4千大卡/时热泵式空调器	15	13.5
84158120	制冷量＞4千大卡/时热泵式空调器	20	18
84158210	制冷量≤4千大卡/时的其他空调器	15	13.5
84158220	制冷量＞4千大卡/时的其他空调器	20	18
84158300	未装有制冷装置的空调器	10	8
84159010	制冷量≤4千大卡/时等空调的零件	10	8
84159090	制冷量＞4千大卡/时等空调的零件	10	8
84161000	使用液体燃料的炉用燃烧器	10	8
84162011	使用天然气的燃烧器	10.5	9.45
84162019	其他使用气体燃料的炉用燃烧器	10.5	9.45
84162090	使用粉状固体燃料的炉用燃烧器	10.5	8.4
84163000	机械加煤机及类似装置	8.4	6.72
84169000	炉用燃烧器、机械加煤机等的零件	6	4.8
84171000	矿砂、金属的热处理用炉及烤箱	10	8
84172000	面包房用烤炉及烘箱等	10	8
84178010	炼焦炉	10	8
84178020	放射性废物焚烧炉	5	0
84178030	水泥回转窑	10	8
84178040	石灰石分解炉	10	8
84178050	垃圾焚烧炉	10	9.166667
84178090	其他非电热的工业用炉及烘箱	10	9.166667
84179010	海绵铁回转窑的零件	7	5.6
84179020	炼焦炉的零件	7	5.6
84179090	其他非电热工业用炉及烘箱的零件	7	6.3
84181010	容积＞500L冷藏-冷冻组合机	10	8
84181020	200L＜容积≤500L冷藏冷冻组合机	15	13.5
84181030	容积≤200L冷藏-冷冻组合机	15	13.5
84182110	容积＞150L压缩式家用型冷藏箱	10	8
84182120	50L＜容积≤150L压缩式家用型冷藏箱	10	8
84182130	容积≤50L压缩式家用型冷藏箱	10	8
84182910	半导体制冷式家用型冷藏箱	30	27
84182920	电气吸收式家用型冷藏箱	15	13.5
84182990	其他家用型冷藏箱	30	27
84183010	制冷温度≤-40℃,容积≤800L柜式冷冻箱	9	7.2
84183021	制冷温度＞-40℃,容积500-800L柜式冷冻箱	23	20.7
84183029	制冷温度＞-40℃,容积≤500L柜式冷冻箱	30	24.6
84184010	制冷温度≤-40℃,容积≤900L立式冷冻箱	9	7.2
84184021	制冷温度＞-40℃,容积500-900L立式冷冻箱	15	13.5
84184029	制冷温度＞-40℃,容积≤500L立式冷冻箱	30	NaN
84185000	其他装有冷藏或冷冻装置的柜、箱、展示台	10	8
84186120	压缩式热泵,税目8415的空气调节器除外	10	8
84186190	其他热泵,税目8415的空气调节器除外	15	13.5
84186920	其他制冷机组	10	8
84186990	其他制冷设备	10	9
84189100	冷藏或冷冻设备用特制家具零件	18	16.2
84189910	制冷机组及热泵用零件	10	8
84189991	制冷温度≤-40℃冷冻设备零件	9.5	7.6
84189992	制冷温度＞-40℃，容积＞500L冷藏设备零件	10	8
84189999	税号84.18其他制冷设备用零件	10	8
84191100	燃气快速热水器	35	28.7
84191910	太阳能热水器	35	31.5
84191990	其他非电热的快速或贮备式热水器	35	28.7
84192000	医用或实验室用消毒器具	4	3.2
84193100	农产品干燥器	8	6.4
84193200	木材、纸浆、纸或纸板用干燥器	9	7.2
84193910	微空气流动陶瓷坯件干燥器	9	7.2
84193990	其他用途的干燥器	9	7.2
84194010	提净塔	10	8
84194020	精馏塔	10	8
84194090	其他蒸馏或精馏设备	10	8
84195000	热交换装置	10	9.166667
84196011	制氧量≥15000立方米/小时制氧机	12	10.8
84196019	制氧量＜15000立方米/小时制氧机	13	11.7
84196090	其他液化空气或其他气体的机器	10	8
84198100	加工热饮料、烹调、加热食品的机器	10	0
84198910	加氢反应器	0	0
84198990	其他利用温度变化处理材料的机器	0	0
84199010	热水器用零件	0	0
84199090	税号84.19的其他机器设备用零件	4	3.2
84201000	砑光机或其他滚压机器	8.4	6.72
84209100	砑光机或其他滚压机器的滚筒	8	6.4
84209900	砑光机或其他滚压机的未列名零件	8	6.4
84211100	奶油分离器	8.4	6.72
84211210	干衣量≤10kg的离心干衣机	17.5	15.75
84211290	干衣量＞10kg的离心干衣机	8	6.4
84211910	脱水机	10	8
84211920	固液分离机	10	8
84211990	其他离心机	10	9
84212110	家用型过滤或净化水的机器及装置	25	20.5
84212191	船舶压载水处理设备	5	4
84212199	其他过滤或净化水的装置	5	4
84212200	过滤或净化饮料的机器及装置	12	9.6
84212300	内燃发动机的燃油过滤器	10	8
84212910	其他压滤机	5	0
84212990	其他液体的过滤、净化机器及装置	5	4.5
84213100	内燃发动机的进气过滤器	10	8
84213910	家用型气体过滤、净化机器及装置	15	13.5
84213921	工业用静电除尘器	5	4
84213922	工业用袋式除尘器	5	0
84213923	工业用旋风式除尘器	5	4
84213924	电袋复合除尘器	5	0
84213929	工业用其他除尘器	5	0
84213930	内燃发动机排气过滤及净化装置	5	0
84213940	烟气脱硫装置	5	0
84213950	烟气脱硝装置	5	4
84213990	其他气体的过滤、净化机器及装置	5	4
84219110	干衣量≤10kg离心干衣机零件	0	0
84219190	其他离心机用零件	0	0
84219910	家用型过滤、净化装置用零件	10	8
84219990	其他过滤、净化装置用零件	5	4
84221100	家用型洗碟机	10	8
84221900	非家用型洗碟机	14	0
84222000	瓶子及其他容器的洗涤或干燥机器	10	8
84223010	饮料及液体食品罐装设备	12	10.8
84223021	水泥全自动灌包机	12	10.8
84223029	其他水泥包装机	12	10.8
84223030	其他包装机	10	8
84223090	其他装填密封等包封机器	10	0
84224000	其他包装或打包机器	10	8
84229010	洗碟机用零件	10.5	9.45
84229020	饮料及液体食品灌装设备用零件	8.5	6.8
84229090	税号84.22其他未列名机器零件	8.5	7.65
84231000	体重计、婴儿秤及家用秤	10.5	9.45
84232010	电子皮带秤	10	8
84232090	其他输送带上连续称货的秤	10	8
84233010	定量包装秤	10.5	9.45
84233020	定量分选秤	10.5	9.45
84233030	配料秤	10.5	9.45
84233090	其他恒定秤、物料定量装袋或容器用秤	10.5	9.45
84238110	最大称量≤30kg的计价秤	10.5	9.45
84238120	最大称量≤30kg的弹簧秤	10.5	9.45
84238190	最大称量≤30kg的其他衡器	10.5	9.87
84238210	最大称量30-5000kg的地中衡	10.5	9.45
84238290	最大称量30-5000kg的其他衡器	10.5	0
84238910	其他地中衡	10	8
84238920	其他轨道衡	10	8
84238930	其他吊秤	10	8
84238990	其他衡器	10	8
84239000	衡器用的各种砝码、秤砣及其零件	10	9
84241000	灭火器	8.4	6.72
84242000	喷枪及类似器具	8.4	6.72
84243000	喷汽机、喷砂机及类似喷射机	8.4	7.56
84248100	农业或园艺用喷射、喷雾机械器具	8	6.4
84248910	家用型喷射、喷雾机械器具	0	0
84248920	喷涂机器人	0	0
84248991	船用洗舱机	0	0
84248999	其他液体粉末喷射机械	0	0
84249010	灭火器用的零件	0	0
84249020	家用型喷射、喷雾器具的零件	0	0
84249090	其他喷雾器具及喷气机等用的零件	0	0
84251100	电动滑车及提升机	6	4.8
84251900	非电动滑车及提升机	5	0
84253110	矿井口电动卷扬装置；专为井下使用设计的电动卷扬机	10	8
84253190	其他电动卷扬机及绞盘	5	4
84253910	其他矿井口卷扬装置；其他专为井下使用设计的卷扬机	10	8
84253990	其他非电动卷扬机及绞盘	5	0
84254100	车库中使用的固定千斤顶系统	3	0
84254210	其他液压千斤顶	3	0
84254290	提升车辆用液压提升机	5	0
84254910	其他千斤顶	5	4
84254990	其他提升车辆用提升机	10	8
84261120	通用桥式起重机	8	6.4
84261190	其他固定支架的高架移动式起重机	8	6.4
84261200	胶轮移动式吊运架及跨运车	6	4.8
84261910	装船机	5	0
84261921	抓斗式卸船机	5	0
84261929	其他卸船机	5	0
84261930	龙门式起重机	10	8
84261941	门式装卸桥	10	8
84261942	集装箱装卸桥	10	8
84261943	其他动臂式装卸桥	10	8
84261949	其他装卸桥	10	8
84261990	其他高架移动式起重机等	10	8
84262000	塔式起重机	10	8
84263000	门座式起重机及座式旋臂起重机	6	4.8
84264110	轮胎式起重机	5	0
84264190	其他带胶轮的自推进起重机	5	0
84264910	履带式起重机	8	6.4
84264990	其他不带胶轮的自推进起重机	13	11.7
84269100	供装于公路车辆的其他起重机	10	8
84269900	其他起重设备	6	4.8
84271010	有轨巷道堆垛机	9	7.2
84271020	无轨巷道堆垛机	9	7.2
84271090	其他电动机推进的叉车及可升降工作车	9	7.2
84272010	集装箱叉车	9	7.2
84272090	其他机动叉车及有类似装置工作车	9	7.2
84279000	其他叉车及可升降的工作车	9	7.2
84281010	载客电梯	8	7.2
84281090	其他升降机及倒卸式起重机	6	4.8
84282000	气压升降机及输送机	5	4
84283100	地下连续运货或材料升降、输送机	5	0
84283200	其他斗式连续运货升降、输送机	5	NaN
84283300	其他带式连续运货升降、输送机	5	4
84283910	链式连续运送货物的升降机及输送机	5	0
84283920	辊式连续运送货物的升降机及输送机	5	0
84283990	其他未列名连续运货升降、输送机	5	4.1
84284000	自动梯及自动人行道	5	0
84286010	货运架空索道	8	6.4
84286021	单线循环式客运架空索道	8	6.4
84286029	其他客运架空索道	8	6.4
84286090	其他缆车、座式升降机用牵引装置	8	6.4
84289010	矿车推动机、铁道机车等的转车台	10	8
84289020	机械式停车设备	5	0
84289031	堆取料机械	5	4.5
84289039	其他装卸机械	5	4.5
84289040	搬运机器人	5	4.5
84289090	其他升降、搬运、装卸机械	5	4.5
84291110	功率＞235.36kw的履带式推土机	7	5.6
84291190	功率≤235.36kw的履带式推土机	7	5.6
84291910	功率＞235.36kw的其他推土机	7	5.6
84291990	功率≤235.36kw的其他推土机	7	5.6
84292010	功率＞235.36kw的筑路机及平地机	5	0
84292090	其他筑路机及平地机	5	0
84293010	斗容量＞10立方米的铲运机	3	0
84293090	斗容量≤10立方米的铲运机	5	0
84294011	机重≥18吨的震动式压路机	7	5.6
84294019	其他机动压路机	8	6.4
84294090	其他未列名捣固机械及压路机	6	4.8
84295100	前铲装载机	5	0
84295211	轮胎式挖掘机	8	6.4
84295212	履带式挖掘机	8	6.4
84295219	其他挖掘机	8	6.4
84295290	其他上部结构可转360度的挖掘机类似机械	8	6.4
84295900	其他机械铲、挖掘机及机铲装载机	8	6.4
84301000	打桩机及拔桩机	10	8
84302000	扫雪机及吹雪机	10	8
84303110	采（截）煤机	10	8
84303120	凿岩机	10	8
84303130	隧道掘进机	10	8
84303900	其他非自推进截煤机、采石机及掘进机	6	4.8
84304111	钻探深度≥6000米的自推进石油钻探机	5	0
84304119	其他自推进石油及天然气钻探机	5	0
84304121	钻探深度≥6000米的其他钻探机	5	0
84304122	钻探深度＜6000米履带式自推进钻机	5	0
84304129	钻探深度＜6000米的其他自推进钻机	5	0
84304190	其他自推进的凿井机械	5	0
84304900	非自推进的钻探或凿井机械	5	0
84305010	其他自推进采油机械	3	0
84305020	矿用电铲	7	5.6
84305031	牙轮直径≥380mm的采矿牙轮钻机	5	0
84305039	牙轮直径＜380mm的采矿牙轮钻机	5	0
84305090	其他自推进未列名机械	5	0
84306100	非自推进捣固或压实机械	6	4.8
84306911	钻筒直径＞3m的工程钻机	6	4.8
84306919	钻筒直径≤3m的工程钻机	6	4.8
84306920	非自推进铲运机	6	4.8
84306990	其他非自推进未列名机械	6	4.8
84311000	滑车、绞盘、千斤顶等机械用零件	3	0
84312010	税号84.27所列机械的装有差速器的驱动桥及其零件,不论是否装有其他传动部件	6	4.8
84312090	其他税号84.27所列机械的零件	6	4.8
84313100	升降机、倒卸式起重机或自动梯的零件	3	0
84313900	税号84.28所列其他机械的零件	5	4
84314100	戽斗、铲斗、抓斗及夹斗	6	4.8
84314200	推土机或侧铲推土机用铲	6	4.8
84314310	石油或天然气钻探机用零件	4	0
84314320	其他钻探机用零件	4	0
84314390	其他凿井机用零件	5	0
84314920	税号84.26、84.29、或84.30所列机械的装有差速器的驱动桥及其零件,不论是否装有其他传动部件	5	4
84314991	矿用电铲用零件	5	0
84314999	其他税号84.26、84.29、或84.30所列机械的零件	5	4
84321000	犁	5	0
84322100	圆盘耙	5	0
84322900	其他耙、松土机等耕作机械	4	0
84323011	谷物播种机	4	0
84323019	其他播种机	4	0
84323021	马铃薯种植机	4	0
84323029	其他种植机	4	0
84323031	水稻插秧机	4	0
84323039	其他移植机(栽植机)	4	0
84324000	施肥机	4	0
84328010	草坪及运动场地滚压机	7	5.6
84328090	其他未列名整地或耕作机械	4	0
84329000	整地或耕作机械、滚压机零件	4	0
84331100	机动旋转式割草机	6	4.8
84331900	草坪、公园等用其他割草机	6	4.8
84332000	其他割草机	4	0
84333000	其他干草切割、翻晒机器	5	0
84334000	草料打包机	5	0
84335100	联合收割机	8	6.4
84335200	其他脱粒机	8	6.4
84335300	根茎或块茎收获机	8	6.4
84335910	甘蔗收获机	8	6.4
84335920	棉花采摘机	8	6.4
84335990	其他收割机	8	6.4
84336000	蛋类、水果等清洁、分选、分级机	5	0
84339010	联合收割机用零件	5	0
84339090	税号84.33所列其他机械零件	3	0
84341000	挤奶机	10	8
84342000	乳品加工机器	6	4.8
84349000	挤奶机及乳品加工机器用零件	5	0
84351000	制酒、果汁等的压榨、轧碎机	10	8
84359000	制酒、果汁等压榨、轧碎机零件	6	4.8
84361000	动物饲料配制机	7	5.74
84362100	家禽孵卵器及育雏器	5	0
84362900	家禽饲养用机器	10	8
84368000	农、林业、园艺等用的其他机器	10	8
84369100	家禽饲养机、孵卵器及育雏器零件	6	4.8
84369900	税号84.36所列其他机器的零件	6	4.92
84371010	光学色差颗粒选别机（色选机）	10	8
84371090	其他种子、谷物或干豆的清洁、分选或分级机	10	8
84378000	谷物磨粉业加工机器	10	8
84379000	税号84.37所列机械的零件	6	5.4
84381000	糕点、通心粉、面条的生产加工机器	7	6.3
84382000	生产糖果、可可粉、巧克力的机器	8	0
84383000	制糖机器	10	NaN
84384000	酿酒机器	7	5.6
84385000	肉类或家禽加工机器	7	5.6
84386000	水果、坚果或蔬菜加工机器	10	8
84388000	84章其他未列名食品等加工机器	8.5	7.65
84389000	食品、饮料工业用机器的零件	5	0
84391000	制造纤维素纸浆的机器	8.4	6.72
84392000	纸或纸板的抄造机器	8.4	7.56
84393000	纸或纸板的整理机器	8.4	6.72
84399100	制造纤维素纸浆的机器零件	6	4.8
84399900	制造或整理纸及纸板的机器零件	6	5.4
84401010	锁线装订机	10	8
84401020	胶订机	12	9.6
84401090	其他书本装订机器	12	0
84409000	书本装订机器的零件	8	7.2
84411000	切纸机	12	NaN
84412000	制造包、袋或信封的机器	12	10.8
84413010	纸塑铝复合罐生产设备	13.5	12.15
84413090	其他制造箱、盒、桶及类似容器的机器	13.5	12.15
84414000	纸浆、纸或纸板制品模制成型机器	12	10.8
84418010	制造纸塑铝软包装的生产设备	12	10.8
84418090	其他制造纸浆制品、纸制品的机器	12	10.8
84419010	切纸机零件	8	6.4
84419090	其他制造纸浆、纸制品的机器零件	8.4	NaN
84423010	铸字机	9	7.2
84423021	计算机直接制版设备	9	8.1
84423029	去制版机器、器具及设备	9	7.2
84423090	其他铸字、制版用机器、器具及设备	9	7.2
84424000	铸字、排字、制版机器的零件	7	5.6
84425000	活字、印刷用版、片及其他部件	7	5.6
84431100	卷取进料式胶印机	10	8
84431200	办公室用片取进料式胶印机	12	10.8
84431311	平张纸进料式单色胶印机	10	8
84431312	平张纸进料式双色胶印机	10	8
84431313	平张纸进料式四色胶印机	10	8
84431319	平张纸进料式其他胶印机	10	8
84431390	其他胶印机	10	8
84431400	卷取进料式凸版印刷机	12	10.8
84431500	其他凸版印刷机	12	10.8
84431600	苯胺印刷机	10	8
84431700	照像凹版印刷机	18	16.2
84431921	圆网印刷机	10	8
84431922	平网印刷机	10	9
84431929	其他网式印刷机	10	8
84431980	其它印刷机	8	6.4
84433110	静电感光式多功能机	10	8
84433190	其他多功能机	0	0
84433211	针式打印机	0	0
84433212	激光打印机	0	0
84433213	喷墨打印机	0	0
84433214	热敏打印机	0	0
84433219	其他打印机	0	0
84433221	可以网络连接的喷墨印刷机	8	6.4
84433222	可以网络连接的静电照相印刷机(激光印刷机)	8	6.4
84433229	可以网络连接的其他数字印刷设备	8	6.4
84433290	其他可与网络连接的传真机或打字机	0	0
84433911	直接法静电感光复印设备	0	0
84433912	间接法静电感光复印设备	10	8
84433921	带有光学系统的感光复印设备	0	0
84433922	接触式感光复印设备	20	18
84433923	热敏复印设备	20	18
84433924	热升华复印设备	20	18
84433931	其他独立的喷墨印刷机	8	6.4
84433932	其他独立的静电照相印刷机(激光印刷机)	8	6.4
84433939	其他独立的数字印刷设备	8	6.4
84433990	其他独立的电传打字机	0	0
84439111	卷筒料给料机	12	10.8
84439119	其他传统印刷机用辅助机器	12	9.6
84439190	传统印刷机用零件及附件	6	5.4
84439910	数字印刷设备用辅助机器	12	9.6
84439921	热敏打印头	6	4.8
84439929	数字印刷设备的其他零件	6	4.8
84439990	其他打印机、复印机、传真机用零件	0	0
84440010	合成纤维长丝纺丝机	10	NaN
84440020	合成纤维短丝纺丝机	10	8
84440030	人造纤维纺丝机	10	8
84440040	化学纤维变形机	10	9
84440050	化学纤维切断机	10	9
84440090	其他化学纤维挤压、拉伸、变形或切割机器	10	9
84451111	棉纤维清梳联合机	10	8
84451112	棉纤维自动抓棉机	10	NaN
84451113	棉纤维梳棉机	10	9
84451119	其他棉纤维梳理机	10	8
84451120	毛纤维梳理机	10	8
84451190	其他纺织纤维梳理机	10	8
84451210	棉纺织纤维精梳机	10	NaN
84451220	毛纺织纤维精梳机	10	8
84451290	其他纺织纤维精梳机	10	8
84451310	拉伸机	10	8
84451321	棉纺粗纱机	10	NaN
84451322	毛纺粗纱机	10	8
84451329	其他粗纱机	10	8
84451900	纺织纤维的其他预处理机器	10	NaN
84452031	转杯纺纱机	10	8
84452032	喷气纺纱机	10	NaN
84452039	其他自由端纺纱机	10	8
84452041	棉环锭细纱机	10.5	9.45
84452042	毛环锭细纱机	10	8
84452049	其他环锭细纱机	10	8
84452090	其他纺纱机	10	NaN
84453000	并线机或加捻机	10	8
84454010	自动络筒机	10	8
84454090	其他络纱机(包括卷纬机)或摇纱机	10	8
84459010	整经机	10	NaN
84459020	浆纱机	10	NaN
84459090	其他生产及处理纺织纱线的机器	10	9
84461000	所织织物宽度≤30cm的织机	8	7.2
84462110	所织织物宽度＞30cm的梭织动力地毯织机	12	10.8
84462190	所织织物宽度＞30cm的其他梭织动力织机	10	NaN
84462900	所织织物宽度＞30cm的梭织非动力织机	10	8
84463020	所织织物宽度＞30cm的剑杆织机	8	7.2
84463030	所织织物宽度＞30cm的片梭织机	8	NaN
84463040	所织织物宽度＞30cm的喷水织机	8	6.4
84463050	所织织物宽度＞30cm的喷气织机	8	6.4
84463090	所织织物宽度＞30cm的其他无梭织机	8	6.4
84471100	圆筒直径≤165mm的圆型针织机	8	6.4
84471200	圆筒直径＞165mm的圆型针织机	8	6.4
84472011	特里科经编机	8	6.4
84472012	拉舍尔经编机	8	6.4
84472019	其他经编机	8	6.4
84472020	平型纬编机	8	7.2
84472030	缝编机	8	6.4
84479011	地毯织机	7	5.6
84479019	其他簇绒机	8	6.4
84479020	绣花机	8	NaN
84479090	税号84.47其他未列名机器	10	NaN
84481100	多臂机或提花机	8	6.4
84481900	税号84.44至84.47所列的其他辅助机器	8	7.2
84482020	喷丝头或喷丝板	6	5.4
84482090	纤维挤压机及其辅助机器的其他零附件	6	5.4
84483100	钢丝针布	6	5.6
84483200	纺织纤维预处理机器的其他零附件	6	5.4
84483310	络筒锭	6	4.8
84483390	其他锭子、锭壳、纺丝环、钢丝圈	6	5.4
84483910	气流杯	6	4.8
84483920	电子清纱器	6	5.6
84483930	空气捻接器	6	4.8
84483940	环锭细纱机紧密纺装置	6	4.92
84483990	税号84.45所机器的其他零附件	6	5.6
84484200	织机用筘、综丝及综框	6	5.4
84484910	接、投梭箱	6	5.4
84484920	引纬、送经装置	6	5.4
84484930	梭子	6	4.8
84484990	织机及其辅助机器用其他零附件	6	5.4
84485120	针织机用28号以下的弹簧针、钩针及复合针	6	4.8
84485190	沉降片、其他织针及成圈机件	6	4.8
84485900	税号84.47机器用的其他零附件	6	5.4
84490010	针刺机	8	6.4
84490020	水刺设备	8	6.4
84490090	其他毡呢或无纺织物制造或整理机器；帽模	8	6.4
84501110	干衣量≤10kg的波轮式全自动洗衣机	10	8
84501120	干衣量≤10kg的滚筒式全自动洗衣机	10	8
84501190	干衣量≤10kg的其他全自动洗衣机	10	8
84501200	装有离心甩干机的非全自动洗衣机	30	24.6
84501900	干衣量≤10kg的其他洗衣机	30	24.6
84502011	波轮式洗衣机	10	8
84502012	滚筒式洗衣机	10	8
84502019	其他全自动洗衣机	10	8
84502090	其他干衣量超过10公斤的洗衣机	10	8
84509010	干衣量≤10kg的洗衣机零件	5	0
84509090	干衣量＞10kg的洗衣机零件	16	14.4
84511000	干洗机	21	18.9
84512100	干衣量≤10kg的干燥机	15	13.5
84512900	干衣量＞10kg的干燥机	8	6.4
84513000	熨烫机及挤压机(包括熔压机)	8	6.4
84514000	洗涤、漂白或染色机器	8.4	6.72
84515000	纺织物卷绕、退绕、折叠、剪切或剪齿边机器	8	6.4
84518000	税号84.51所列其他未列名的机器	12	NaN
84519000	税号84.51所列机器的零件	8	6.4
84521010	多功能家用缝纫机	21	18.9
84521091	手动式家用型缝纫机	21	18.9
84521099	其他家用型缝纫机	21	18.9
84522110	非家用自动平缝机	12	10.8
84522120	非家用自动包缝机	12	10.8
84522130	非家用自动绷缝机	12	10.8
84522190	其他非家用自动缝纫机	12	10.8
84522900	其他非家用非自动缝纫机	12	10.8
84523000	缝纫机针	14	12.6
84529011	家用型缝纫机用旋梭	14	12.6
84529019	家用型缝纫机用其他零件	14	12.6
84529091	其他缝纫机用旋梭	14	12.6
84529092	其他缝纫机专用的特制家具、底座和罩盖及其零件	14	12.6
84529099	其他缝纫机用其他零件	14	12.6
84531000	生皮、皮革的处理、鞣制或加工机器	8.4	6.72
84532000	鞋靴制作或修理机器	8.4	6.72
84538000	毛皮及其他皮革的制作或修理机器	8.4	6.72
84539000	税号84.53所列机器的零件	8	6.4
84541000	金属冶炼及铸造用转炉	8.4	6.72
84542010	炉外精炼设备	8.4	6.72
84542090	其他金属冶炼及铸造用锭模及浇包	8.4	NaN
84543010	冷室压铸机	12	10.8
84543021	方坯连铸机	10	9
84543022	板坯连铸机	12	10.8
84543029	其他钢坯连铸机	12	10.8
84543090	其他金属冶炼及铸造用铸造机	12	10.8
84549010	炉外精炼设备用零件	8	6.4
84549021	结晶器	8	6.4
84549022	振动装置	8	6.4
84549029	其他钢坯连铸机用零件	8	7.2
84549090	其他冶炼等用转炉及铸造机的零件	8	7.2
84551010	热轧管机	12	10.8
84551020	冷轧管机	12	10.8
84551030	定、减径轧管机	12	10.8
84551090	其他金属轧管机	12	10.8
84552110	板材热轧机	15	13.5
84552120	型钢轧机	15	13.5
84552130	线材轧机	15	13.5
84552190	其他金属热轧或冷热联合轧机	15	13.5
84552210	板材冷轧机	10	8
84552290	其他金属冷轧机	15	13.5
84553000	金属轧机用轧辊	8.4	6.72
84559000	金属轧机的其他零件	8	6.4
84561000	用激光等处理各种材料的加工机床	0	0
84562000	用超声波处理各种材料的加工机床	10	NaN
84563010	数控的用放电处理各种材料的加工机床	9.7	NaN
84563090	非数控的用放电处理各种材料的加工机床	10	8
84569010	等离子切割机	0	0
84569020	水射流切割机	0	0
84569090	其他用电化学、电子束处理材料的加工机床	0	0
84571010	立式加工中心	9.7	NaN
84571020	卧式加工中心	9.7	NaN
84571030	龙门式加工中心	9.7	7.76
84571091	铣车复合加工中心	9.7	NaN
84571099	其他加工中心	9.7	NaN
84572000	加工金属的单工位组合机床	8	6.4
84573000	加工金属的多工位组合机床	5	NaN
84581100	切削金属的数控卧式车床	9.7	7.954
84581900	切削金属的非数控卧式车床	12	10.8
84589110	立式数控机床	5	4
84589120	其他数控机床	5	4
84589900	切削金属的其他车床	12	10.8
84591000	切削金属的直线移动式动力头钻床	15	13.5
84592100	切削金属的数控钻床	9.7	7.76
84592900	切削金属的其他钻床	15	13.5
84593100	切削金属的数控镗铣机床	9.7	8.73
84593900	切削金属的其他镗铣机床	10	8
84594010	切削金属的数控镗床	9.7	7.76
84594090	切削金属的其他镗床	15	13.5
84595100	切削金属的升降台式数控铣床	9.7	NaN
84595900	切削金属的其他升降台式铣床	15	13.5
84596110	切削金属的数控龙门铣床	5	0
84596190	切削金属的其他数控铣床	5	4
84596910	切削金属的非数控龙门铣床	12	10.8
84596990	切削金属的其他铣床	12	10.8
84597000	切削金属的其他攻丝机床	12	NaN
84601100	数控平面磨床	9.7	7.76
84601900	其他平面磨床	15	13.5
84602111	曲轴磨床	9.7	NaN
84602119	其他外圆磨床	9.7	NaN
84602120	数控内圆磨床	9.7	NaN
84602190	其他数控磨床	9.7	7.954
84602910	其他外圆磨床	15	13.5
84602920	其他内圆磨床	15	13.5
84602930	非数控轧辊磨床	13	11.7
84602990	其他磨床	13	NaN
84603100	数控刃磨(工具或刀具)机床	9.7	NaN
84603900	其他刃磨(工具或刀具)机床	15	NaN
84604010	珩磨机床	13	11.7
84604020	研磨机床	13	11.7
84609010	砂轮机	15	13.5
84609020	抛光机床	15	13.5
84609090	其他磨削等精加工机床	15	13.5
84612010	牛头刨床	15	13.5
84612020	插床	15	13.5
84613000	拉床	12	10.8
84614011	齿轮磨床	9.7	NaN
84614019	其他数控的切齿机、齿轮磨床或齿轮精加工机床	9.7	NaN
84614090	非数控切齿机、齿轮磨床齿轮精加工机床	15	NaN
84615000	锯床或切断机	12	10.8
84619011	龙门刨床	15	13.5
84619019	其他刨床	15	12
84619090	税号84.61的未列名机床	12	10.8
84621010	数控锻造或冲压机床及锻锤	9.7	8.73
84621090	非数控锻造或冲压机床及锻锤	12	10.8
84622110	数控矫直机	9.7	8.73
84622190	数控的其他弯曲、折迭、矫直或矫平机床	9.7	8.73
84622910	非数控矫直机	10	8.2
84622990	非数控的其他弯曲、折迭、矫直或矫平机床	10	8
84623110	数控的板带纵剪机	7	5.6
84623120	数控的板带横剪机	7	5.6
84623190	数控的其他剪切机床	7	5.6
84623910	非数控板带纵剪机	10	8
84623920	非数控板带横剪机	10	8
84623990	其他剪切机床	10	8
84624111	自动换模式数控步冲压力机	9.7	8.73
84624119	其他数控冲床	9.7	7.76
84624190	其他数控冲孔、开槽机、冲剪两用机	9.7	7.76
84624900	非数控冲孔、开槽机、冲剪两用机	10	8
84629110	金属型材挤压机	10	8
84629190	其他液压压力机	10	9
84629910	其他机械压力机	10	8
84629990	税号84.62的未列名机床	10	8
84631011	拉拔力为300吨及以下的冷拔管机	10	8
84631019	其他冷拔管机	10	8
84631020	拔丝机	10	8
84631090	其他金属杆、管、型材及类似品的拉拔机	10	8
84632000	金属或金属陶瓷的螺纹滚轧机	15	13.5
84633000	金属丝加工机	10	8
84639000	其他非切削加工机床	10	9
84641010	圆盘锯	0	0
84641020	钢丝锯	0	0
84641090	其他加工矿物等材料的锯床	0	0
84642010	玻璃研磨或抛光机床	0	0
84642090	其他加工矿物等材料的研磨或抛光机床	0	0
84649011	切割机	0	0
84649012	刻花机	0	0
84649019	玻璃的其他冷加工机床	0	0
84649090	其他税号84.64的未列名机床	0	0
84651000	不需变换工具即可进行加工的机床	10	8
84659100	加工木材等材料的锯床	10	8
84659200	加工木材等材料的刨、铣或切削机器	10	8
84659300	加工木材等材料的研磨或抛光机器	10	8
84659400	加工木材等材料的弯曲或装配机器	10	8
84659500	加工木材等材料的钻孔或凿榫机器	10	9
84659600	加工木材等材料的剖、切或刮削机器	10	8
84659900	加工木材等材料的其他机床	10	8
84661000	工具夹具及自启板牙切头	7	6.3
84662000	工件夹具	7	6.3
84663000	分度头及其他专用于机床的附件	7	6.3
84669100	税号84.64所列机器用的零附件	0	0
84669200	税号84.65所列机器用的零附件	6	4.8
84669310	刀库及自动换刀装置	0	0
84669390	税号84.56-84.61机器用其他零附件	0	0
84669400	税号84.62-84.63机器用其他零附件	6	5.4
84671100	旋转式手提风动工具	8	6.4
84671900	其他手提式风动工具	8	6.4
84672100	电动钻	10	8
84672210	电动链锯	10	8
84672290	其他电动锯	10	8
84672910	电动砂磨工具	10	8.2
84672920	电刨	10	8
84672990	其他电动工具	10	8
84678100	手提式液压或其他动力链锯	8	6.4
84678900	其他手提式液压或其他动力工具	8	6.4
84679110	电动链锯用零件	6	4.8
84679190	其他链锯用零件	6	5.4
84679200	风动工具零件	6	4.8
84679910	其他手提式电动工具用零件	10	9
84679990	其他手提式工具用零件	6	4.8
84681000	手提喷焊器	12	10.8
84682000	其他气体焊或表面回火机器及装置	12	9.6
84688000	其他焊接机器及装置	12	10.8
84689000	焊接机器用零件	7	5.6
84690011	文字处理机	0	0
84690012	自动打字机	12	10.8
84690020	其他电动打字机	12	10.8
84690030	其他非电动打字机	12	10.8
84701000	电子计算器及袖珍式数据录放机器	0	0
84702100	装有打印装置的电子计算器	0	0
84702900	其他电子计算器	0	0
84703000	其他计算机器	0	0
84705010	销售点终端出纳机	0	0
84705090	其他现金出纳机	0	0
84709000	邮资盖戳机、售票机及类似机器	0	0
84713010	平板电脑	0	0
84713090	其他重量不超过10公斤的便携数字式自动数据处理设备，至少由一个中央处理部件、一个键盘及一个显示器组成自动数据处理设备及其部件	0	0
84714110	巨、大、中型计算机	0	0
84714120	小型机	0	0
84714140	微型机	0	0
84714190	其他自动数据处理单体机	0	0
84714910	以系统形式进口的巨、大、中型计算机	0	0
84714920	以系统形式进口的小型计算机	0	0
84714940	以系统形式进口的微型机	0	0
84714991	分散型工业过程控制设备	0	0
84714999	以系统形式报验的其他计算机	0	0
84715010	巨、大、中型机处理部件	0	0
84715020	小型机的处理部件	0	0
84715040	微型机的处理部件	0	0
84715090	8471.41、8471.49以外设备的其他处理部件	0	0
84716040	巨、大、中及小型计算机用终端	0	0
84716050	扫描仪	0	0
84716060	数字化仪	0	0
84716071	键盘	0	0
84716072	鼠标器	0	0
84716090	自动处理设备的其他输入或输出部件	0	0
84717010	硬盘驱动器	0	0
84717020	软盘驱动器	0	0
84717030	光盘驱动器	0	0
84717090	自动数据处理设备的其他存储部件	0	0
84718000	其他自动数据处理设备的其他部件	0	0
84719000	未列名的磁性或光学阅读器及其他数据处理设备	0	0
84721000	胶版复印机、油印机	14	12.6
84723010	邮政信件分拣及封装设备	10	NaN
84723090	其他信件分类、折迭、信封装封机等机器	14	11.2
84729010	自动柜员机	0	0
84729021	打洞机	0	0
84729022	订书机	0	0
84729029	其他装订用机器	0	0
84729030	碎纸机	0	0
84729040	地址印写机及地址铭牌压印机	14	12.6
84729090	其他办公室用机器	0	0
84731000	打字机、文字处理机的零附件	8	6.4
84732100	税号84.70所列电子计算器的零附件	0	0
84732900	税号84.70所列其他机器的零附件	0	0
84733010	数字式大、中、小型计算机零附件	0	0
84733090	税号84.71所列计算机的其他零附件	0	0
84734010	自动柜员机用出钞器	10.5	9.45
84734090	税号84.72所列其他办公室用机器零附件	10.5	9.45
84735000	税号84.69-84.72中所列机器零附件	0	0
84741000	固体矿物的分类、筛选、分离或洗涤机器	5	4
84742010	齿辊式破碎及磨粉机器	5	0
84742020	球磨式破碎及磨粉机器	5	4
84742090	其他破碎及磨粉机器	5	4
84743100	混凝土或砂浆混合机器	7	5.6
84743200	矿物与沥青的混合机器	7	NaN
84743900	其他混合或搅拌机器	5	4.1
84748010	固体矿物的辊压成型机	5	0
84748020	模压成型机	5	0
84748090	税号8474所列的其他机器	5	0
84749000	税号8474所列机器的零件	5	4.5
84751000	白炽灯炮、灯管等的封装机	8	6.4
84752100	制造光导纤维及其预制棒的机器	10	8
84752911	连续式玻璃热弯炉	10	8
84752912	玻璃纤维拉丝机（光纤拉丝机除外）	10	8
84752919	其他玻璃热加工设备	10	8
84752990	其他玻璃及其制品的制造或热加工机器	10	8
84759000	税号84.75所列机器的零件	8	6.4
84762100	装有加热或制冷装置的饮料自动销售机	14	12.6
84762900	其他饮料自动销售机	15	13.5
84768100	装有加热或制冷装置的自动售货机	14	12.6
84768900	其他自动售货机	15	12
84769000	税号8476所列机器的零件	10	0
84771010	注塑机	0	0
84771090	其他加工橡胶或塑料的注射机	0	0
84772010	塑料造粒机	5	0
84772090	其他加工橡胶或塑料的挤出机	5	4.1
84773010	挤出吹塑机	5	4
84773020	注射吹塑机	5	4
84773090	其他吹塑机	5	4
84774010	塑料中空成型机	5	NaN
84774020	塑料压延成型机	5	4.5
84774090	其他真空模塑及热成型机器	5	4.1
84775100	用于充气轮胎或内胎模塑或翻新的机器	5	0
84775910	三维打印机（3D打印机）	5	4
84775990	其他模塑或成型机器	5	4
84778000	其他橡胶或塑料加工机器	5	4.1
84779000	橡胶、塑料等加工机器的零件	0	0
84781000	其他未列名的烟草加工及制作机器	5	0
84789000	烟草加工及制作机器用的零件	10	8
84791021	沥青混凝土摊铺机	8	6.4
84791022	稳定土摊铺机	8	6.4
84791029	其他摊铺机	8	6.4
84791090	其他公共工程用的机器	8	6.4
84792000	提取加工动物或植物油脂的机器	10	8
84793000	木碎料板或木纤维板的挤压机	10	8
84794000	绳或缆的制造机器	7	5.6
84795010	多功能工业机器人	0	0
84795090	其他工业机器人	0	0
84796000	蒸发式空气冷却器	10	8
84797100	机场用旅客登机桥	0	0
84797900	其他旅客登机（船）桥	0	0
84798110	绕线机	9.5	8.55
84798190	其他处理金属的机械	9.5	8.55
84798200	其他混合、研磨、筛选、均化等机器	7	NaN
84798910	船舶用舵机及陀螺稳定器	0	0
84798920	空气增湿器及减湿器	0	0
84798940	邮政用包裹、印刷品分拣设备	0	0
84798950	放射性废物压实机	0	0
84798961	自动插件机	0	0
84798962	自动贴片机	0	0
84798969	印刷电路电路板的其他加工设备	0	0
84798992	自动化立体仓储设备	0	0
84798999	本章其他税号未列名机器及机械器具	0	0
84799010	船舶用舵机及陀螺稳定器零件	0	0
84799020	空气增湿器及减湿器零件	0	0
84799090	税号84.79所列机器的其他零件	0	0
84801000	金属铸造用型箱	10	8
84802000	型模底板	8	6.4
84803000	阳模	10	8
84804110	压铸模	8	6.4
84804120	粉末冶金用压模	8	6.4
84804190	其他金属、硬质合金用注模或压模	8	6.4
84804900	金属、硬质合金用其他型模	8	6.4
84805000	玻璃用型模	8.4	6.72
84806000	矿物材料用型模	8.4	6.72
84807110	硫化轮胎用囊式型模	0	0
84807190	其他塑料或橡胶用注模或压模	0	0
84807900	塑料或橡胶用其他型模	5	4
84811000	减压阀	5	4.5
84812010	油压传动阀	5	4.5
84812020	气压传动阀	5	4.5
84813000	止回阀	5	4.5
84814000	安全阀或溢流阀	5	4
84818021	电磁换向阀	7	6.3
84818029	其他换向阀	7	6.3
84818031	电子膨胀阀	7	5.6
84818039	其他流量阀	7	6.3
84818040	其他阀门	7	6.3
84818090	未列名龙头、旋塞及类似装置	5	4
84819010	阀门用零件	8	7.2
84819090	龙头、旋塞及类似装置的零件	8	6.4
84821010	调心球轴承	8	6.4
84821020	深沟球轴承	8	6.4
84821030	角接触轴承	8	6.4
84821040	推力球轴承	8	6.4
84821090	其他滚珠轴承	8	7.2
84822000	锥形滚子轴承	8	6.4
84823000	鼓形滚子轴承	8	6.4
84824000	滚针轴承	8	6.4
84825000	其他圆柱形滚子轴承	8	7.2
84828000	其他滚动轴承及球、柱混合轴承	8	7.2
84829100	滚珠、滚针及滚柱	8	6.4
84829900	滚动轴承的其他零件	6	5.4
84831011	船舶用柴油机曲轴	6	4.8
84831019	其他船舶用传动轴	6	4.8
84831090	其他传动轴及曲柄	6	5.4
84832000	装有滚珠或滚子轴承的轴承座	6	5.4
84833000	未装滚珠或滚子轴承的轴承座	6	5.4
84834010	滚子螺杆传动装置	8	7.2
84834020	行星齿轮减速器	8	7.2
84834090	其他齿轮及齿轮传动装置	8	7.2
84835000	飞轮、滑轮及滑轮组	8	7.2
84836000	离合器及联轴器(包括万向节)	8	7.2
84839000	单独报验的带齿的轮及其他传动元件；零件	8	7.2
84841000	金属片密封垫或类似接合衬垫	8	7.2
84842000	机械密封件	8	7.2
84849000	其他材料制密封垫及类似接合衬垫	8	6.4
84861010	利用温度变化处理单晶硅的机器及装置	0	0
84861020	制作单晶硅或晶圆的研磨设备	0	0
84861030	制作单晶硅或晶圆的切割设备	0	0
84861040	制作单晶硅或晶圆的化学机械抛光设备	0	0
84861090	制作单晶硅或晶圆的其他设备	0	0
84862010	制造半导体器件或集成电路用的热处理设备	0	0
84862021	制造半导体器件或集成电路用的化学气相沉积装置	0	0
84862022	制造半导体器件或集成电路用的物理气相沉积装置	0	0
84862029	制造半导体器件或集成电路用的其他薄膜沉积设备	0	0
84862031	制造半导体器件或集成电路用的分步重复光刻机	0	0
84862039	制造半导体器件或集成电路用的其他光刻设备	0	0
84862041	制造半导体器件或集成电路用的等离子体干法刻蚀机	0	0
84862049	制造半导体器件或集成电路用的其他刻蚀及剥离设备	0	0
84862050	制造半导体器件或集成电路用的离子注入机	0	0
84862090	制造半导体器件或集成电路用的其他机器及装置	0	0
84863010	制造平板显示器用的热处理设备	0	0
84863021	制造平板显示器用的化学气相沉积装置	0	0
84863022	制造平板显示器用的物理气相沉积装置	0	0
84863029	制造平板显示器用的其他薄膜沉积设备	0	0
84863031	制造平板显示器用的分步重复光刻机	0	0
84863039	制造平板显示器用的其他光刻设备	0	0
84863041	制造平板显示器用的超声波清洗装置	10	8
84863049	制造平板显示器用的其他湿法蚀刻、显影、剥离、清洗装置	0	0
84863090	制造平板显示器用的其他机器及装置	0	0
84864010	专用于制作和修复掩膜版的装置	0	0
84864021	专用于装配与封装半导体器件或集成电路的塑封机	5	0
84864022	专用于装配与封装半导体器件或集成电路的引线键合设备	8	7.2
84864029	专用于装配与封装半导体器件或集成电路的机器及装置	0	0
84864031	集成电路工厂专用的自动搬运机器人	0	0
84864039	其他集成电路或液晶显示屏工厂专用升降、装卸、搬运装置	5	4
84869010	升降、搬运、装卸机器用零件及附件(自动搬运设备用除外)	5	4
84869020	引线键合装置用零件及附件	6	4.8
84869091	带背板的溅射靶材组件	0	0
84869099	其他半导体器件、集成电路、液晶显示器生产专用设备的零件及附件	0	0
84871000	船用推进器及桨叶	6	4.8
84879000	本章其他税号未列名机器零件	8	7.2
85011010	输出功率≤37.5W玩具电动机	24.5	22.05
85011091	机座20mm≤直径＜39mm微电机	9	8.1
85011099	其他输出功率≤37.5W微电机	9	8.1
85012000	输出功率＞37.5W交直流两用电动机	12	10.8
85013100	输出功率≤750瓦直流电动机、发电机	12	9.6
85013200	750W＜输出功率≤75KW直流电动机、发电机	10	8
85013300	75KW＜输出功率≤375KW直流电动机、发电机	5	0
85013400	输出功率＞375KW直流电动机、发电机	12	10.8
85014000	单相交流电动机	12	10.8
85015100	输出功率≤750W多相交流电动机	5	4
85015200	输出功率＞750W≤75KW多相交流电动机	10	9
85015300	输出功率＞75KW多相交流电动机	12	10.8
85016100	输出功率≤75KVA交流发电机	5	0
85016200	75KVA＜输出功率≤375KVA交流发电机	12	10.8
85016300	375KVA＜输出功率≤750KVA交流发电机	12	10.8
85016410	750KVA＜输出功率＜350MVA交流发电机	10	8
85016420	350KVA≤输出功率＜665MVA交流发电机	5.8	4.64
85016430	输出功率≥665MVA交流发电机	6	4.8
85021100	输出功率≤75KVA柴油发电机组	10	8
85021200	75KVA＜输出功率≤375KVA柴油发电机组	10	8
85021310	375KVA＜输出功率≤2MVA柴油发电机组	10	8
85021320	输出功率＞2MVA柴油发电机组	10	8
85022000	装有点燃式活塞发动机的发电机组	10	8
85023100	风力驱动的发电机组	8	6.4
85023900	其他发电机组	10	8
85024000	旋转式变流机	10	8
85030010	玩具用电动机微电机零件	12	10.8
85030020	输出功率＞350MVA交流发电机零件	3	2.7
85030030	风力驱动发电机组的零件	3	0
85030090	其他电动机、发电机(组)零件	8	7.2
85041010	电子镇流器	10	8
85041090	其他放电灯或放电管用镇流器	10	8
85042100	额定容量≤650KVA的液体介质变压器	10.5	9.45
85042200	650KVA＜额定容量≤10MVA的液体介质变压器	12.6	11.34
85042311	10MVA＜额定容量≤220MVA的液体变压器	10	NaN
85042312	200MVA≤额定容量＜330MVA的液体变压器	10	8
85042313	330MVA≤额定容量＜400MVA的液体变压器	10	8
85042321	400MVA≤液体变压器额定容量＜500MVA	6	4.8
85042329	其他额定容量≥500MVA的液体变压器	6	4.8
85043110	额定容量≤1KVA的互感器	5	4
85043190	额定容量≤1KVA的其他变压器	5	4
85043210	1KVA＜额定容量≤16KVA的互感器	5	0
85043290	1KVA＜额定容量≤16KVA的其他变压器	5	4
85043310	额定容量超过16千伏安，但不超过500千伏安的互感器	5	4
85043390	其他额定容量超过16千伏安，但不超过500千伏安的变压器、静止式变流器（例如整流器）及电感器	5	4
85043410	额定容量超过500千伏的安互感器	14	11.2
85043490	其他额定容量超过500千伏安的变压器、静止式变流器（例如整流器）及电感器	14	11.2
85044013	税号84.71所列机器用的稳压电源	0	0
85044014	功率＜1KW高精度直流稳压电源	7	6.3
85044015	功率＜10KW高精度交流稳压电源	0	0
85044019	其他稳压电源	0	0
85044020	不间断供电电源(UPS)	10	NaN
85044030	逆变器	10	9
85044091	具有变流功能的半导体模块	10	9
85044099	其他未列名静止式变流器	10	9
85045000	其他电感器	0	0
85049011	额定容量＞400KVA液体介质变压器零件	5	4.5
85049019	其他变压器零件	8	7.2
85049020	稳压电源及不间断供电电源零件	8	7.2
85049090	其他静止式变流器及电感器零件	8	7.2
85051110	稀土的永磁铁及磁化后准备制永磁铁的物品	7	5.6
85051190	其他金属的永磁体及磁化后准备制永磁体的物品	7	5.6
85051900	非金属永磁体	7	5.6
85052000	电磁联轴节、离合器及制动器	8	6.4
85059010	电磁起重吸盘	8	6.4
85059090	电磁夹具等及税号85.02的零件	8	7.2
85061011	扣式碱性锌锰电池	20	18
85061012	圆柱型碱性锌锰电池	20	18
85061019	其他碱性锌锰电池	20	18
85061090	二氧化锰的原电池及原电池组	20	18
85063000	氧化汞的原电池及原电池组	14	12.6
85064000	氧化银的原电池及原电池组	14	12.6
85065000	锂的原电池及原电池组	14	12.6
85066000	锌空气的原电池及原电池组	14	NaN
85068000	其他原电池及原电池组	14	12.6
85069010	二氧化锰原电池或原电池组的零件	14	12.6
85069090	其他原电池组或原电池组的零件	10	8
85071000	起动活塞式发动机用铅酸蓄电池	10	8
85072000	其他铅酸蓄电池	10	8
85073000	镍镉蓄电池	10	8
85074000	镍铁蓄电池	12	10.8
85075000	镍氢蓄电池	12	10.8
85076000	锂离子蓄电池	12	10.8
85078030	全钒液流电池	12	10.8
85078090	其他蓄电池	12	10.8
85079010	铅酸蓄电池零件	10	8
85079090	其他蓄电池零件	8	6.4
85081100	功率不超过1500瓦，且带有容积不超过20升的电动真空吸尘器	10	8
85081900	其他电动真空吸尘器	0	0
85086000	其他真空吸尘器	0	0
85087010	税号8508.1100所列电动真空吸尘器用零件	12	10.8
85087090	其他真空吸尘器用零件	0	0
85094010	水果或蔬菜榨汁机	10	8
85094090	食品研磨机及搅拌器或果、菜榨汁器	10	0
85098010	地板打蜡机	30	24.6
85098020	厨房废物处理器	20	18
85098090	其他家用电动器具	30	NaN
85099000	家用电动器具的零件	12	10.8
85101000	电动剃须刀	30	24.6
85102000	电动毛发推剪	30	24.6
85103000	电动脱毛器	20	18
85109000	税号85.10所列货品的零件	24.5	22.05
85111000	火花塞	10	8
85112010	车、船、飞机等用点火磁电机、永磁直流发电机、磁飞轮	5	0
85112090	其他点火磁电机、磁飞轮	10	8
85113010	分电器及点火线圈	5	0
85113090	其他用途用分电器、点火线圈	8.4	6.72
85114010	机车等用起动电机及两用起动发电机	5	0
85114091	输出功率≥132.39千瓦启动电机	8.4	6.72
85114099	其他用途的启动电机	8.4	6.72
85115010	其他机车、航空器、船舶用发电机	5	0
85115090	其他附属于内燃发动机的发电机	8.4	6.72
85118000	发动机用电点火、起动的其他装置	8.4	6.72
85119010	机车、船、航空器用电点火、起动装置零件	4.5	0
85119090	其他用电点火、电起动装置的零件	5	0
85121000	自行车用照明或视觉信号装置	10.5	9.45
85122010	机动车辆用照明装置	10	8
85122090	其他机动车用照明或视觉信号装置	10	8
85123011	机动车辆用喇叭、蜂鸣器	10	8
85123012	防盗报警器	10	8
85123019	其他机动车辆用音响信号装置	10	8
85123090	其他车辆用音响信号装置	10	8
85124000	车辆风档刮水器、除霜器及去雾器	10	8
85129000	税号85.12所列装置的零件	8	6.4
85131010	手电筒	15	13.5
85131090	其他自供能源手提式电灯	17.5	15.75
85139010	手电筒零件	14	12.6
85139090	其他自供能源手提式电灯零件	14	12.6
85141010	可控气氛热处理炉	0	0
85141090	工业、实验室用其他电阻加热炉及烘箱	0	0
85142000	工业、实验室用通过感应或介质损耗工作的炉及烘箱	0	0
85143000	工业、实验室用其他电炉及电烘箱	0	0
85144000	其他通过感应或介质损耗工作的的加热设备	10	8
85149010	炼钢电炉用零件	8	6.4
85149090	工业用电阻加热炉及烘箱等零件	0	0
85151100	钎焊机器及装置用烙铁及焊枪	10	8
85151900	其他钎焊机器及装置	10	9.333333
85152120	电阻焊接机器人	10	NaN
85152191	直缝焊管机	10	8
85152199	其他全自动或半自动电阻焊接机器及装置	10	NaN
85152900	其他电阻焊接机器及装置	10	8
85153120	电弧（包括等离子弧）焊接机器人	10	8
85153191	螺旋焊管机	10	8
85153199	其他全自动或半自动的电弧（包括等离子弧）焊接机器及装	10	8
85153900	其他电弧焊接机器及装置	10	8
85158010	激光焊接机器人	8	7.466667
85158090	其他机器及装置	8	7.466667
85159000	电气等焊接机器及装置零件	6	5.4
85161010	储存式电热水器	10	8
85161020	即热式电热水器	10	8
85161090	其他电热的快速热水器、浸入式液体加热器	10	8
85162100	电气储存式散热器	35	28.7
85162910	电气土壤加热器	10	8
85162920	辐射式空间加热器	10	8
85162931	风扇式对流式空间加热器	10	8
85162932	充液式对流式空间加热器	10	8
85162939	其他对流式空间加热器	10	8
85162990	电气空间加热器	10	8
85163100	电吹风机	10	9
85163200	其他电热理发器具	35	28.7
85163300	电热干手器	35	28.7
85164000	电熨斗	35	31.5
85165000	微波炉	15	13.5
85166010	电磁炉	15	13.5
85166030	电饭锅	15	13.5
85166040	电炒锅	15	13.5
85166050	电烤箱	15	13.5
85166090	其他电热炉	15	13.5
85167110	滴液式咖啡机	32	25.6
85167120	蒸馏渗滤式咖啡机	32	25.6
85167130	泵压式咖啡机	32	25.6
85167190	其他电热咖啡机或茶壶	32	25.6
85167210	家用自动面包机	32	26.24
85167220	片式烤面包机（多士炉）	32	26.24
85167290	电热烤面包器	32	26.24
85167910	电热饮水机	32	28.8
85167990	其他电热器具	32	NaN
85168000	加热电阻器	10	9
85169010	土壤加热器及加热电阻器零件	8	6.4
85169090	税号85.16所列货品的其他零件	12	9.6
85171100	无绳电话机	0	0
85171210	手持（包括车载）式无线电话机	0	0
85171220	对讲机	0	0
85171290	用于蜂窝网络或无线网络的其他电话机	0	0
85171800	其他电话机	0	0
85176110	移动通信基站	0	0
85176190	其他通信基站	0	0
85176211	数字式局用电话交换机；长途电话交换机；电报交换机	0	0
85176212	数字式移动通信交换机	0	0
85176219	数字式其他电话交换机	0	0
85176221	光端机及脉冲编码调制设备	0	0
85176222	波分复用光传输设备	0	0
85176229	其他光通讯设备	0	0
85176231	通信网络时钟同步设备	0	0
85176232	以太网络交换机	0	0
85176233	IP电话信号交换机	0	0
85176234	调制解调器	0	0
85176235	集线器	0	0
85176236	路由器	0	0
85176237	有线网络接口卡	0	0
85176239	其他有线数字通信设备	0	0
85176292	无线网络接口卡	0	0
85176293	无线接入固定台	0	0
85176294	无线耳机	0	0
85176299	其他接收、转换并且发送或再生声音、图像或数据用的设备	0	0
85176910	其他无线设备	9	7.2
85176990	其他有线设备	0	0
85177010	数字式程控电话或电报交换机零件	0	0
85177020	光端机、脉冲编码调制设备的零件	0	0
85177030	手持式无线电话机用（天线除外）	0	0
85177040	对讲机用（天线除外）	8	6.4
85177060	光通信设备的激光收发模块	0	0
85177070	税号8517所列设备用天线及其零件	2	0
85177090	发送或接收声音、图像或数据的设备用其他零件	0	0
85181000	传声器(麦克风)及其座架	10	8
85182100	单喇叭音箱	10	8
85182200	多喇叭音箱	10	8
85182900	其他扬声器	0	0
85183000	其他耳机、耳塞机	0	0
85184000	音频扩大器	12	9.6
85185000	电气扩音机组	10	8
85189000	税号85.18所列货品的零件	10.5	9.45
85192000	用硬币、钞票、银行卡、代币使其工作的声音录放设备	20	18
85193000	转盘（唱机唱盘）	30	24.6
85195000	电话应答机	0	0
85198111	不带录音功能的盒式磁带型声音重放装置，编辑节目用放声机除外	17	15.3
85198112	装有声音重放装置的盒式磁带型录音机	30	24.6
85198119	其他使用磁性媒体的声音录放机	20	18
85198121	不带录音功能的激光唱机	30	24.6
85198129	使用光学媒体的其他声音录放装置	20	18
85198131	闪速存储器型声音录放机	20	18
85198139	使用半导体媒体的其他声音录放装置	20	18
85198910	不带录制装置的其他唱机，不论是否带有扬声器	30	24.6
85198990	其他声音录制或重放设备	20	18
85211011	广播级录像机	30	24.6
85211019	其他磁带录像机	30	24.6
85211020	磁带放像机	30	24.6
85219011	视频高密光盘机VCD	20	18
85219012	数字化视频光盘机DVD	20	18
85219019	其他激光视盘放像机	20	18
85219090	其他视频信号录制或重放设备	20	18
85221000	拾音头	35	28.7
85229010	转盘或唱机用零附件	25	20.5
85229021	录音机走带机构(机芯)	25	20.5
85229022	磁头	25	20.5
85229023	磁头零件	20	18
85229029	盒式磁带录音机或放声机其他零件	30	24.6
85229031	激光视盘机的机芯	30	24.6
85229039	其他视频信号录放设备的零件附件	30	NaN
85229091	车载音频转播器或发射器	20	18
85229099	声音录制或重放设备用其他零件	20	18
85232110	未录制的磁条卡	17.5	15.75
85232120	已录制的磁条卡	15	13.5
85232911	未录制磁盘	0	0
85232919	已录制磁盘	0	0
85232921	宽度≤4mm的未录制磁带	0	0
85232922	宽度＞4mm且≤6.5mm的未录制磁带	0	0
85232923	宽度＞6.5mm的未录制磁带	0	0
85232928	用于重放声音或图像信息的磁带	10	8
85232929	已录制其他信息的磁带	0	0
85232990	其他磁性媒体	0	0
85234100	未录制的光学媒体	0	0
85234910	仅用于重放声音信息的光学媒体	10	8
85234920	用于重放声音、图像以外信息的，税号84.71所列机器用的光学媒体	0	0
85234990	其他已录制的光学媒体	0	0
85235110	未录制信息的闪速存储器	0	0
85235120	已录制信息的闪速存储器	0	0
85235210	未录制内容的“智能卡”	0	0
85235290	已录制内容的“智能卡”	0	0
85235910	未录制信息的其他半导体媒体	0	0
85235920	已录制信息的其他半导体媒体	0	0
85238011	已录制的唱片	15	13.5
85238019	未录制的唱片	0	0
85238021	税号84.71所列机器用未录制内容的其他媒体	0	0
85238029	税号84.71所列机器用已录制内容的其他媒体	0	0
85238091	其他未录制内容的媒体	0	0
85238099	其他已录制内容的媒体	0	0
85255000	广播电视发送设备	0	0
85256010	卫星地面站设备	0	0
85256090	其他装有接收装置的广播电视发送设备	0	0
85258011	特种用途电视摄像机	10	8
85258012	非特种用途的广播级电视摄像机	35	32.666667
85258013	非特种用途的其他电视摄像机	35	32.9
85258021	特种用途的数字照相机	0	0
85258022	非特种用途的单反数字照相机	0	0
85258025	非特种用途的,其他可换镜头的数字照相机	0	0
85258029	非特种用途的其他数字照相机	0	0
85258031	特种用途的视频摄录一体机	0	0
85258032	非特种用途的广播级视频摄录一体机	0	0
85258033	非特种用途的家用视频摄录一体机	0	0
85258039	非特种用途的其他视频摄录一体机	0	0
85261010	导航用雷达设备	2	0
85261090	其他雷达设备	5	0
85269110	机动车辆用	2	0
85269190	其他无线电导航设备	2	1.8
85269200	无线电遥控设备	5	0
85271200	不需外接电源袖珍盒式磁带收放机	20	18
85271300	不需外接电源收录(放)音组合机	15	13.5
85271900	不需外接电源无线电收音机	15	13.5
85272100	需外接电源汽车收录(放)音组合机	15	13.5
85272900	需外接电源汽车用无线电收音机	15	13.5
85279100	其他收录(放)音组合机	15	13.5
85279200	带时钟的收音机	15	13.5
85279900	其他收音机	27	22.14
85284100	计算机及其他自动数据处理设备用的阴极射线管监视器	0	0
85284910	其他彩色阴极射线管监视器	30	27
85284990	单色的阴极射线管监视器	19	17.1
85285110	计算机及其他自动数据处理设备用的液晶显示器	0	0
85285190	计算机及其他自动数据处理设备用的其他显示器	0	0
85285910	其他彩色监视器	30	NaN
85285990	单色的其他监视器	19	17.1
85286100	计算机及其他自动数据处理设备用的投影机	0	0
85286910	其他彩色投影机	30	NaN
85286990	单色的其他投影机	15	13.5
85287110	不带显示屏的彩色卫星电视接收机	30	NaN
85287180	不带显示屏的其他彩色电视接收机	30	NaN
85287190	单色的不带视频显示器的电视接收机	15	13.5
85287211	其他彩色模拟电视接收机，带阴极射线显像管的	30	24.6
85287212	其他彩色数字电视接收机，带阴极射线显像管的	30	24.6
85287219	其他彩色电视接收机，带阴极射线显像管的	30	24.6
85287221	其他彩色模拟电视接收机，带液晶显示器的	30	NaN
85287222	其他彩色数字电视接收机，带液晶显示器的	30	NaN
85287229	其他彩色电视接收机，带液晶显示器的	30	NaN
85287231	其他彩色模拟电视接收机，带等离子显示器的	30	NaN
85287232	其他彩色数字电视接收机，带等离子显示器的	30	NaN
85287239	其他彩色电视接收机，带等离子显示器的	30	NaN
85287291	其他彩色模拟电视接收机	30	NaN
85287292	其他彩色数字电视接收机	30	NaN
85287299	其他彩色电视接收机	30	NaN
85287300	其他单色的电视接收装置	15	13.5
85291010	雷达及无线电导航设备天线及零件	1.5	0
85291020	收音机、电视机天线及其零件	0	0
85291090	其他无线电设备天线及其零件	2	0
85299010	电视发送、差转等设备零件	0	0
85299041	特种用途电视摄像机、静像视频摄像机及其他视频摄录一体机，数字相机零件	8	6.4
85299042	非特种用途的取像模块	12	10.8
85299049	其他电视摄像机、静像视频摄像机及其他视频摄录一体机、数字相机零件	12	10.8
85299050	雷达及无线电导航设备零件	1.5	0
85299060	收音机及其组合机的其他零件	15	13.5
85299081	彩色电视接收机用（等离子显像组件及其零件、有机发光二极管显示屏除外）	15	13.5
85299082	等离子显像组件及其零件	15	13.5
85299083	有机发光二极管显示屏	15	13.5
85299089	其他电视机零件	0	0
85299090	税号85.25至85.28所列设备的零件	0	0
85301000	铁道或电车道用电气信号等设备	10	8
85308000	其他用电气信号、安全、交通设备	8	6.4
85309000	税号85.30所列设备的零件	8	6.4
85311000	防盗或防火报警器及类似装置	10	8
85312000	有液晶装置或发光管的显示板	0	0
85318010	蜂鸣器	15	13.5
85318090	其他电气音响或视觉信号装置	10	8
85319010	防盗、防火及类似装置用零件	0	0
85319090	其他音响或视觉信号装置用零件	0	0
85321000	固定电容器(电力电容器)	0	0
85322110	片式钽电容器	0	0
85322190	其他钽电容器	0	0
85322210	片式铝电解电容器	0	0
85322290	其他铝电解电容器	0	0
85322300	单层瓷介电容器	0	0
85322410	片式多层瓷介电容器	0	0
85322490	其他多层瓷介电容器	0	0
85322510	片式纸介质或塑料介质电容器	0	0
85322590	其他纸介质或塑料介质电容器	0	0
85322900	其他固定电容器	0	0
85323000	其他可变或可调(微调)电容器	0	0
85329010	税号8532.1000所列电容器零件	0	0
85329090	其他电容器零件	0	0
85331000	合成或薄膜式固定碳质电阻器	0	0
85332110	额定功率≤20W片式固定电阻器	0	0
85332190	额定功率≤20W其他固定电阻器	0	0
85332900	其他额定功率＞20W固定电阻器	0	0
85333100	额定功率≤20W线绕可变电阻器	0	0
85333900	额定功率＞20W电位器	0	0
85334000	其他可变电阻器	0	0
85339000	各种电阻器零件	0	0
85340010	＞四层的印刷电路	0	0
85340090	≤四层的印刷电路	0	0
85351000	电路熔断器(电压＞1000V)	14	12.6
85352100	电压＜72.5KV自动断路器	14	11.2
85352910	用于电压在72.5千伏及以上，但不高于220千伏的线路的自动断路器	10	8
85352920	用于电压高于220千伏，但不高于750千伏的线路的自动断路器	10	8
85352990	其他电压≥72.5KV自动断路器	10	8
85353010	用于电压在72.5千伏及以上，但不高于220千伏的线路的隔离开关及断续开关	10	9.166667
85353020	用于电压高于220千伏，但不高于750千伏的线路的隔离开关及断续开关	10	9.166667
85353090	其他隔离开关及断续开关	10	9.166667
85354000	避雷器、电压限幅器及电涌抑制器	18	16.2
85359000	其他＞1000V电路开关等电气装置	10	9
85361000	熔断器(电压≤1000V)	10	9
85362000	电压≤1000V自动断路器	9	8.1
85363000	电压≤1000V其他电路保护装置	9	7.2
85364110	用于电压不超过36伏线路的继电器	10	8
85364190	用于电压超过36伏，但不超过60伏线路的继电器	10	8
85364900	电压>60V的继电器	10	8
85365000	电压≤1000V的其他开关	0	0
85366100	电压≤1000V的灯座	10	8
85366900	电压≤1000V的插头及插座	0	0
85367000	光导纤维、光导纤维束或光缆用连接器	8	7.2
85369011	工作电压不超过36伏的接插件	0	0
85369019	其他接插件	0	0
85369090	其他电路的开关、保护或连接用的电气装置	0	0
85371011	可编程序控制器	5	4.5
85371019	其他数控装置	5	4.1
85371090	其他电力控制或分配的装置	8.4	6.888
85372010	电压≥500KV高压开关装置	8.4	7.7
85372090	其他电力控制或分配装置	8.4	6.72
85381010	子目号8537.2010所列装置的零件	8.4	6.72
85381090	税号85.37货品用的其他盘、板等	7	6.3
85389000	税号85.35、85.36或85.37装置的零件	7	6.533333
85391000	封闭式聚光灯	10	8
85392110	科研、医疗专用卤钨灯	8	6.4
85392120	火车、航空器及船舶用卤钨灯	8	6.4
85392130	机动车辆用卤钨灯	10	8
85392190	其他卤钨灯	10.5	9.45
85392210	科研、医疗用功率≤200W白炽灯泡	10.5	9.45
85392290	其他用功率≤200W白炽灯泡	5	0
85392910	科研、医疗专用其他白炽灯泡	5	0
85392920	火车、航空及船舶用其他白炽灯泡	10.5	9.45
85392930	机动车辆用其他白炽灯泡	5	0
85392991	电压≤12V未列名的白炽灯泡	12	10.8
85392999	其他未列名的白炽灯泡	12	10.8
85393110	科研、医疗专用热阴极荧光灯	8	6.4
85393120	火车、航空器、船舶用热阴极荧光灯	8	6.4
85393191	紧凑型荧光灯	8	6.4
85393199	其他热阴极荧光灯	8	6.4
85393230	钠蒸气灯	8	6.4
85393240	汞蒸气灯	8	6.4
85393290	金属卤化物灯	8	6.4
85393910	科研、医疗专用其他放电灯	8	6.4
85393920	火车、航空器、船舶用其他放电灯	8	6.4
85393990	其他用途的其他放电灯管	8	6.4
85394100	弧光灯	8	6.4
85394900	紫外线或红外线灯	8	6.4
85399000	税号85.39所列货品的零件	8	6.4
85401100	彩色阴极射线电视显像管	12	10.8
85401200	黑白或单色阴极射线电视显像管	15	13.5
85402010	电视摄像管	12	10.8
85402090	变像管、图像增强管及光阴极管	8	6.4
85404010	彩色的数据/图形显示管，屏幕荧光点间距小于0.4毫米	8	6.4
85404020	单色的数据/图形显示管	8	6.4
85406010	雷达显示管	6	4.8
85406090	其他阴极射线管	8	6.4
85407100	磁控管	8	6.4
85407910	调速管	8	6.4
85407990	其他微波管	8	6.4
85408100	接收管或放大管	8	6.4
85408900	其他电子管	8	6.4
85409110	电视显像管零件	6	4.8
85409120	雷达显示管零件	5	0
85409190	其他阴极射线管零件	8	6.4
85409910	电视摄像管零件	8	6.4
85409990	其他热电子管、冷阴极管零件	8	6.4
85411000	二极管	0	0
85412100	耗散功率＜1W的晶体管	0	0
85412900	耗散功率≥1W的晶体管	0	0
85413000	半导体及可控硅等开关元件	0	0
85414010	发光二极管	0	0
85414020	太阳能电池	0	0
85414090	其他光敏半导体器件，包括不论是否装在组件内或组装成块的光电池	0	0
85415000	其他半导体器件	0	0
85416000	已装配的压电晶体	0	0
85419000	税号85.41所列货品零件	0	0
85423100	集成电路处理器及控制器，不论是否带有存储器、转换器、逻辑电路、放大器、时钟及时序电路或其他电路	0	0
85423200	集成电路存储器	0	0
85423300	集成电路放大器	0	0
85423900	其他集成电路	0	0
85429000	集成电路的零件	0	0
85431000	其他粒子加速器	5	0
85432010	输出信号频率＜1500MHZ的通用信号发生器	15	13.5
85432090	输出信号频率≥1500MHZ的通用信号发生器	8	6.4
85433000	电镀、电介或电泳设备及装置	0	0
85437091	金属、矿藏探测器	0	0
85437092	高、中频放大器	0	0
85437093	电篱网激发器	10	8
85437099	未列名的电气设备及装置	0	0
85439010	粒子加速器用零件	0	0
85439021	输出信号频率＜1500MHZ通用信号发生器零件	0	0
85439029	输出信号频率≥1500MHZ通用信号发生器零件	0	0
85439030	金属、矿藏探测器用零件	0	0
85439040	高、中频放大器用零件	0	0
85439090	85章其他未列名电气设备的零件	0	0
85441100	铜制绕组电线	10	9
85441900	其他绕组电线	20	18
85442000	同轴电缆及其他同轴电导体	10	9.333333
85443020	机动车辆用点火布线组及其他布线组	10	8
85443090	车辆用点火布线组	5	4
85444211	耐压≤80V有接头电缆	0	0
85444219	耐压≤80V有接头电导体	0	0
85444221	1000V≥耐压＞80V有接头电缆	0	0
85444229	1000V≥耐压＞80V有接头电导体	0	0
85444911	耐压≤80V无接头电缆	0	0
85444919	耐压≤80V无接头电导体	0	0
85444921	1000V≥耐压＞80V无接头电缆	6	5.4
85444929	1000V≥耐压＞80V无接头电导体	12	10.8
85446012	额定电压不超过35千伏的电缆	10	9
85446013	额定电压超过35千伏，但不超过110千伏的电缆	8.4	6.72
85446014	额定电压超过110千伏，但不超过220千伏的电缆	8.4	6.72
85446019	其他额定电压超过1000伏的电缆	8.4	NaN
85446090	耐压＞1KV的其他电导体	21	16.8
85447000	光缆	0	0
85451100	炉用碳电极	8	6.4
85451900	其他碳电极	10.5	9.45
85452000	碳刷	10.5	9.45
85459000	灯碳棒、电池碳棒及其他石墨制品	10.5	9.45
85461000	玻璃制绝缘子	10.5	9.45
85462010	输变电线路绝缘瓷套管	6	5.4
85462090	其他陶瓷制绝缘子	12	10.8
85469000	其他材料制绝缘子	10	9
85471000	陶瓷制绝缘零件	8	7.2
85472000	塑料制绝缘零件	8	7.2
85479010	内衬绝缘材料的贱金属导管及其接头	10	0
85479090	其他材料制绝缘配件	8	0
85481000	电池废碎料及废电池	8	6.4
85489000	85章其他未列名的电气零件	12	10.8
86011011	微机控制的外部直流电动铁道机车	3	0
86011019	由外部直流电驱动的其他铁道机车	3	0
86011020	由外部交流电驱动的铁道机车	3	0
86011090	由其他外部电力驱动的铁道机车	3	0
86012000	由蓄电池驱动的铁道电力机车	3	0
86021010	微机控制的柴油电力铁道机车	3	0
86021090	其他柴油电力铁道机车	3	0
86029000	其他铁道机车及机车煤水车	3	0
86031000	由外电力驱动铁道及电车道用机动客车、货车、敞车	3	0
86039000	其他铁道及电车道用机动客车、货车、敞车	3	0
86040011	隧道限界检查车	3	0
86040012	钢轨在线打磨列车	3	0
86040019	铁道及电车道用其他检验车及查道车	5	0
86040091	电气化接触网架线机(轨行式)	5	0
86040099	铁道及电车道用其他维修或服务车	7	5.6
86050010	铁道及电车道用非机动客车	5	0
86050090	铁道及电车道用其他非机动客车	5	0
86061000	铁道及电车道用非机动油罐货车及类似车	5	0
86063000	铁道及电车道用非机动自卸货车	5	0
86069100	铁道及电车道用非机动带篷及封闭货车	5	0
86069200	铁道及电车道用非机动厢高＞60cm敞篷货车	5	0
86069900	税号86.06所列其他未列名非机动车	5	0
86071100	铁道及电车道机车的驾驶转向架	3	0
86071200	铁道及电车道机车非驾驶转向架	3	0
86071910	铁道及电车道机车用车轴	3	0
86071990	转向轮及其零件	3	0
86072100	铁道及电车道机车用空气制动器及其零件	3	0
86072900	铁道及电车道机车用非空气制动器	3	0
86073000	铁道及电车道机车用钩、联结器、缓冲器及其零件	3	0
86079100	铁道及电车道机车用其他零件	3	0
86079900	铁道及电车道非机车用其他零件	3	2.7
86080010	轨道自动计轴设备	3	0
86080090	铁道及电车道轨道固定装置及附件	4	3.2
86090011	20英尺保温式集装箱	10.5	9.45
86090012	20英尺罐式集装箱	10.5	9.45
86090019	20英尺其他集装箱	10.5	9.45
86090021	40英尺保温式集装箱	10.5	9.45
86090022	40英尺罐式集装箱	10.5	9.45
86090029	40英尺其他集装箱	10.5	9.45
86090030	45、48、53英尺的集装箱	10.5	9.45
86090090	其他集装箱	10.5	9.45
87011000	手扶拖拉机	9	7.2
87012000	半挂车用的公路牵引车	6	4.8
87013000	履带式牵引车、拖拉机	6	4.8
87019011	轮式拖拉机	8	6.4
87019019	其他拖拉机	8	6.4
87019090	其他牵引车	8	6.4
87021020	机坪客车	4	0
87021091	≥30座大型客车(柴油型)	25	NaN
87021092	≥20座，但≤29座的客车	25	NaN
87021093	≥10座，但≤19座的客车	25	NaN
87029010	≥30座大型客车(非柴油型)	25	NaN
87029020	≥20座，但≤29座的客车(非柴油型)	25	NaN
87029030	≥10座，但≤19座的客车(非柴油型)	25	NaN
87031011	全地形车	25	NaN
87031019	其他高尔夫球车及类似车辆	25	NaN
87031090	雪地行走专用车	25	NaN
87032130	排气量≤1000ml的小轿车	25	NaN
87032140	排气量≤1000ml的越野车（4轮驱动）	25	NaN
87032150	排气量≤1000ml的≤9座的小客车	25	NaN
87032190	排气量≤1000ml的其他车辆	25	NaN
87032230	1L＜排气量≤1.5L的小轿车	25	NaN
87032240	1L＜排气量≤1.5L的越野车	25	NaN
87032250	1L＜排气量≤1.5L,≤9座的小客车	25	NaN
87032290	1L＜排气量≤1.5L的其他车辆	25	NaN
87032341	1.5L＜排气量≤2L的小轿车	25	NaN
87032342	1.5L＜排气量≤2L的越野车	25	NaN
87032343	1.5L＜排气量≤2L,≤9座的小客车	25	NaN
87032349	1.5L＜排气量≤2L的其他车辆	25	NaN
87032351	2L＜排气量≤2.5L的小轿车	25	NaN
87032352	2L＜排气量≤2.5L的越野车	25	NaN
87032353	2L＜排气量≤2.5L,≤9座的小客车	25	NaN
87032359	2L＜排气量≤2.5L的其他车辆	25	NaN
87032361	2.5L＜排气量≤3L的小轿车	25	NaN
87032362	2.5L＜排气量≤3L的越野车	25	NaN
87032363	2.5L＜排气量≤3L,≤9座的小客车	25	NaN
87032369	2.5L＜排气量≤3L的其他车辆	25	NaN
87032411	3L＜排气量≤4L的小轿车	25	NaN
87032412	3L＜排气量≤4L的越野车	25	NaN
87032413	3L＜排气量≤4L,≤9座的小客车	25	NaN
87032419	3L＜排气量≤4L的其他车辆	25	NaN
87032421	排气量>4L的小轿车	25	NaN
87032422	排气量>4L的越野车	25	NaN
87032423	排气量>4L,≤9座的小客车	25	NaN
87032429	排气量>4L的其他车辆	25	NaN
87033111	排气量≤1L的柴油型小轿车	25	NaN
87033119	排气量≤1L的柴油型其他车辆	25	NaN
87033121	1L＜排气量≤1.5L的柴油型小轿车	25	NaN
87033122	1L＜排气量≤1.5L的柴油型越野车	25	NaN
87033123	1L＜排气量≤1.5L,≤9座的柴油型小客车	25	NaN
87033129	1L＜排气量≤1.5L的柴油型其他车辆	25	NaN
87033211	1.5L＜排气量≤2L的柴油型小轿车	25	NaN
87033212	1.5L＜排气量≤2L的柴油型越野车	25	NaN
87033213	1.5L＜排气量≤2L,≤9座的柴油型小客车	25	NaN
87033219	1.5L＜排气量≤2L的柴油型其他车辆	25	NaN
87033221	2L＜排气量≤2.5L的柴油型小轿车	25	NaN
87033222	2L＜排气量≤2.5L的柴油型越野车	25	NaN
87033223	2L＜排气量≤2.5L,≤9座的柴油型小客车	25	NaN
87033229	2L＜排气量≤2.5L的柴油型其他车辆	25	NaN
87033311	2.5L＜排气量≤3L的柴油型小轿车	25	NaN
87033312	2.5L＜排气量≤3L的柴油型越野车	25	NaN
87033313	2.5L＜排气量≤3L,≤9座的柴油型小客车	25	NaN
87033319	2.5L＜排气量≤3L的柴油型其他车辆	25	NaN
87033321	3L＜排气量≤4L的柴油型小轿车	25	NaN
87033322	3L＜排气量≤4L的柴油型越野车	25	NaN
87033323	3L＜排气量≤4L,≤9座的柴油型小客车	25	NaN
87033329	3L＜排气量≤4L的柴油型其他车辆	25	NaN
87033361	排气量>4L的柴油型小轿车	25	NaN
87033362	排气量>4L的柴油型越野车	25	NaN
87033363	排气量>4L,≤9座的柴油型小客车	25	NaN
87033369	排气量>4L的柴油型其他车辆	25	NaN
87039000	装有压燃式内燃发动机的其他载人机动车辆	25	NaN
87041030	非公路用电动轮货运自卸车	6	4.8
87041090	其他非公路用货运自卸车	6	4.8
87042100	柴油型其他小型货车	25	NaN
87042230	柴油型其他中型货车	20	18
87042240	柴油型其他重型货车	20	18
87042300	柴油型的其他超重型货车	15	13.5
87043100	汽油型≤5吨的其他货车	25	NaN
87043230	5吨＜汽油型≤8吨的其他货车	20	18
87043240	汽油型＞8吨的其他货车	20	18
87049000	装有其他发动机的货车	25	NaN
87051021	最大起重重量≤50吨的全路面汽车起重车	15	13.5
87051022	50吨＜最大起重重量≤100吨的全路面汽车起重车	10	8
87051023	最大起重重量＞100吨的全路面汽车起重车	10	8
87051091	最大起重重量≤50吨的其他汽车起重车	15	13.5
87051092	50吨＜最大起重重量≤100吨的其他汽车起重车	10	8
87051093	最大起重重量＞100吨的其他汽车起重车	10	8
87052000	机动钻探车	12	10.8
87053010	装有云梯的救火车	3	0
87053090	其他机动救火车	3	0
87054000	机动混凝土搅拌车	15	13.5
87059010	无线电通信车	9	7.2
87059020	机动放射线检查车	9	7.2
87059030	机动环境监测车	12	10.8
87059040	机动医疗车	12	10.8
87059051	航空电源车(频率为400赫兹)	12	10.8
87059059	其他机动电源车	12	10.8
87059060	飞机加油车、调温车、除冰车	12	10.8
87059070	道路(包括跑道)扫雪车	12	10.8
87059080	石油测井车、压裂车、混沙车	12	10.8
87059091	混凝土泵车	12	10.8
87059099	其他特殊用途的机动车辆	12	10.8
87060010	非公路用货运自卸车底盘	8	6.4
87060021	车辆总重量≥14吨的货车底盘	10	8
87060022	车辆总重量＜14吨的货车底盘	10	8
87060030	大型客车底盘	20	18
87060040	汽车起重机底盘	20	18
87060090	其他机动车辆底盘	10	8
87071000	税号87.03所列车辆用车身(含驾驶室)	10	8
87079010	税号8702.1092、.1093、.9020及.9030所列车辆用车身	10	8
87079090	其他车辆用车身(含驾驶室)	10	8
87081000	缓冲器(保险杠)及其零件	10	8
87082100	座椅安全带	10	8
87082930	车窗玻璃升降器	10	8
87082941	汽车电动天窗	10	8
87082942	汽车手动天窗	10	8
87082951	侧围	10	8
87082952	车门	10	8
87082953	发动机罩盖	10	8
87082954	前围	10	8
87082955	行李箱盖（或背门）	10	8
87082956	后围	10	8
87082957	翼子板（或叶子板）	10	8
87082959	车身的其他覆盖件	10	8
87082990	车身的未列名零部件	10	9
87083010	装在蹄片上的制动摩擦片	10	8
87083021	牵引车、拖拉机、非公路自卸车用防抱死制动系统（ABS）	6	4.8
87083029	其他车辆用防抱死制动系统（ABS）	10	8
87083091	牵引车、拖拉机用制动器及其零件	6	4.8
87083092	大型客车用制动器及其零件	10	8
87083093	非公路自卸车用制动器及其零件	6	4.8
87083094	柴、汽油轻型货车用制动器及零件	10	8
87083095	柴油型重型货车用制动器及其零件	10	8
87083096	特种车用制动器及其零件	10	8
87083099	其他未列名机动车辆用制动器及零件	10	9
87084010	牵引车、拖拉机用变速箱及零件	6	4.8
87084020	大型客车用变速箱及零件	10	8
87084030	非公路自卸车用变速箱及零件	6	4.8
87084040	柴、汽油轻型货车用变速箱及零件	10	8
87084050	其他柴油型重型货车用变速箱及零件	10	8
87084060	特种车用变速箱及零件	10	8
87084091	自动换档变速箱及零件	10	8
87084099	未列名机动车辆用变速箱及零件	10	8
87085071	牵引车、拖拉机用驱动桥及零件	6	4.8
87085072	其他大型客车用驱动桥及零件	10	8
87085073	非公路自卸车用驱动桥及零件	6	4.8
87085074	柴、汽油型轻型货车用驱动桥及零件	10	8
87085075	其他柴油型重型货车用驱动桥及零件	10	8
87085076	特种车用驱动桥及零件	10	8
87085079	未列名机动车辆用驱动桥及零件	10	9.333333
87085081	牵引车、拖拉机用非驱动桥及零件	6	4.8
87085082	座位≥30客车用非驱动桥及零件	15	13.5
87085083	非公路自卸车用非驱动桥及零件	6	4.8
87085084	柴、汽油轻货车用非驱动桥及零件	10	8
87085085	柴油重型货车用非驱动桥及零件	10	8
87085086	特种车用非驱动桥及其零件	10	8
87085089	未列名机动车辆用非驱动桥及零件	10	8
87087010	牵引车及拖拉机用车轮及其零附件	6	4.8
87087020	大型客车用车轮及其零附件	10	8
87087030	非公路货运自卸车用车轮及其零件	6	4.8
87087040	中小型货车用车轮及其零件	10	8
87087050	大型货车用车轮及其零件	10	8
87087060	特种车用车轮及其零件	10	8
87087091	铝合金制的车轮及其零件、附件	10	8
87087099	其他车轮及其零件、附件	10	8
87088010	税号87.03所列车辆用的悬挂减震器及零件	10	8
87088090	机动车辆用的其他悬挂减震器及零件	10	8
87089110	水箱散热器	10	8
87089120	机油冷却器	10	8
87089190	其他散热器及其零件	10	8
87089200	机动车辆的消声器及排气管及零件	10	8
87089310	牵引车、拖拉机用离合器及其零件	6	4.8
87089320	座位≥30客车用离合器及其零件	10	8
87089330	非公路自卸车用离合器及其零件	6	4.8
87089340	柴、汽油轻型货车用离合器及零件	10	8
87089350	总重≥14吨柴油货车离合器及零件	10	8
87089360	特种车用的离合器及其零件	10	8
87089390	未列名机动车辆用离合器及其零件	10	8
87089410	牵引车、拖拉机用转向盘、转向柱及转向器及零件	6	4.8
87089420	大型客车用转向盘、转向柱及转向器及零件	10	8
87089430	非公路自卸车用转向盘、转向柱及转向器及零件	6	4.8
87089440	柴、汽油轻货车用转向盘、转向柱及转向器及零件	10	8
87089450	柴油型重型货车用转向盘、转向柱及转向器及零件	10	8
87089460	特种车用转向盘、转向柱及转向器及零件	10	8
87089490	未列名机动车辆用转向盘、转向柱及转向器及零件	10	9.333333
87089500	机动车辆的安全气囊装置	10	8
87089910	牵引车及拖拉机用其他零附件	6	4.8
87089921	税号8702.1091及8702.9010所列车辆用车架	25	NaN
87089929	大型客车用其他零附件	25	NaN
87089931	税号8704.1030及8704.1090所列车辆用车架	6	4.8
87089939	非公路货运自卸车用其他零附件	6	4.8
87089941	税号8704.2100、8704.2230、8704.3100及8704.3230所列车辆用车架	25	NaN
87089949	中小型货车用其他零附件	25	NaN
87089951	税号8704.2240、8704.2300及8704.3240所列车辆用车架	10	8
87089959	总重≥14吨货车用其他零附件	10	8
87089960	特种车用其他零附件	15	13.5
87089991	其他税号所列车辆用车架	10	8
87089992	汽车传动轴	10	8
87089999	机动车辆用未列名零附件	10	8
87091110	短距离运输货物电动牵引车	10	8
87091190	其他电动短矩离运货车	10	8
87091910	短距离运输货物其他牵引车	10.5	9.45
87091990	其他非电动短矩离运货车	10.5	9.45
87099000	短距离运货车、站台牵引车用零件	8.4	6.72
87100010	坦克及其他机动装甲战斗车辆	15	13.5
87100090	坦克及其他机动装甲战斗车辆零件	15	13.5
87111000	汽油型微马力摩托车及脚踏两用车	45	36.9
87112010	装有往复式活塞发动机，气缸容量超过50毫升，但不超过100毫升的汽油型小马力摩托车及脚踏两用车	45	36.9
87112020	装有往复式活塞发动机，气缸容量超过100毫升，但不超过125毫升的汽油型小马力摩托车及脚踏两用车	45	36.9
87112030	装有往复式活塞发动机，气缸容量超过125毫升，但不超过150毫升的汽油型小马力摩托车及脚踏两用车	45	36.9
87112040	装有往复式活塞发动机，气缸容量超过150毫升，但不超过200毫升的汽油型小马力摩托车及脚踏两用车	45	36.9
87112050	装有往复式活塞发动机，气缸容量超过200毫升，但不超过250毫升的汽油型小马力摩托车及脚踏两用车	45	36.9
87113010	汽油型中小马力摩托车及脚踏两用车	45	NaN
87113020	汽油型中大马力摩托车及脚踏两用车	45	NaN
87114000	汽油型大马力摩托车及脚踏两用车	40	NaN
87115000	汽油型超大马力摩托车及类似车	30	NaN
87119010	电动的或电动助力的摩托车（包括机器脚踏两用车）	45	NaN
87119090	装有其他发动机的摩托车及边车	45	NaN
87120020	竞赛型自行车	13	11.7
87120030	山地自行车	13	11.7
87120041	16、18、20英寸自行车	13	11.7
87120049	其他越野自行车	13	11.7
87120081	≤16英寸的未列名自行车	13	11.7
87120089	其他未列名自行车	13	11.7
87120090	其他非机动脚踏车	23	20.7
87131000	非机械驱动的残疾人用车	6	4.8
87139000	其他机动残疾人用车	4	0
87141000	摩托车及机动脚踏两用车用零附件	30	NaN
87142000	残疾人车辆用零附件	5	0
87149100	非机动脚踏车车架、轮叉及其零件	12	10.8
87149210	轮圈	12	10.8
87149290	辐条	12	10.8
87149310	非机动脚踏车的轮毂	12	10.8
87149320	飞轮	12	10.8
87149390	其他非机动脚踏车的飞轮	12	10.8
87149400	非机动脚踏车的制动器及其零件	12	10.8
87149500	非机动脚踏车的鞍座	12	10.8
87149610	非机动脚踏车脚蹬及其零件	12	10.8
87149620	非机动脚踏车曲柄、链轮及其零件	12	10.8
87149900	非机动脚踏车的其他零附件	12	10.8
87150000	婴孩车及其零件	20	18
87161000	供居住或野营用厢式挂车及半挂车	10	8
87162000	农用自装或自卸式挂车及半挂车	10	8
87163110	油罐挂车及半挂车	10	8
87163190	其他罐式挂车及半挂车	10	8
87163910	货柜挂车及半挂车	10	8
87163990	其他货运挂车及半挂车	10	8
87164000	其他未列名挂车及半挂车	10	8
87168000	其他未列名非机械驱动车辆	10	8
87169000	挂车、半挂车及非机动车用零件	10	8
88010010	滑翔机及悬挂滑翔机	3	0
88010090	汽球、飞艇及其他无动力航空器	3	0
88021100	空载重量≤2吨的直升机	2	0
88021210	2吨＜空载重量≤7吨的直升机	2	0
88021220	空载重量＞7吨的直升机	2	0
88022000	小型飞机及其他航空器	5	0
88023000	中型飞机及其他航空器	4	0
88024010	大型飞机及其他航空器	5	0
88024020	特大型飞机及其他航空器	1	0
88026000	航天器(包括卫星)及其运载工具	2	0
88031000	飞机等用推进器、水平旋翼及零件	1	0
88032000	飞机等用起落架及其零件	1	0
88033000	飞机及直升机的其他零件	1	0
88039000	其他未列名的航空器、航天器零件	0	0
88040000	降落伞及其零附件	2	0
88051000	航空器的发射装置及其零件等	1.5	0
88052100	空战模拟器及其零件	1.5	0
88052900	其他地面飞行训练器及其零件	1.5	0
89011010	机动巡航船、游览船及各式渡船	5	0
89011090	非机动巡航船、游览船及各式渡船	8	6.4
89012011	载重≤10万吨的成品油船	9	7.2
89012012	10万吨＜载重≤30万吨的成品油船	9	7.2
89012013	载重＞30万吨的成品油船	6	4.8
89012021	载重≤15万吨的原油船	9	7.2
89012022	15万吨＜载重≤30万吨的原油船	9	7.2
89012023	载重＞30万吨的原油船	6	4.8
89012031	容积≤20000立方米的液化石油气船	9	7.2
89012032	容积＞20000立方米的液化石油气船	6	4.8
89012041	容积≤20000立方米的液化天然气船	9	7.2
89012042	容积＞20000立方米的液化天然气船	6	4.8
89012090	其他液货船	9	7.2
89013000	冷藏船	9	7.2
89019021	可载标准集装箱≤6000箱的机动集装箱船	9	7.2
89019022	可载标准集装箱＞6000箱的机动集装箱船	6	4.8
89019031	载重≤2万吨的机动滚装船	9	7.2
89019032	载重＞2万吨的机动滚装船	6	4.8
89019041	载重≤15万吨的机动散货船	9	7.2
89019042	15万吨＜载重≤30万吨的机动散货船	9	7.2
89019043	载重＞30万吨的机动散货船	9	7.2
89019050	机动多用途船	9	7.2
89019080	其他机动货运船舶	9	7.2
89019090	非机动货运船舶及客货兼运船舶	8	6.4
89020010	机动捕鱼船	7	5.6
89020090	非机动捕鱼船	8	6.4
89031000	充气的娱乐或运动用快艇	10	8
89039100	帆船	8	6.4
89039200	汽艇	10.5	9.45
89039900	娱乐或运动用其他船舶或快艇	10	8
89040000	拖轮及顶推船	9	7.2
89051000	挖泥船	3	0
89052000	浮动或潜水式钻探或生产平台	6	4.8
89059010	浮船坞	8	6.4
89059090	其他不以航行为主要功能的船舶	3	0
89061000	军舰	5	0
89069010	其他未列名的机动船舶	5	0
89069020	非机动船舶	8	6.4
89069030	未制成或不完整的船舶，包括船舶分段	8	6.4
89071000	充气筏	8	6.4
89079000	其他浮动结构体	8	6.4
89080000	供拆卸的船舶及其他浮动结构体	3	0
90011000	光导纤维束及光缆	5	4
90012000	偏振材料制的片及板	8	6.4
90013000	隐形眼镜片	10	8
90014010	玻璃制变色镜片	20	18
90014091	玻璃制太阳镜片	20	18
90014099	玻璃制其他眼镜片	20	18
90015010	非玻璃材料制变色镜片	20	18
90015091	非玻璃材料制太阳镜片	20	18
90015099	非玻璃材料制其他眼镜片	20	18
90019010	彩色滤光片	8	6.4
90019090	其他光学元件	8	7.2
90021110	特殊用途照相机用物镜	8	6.4
90021120	缩微阅读机用物镜	8	6.4
90021131	单反相机镜头	15	13.5
90021139	其他照相机用镜头	15	13.5
90021190	其他照相机、投影仪等用物镜	15	13.5
90021910	摄影机或放映机用物镜	15	13.5
90021990	税号90.02未列名的其他物镜	15	13.5
90022010	照相机用滤色镜	15	13.5
90022090	其他光学仪器或装置滤色镜	15	13.5
90029010	照相机用未列名光学元件	15	13.5
90029090	其他光学仪器用未列名光学元件	15	13.5
90031100	塑料制眼镜架	18	16.2
90031910	金属材料制眼镜架	10	8
90031920	天然材料制眼镜架	10	8
90031990	其他眼镜架	10	8
90039000	眼镜架零件	10	8
90041000	太阳镜	20	18
90049010	变色镜	16	14.4
90049090	其他眼镜	20	18
90051000	双筒望远镜	15	13.5
90058010	天文望远镜及其他天文仪器	3	0
90058090	其他光学望远镜	12	10.8
90059010	天文望远镜及其他天文仪器用零件	2	0
90059090	其他望远镜零附件	8	6.4
90061010	电子分色机	12	10.8
90061090	其他制版照相机	10	8
90063000	特种用途的照相机	9	7.2
90064000	一次成相照相机	5	0
90065100	通过镜头取景的照相机	25	20.5
90065210	缩微照相机	9	7.2
90065290	使用胶片宽＜35mm的其他照相机	25	20.5
90065300	其他照相机	20	18
90065910	激光照排设备	9	7.2
90065990	其他照相机	25	NaN
90066100	放电式(电子式)闪光灯装置	18	16.2
90066910	闪光灯泡、方形闪光灯及类似品	18	16.2
90066990	其他照相闪光灯装置	18	16.2
90069110	特种用途照相机的零附件	8	6.4
90069120	一次成像照相机的零附件	5	0
90069191	照相机自动调焦组件	10	8
90069192	其他照相机的快门组件	10	8
90069199	其他照相机的其他零附件	10	8
90069900	照相闪光灯装置及闪光灯泡的零件	12	10.8
90071010	高速摄影机	14	12.6
90071090	其他摄影机	14	12.6
90072010	数字式放映机	14	12.6
90072090	放映机	14	12.6
90079100	电影摄影机用零附件	8.4	6.72
90079200	电影放映机用零附件	8.4	6.72
90085010	幻灯机	14	12.6
90085020	缩微胶卷、缩微胶片或其他缩微品的阅读机，不论是否可以进行复制	10	8
90085031	正射投影仪	18	16.2
90085039	其他影像投影仪	18	16.2
90085040	照片（电影片除外）放大机及缩片机	20	18
90089010	缩微阅读机的零附件	8	6.4
90089020	照片放大机及缩片机的零附件	14	12.6
90089090	其他影像投影仪的零附件	14	12.6
90101010	电影用胶卷的自动显影装置及设备	14	12.6
90101020	特种照相胶卷自动显影装置及设备	8.4	6.72
90101091	彩色胶卷用自动显影及设备	25	20.5
90101099	其他胶卷的自动显影装置及设备	15	13.5
90105010	负片显示器	14	12.6
90105021	电影用的洗印装置	14	12.6
90105022	特种照相用的洗印装置	8.4	6.72
90105029	其他照相用的洗印装置	17	15.3
90106000	银幕及其他投影屏幕	14	12.6
90109010	电影洗印用洗印装置的零附件	0	0
90109020	特种照相洗印用装置的零附件	0	0
90109090	其他洗印用装置的零附件	0	0
90111000	立体显微镜	0	0
90112000	缩微照相等用的其他显微镜	0	0
90118000	其他显微镜	7	6.3
90119000	复式光学显微镜的零附件	0	0
90121000	其他非光学显微镜及衍射设备	0	0
90129000	非光学显微镜及衍射设备的零件	0	0
90131000	武器用望远镜瞄准具及其他望远镜	8	6.4
90132000	激光器	6	5.4
90138010	放大镜	12	10.8
90138020	光学门眼	12	10.8
90138030	液晶显示板	5	NaN
90138090	其他液晶装置及光学仪器	5	4
90139010	激光器、望远镜等装置的零附件	6	4.8
90139020	子目录9013.8030所列货品用零附件	8	6.4
90139090	税号90.13所列其他货品的零附件	8	6.4
90141000	定向罗盘	2	0
90142010	自动驾驶仪	2	0
90142090	其他航空或航天导航仪器及装置(罗盘除外)	2	0
90148000	其他导航仪器及装置	2	0
90149010	自动驾驶仪用零件、附件	1.5	0
90149090	其他导航仪器及设备用零件、附件	1.5	0
90151000	测距仪	9	8.25
90152000	经纬仪及视距仪	9	7.2
90153000	水平仪	9	7.2
90154000	摄影测量用仪器及装置	9	7.2
90158000	其他大地测量仪器及装置	5	NaN
90159000	大地测量仪器及装置的零附件	5	4
90160010	感量为0.1mg或更精密的天平	9	NaN
90160090	0.1mg＜感量≤50mg的天平	10.5	8.4
90171000	绘图台及绘图机,不论是否自动	8	6.4
90172000	其他绘图、划线或数学计算器具	0	0
90173000	千分尺、卡尺及量规	8	7.2
90178000	其他手用测量长度的器具	8	7.2
90179000	绘图计算器具等仪器的零附件	0	0
90181100	心电图记录仪	5	4
90181210	B型超声波诊断仪	7	5.6
90181291	彩色超声波诊断仪	5	0
90181299	其他超声扫描装置	5	0
90181310	核磁共振成像成套装置	4	3.2
90181390	其他核磁共振成象装置	4	3.2
90181400	闪烁摄影装置	5	0
90181930	病员监护仪	4	3.2
90181941	听力计	4	0
90181949	其他听力诊断装置	4	0
90181990	其他电气诊断装置	4	3.2
90182000	紫外线及红外线装置	4	0
90183100	注射器	8	7.2
90183210	管状金属针头	8	6.4
90183220	缝合用针	4	0
90183900	导管、插管及类似品	4	3.6
90184100	牙钻机	4	3.2
90184910	装有牙科设备的牙科用椅	4	3.6
90184990	牙科用其他仪器及器具	4	3.6
90185000	眼科用其他仪器及器具	4	3.6
90189010	听诊器	4	0
90189020	血压测量仪器及器具	4	0
90189030	内窥镜	4	3.2
90189040	肾脏透析设备(人工肾)	4	3.2
90189050	透热疗法设备	4	0
90189060	输血设备	4	3.6
90189070	麻醉设备	4	0
90189080	宫内节育器	4	0
90189090	税号90.18中未列名的医疗仪器	4	3.6
90191010	按摩器具	15	13.5
90191090	机械疗法器具、心理功能测验装置	4	3.6
90192000	臭氧治疗器、氧气治疗器等器具	4	3.6
90200000	其他呼吸器具及防毒面具	8	6.4
90211000	矫形或骨折用器具	4	3.28
90212100	假牙	4	0
90212900	牙齿固定件	4	3.6
90213100	人造关节	4	3.6
90213900	其他人造的人体部分	4	3.2
90214000	助听器,不包括零附件	4	3.6
90215000	心脏起搏器,不包括零附件	4	3.6
90219011	血管支架	4	3.6
90219019	其他支架	4	3.6
90219090	其他税号90.21中未列名的矫形器具	4	3.6
90221200	X射线断层检查仪	4	0
90221300	其他牙科用x射线应用设备	4	0
90221400	其他医疗或兽医用x射线应用设备	4	3.2
90221910	低剂量x射线安全检查设备	4	0
90221920	X射线无损探伤检测仪	4	3.6
90221990	其他非医疗用X射线设备	4	3.6
90222100	医疗用α、β、γ射线设备	4	0
90222910	γ射线无损探伤检测仪	6	4.8
90222990	其他非医疗用α、β、γ射线设备	6	4.8
90223000	X射线管	2	0
90229010	X射线影像增强器	6	4.8
90229090	税号90.22所列其他设备及零件	6	5.4
90230000	专供示范的仪器、装置及模型	7	6.3
90241010	电子万能试验机	7	5.6
90241020	硬度计	7	6.3
90241090	其他金属材料的试验用机器及器具	7	5.6
90248000	非金属材料的试验用机器及器具	5	4
90249000	各种材料的试验用机器零附件	6	5.4
90251100	可直接读数的液体温度计	4	3.2
90251910	非液体的工业用温度计及高温计	8.4	6.72
90251990	非液体的其他温度计、高温计	8.4	6.72
90258000	其他温度计、比重计、湿度计等仪器	11	9.9
90259000	比重计、温度计等类似仪器的零件	8	7.2
90261000	测量、检验液体流量或液位的仪器	0	0
90262010	压力/差压变送器	0	0
90262090	测量、检验压力的仪器及装置	0	0
90268010	测量气体流量的仪器及装置	0	0
90268090	测量或检验气体的除流量、压力以外其他变化量的仪器及装置	0	0
90269000	液体或气体的测量或检验仪器零件	0	0
90271000	气体或烟雾分析仪	7	6.3
90272011	气相色谱仪	0	0
90272012	液相色谱仪	0	0
90272019	其他色谱仪	0	0
90272020	电泳仪	0	0
90273000	分光仪、分光光度计及摄谱仪	0	0
90275000	使用光学射线的其他仪器及装置	0	0
90278011	集成电路生产用氦质谱捡漏台	0	0
90278012	质谱联用仪	0	0
90278019	其他质谱仪	0	0
90278091	曝光表	14	12.6
90278099	其他理化分析仪器及装置	0	0
90279000	检镜切片机；理化分析仪器零件	0	0
90281010	煤气表	10	8
90281090	其他气量计	10	8
90282010	水表	10	8
90282090	其他液量计	10	8
90283011	单相感应式电度表	10	8
90283012	三相感应式电度表	10	8
90283013	单相电子式(静止式)电度表	10	8
90283014	三相电子式(静止式)电度表	10	NaN
90283019	其他电度表	10	8
90283090	其他电量计	10	8
90289010	工业用计量仪表零附件	8.4	6.72
90289090	非工业用计量仪表零附件	8.4	6.72
90291010	转数计	15	14
90291020	车费计、里程计	15	13.5
90291090	产量计数器、步数计及类似仪表	15	13.5
90292010	车辆用速度计	10	8
90292090	其他速度计及转速表、频闪观测仪	10	8
90299000	转数计、车费计及类似仪表零件	6	5.4
90301000	离子射线的测量或检验仪器及装置	5	0
90302010	测试频率＜300兆赫的通用示波器	8	6.4
90302090	其他阴极射线示波器	5	4
90303110	量程≤五位半的数字万用表，不带记录装置	15	13.5
90303190	其他不带记录装置的万用表	5	0
90303200	带记录装置的万用表	8	6.4
90303310	量程≤五位半的数字电流表、电压表，不带记录装置	15	13.5
90303320	不带记录装置的电阻测试仪	14	12.6
90303390	检测电压、电流及功率的其他仪器，不带记录装置	9	8.1
90303900	检测电压、电流、电阻或功率的其他仪器，带记录装置	8	7.2
90304010	测试频率＜12.4千兆赫兹数字式频率计	0	0
90304090	其他无线电通讯专用仪器及装置	0	0
90308200	检测半导体晶片或器件的仪器	0	0
90308410	电感及电容测试仪	10	8
90308490	其他电量的测量或检验仪器及装置	8	7.2
90308910	其他电感及电容测试仪	14	12.6
90308990	其他电量的测量或检验仪器及装置	8	6.4
90309000	税号90.30所属货品的零件及附件	7	6.3
90311000	机械零件平衡试验机	7	5.6
90312000	试验台	7	5.74
90314100	制造半导体器件时检验半导体晶片、器件或检验光掩模或光栅用	0	0
90314910	轮廓投影仪	10	8
90314920	光栅测量装置	0	0
90314990	其他光学测量或检验仪器和器具	0	0
90318010	光纤通信及光纤性能测试仪	5	0
90318020	坐标测量仪	5	4
90318031	超声波探伤检测仪	5	0
90318032	磁粉探伤检测仪	5	0
90318033	涡流探伤检测仪	5	0
90318039	其他无损探伤检测仪器(射线探伤仪除外)	5	0
90318090	未列名测量、检验仪器器具及机器	5	4.1
90319000	税号90.31的仪器及器具的零件	0	0
90321000	恒温器	7	6.3
90322000	恒压器	7	5.6
90328100	液压或气压的其他仪器及装置	7	6.3
90328911	列车自动防护系统(ATP)车载设备	7	NaN
90328912	列车自动运行系统(ATO)车载设备	7	NaN
90328919	其他列车自动控制系统（ATC）车载设备	7	NaN
90328990	非液压或气压的其他自动调节或控制仪器及装置	7	NaN
90329000	自动调节或控制仪器零附件	5	4.5
90330000	90章未列名零附件	6	5.4
91011100	机械指示式的贵金属电子手表	11	9.02
91011910	光电显示式的贵金属电子手表	16	14.4
91011990	其他贵金属电子手表	15	12.3
91012100	自动上弦的贵金属机械手表	11	9.02
91012900	非自动上弦贵金属机械手表	15	12.3
91019100	贵金属电子怀表及其他电子表	15	13.5
91019900	贵金属机械怀表及其他机械表	20	16.4
91021100	机械指示式的其他电子手表	12.5	10.25
91021200	光电显示式的其他电子手表	23	20.7
91021900	其他电子手表	15	13.5
91022100	其他自动上弦的机械手表	11	9.02
91022900	其他非自动上弦的机械手表	15	12.3
91029100	电力驱动的电子怀表及其他电子表	15	12.3
91029900	其他机械怀表、秒表及其他表	20	16.4
91031000	以表芯装成的电子钟	23	18.86
91039000	以表芯装成的机械钟	20	16.4
91040000	仪表板钟及车辆船舶等用的类似钟	10	8
91051100	电子闹钟	23	18.86
91051900	机械闹钟	20	18
91052100	电子挂钟	23	20.7
91052900	机械挂钟	20	18
91059110	电子天文钟	3	2.7
91059190	其他电子钟	23	20.7
91059900	其他机械钟	16	13.12
91061000	考勤钟、时刻记录器	16	14.4
91069000	其他时间记录器及其他类似装置	16	13.12
91070000	定时开关	12	10.8
91081100	已组装的机械指示式完整电子表芯	16	14.4
91081200	已组装的光电显示式完整电子表芯	16	13.12
91081900	其他已组装的完整电子表芯	16	13.12
91082000	已组装的自动上弦完整表芯	16	13.12
91089010	已组装表面≤33.8mm机械完整表芯	16	13.12
91089090	其他已组装完整机槭表芯	16	13.12
91091000	已组装的完整电子钟芯	16	14.4
91099000	已组装的完整机械钟芯	16	14.4
91101100	未组装的完整表机芯	16	13.12
91101200	已组装的不完整表机芯	16	14.4
91101900	未组装的不完整表机芯	16	14.4
91109010	未组装的完整的钟机芯	16	14.4
91109090	不完整的钟机芯	16	14.4
91111000	贵金属或包贵金属制的表壳	14	11.48
91112000	贱金属制的表壳	14	12.6
91118000	非金属制的表壳	14	12.6
91119000	表壳的零件	14	12.6
91122000	钟壳	14	12.6
91129000	钟壳零件	12	10.8
91131000	贵金属或包贵金属制的表带及零件	20	NaN
91132000	贱金属制的表带及其零件	14	12.6
91139000	非金属制的表带及其零件	14	12.6
91141000	钟、表的发条	14	12.6
91143000	钟面或表面	14	11.48
91144000	钟、表的夹板及横担(过桥)	14	12.6
91149010	钟、表的宝石轴承	14	12.6
91149090	钟、表的其他零件	14	11.48
92011000	竖式钢琴	17.5	15.75
92012000	大钢琴	17.5	15.75
92019000	其他钢琴	17.5	15.75
92021000	弓弦乐器	17.5	15.75
92029000	其他弦乐器	17.5	15.75
92051000	铜管乐器	17.5	15.75
92059010	键盘管风琴、簧风琴及类似乐器	20	18
92059020	手风琴及类似乐器	21	18.9
92059030	口琴	21	18.9
92059090	其他管乐器，但游艺场风琴和手摇风琴除外	17.5	15.75
92060000	打击乐器	17.5	15.75
92071000	通过电产生或扩大声音的键盘乐器	30	24.6
92079000	其他通过电产生或扩大声音的乐器	30	24.6
92081000	百音盒	22	19.8
92089000	92章未列名的其他乐器	22	19.8
92093000	乐器用的弦	17.5	15.75
92099100	钢琴的零附件	17.5	15.75
92099200	编号9202所列乐器的零附件	17.5	15.75
92099400	编号9207所列乐器的零附件	17.5	15.75
92099910	节拍器、音叉及定音管	17.5	15.75
92099920	百音盒的机械装置	17.5	15.75
92099990	本章其他编号未列名的乐器零件	17.5	15.75
93011010	自动推进的火炮武器	13	11.7
93011090	其他火炮武器	13	11.7
93012000	火箭发射装置、火焰喷射器等	13	11.7
93019000	其他军用武器	13	11.7
93020000	左轮手枪及其他手枪	13	11.7
93031000	前装枪	13	11.7
93032000	其他运动、狩猎或打靶用滑膛枪	13	10.66
93033000	其他运动、狩猎或打靶用步枪	13	11.7
93039000	其他火器及类似装置	13	11.7
93040000	其他武器(如弹簧枪、气枪、警棍等)	13	NaN
93051000	左轮手枪或其他手枪的零件及附件	13	11.7
93052000	猎枪或步枪用零件及附件	13	11.7
93059100	军用武器的零附件	13	11.7
93059900	其他武器的零附件	13	11.7
93062100	猎枪弹	13	11.7
93062900	猎枪弹的零件及气枪弹丸	13	11.7
93063080	接机或类似工具用子弹及其零件	13	11.7
93063090	其他子弹及其零件	13	11.7
93069000	其他弹药和射弹及其零件	13	11.7
93070010	军用剑、短弯刀、刺刀、长矛和类似的武器及其零件;军用刀鞘、剑鞘	13	11.7
93070090	其他剑、短弯刀、刺刀、长矛和类似的武器及其零件;其他刀鞘、剑鞘	13	11.7
94011000	飞机用坐具	0	0
94012010	皮革或再生皮革面的机动车辆用坐具	10	8
94012090	机动车辆用坐具	10	8
94013000	可调高度的转动坐具	0	0
94014010	皮革或再生皮革面的能作床用的两用椅	0	0
94014090	能作床用的两用椅	0	0
94015100	竹、藤制坐具	0	0
94015900	柳条及类似材料制的坐具	0	0
94016110	皮革或再生皮革面的装软垫的木框架其他坐具	0	0
94016190	装软垫的木框架的其他坐具	0	0
94016900	其他木框架的坐具	0	0
94017110	皮革或再生皮革面的装软垫的金属框架其他坐具	0	0
94017190	带软垫的金属框架的坐具	0	0
94017900	其他金属框架的坐具	0	0
94018010	石制坐具	0	0
94018090	其他坐具	0	0
94019011	机动车辆的座椅调角器	10	8
94019019	机动车辆用坐具的其他零件	0	0
94019090	其他用途坐具的零件	0	0
94021010	理发用椅及其零件	0	0
94021090	牙科及类似用途的椅及其零件	0	0
94029000	其他医疗、外科或兽医用家具及零件	0	0
94031000	办公室用金属家具	0	0
94032000	其他金属家具	0	0
94033000	办公室用木家具	0	0
94034000	厨房用木家具	0	0
94035010	卧室用红木制家具	0	0
94035091	卧室用漆木家具	0	0
94035099	卧室用其他木家具	0	0
94036010	其他红木制家具	0	0
94036091	其他漆木家具	0	0
94036099	其他木家具	0	0
94037000	塑料家具	0	0
94038100	竹、藤制家具	0	0
94038910	柳条及类似材料制家具	0	0
94038920	石制的家具	0	0
94038990	其他材料制的家具	0	0
94039000	税号94.03所列物品的零件	0	0
94041000	弹簧床垫	20	18
94042100	海绵橡胶或泡沫塑料制褥垫	20	18
94042900	其他材料制褥垫	20	18
94043010	羽毛或羽绒填充的睡袋	20	18
94043090	其他睡袋	20	18
94049010	羽绒或羽毛填充的寝具及类似品	20	18
94049020	兽毛填充的寝具及类似品	20	18
94049030	丝棉填充的寝具及类似品	20	18
94049040	化纤棉填充的寝具及类似品	20	18
94049090	其他材料制的寝具及类似品	20	18
94051000	枝形吊灯	10	8
94052000	电气台灯、床头灯、落地灯	20	18
94053000	圣诞树用的成套灯具	16	14.4
94054010	探照灯	17.5	15.75
94054020	聚光灯	17.5	15.75
94054090	其他电灯及照明装置	10	8
94055000	非电气灯具及照明装置	20	18
94056000	发光标志、发光铭牌及类似品	20	18
94059100	税号94.05所列物品的玻璃制零件	20	18
94059200	税号94.05所列物品的塑料制零件	20	18
94059900	税号94.05所列物品其他材料制零件	20	18
94060000	活动房屋	10	8
95030010	供儿童乘骑的带轮玩具及玩偶车	0	0
95030021	玩具动物	0	0
95030029	其他玩偶	0	0
95030031	玩具电动火车	0	0
95030039	其他缩小(按比例缩小)的全套模型组件	0	0
95030040	其他建筑套件及建筑玩具	0	0
95030050	玩具乐器	0	0
95030060	智力玩具	0	0
95030081	组装成套的其他玩具	0	0
95030082	其他带动力装置的玩具及模型	0	0
95030089	其他未列名玩具	0	0
95030090	玩具的零件	0	0
95042000	台球用品及附件	0	0
95043010	投币式电子游戏机	0	0
95043090	投币式其他游戏用品	0	0
95044000	扑克牌	0	0
95045011	与电视接收机配套使用的游戏机零件	0	0
95045019	其他与电视接收机配套使用的游戏机	0	0
95045091	其他游戏机的零件	0	0
95045099	其他游戏机	0	0
95049010	其他电子游戏机	0	0
95049021	保龄球自动分瓶机	0	0
95049022	保龄球	0	0
95049023	保龄球瓶	0	0
95049029	其他保龄球自动球道设备及器具	0	0
95049030	中国象棋、国际象棋、跳棋等棋类用品	0	0
95049040	麻将及类似桌上游戏用品	0	0
95049090	其他游艺场、桌上或室内游戏用品	0	0
95051000	圣诞节用品	0	0
95059000	其他节日用品或娱乐用品	0	0
95061100	滑雪屐	14	12.6
95061200	滑雪屐扣件(滑雪屐带)	14	12.6
95061900	其他滑雪用具	14	12.6
95062100	帆板	12	10.8
95062900	其他水上运动用具	14	12.6
95063100	完整的高尔夫球棍	14	12.6
95063200	高尔夫球	12	10.8
95063900	其他高尔夫球用具	14	12.6
95064010	乒乓球	12	10.8
95064090	其他乒乓球运动用品及器械	14	12.6
95065100	草地网球拍	14	12.6
95065900	其他网球拍、羽毛球拍或类似球拍	14	12.6
95066100	草地网球	12	10.8
95066210	篮球、足球、排球	12	10.8
95066290	其他可充气的球	12	10.8
95066900	其他球	12	10.8
95067010	溜冰鞋	14	12.6
95067020	旱冰鞋	14	12.6
95069111	跑步机	12	10.8
95069119	其他健身及康复器械	12	10.8
95069120	滑板	12	10.8
95069190	一般的体育活动、体操或竞技用品	12	10.8
95069900	其他未列名的95章用品及设备	12	9.6
95071000	钓鱼竿	21	18.9
95072000	钓鱼钩	21	18.9
95073000	钓线轮	21	18.9
95079000	其他钓鱼用品	21	18.9
95081000	流动马戏团及流动动物园	15	13.5
95089000	其他旋转木马、秋千等游乐场娱乐设备	15	13.5
96011000	已加工的兽牙及其制品	20	18
96019000	其他已加工动物质雕刻料及其制品	20	18
96020010	装药用胶囊	10.5	9.45
96020090	已加工植物或矿物质雕刻料及制品	25	22.5
96031000	用枝条或其他植物材料捆扎成的帚	25	22.5
96032100	牙刷，包括齿板刷	25	22.5
96032900	剃须刷、发刷、睫毛刷等人体化妆用刷	15	13.5
96033010	画笔	25	22.5
96033020	毛笔	20	18
96033090	化妆用的类似笔	25	22.5
96034011	猪鬃制漆刷及类似刷	20	18
96034019	其他材料制漆刷及类似刷	23	20.7
96034020	油漆块垫及滚筒	23	20.7
96035011	作为机器、器具零件的金属丝刷	14	12.6
96035019	作为车辆零件的金属丝刷	14	11.48
96035091	作为机器、器具零件的其他刷	14	12.6
96035099	作为车辆零件的其他刷	14	12.6
96039010	羽毛掸	21	18.9
96039090	其他帚、刷、拖把及其他毛掸	15	13.5
96040000	手用粗筛、细筛	21	18.9
96050000	个人梳妆、缝纫等用成套旅行用品	15	13.5
96061000	揿扣及其零件	21	18.9
96062100	塑料制钮扣，未用纺织材料包裹	21	18.9
96062200	贱金属制,未用纺织材料包裹的纽扣	15	13.5
96062900	其他钮扣	15	13.5
96063000	钮扣芯及钮扣的其他零件	15	13.5
96071100	装有贱金属齿的拉链	21	18.9
96071900	其他拉链	21	18.9
96072000	拉链零件	21	18.9
96081000	圆珠笔	15	13.5
96082000	毡尖和其他渗水式笔尖笔及唛头笔	21	18.9
96083010	墨汁画笔	21	18.9
96083020	自来水笔	21	18.9
96083090	其他钢笔	21	18.9
96084000	活动铅笔	21	18.9
96085000	含有≥两种笔的成套货品	21	18.9
96086000	圆珠笔芯	21	18.9
96089100	钢笔头及笔尖粒	12	10.8
96089910	机器、仪器用笔	17.5	15.75
96089920	蜡纸铁笔、钢笔杆、铅笔杆等	21	18.9
96089990	其他笔零件	21	0
96091010	铅笔	21	18.9
96091020	颜色铅笔	21	18.9
96092000	铅笔芯，黑的或其他颜色的	21	18.9
96099000	蜡笔、图画碳笔、书写或绘画用粉笔	15	13.5
96100000	具有书写或绘画面的石板、黑板	15	13.5
96110000	手用日期戳、封缄戳、编号戳及类似印戳	21	18.9
96121000	打字机色带或类似色带	10.5	9.45
96122000	印台	25	22.5
96131000	一次性袖珍气体打火机	25	22.5
96132000	可充气袖珍气体打火机	25	22.5
96138000	其他打火器	25	22.5
96139000	打火机及打火器零件	25	22.5
96140010	烟斗及烟斗头	25	22.5
96140090	烟嘴及其零件	25	22.5
96151100	硬质橡胶或塑料制梳子、发夹及类似品	18	16.2
96151900	其他材料制梳子、发夹及类似品	18	16.2
96159000	其他发夹、卷发器等及其零件	18	16.2
96161000	香水喷雾器或类似的化妆用喷雾器	18	16.2
96162000	施敷脂粉或化妆品用粉扑及粉拍	18	16.2
96170011	玻璃内胆制保温瓶	24	21.6
96170019	其他保温瓶	24	21.6
96170090	其他真空容器及零件	18	16.2
96180000	裁缝用人体模型及其他人体模型	21	18.9
96190010	尿布及尿裤	7.5	NaN
96190020	卫生巾（护垫）及止血塞	10	8
96190090	任何材料制的卫生巾或尿布的类似品	14	13.2
97011011	唐卡	12	10.8
97011019	其他手绘油画、粉画及其他画	12	10.8
97011020	手绘油画、粉画及其他画的复制品	14	12.6
97019000	拼贴画及类似装饰板	14	12.6
97020000	雕版画、印制画、石印画的原本	12	10.8
97030000	各种材料制的雕塑品原件	12	10.8
97040010	使用或未使用的邮票	8	6.4
97040090	其他使用或未使用的印花税票及类似票证	14	12.6
97050000	具有动、植、矿物学意义的收藏品	0	0
97060000	超过一百年的古物	0	0
