hs2022,hs2012,relationship
010121,010121,1:1
010129,010129,1:1
010130,010130,1:1
010190,010190,1:1
010221,010221,1:1
010229,010229,1:1
010231,010231,1:1
010239,010239,1:1
010290,010290,1:1
010310,010310,1:1
010391,010391,1:1
010392,010392,1:1
010410,010410,1:1
010420,010420,1:1
010511,010511,1:1
010512,010512,1:1
010513,010513,1:1
010514,010514,1:1
010515,010515,1:1
010594,010594,1:1
010599,010599,1:1
010611,010611,1:1
010612,010612,1:1
010613,010613,1:1
010614,010614,1:1
010619,010619,1:1
010620,010620,1:1
010631,010631,1:1
010632,010632,1:1
010633,010633,1:1
010639,010639,1:1
010641,010641,1:1
010649,010649,1:1
010690,010690,1:1
020110,020110,1:1
020120,020120,1:1
020130,020130,1:1
020210,020210,1:1
020220,020220,1:1
020230,020230,1:1
020311,020311,1:1
020312,020312,1:1
020319,020319,1:1
020321,020321,1:1
020322,020322,1:1
020329,020329,1:1
020410,020410,1:1
020421,020421,1:1
020422,020422,1:1
020423,020423,1:1
020430,020430,1:1
020441,020441,1:1
020442,020442,1:1
020443,020443,1:1
020450,020450,1:1
020500,020500,1:1
020610,020610,1:1
020621,020621,1:1
020622,020622,1:1
020629,020629,1:1
020630,020630,1:1
020641,020641,1:1
020649,020649,1:1
020680,020680,1:1
020690,020690,1:1
020711,020711,1:1
020712,020712,1:1
020713,020713,1:1
020714,020714,1:1
020724,020724,1:1
020725,020725,1:1
020726,020726,1:1
020727,020727,1:1
020741,020741,1:1
020742,020742,1:1
020743,020743,1:1
020744,020744,1:1
020745,020745,1:1
020751,020751,1:1
020752,020752,1:1
020753,020753,1:1
020754,020754,1:1
020755,020755,1:1
020760,020760,1:1
020810,020810,1:1
020830,020830,1:1
020840,020840,1:1
020850,020850,1:1
020860,020860,1:1
020890,020890,n:1
020910,020910,1:1
020990,020990,1:1
021011,021011,1:1
021012,021012,1:1
021019,021019,1:1
021020,021020,1:1
021091,021091,1:1
021092,021092,1:1
021093,021093,1:1
021099,021099,n:1
030111,030111,1:1
030119,030119,1:1
030191,030191,1:1
030192,030192,1:1
030193,030193,1:n
030193,030199,n:n
030194,030194,1:1
030195,030195,1:1
030199,030199,n:1
030211,030211,n:1
030213,030213,n:1
030214,030214,n:1
030219,030219,n:1
030221,030221,n:1
030222,030222,n:1
030223,030223,n:1
030224,030224,n:1
030229,030229,n:1
030231,030231,n:1
030232,030232,n:1
030233,030233,n:1
030234,030234,n:1
030235,030235,n:1
030236,030236,n:1
030239,030239,n:1
030241,030241,n:1
030242,030242,n:1
030243,030243,n:1
030244,030244,n:1
030245,030245,n:1
030246,030246,n:1
030247,030247,n:1
030249,030289,n:1
030251,030251,n:1
030252,030252,n:1
030253,030253,n:1
030254,030254,n:1
030255,030255,n:1
030256,030256,n:1
030259,030259,n:1
030271,030271,n:1
030272,030272,n:1
030273,030273,n:n
030273,030289,n:n
030274,030274,n:1
030279,030279,n:1
030281,030281,n:1
030282,030282,n:1
030283,030283,n:1
030284,030284,n:1
030285,030285,n:1
030289,030289,n:1
030291,030290,1:1
030292,030281,n:1
030299,030211,n:n
030299,030213,n:n
030299,030214,n:n
030299,030219,n:n
030299,030221,n:n
030299,030222,n:n
030299,030223,n:n
030299,030224,n:n
030299,030229,n:n
030299,030231,n:n
030299,030232,n:n
030299,030233,n:n
030299,030234,n:n
030299,030235,n:n
030299,030236,n:n
030299,030239,n:n
030299,030241,n:n
030299,030242,n:n
030299,030243,n:n
030299,030244,n:n
030299,030245,n:n
030299,030246,n:n
030299,030247,n:n
030299,030251,n:n
030299,030252,n:n
030299,030253,n:n
030299,030254,n:n
030299,030255,n:n
030299,030256,n:n
030299,030259,n:n
030299,030271,n:n
030299,030272,n:n
030299,030273,n:n
030299,030274,n:n
030299,030279,n:n
030299,030281,n:n
030299,030282,n:n
030299,030283,n:n
030299,030284,n:n
030299,030285,n:n
030299,030289,n:n
030311,030311,n:1
030312,030312,n:1
030313,030313,n:1
030314,030314,n:1
030319,030319,n:1
030323,030323,n:1
030324,030324,n:1
030325,030325,n:n
030325,030389,n:n
030326,030326,n:1
030329,030329,n:1
030331,030331,n:1
030332,030332,n:1
030333,030333,n:1
030334,030334,n:1
030339,030339,n:1
030341,030341,n:1
030342,030342,n:1
030343,030343,n:1
030344,030344,n:1
030345,030345,n:1
030346,030346,n:1
030349,030349,n:1
030351,030351,n:1
030353,030353,n:1
030354,030354,n:1
030355,030355,n:1
030356,030356,n:1
030357,030357,n:1
030359,030389,n:1
030363,030363,n:1
030364,030364,n:1
030365,030365,n:1
030366,030366,n:1
030367,030367,n:1
030368,030368,n:1
030369,030369,n:1
030381,030381,n:1
030382,030382,n:1
030383,030383,n:1
030384,030384,n:1
030389,030389,n:1
030391,030390,1:1
030392,030381,n:1
030399,030311,n:n
030399,030312,n:n
030399,030313,n:n
030399,030314,n:n
030399,030319,n:n
030399,030323,n:n
030399,030324,n:n
030399,030325,n:n
030399,030326,n:n
030399,030329,n:n
030399,030331,n:n
030399,030332,n:n
030399,030333,n:n
030399,030334,n:n
030399,030339,n:n
030399,030341,n:n
030399,030342,n:n
030399,030343,n:n
030399,030344,n:n
030399,030345,n:n
030399,030346,n:n
030399,030349,n:n
030399,030351,n:n
030399,030353,n:n
030399,030354,n:n
030399,030355,n:n
030399,030356,n:n
030399,030357,n:n
030399,030363,n:n
030399,030364,n:n
030399,030365,n:n
030399,030366,n:n
030399,030367,n:n
030399,030368,n:n
030399,030369,n:n
030399,030381,n:n
030399,030382,n:n
030399,030383,n:n
030399,030384,n:n
030399,030389,n:n
030431,030431,1:1
030432,030432,1:1
030433,030433,1:1
030439,030439,1:n
030439,030449,n:n
030441,030441,1:1
030442,030442,1:1
030443,030443,1:1
030444,030444,1:1
030445,030445,1:1
030446,030446,1:1
030447,030449,n:1
030448,030449,n:1
030449,030449,n:1
030451,030451,1:n
030451,030459,n:n
030452,030452,1:1
030453,030453,1:1
030454,030454,1:1
030455,030455,1:1
030456,030459,n:1
030457,030459,n:1
030459,030459,n:1
030461,030461,1:1
030462,030462,1:1
030463,030463,1:1
030469,030469,1:n
030469,030489,n:n
030471,030471,1:1
030472,030472,1:1
030473,030473,1:1
030474,030474,1:1
030475,030475,1:1
030479,030479,1:1
030481,030481,1:1
030482,030482,1:1
030483,030483,1:1
030484,030484,1:1
030485,030485,1:1
030486,030486,1:1
030487,030487,1:1
030488,030489,n:1
030489,030489,n:1
030491,030491,1:1
030492,030492,1:1
030493,030493,1:n
030493,030499,n:n
030494,030494,1:1
030495,030495,1:1
030496,030499,n:1
030497,030499,n:1
030499,030499,n:1
030520,030520,1:1
030531,030531,1:n
030531,030539,n:n
030532,030532,1:1
030539,030539,n:1
030541,030541,1:1
030542,030542,1:1
030543,030543,1:1
030544,030544,1:n
030544,030549,n:n
030549,030549,n:1
030551,030551,1:1
030552,030559,n:1
030553,030559,n:1
030554,030559,n:1
030559,030559,n:1
030561,030561,1:1
030562,030562,1:1
030563,030563,1:1
030564,030564,1:n
030564,030569,n:n
030569,030569,n:1
030571,030571,1:1
030572,030572,1:1
030579,030579,1:1
030611,030611,1:1
030612,030612,1:1
030614,030614,1:1
030615,030615,1:1
030616,030616,1:1
030617,030617,1:1
030619,030619,n:1
030631,030621,n:1
030632,030622,n:1
030633,030624,n:1
030634,030625,n:1
030635,030626,n:1
030636,030627,n:1
030639,030629,n:1
030691,030621,n:1
030692,030622,n:1
030693,030624,n:1
030694,030625,n:1
030695,030626,n:n
030695,030627,n:n
030699,030629,n:1
030711,030711,1:1
030712,030719,n:1
030719,030719,n:1
030721,030721,1:n
030721,030791,n:n
030722,030729,n:n
030722,030799,n:n
030729,030729,n:n
030729,030799,n:n
030731,030731,1:1
030732,030739,n:1
030739,030739,n:1
030742,030741,1:n
030742,030791,n:n
030743,030749,n:n
030743,030799,n:n
030749,030749,n:n
030749,030799,n:n
030751,030751,1:1
030752,030759,n:1
030759,030759,n:1
030760,030760,1:1
030771,030771,1:1
030772,030779,n:1
030779,030779,n:1
030781,030781,1:1
030782,030791,n:1
030783,030789,n:1
030784,030799,n:1
030787,030789,n:1
030788,030799,n:1
030791,030791,n:1
030792,030799,n:1
030799,030799,n:1
030811,030811,1:1
030812,030819,n:1
030819,030819,n:1
030821,030821,1:1
030822,030829,n:1
030829,030829,n:1
030830,030830,1:1
030890,030890,n:1
030910,030510,1:1
030990,030619,n:n
030990,030629,n:n
030990,030791,n:n
030990,030799,n:n
030990,030890,n:n
040110,040110,1:1
040120,040120,1:1
040140,040140,1:1
040150,040150,1:1
040210,040210,1:1
040221,040221,1:1
040229,040229,1:1
040291,040291,1:1
040299,040299,1:1
040320,040310,1:n
040320,190190,n:n
040390,040390,1:1
040410,040410,1:1
040490,040490,1:1
040510,040510,1:1
040520,040520,1:1
040590,040590,1:1
040610,040610,1:1
040620,040620,1:1
040630,040630,1:1
040640,040640,1:1
040690,040690,1:1
040711,040711,1:1
040719,040719,1:1
040721,040721,1:1
040729,040729,1:1
040790,040790,1:1
040811,040811,1:1
040819,040819,1:1
040891,040891,1:1
040899,040899,1:1
040900,040900,1:1
041010,020890,n:n
041010,021099,n:n
041010,041000,n:n
041090,041000,n:1
050100,050100,1:1
050210,050210,1:1
050290,050290,1:1
050400,050400,1:1
050510,050510,1:1
050590,050590,1:1
050610,050610,1:1
050690,050690,1:1
050710,050710,1:1
050790,050790,1:1
050800,050800,1:1
051000,051000,1:1
051110,051110,1:1
051191,051191,1:1
051199,051199,1:1
060110,060110,1:1
060120,060120,1:1
060210,060210,1:1
060220,060220,1:1
060230,060230,1:1
060240,060240,1:1
060290,060290,1:1
060311,060311,1:1
060312,060312,1:1
060313,060313,1:1
060314,060314,1:1
060315,060315,1:1
060319,060319,1:1
060390,060390,1:1
060420,060420,1:1
060490,060490,1:1
070110,070110,1:1
070190,070190,1:1
070200,070200,1:1
070310,070310,1:1
070320,070320,1:1
070390,070390,1:1
070410,070410,1:n
070410,070490,n:n
070420,070420,1:1
070490,070490,n:1
070511,070511,1:1
070519,070519,1:1
070521,070521,1:1
070529,070529,1:1
070610,070610,1:1
070690,070690,1:1
070700,070700,1:1
070810,070810,1:1
070820,070820,1:1
070890,070890,1:1
070920,070920,1:1
070930,070930,1:1
070940,070940,1:1
070951,070951,1:1
070952,070959,n:1
070953,070959,n:1
070954,070959,n:1
070955,070959,n:1
070956,070959,n:1
070959,070959,n:1
070960,070960,1:1
070970,070970,1:1
070991,070991,1:1
070992,070992,1:1
070993,070993,1:1
070999,070999,1:1
071010,071010,1:1
071021,071021,1:1
071022,071022,1:1
071029,071029,1:1
071030,071030,1:1
071040,071040,1:1
071080,071080,1:1
071090,071090,1:1
071120,071120,1:1
071140,071140,1:1
071151,071151,1:1
071159,071159,1:1
071190,071190,1:1
071220,071220,1:1
071231,071231,1:1
071232,071232,1:1
071233,071233,1:1
071234,071239,n:1
071239,071239,n:1
071290,071290,1:1
071310,071310,1:1
071320,071320,1:1
071331,071331,1:1
071332,071332,1:1
071333,071333,1:1
071334,071334,1:1
071335,071335,1:1
071339,071339,1:1
071340,071340,1:1
071350,071350,1:1
071360,071360,1:1
071390,071390,1:1
071410,071410,1:1
071420,071420,1:1
071430,071430,1:1
071440,071440,1:1
071450,071450,1:1
071490,071490,1:1
080111,080111,1:1
080112,080112,1:1
080119,080119,1:1
080121,080121,1:1
080122,080122,1:1
080131,080131,1:1
080132,080132,1:1
080211,080211,1:1
080212,080212,1:1
080221,080221,1:1
080222,080222,1:1
080231,080231,1:1
080232,080232,1:1
080241,080241,1:1
080242,080242,1:1
080251,080251,1:1
080252,080252,1:1
080261,080261,1:1
080262,080262,1:1
080270,080270,1:1
080280,080280,1:1
080291,080290,n:1
080292,080290,n:1
080299,080290,n:1
080310,080310,1:1
080390,080390,1:1
080410,080410,1:1
080420,080420,1:1
080430,080430,1:1
080440,080440,1:1
080450,080450,1:1
080510,080510,1:1
080521,080520,n:1
080522,080520,n:1
080529,080520,n:1
080540,080540,1:1
080550,080550,1:1
080590,080590,1:1
080610,080610,1:1
080620,080620,1:1
080711,080711,1:1
080719,080719,1:1
080720,080720,1:1
080810,080810,1:1
080830,080830,1:1
080840,080840,1:1
080910,080910,1:1
080921,080921,1:1
080929,080929,1:1
080930,080930,1:1
080940,080940,1:1
081010,081010,1:1
081020,081020,1:1
081030,081030,1:1
081040,081040,1:1
081050,081050,1:1
081060,081060,1:1
081070,081070,1:1
081090,081090,1:1
081110,081110,1:1
081120,081120,1:1
081190,081190,1:1
081210,081210,1:1
081290,081290,1:1
081310,081310,1:1
081320,081320,1:1
081330,081330,1:1
081340,081340,1:1
081350,081350,1:1
081400,081400,1:1
090111,090111,1:1
090112,090112,1:1
090121,090121,1:1
090122,090122,1:1
090190,090190,1:1
090210,090210,1:1
090220,090220,1:1
090230,090230,1:1
090240,090240,1:1
090300,090300,1:1
090411,090411,1:1
090412,090412,1:1
090421,090421,1:1
090422,090422,1:1
090510,090510,1:1
090520,090520,1:1
090611,090611,1:1
090619,090619,1:1
090620,090620,1:1
090710,090710,1:1
090720,090720,1:1
090811,090811,1:1
090812,090812,1:1
090821,090821,1:1
090822,090822,1:1
090831,090831,1:1
090832,090832,1:1
090921,090921,1:1
090922,090922,1:1
090931,090931,1:1
090932,090932,1:1
090961,090961,1:1
090962,090962,1:1
091011,091011,1:1
091012,091012,1:1
091020,091020,1:1
091030,091030,1:1
091091,091091,1:1
091099,091099,1:1
100111,100111,1:1
100119,100119,1:1
100191,100191,1:1
100199,100199,1:1
100210,100210,1:1
100290,100290,1:1
100310,100310,1:1
100390,100390,1:1
100410,100410,1:1
100490,100490,1:1
100510,100510,1:1
100590,100590,1:1
100610,100610,1:1
100620,100620,1:1
100630,100630,1:1
100640,100640,1:1
100710,100710,1:1
100790,100790,1:1
100810,100810,1:1
100821,100821,1:1
100829,100829,1:1
100830,100830,1:1
100840,100840,1:1
100850,100850,1:1
100860,100860,1:1
100890,100890,1:1
110100,110100,1:1
110220,110220,1:1
110290,110290,1:1
110311,110311,1:1
110313,110313,1:1
110319,110319,1:1
110320,110320,1:1
110412,110412,1:1
110419,110419,1:1
110422,110422,1:1
110423,110423,1:1
110429,110429,1:1
110430,110430,1:1
110510,110510,1:1
110520,110520,1:1
110610,110610,1:1
110620,110620,1:1
110630,110630,1:1
110710,110710,1:1
110720,110720,1:1
110811,110811,1:1
110812,110812,1:1
110813,110813,1:1
110814,110814,1:1
110819,110819,1:1
110820,110820,1:1
110900,110900,1:1
120110,120110,1:1
120190,120190,1:1
120230,120230,1:1
120241,120241,1:1
120242,120242,1:1
120300,120300,1:1
120400,120400,1:1
120510,120510,1:1
120590,120590,1:1
120600,120600,1:1
120710,120710,1:1
120721,120721,1:1
120729,120729,1:1
120730,120730,1:1
120740,120740,1:1
120750,120750,1:1
120760,120760,1:1
120770,120770,1:1
120791,120791,1:1
120799,120799,1:1
120810,120810,1:1
120890,120890,1:1
120910,120910,1:1
120921,120921,1:1
120922,120922,1:1
120923,120923,1:1
120924,120924,1:1
120925,120925,1:1
120929,120929,1:1
120930,120930,1:1
120991,120991,1:1
120999,120999,1:1
121010,121010,1:1
121020,121020,1:1
121120,121120,1:n
121120,200899,n:n
121130,121130,1:n
121130,140490,n:n
121140,121140,1:n
121140,140490,n:n
121150,121190,n:n
121150,140490,n:n
121160,121190,n:n
121160,140490,n:n
121160,200899,n:n
121190,121190,n:n
121190,140490,n:n
121190,200899,n:n
121221,121221,1:1
121229,121229,1:1
121291,121291,1:1
121292,121292,1:1
121293,121293,1:1
121294,121294,1:1
121299,121299,1:1
121300,121300,1:1
121410,121410,1:1
121490,121490,1:1
130120,130120,1:1
130190,130190,1:1
130211,130211,1:1
130212,130212,1:1
130213,130213,1:1
130214,130219,n:1
130219,130219,n:1
130220,130220,1:1
130231,130231,1:1
130232,130232,1:1
130239,130239,1:1
140110,140110,1:1
140120,140120,1:1
140190,140190,1:1
140420,140420,1:1
140490,140490,n:1
150110,150110,1:1
150120,150120,1:1
150190,150190,1:1
150210,150210,1:1
150290,150290,1:1
150300,150300,1:1
150410,150410,1:1
150420,150420,1:1
150430,150430,1:1
150500,150500,1:1
150600,150600,1:1
150710,150710,1:1
150790,150790,1:1
150810,150810,1:1
150890,150890,1:1
150920,150910,n:1
150930,150910,n:1
150940,150910,n:1
150990,150990,1:1
151010,151000,n:1
151090,151000,n:1
151110,151110,1:1
151190,151190,1:1
151211,151211,1:1
151219,151219,1:1
151221,151221,1:1
151229,151229,1:1
151311,151311,1:1
151319,151319,1:1
151321,151321,1:1
151329,151329,1:1
151411,151411,1:1
151419,151419,1:1
151491,151491,1:1
151499,151499,1:1
151511,151511,1:1
151519,151519,1:1
151521,151521,1:1
151529,151529,1:1
151530,151530,1:1
151550,151550,1:1
151560,151590,n:1
151590,151590,n:1
151610,151610,1:1
151620,151620,n:1
151630,151620,n:1
151710,151710,1:1
151790,151790,1:1
151800,151800,1:1
152000,152000,1:1
152110,152110,1:1
152190,152190,1:1
152200,152200,1:1
160100,041000,n:n
160100,160100,1:n
160100,210690,n:n
160210,041000,n:n
160210,160210,1:n
160210,210690,n:n
160220,160220,1:1
160231,160231,1:1
160232,160232,1:1
160239,160239,1:1
160241,160241,1:1
160242,160242,1:1
160249,160249,1:1
160250,160250,1:1
160290,041000,n:n
160290,160290,1:n
160290,170490,n:n
160290,180690,n:n
160290,190190,n:n
160290,190490,n:n
160290,210690,n:n
160300,160300,1:1
160411,160411,1:1
160412,160412,1:1
160413,160413,1:1
160414,160414,1:1
160415,160415,1:1
160416,160416,1:1
160417,160417,1:1
160418,160419,n:1
160419,160419,n:1
160420,160420,1:1
160431,160431,1:1
160432,160432,1:1
160510,160510,1:1
160521,160521,1:1
160529,160529,1:1
160530,160530,1:1
160540,160540,1:1
160551,160551,1:1
160552,160552,1:1
160553,160553,1:1
160554,160554,1:n
160554,160559,n:n
160555,160555,1:1
160556,160556,1:1
160557,160557,1:1
160558,160558,1:1
160559,160559,n:1
160561,160561,1:1
160562,160562,1:1
160563,160563,1:1
160569,160569,1:1
170112,170112,1:1
170113,170113,1:1
170114,170114,1:1
170191,170191,1:1
170199,170199,1:1
170211,170211,1:1
170219,170219,1:1
170220,170220,1:1
170230,170230,1:1
170240,170240,1:1
170250,170250,1:1
170260,170260,1:1
170290,170290,1:1
170310,170310,1:1
170390,170390,1:1
170410,170410,1:1
170490,170490,n:1
180100,180100,1:1
180200,180200,1:1
180310,180310,1:1
180320,180320,1:1
180400,180400,1:1
180500,180500,1:1
180610,180610,1:1
180620,180620,1:1
180631,180631,1:1
180632,180632,1:1
180690,180690,n:1
190110,190110,1:1
190120,190120,1:1
190190,190190,n:1
190211,190211,1:1
190219,190219,1:1
190220,190220,1:1
190230,190230,1:1
190240,190240,1:1
190300,190300,1:1
190410,190410,1:1
190420,190420,1:1
190430,190430,1:1
190490,190490,n:1
190510,190510,1:1
190520,190520,1:1
190531,190531,1:1
190532,190532,1:1
190540,190540,1:1
190590,190590,1:1
200110,200110,1:1
200190,200190,1:1
200210,200210,1:1
200290,200290,1:1
200310,200310,1:1
200390,200390,1:1
200410,200410,1:1
200490,200490,1:1
200510,200510,1:1
200520,200520,1:1
200540,200540,1:1
200551,200551,1:1
200559,200559,1:1
200560,200560,1:1
200570,200570,1:1
200580,200580,1:1
200591,200591,1:1
200599,200599,1:1
200600,200600,1:1
200710,200710,1:1
200791,200791,1:1
200799,200799,1:1
200811,200811,1:1
200819,200819,1:1
200820,200820,1:1
200830,200830,1:1
200840,200840,1:1
200850,200850,1:1
200860,200860,1:1
200870,200870,1:1
200880,200880,1:1
200891,200891,1:1
200893,200893,1:1
200897,200897,1:1
200899,200899,n:1
200911,200911,1:1
200912,200912,1:1
200919,200919,1:1
200921,200921,1:1
200929,200929,1:1
200931,200931,1:1
200939,200939,1:1
200941,200941,1:1
200949,200949,1:1
200950,200950,1:1
200961,200961,1:1
200969,200969,1:1
200971,200971,1:1
200979,200979,1:1
200981,200981,1:1
200989,200989,1:1
200990,200990,1:1
210111,210111,1:1
210112,210112,1:1
210120,210120,1:1
210130,210130,1:1
210210,210210,1:1
210220,210220,1:1
210230,210230,1:1
210310,210310,1:1
210320,210320,1:1
210330,210330,1:1
210390,210390,1:1
210410,210410,1:1
210420,210420,1:1
210500,210500,1:1
210610,210610,1:1
210690,210690,n:1
220110,220110,1:1
220190,220190,1:1
220210,220210,1:1
220291,220290,n:1
220299,220290,n:1
220300,220300,1:1
220410,220410,1:1
220421,220421,1:1
220422,220429,n:1
220429,220429,n:1
220430,220430,1:1
220510,220510,1:1
220590,220590,1:1
220600,220600,1:1
220710,220710,1:1
220720,220720,1:1
220820,220820,1:1
220830,220830,1:1
220840,220840,1:1
220850,220850,1:1
220860,220860,1:1
220870,220870,1:1
220890,220890,1:1
220900,220900,1:1
230110,230110,1:1
230120,230120,1:1
230210,230210,1:1
230230,230230,1:1
230240,230240,1:1
230250,230250,1:1
230310,230310,1:1
230320,230320,1:1
230330,230330,1:1
230400,230400,1:1
230500,230500,1:1
230610,230610,1:1
230620,230620,1:1
230630,230630,1:1
230641,230641,1:1
230649,230649,1:1
230650,230650,1:1
230660,230660,1:1
230690,230690,1:1
230700,230700,1:1
230800,230800,1:1
230910,230910,1:1
230990,230990,1:1
240110,240110,1:1
240120,240120,1:1
240130,240130,1:1
240210,240210,1:1
240220,240220,1:1
240290,240290,1:1
240311,240311,1:1
240319,240319,1:1
240391,240391,n:1
240399,240399,n:1
240411,240391,n:n
240411,240399,n:n
240412,382490,n:1
240419,240399,n:n
240419,382490,n:n
240491,210690,n:1
240492,382490,n:1
240499,382490,n:1
250100,250100,1:1
250200,250200,1:1
250300,250300,1:1
250410,250410,1:1
250490,250490,1:1
250510,250510,1:1
250590,250590,1:1
250610,250610,1:1
250620,250620,1:1
250700,250700,1:1
250810,250810,1:1
250830,250830,1:1
250840,250840,1:1
250850,250850,1:1
250860,250860,1:1
250870,250870,1:1
250900,250900,1:1
251010,251010,1:1
251020,251020,1:1
251110,251110,1:1
251120,251120,1:1
251200,251200,1:1
251310,251310,1:1
251320,251320,1:1
251400,251400,1:1
251511,251511,1:1
251512,251512,1:1
251520,251520,1:1
251611,251611,1:1
251612,251612,1:1
251620,251620,1:1
251690,251690,1:1
251710,251710,1:1
251720,251720,1:1
251730,251730,1:1
251741,251741,1:1
251749,251749,1:1
251810,251810,1:1
251820,251820,1:1
251910,251910,1:1
251990,251990,1:1
252010,252010,1:1
252020,252020,1:1
252100,252100,1:1
252210,252210,1:1
252220,252220,1:1
252230,252230,1:1
252310,252310,1:1
252321,252321,1:1
252329,252329,1:1
252330,252330,1:1
252390,252390,1:1
252410,252410,1:1
252490,252490,1:1
252510,252510,1:1
252520,252520,1:1
252530,252530,1:1
252610,252610,1:1
252620,252620,1:1
252800,252800,1:1
252910,252910,1:1
252921,252921,1:1
252922,252922,1:1
252930,252930,1:1
253010,253010,1:1
253020,253020,1:1
253090,253090,1:1
260111,260111,1:1
260112,260112,1:1
260120,260120,1:1
260200,260200,1:1
260300,260300,1:1
260400,260400,1:1
260500,260500,1:1
260600,260600,1:1
260700,260700,1:1
260800,260800,1:1
260900,260900,1:1
261000,261000,1:1
261100,261100,1:1
261210,261210,1:1
261220,261220,1:1
261310,261310,1:1
261390,261390,1:1
261400,261400,1:1
261510,261510,1:1
261590,261590,1:1
261610,261610,1:1
261690,261690,1:1
261710,261710,1:1
261790,261790,1:1
261800,261800,1:1
261900,261900,1:1
262011,262011,1:1
262019,262019,1:1
262021,262021,1:1
262029,262029,1:1
262030,262030,1:1
262040,262040,1:1
262060,262060,1:1
262091,262091,1:1
262099,262099,1:1
262110,262110,1:1
262190,262190,1:1
270111,270111,1:1
270112,270112,1:1
270119,270119,1:1
270120,270120,1:1
270210,270210,1:1
270220,270220,1:1
270300,270300,1:1
270400,270400,1:1
270500,270500,1:1
270600,270600,1:1
270710,270710,1:1
270720,270720,1:1
270730,270730,1:1
270740,270740,1:1
270750,270750,1:1
270791,270791,1:1
270799,270799,1:1
270810,270810,1:1
270820,270820,1:1
270900,270900,1:1
271012,271012,1:1
271019,271019,1:1
271020,271020,1:1
271091,271091,1:1
271099,271099,1:1
271111,271111,1:1
271112,271112,1:1
271113,271113,1:1
271114,271114,1:1
271119,271119,1:1
271121,271121,1:1
271129,271129,1:1
271210,271210,1:1
271220,271220,1:1
271290,271290,1:1
271311,271311,1:1
271312,271312,1:1
271320,271320,1:1
271390,271390,1:1
271410,271410,1:1
271490,271490,1:1
271500,271500,1:1
271600,271600,1:1
280110,280110,1:1
280120,280120,1:1
280130,280130,1:1
280200,280200,1:1
280300,280300,1:1
280410,280410,1:1
280421,280421,1:1
280429,280429,1:1
280430,280430,1:1
280440,280440,1:1
280450,280450,1:1
280461,280461,1:1
280469,280469,1:1
280470,280470,1:1
280480,280480,1:1
280490,280490,1:1
280511,280511,1:1
280512,280512,1:1
280519,280519,1:1
280530,280530,1:1
280540,280540,1:1
280610,280610,1:1
280620,280620,1:1
280700,280700,1:1
280800,280800,1:1
280910,280910,1:1
280920,280920,1:1
281000,281000,1:1
281111,281111,1:1
281112,281119,n:1
281119,281119,n:1
281121,281121,1:1
281122,281122,1:1
281129,281129,1:1
281211,281210,n:1
281212,281210,n:1
281213,281210,n:1
281214,281210,n:1
281215,281210,n:1
281216,281210,n:1
281217,281210,n:1
281219,281210,n:1
281290,281290,1:1
281310,281310,1:1
281390,281390,1:1
281410,281410,1:1
281420,281420,1:1
281511,281511,1:1
281512,281512,1:1
281520,281520,1:1
281530,281530,1:1
281610,281610,1:1
281640,281640,1:1
281700,281700,1:1
281810,281810,1:1
281820,281820,1:1
281830,281830,1:1
281910,281910,1:1
281990,281990,1:1
282010,282010,1:1
282090,282090,1:1
282110,282110,1:1
282120,282120,1:1
282200,282200,1:1
282300,282300,1:1
282410,282410,1:1
282490,282490,1:1
282510,282510,1:1
282520,282520,1:1
282530,282530,1:1
282540,282540,1:1
282550,282550,1:1
282560,282560,1:1
282570,282570,1:1
282580,282580,1:1
282590,282590,1:1
282612,282612,1:1
282619,282619,1:1
282630,282630,1:1
282690,282690,1:1
282710,282710,1:1
282720,282720,1:1
282731,282731,1:1
282732,282732,1:1
282735,282735,1:1
282739,282739,1:1
282741,282741,1:1
282749,282749,1:1
282751,282751,1:1
282759,282759,1:1
282760,282760,1:1
282810,282810,1:1
282890,282890,1:1
282911,282911,1:1
282919,282919,1:1
282990,282990,1:1
283010,283010,1:1
283090,283090,1:1
283110,283110,1:1
283190,283190,1:1
283210,283210,1:1
283220,283220,1:1
283230,283230,1:1
283311,283311,1:1
283319,283319,1:1
283321,283321,1:1
283322,283322,1:1
283324,283324,1:1
283325,283325,1:1
283327,283327,1:1
283329,283329,1:1
283330,283330,1:1
283340,283340,1:1
283410,283410,1:1
283421,283421,1:1
283429,283429,1:1
283510,283510,1:1
283522,283522,1:1
283524,283524,1:1
283525,283525,1:1
283526,283526,1:1
283529,283529,1:1
283531,283531,1:1
283539,283539,1:1
283620,283620,1:1
283630,283630,1:1
283640,283640,1:1
283650,283650,1:1
283660,283660,1:1
283691,283691,1:1
283692,283692,1:1
283699,283699,1:1
283711,283711,1:1
283719,283719,1:1
283720,283720,1:1
283911,283911,1:1
283919,283919,1:1
283990,283990,1:1
284011,284011,1:1
284019,284019,1:1
284020,284020,1:1
284030,284030,1:1
284130,284130,1:1
284150,284150,1:1
284161,284161,1:1
284169,284169,1:1
284170,284170,1:1
284180,284180,1:1
284190,284190,1:1
284210,284210,1:1
284290,284290,1:1
284310,284310,1:1
284321,284321,1:1
284329,284329,1:1
284330,284330,1:1
284390,284390,1:1
284410,284410,1:1
284420,284420,1:1
284430,284430,1:1
284441,284440,n:1
284442,284440,n:1
284443,284440,n:1
284444,284440,n:1
284450,284450,1:1
284510,284510,1:1
284520,284590,n:1
284530,284590,n:1
284540,284590,n:1
284590,284590,n:1
284610,284610,1:1
284690,284690,1:1
284700,284700,1:1
284910,284910,1:1
284920,284920,1:1
284990,284990,1:1
285000,285000,1:1
285210,285210,1:1
285290,285290,1:1
285310,285300,n:1
285390,284800,1:n
285390,285300,n:n
290110,290110,1:1
290121,290121,1:1
290122,290122,1:1
290123,290123,1:1
290124,290124,1:1
290129,290129,1:1
290211,290211,1:1
290219,290219,1:1
290220,290220,1:1
290230,290230,1:1
290241,290241,1:1
290242,290242,1:1
290243,290243,1:1
290244,290244,1:1
290250,290250,1:1
290260,290260,1:1
290270,290270,1:1
290290,290290,1:1
290311,290311,1:1
290312,290312,1:1
290313,290313,1:1
290314,290314,1:1
290315,290315,1:1
290319,290319,1:1
290321,290321,1:1
290322,290322,1:1
290323,290323,1:1
290329,290329,1:1
290341,290339,n:1
290342,290339,n:1
290343,290339,n:1
290344,290339,n:1
290345,290339,n:1
290346,290339,n:1
290347,290339,n:1
290348,290339,n:1
290349,290339,n:1
290351,290339,n:1
290359,290339,n:1
290361,290339,n:1
290362,290331,1:1
290369,290339,n:1
290371,290371,1:1
290372,290372,1:1
290373,290373,1:1
290374,290374,1:1
290375,290375,1:1
290376,290376,1:1
290377,290377,1:1
290378,290378,1:1
290379,290379,1:1
290381,290381,1:1
290382,290382,1:1
290383,290389,n:1
290389,290389,n:1
290391,290391,1:1
290392,290392,1:1
290393,290399,n:1
290394,290399,n:1
290399,290399,n:1
290410,290410,1:1
290420,290420,1:1
290431,290490,n:1
290432,290490,n:1
290433,290490,n:1
290434,290490,n:1
290435,290490,n:1
290436,290490,n:1
290491,290490,n:1
290499,290490,n:1
290511,290511,1:1
290512,290512,1:1
290513,290513,1:1
290514,290514,1:1
290516,290516,1:1
290517,290517,1:1
290519,290519,1:1
290522,290522,1:1
290529,290529,1:1
290531,290531,1:1
290532,290532,1:1
290539,290539,1:1
290541,290541,1:1
290542,290542,1:1
290543,290543,1:1
290544,290544,1:1
290545,290545,1:1
290549,290549,1:1
290551,290551,1:1
290559,290559,1:1
290611,290611,1:1
290612,290612,1:1
290613,290613,1:1
290619,290619,1:1
290621,290621,1:1
290629,290629,1:1
290711,290711,1:1
290712,290712,1:1
290713,290713,1:1
290715,290715,1:1
290719,290719,1:1
290721,290721,1:1
290722,290722,1:1
290723,290723,1:1
290729,290729,1:1
290811,290811,1:1
290819,290819,1:1
290891,290891,1:1
290892,290892,1:1
290899,290899,1:1
290911,290911,1:1
290919,290919,1:1
290920,290920,1:1
290930,290930,1:1
290941,290941,1:1
290943,290943,1:1
290944,290944,1:1
290949,290949,1:1
290950,290950,1:1
290960,290960,1:n
290960,291100,n:n
291010,291010,1:1
291020,291020,1:1
291030,291030,1:1
291040,291040,1:1
291050,291090,n:1
291090,291090,n:1
291100,291100,n:1
291211,291211,1:1
291212,291212,1:1
291219,291219,1:1
291221,291221,1:1
291229,291229,1:1
291241,291241,1:1
291242,291242,1:1
291249,291249,1:1
291250,291250,1:1
291260,291260,1:1
291300,291300,1:1
291411,291411,1:1
291412,291412,1:1
291413,291413,1:1
291419,291419,1:1
291422,291422,1:1
291423,291423,1:1
291429,291429,1:1
291431,291431,1:1
291439,291439,1:1
291440,291440,1:1
291450,291450,1:1
291461,291461,1:1
291462,291469,n:1
291469,291469,n:1
291471,291470,n:1
291479,291470,n:1
291511,291511,1:1
291512,291512,1:1
291513,291513,1:1
291521,291521,1:1
291524,291524,1:1
291529,291529,1:1
291531,291531,1:1
291532,291532,1:1
291533,291533,1:1
291536,291536,1:1
291539,291539,1:1
291540,291540,1:1
291550,291550,1:1
291560,291560,1:1
291570,291570,1:1
291590,291590,1:1
291611,291611,1:1
291612,291612,1:1
291613,291613,1:1
291614,291614,1:1
291615,291615,1:1
291616,291616,1:1
291619,291619,1:1
291620,291620,1:1
291631,291631,1:1
291632,291632,1:1
291634,291634,1:1
291639,291639,1:1
291711,291711,1:1
291712,291712,1:1
291713,291713,1:1
291714,291714,1:1
291719,291719,1:1
291720,291720,1:1
291732,291732,1:1
291733,291733,1:1
291734,291734,1:1
291735,291735,1:1
291736,291736,1:1
291737,291737,1:1
291739,291739,1:1
291811,291811,1:1
291812,291812,1:1
291813,291813,1:1
291814,291814,1:1
291815,291815,1:1
291816,291816,1:1
291817,291819,n:1
291818,291818,1:1
291819,291819,n:1
291821,291821,1:1
291822,291822,1:1
291823,291823,1:1
291829,291829,1:1
291830,291830,1:1
291891,291891,1:1
291899,291899,1:1
291910,291910,1:1
291990,291990,1:1
292011,292011,1:1
292019,292019,1:1
292021,292090,n:1
292022,292090,n:1
292023,292090,n:1
292024,292090,n:1
292029,292090,n:1
292030,292090,n:1
292090,292090,n:1
292111,292111,1:1
292112,292119,n:1
292113,292119,n:1
292114,292119,n:1
292119,292119,n:1
292121,292121,1:1
292122,292122,1:1
292129,292129,1:1
292130,292130,1:1
292141,292141,1:1
292142,292142,1:1
292143,292143,1:1
292144,292144,1:1
292145,292145,1:1
292146,292146,1:1
292149,292149,1:1
292151,292151,1:1
292159,292159,1:1
292211,292211,1:1
292212,292212,1:1
292214,292214,1:1
292215,292213,n:1
292216,292219,n:1
292217,292219,n:1
292218,292219,n:1
292219,292213,n:n
292219,292219,n:n
292221,292221,1:1
292229,292229,1:1
292231,292231,1:1
292239,292239,1:1
292241,292241,1:1
292242,292242,1:1
292243,292243,1:1
292244,292244,1:1
292249,292249,1:1
292250,292250,1:1
292310,292310,1:1
292320,292320,1:1
292330,292390,n:1
292340,292390,n:1
292390,292390,n:1
292411,292411,1:1
292412,292412,1:1
292419,292419,1:1
292421,292421,1:1
292423,292423,1:1
292424,292424,1:1
292425,292429,n:1
292429,292429,n:1
292511,292511,1:1
292512,292512,1:1
292519,292519,1:1
292521,292521,1:1
292529,292529,1:1
292610,292610,1:1
292620,292620,1:1
292630,292630,1:1
292640,292690,n:1
292690,292690,n:1
292700,292700,1:1
292800,292800,1:1
292910,292910,1:1
292990,292990,1:1
293010,293090,n:1
293020,293020,1:1
293030,293030,1:1
293040,293040,1:1
293060,293090,n:1
293070,293090,n:1
293080,293050,1:n
293080,293090,n:n
293090,293090,n:1
293110,293110,1:1
293120,293120,1:1
293141,293190,n:1
293142,293190,n:1
293143,293190,n:1
293144,293190,n:1
293145,293190,n:1
293146,293190,n:1
293147,293190,n:1
293148,293190,n:1
293149,293190,n:1
293151,293190,n:1
293152,293190,n:1
293153,293190,n:1
293154,293190,n:1
293159,293190,n:1
293190,293190,n:1
293211,293211,1:1
293212,293212,1:1
293213,293213,1:1
293214,293219,n:1
293219,293219,n:1
293220,293220,1:1
293291,293291,1:1
293292,293292,1:1
293293,293293,1:1
293294,293294,1:1
293295,293295,1:1
293296,293299,n:1
293299,293299,n:1
293311,293311,n:1
293319,293319,n:1
293321,293321,n:1
293329,293329,n:1
293331,293331,n:1
293332,293332,n:1
293333,293333,n:n
293333,293339,n:n
293334,293339,n:1
293335,293339,n:1
293336,293339,n:1
293337,293339,n:1
293339,293339,n:1
293341,293341,n:1
293349,293349,n:1
293352,293352,n:1
293353,293353,n:1
293354,293354,n:1
293355,293355,n:1
293359,293359,n:1
293361,293361,n:1
293369,293369,n:1
293371,293371,n:1
293372,293372,n:1
293379,293379,n:1
293391,293391,n:1
293392,293399,n:1
293399,293399,n:1
293410,293410,n:1
293420,293420,n:1
293430,293430,n:1
293491,293491,n:1
293492,293499,n:1
293499,293499,n:1
293510,293500,n:1
293520,293500,n:1
293530,293500,n:1
293540,293500,n:1
293550,293500,n:1
293590,293500,n:1
293621,293621,1:1
293622,293622,1:1
293623,293623,1:1
293624,293624,1:1
293625,293625,1:1
293626,293626,1:1
293627,293627,1:1
293628,293628,1:1
293629,293629,1:1
293690,293690,1:1
293711,293711,1:1
293712,293712,1:1
293719,293719,1:1
293721,293721,1:1
293722,293722,1:1
293723,293723,1:1
293729,293729,1:1
293750,293750,1:1
293790,293790,1:1
293810,293810,1:1
293890,293890,1:1
293911,293911,1:1
293919,293919,1:1
293920,293920,1:1
293930,293930,1:1
293941,293941,1:1
293942,293942,1:1
293943,293943,1:1
293944,293944,1:1
293945,293991,n:1
293949,293949,1:n
293949,293991,n:n
293949,293999,n:n
293951,293951,1:1
293959,293959,1:1
293961,293961,1:1
293962,293962,1:1
293963,293963,1:1
293969,293969,1:1
293972,293991,n:1
293979,293999,n:1
293980,293311,n:n
293980,293319,n:n
293980,293321,n:n
293980,293329,n:n
293980,293331,n:n
293980,293332,n:n
293980,293333,n:n
293980,293339,n:n
293980,293341,n:n
293980,293349,n:n
293980,293352,n:n
293980,293353,n:n
293980,293354,n:n
293980,293355,n:n
293980,293359,n:n
293980,293361,n:n
293980,293369,n:n
293980,293371,n:n
293980,293372,n:n
293980,293379,n:n
293980,293391,n:n
293980,293399,n:n
293980,293410,n:n
293980,293420,n:n
293980,293430,n:n
293980,293491,n:n
293980,293499,n:n
294000,294000,1:1
294110,294110,1:1
294120,294120,1:1
294130,294130,1:1
294140,294140,1:1
294150,294150,1:1
294190,294190,1:1
294200,294200,1:1
300120,300120,1:1
300190,300190,1:1
300212,300210,n:1
300213,300210,n:1
300214,300210,n:1
300215,300210,n:1
300241,300220,1:1
300242,300230,1:1
300249,300290,n:1
300251,300290,n:1
300259,300290,n:1
300290,300290,n:1
300310,300310,1:1
300320,300320,1:1
300331,300331,1:1
300339,300339,1:1
300341,300340,n:1
300342,300340,n:1
300343,300340,n:1
300349,300340,n:1
300360,300390,n:1
300390,300390,n:1
300410,300410,n:1
300420,300420,n:1
300431,300431,n:1
300432,300432,n:1
300439,300439,n:1
300441,300440,n:1
300442,300440,n:1
300443,300440,n:1
300449,300440,n:1
300450,300450,n:1
300460,300490,n:1
300490,300490,n:1
300510,300510,1:1
300590,300590,1:1
300610,300610,1:1
300630,300630,1:1
300640,300640,1:1
300650,300650,1:1
300660,300660,1:1
300670,300670,1:1
300691,300691,1:1
300692,300692,1:1
300693,170490,n:n
300693,210690,n:n
300693,220290,n:n
300693,300410,n:n
300693,300420,n:n
300693,300431,n:n
300693,300432,n:n
300693,300439,n:n
300693,300440,n:n
300693,300450,n:n
300693,300490,n:n
300693,382490,n:n
310100,310100,1:1
310210,310210,1:1
310221,310221,1:1
310229,310229,1:1
310230,310230,1:1
310240,310240,1:1
310250,310250,1:1
310260,310260,1:1
310280,310280,1:1
310290,310290,1:1
310311,310310,n:1
310319,310310,n:1
310390,310390,1:1
310420,310420,1:1
310430,310430,1:1
310490,310490,1:1
310510,310510,1:1
310520,310520,1:1
310530,310530,1:1
310540,310540,1:1
310551,310551,1:1
310559,310559,1:1
310560,310560,1:1
310590,310590,1:1
320110,320110,1:1
320120,320120,1:1
320190,320190,1:1
320210,320210,1:1
320290,320290,1:1
320300,320300,1:1
320411,320411,1:1
320412,320412,1:1
320413,320413,1:1
320414,320414,1:1
320415,320415,1:1
320416,320416,1:1
320417,320417,1:1
320418,320419,n:1
320419,320419,n:1
320420,320420,1:1
320490,320490,1:1
320500,320500,1:1
320611,320611,1:1
320619,320619,1:1
320620,320620,1:1
320641,320641,1:1
320642,320642,1:1
320649,320649,1:1
320650,320650,1:1
320710,320710,1:1
320720,320720,1:1
320730,320730,1:1
320740,320740,1:1
320810,320810,1:1
320820,320820,1:1
320890,320890,1:1
320910,320910,1:1
320990,320990,1:1
321000,321000,1:1
321100,321100,1:1
321210,321210,1:1
321290,321290,1:1
321310,321310,1:1
321390,321390,1:1
321410,321410,1:1
321490,321490,1:1
321511,321511,1:1
321519,321519,1:1
321590,321590,1:1
330112,330112,1:1
330113,330113,1:1
330119,330119,1:1
330124,330124,1:1
330125,330125,1:1
330129,330129,1:1
330130,330130,1:1
330190,330190,1:1
330210,330210,1:1
330290,330290,1:1
330300,330300,1:1
330410,330410,1:1
330420,330420,1:1
330430,330430,1:1
330491,330491,1:1
330499,330499,1:1
330510,330510,1:1
330520,330520,1:1
330530,330530,1:1
330590,330590,1:1
330610,330610,1:1
330620,330620,1:1
330690,330690,1:1
330710,330710,1:1
330720,330720,1:1
330730,330730,1:1
330741,330741,1:1
330749,330749,1:1
330790,330790,1:1
340111,340111,1:1
340119,340119,1:1
340120,340120,1:1
340130,340130,1:1
340231,340211,n:1
340239,340211,n:1
340241,340212,1:1
340242,340213,1:1
340249,340219,1:1
340250,340220,1:1
340290,340290,1:1
340311,340311,1:1
340319,340319,1:1
340391,340391,1:1
340399,340399,1:1
340420,340420,1:1
340490,340490,1:1
340510,340510,1:1
340520,340520,1:1
340530,340530,1:1
340540,340540,1:1
340590,340590,1:1
340600,340600,1:1
340700,340700,1:1
350110,350110,1:1
350190,350190,1:1
350211,350211,1:1
350219,350219,1:1
350220,350220,1:1
350290,350290,1:1
350300,350300,1:1
350400,350400,1:1
350510,350510,1:1
350520,350520,1:1
350610,350610,1:1
350691,350691,1:1
350699,350699,1:1
350710,350710,1:1
350790,350790,1:1
360100,360100,1:1
360200,360200,1:1
360310,360300,n:1
360320,360300,n:1
360330,360300,n:1
360340,360300,n:1
360350,360300,n:1
360360,360300,n:1
360410,360410,1:1
360490,360490,1:1
360500,360500,1:1
360610,360610,1:1
360690,360690,1:1
370110,370110,1:1
370120,370120,1:1
370130,370130,1:1
370191,370191,1:1
370199,370199,1:1
370210,370210,1:1
370231,370231,1:1
370232,370232,1:1
370239,370239,1:1
370241,370241,1:1
370242,370242,1:1
370243,370243,1:1
370244,370244,1:1
370252,370252,1:1
370253,370253,1:1
370254,370254,1:1
370255,370255,1:1
370256,370256,1:1
370296,370296,1:1
370297,370297,1:1
370298,370298,1:1
370310,370310,1:1
370320,370320,1:1
370390,370390,1:1
370400,370400,1:1
370500,370510,1:n
370500,370590,1:n
370610,370610,1:1
370690,370690,1:1
370710,370710,1:1
370790,370790,1:1
380110,380110,1:1
380120,380120,1:1
380130,380130,1:1
380190,380190,1:1
380210,380210,1:1
380290,380290,1:1
380300,380300,1:1
380400,380400,1:1
380510,380510,1:1
380590,380590,1:1
380610,380610,1:1
380620,380620,1:1
380630,380630,1:1
380690,380690,1:1
380700,380700,1:1
380852,380850,n:1
380859,380850,n:n
380859,380891,n:n
380859,380892,n:n
380859,380893,n:n
380859,380894,n:n
380859,380899,n:n
380861,380891,n:1
380862,380891,n:1
380869,380891,n:1
380891,380891,n:1
380892,380892,n:1
380893,380893,n:1
380894,380894,n:1
380899,380899,n:1
380910,380910,1:1
380991,380991,1:1
380992,380992,1:1
380993,380993,1:1
381010,381010,1:1
381090,381090,1:1
381111,381111,1:1
381119,381119,1:1
381121,381121,1:1
381129,381129,1:1
381190,381190,1:1
381210,381210,1:1
381220,381220,1:1
381231,381230,n:1
381239,381230,n:1
381300,381300,1:1
381400,381400,1:1
381511,381511,1:1
381512,381512,1:1
381519,381519,1:1
381590,381590,1:1
381600,251830,1:n
381600,381600,1:n
381700,381700,1:1
381800,381800,1:1
381900,381900,1:1
382000,382000,1:1
382100,382100,1:1
382211,300210,n:1
382212,300210,n:n
382212,382200,n:n
382213,300620,1:1
382219,300210,n:n
382219,382200,n:n
382290,382200,n:1
382311,382311,1:1
382312,382312,1:1
382313,382313,1:1
382319,382319,1:1
382370,382370,1:1
382410,382410,1:1
382430,382430,1:1
382440,382440,1:1
382450,382450,1:1
382460,382460,1:1
382481,382481,1:1
382482,382482,1:1
382483,382483,1:1
382484,382490,n:1
382485,382490,n:1
382486,382490,n:1
382487,382490,n:1
382488,382490,n:1
382489,382490,n:1
382491,382490,n:1
382492,382490,n:1
382499,382490,n:1
382510,382510,n:1
382520,382520,n:1
382530,382530,n:1
382541,382541,n:1
382549,382549,n:1
382550,382550,n:1
382561,382561,n:1
382569,382569,n:1
382590,382590,n:1
382600,382600,1:1
382711,382471,1:1
382712,382473,1:1
382713,382475,1:1
382714,382476,1:1
382720,382472,1:1
382731,382474,n:1
382732,382474,n:1
382739,382474,n:1
382740,382477,1:1
382751,382478,n:1
382759,382478,n:1
382761,382478,n:1
382762,382478,n:1
382763,382478,n:1
382764,382478,n:1
382765,382478,n:1
382768,382478,n:1
382769,382478,n:1
382790,382479,1:1
390110,390110,1:1
390120,390120,1:1
390130,390130,1:1
390140,390190,n:1
390190,390190,n:1
390210,390210,1:1
390220,390220,1:1
390230,390230,1:1
390290,390290,1:1
390311,390311,1:1
390319,390319,1:1
390320,390320,1:1
390330,390330,1:1
390390,390390,1:1
390410,390410,1:1
390421,390421,1:1
390422,390422,1:1
390430,390430,1:1
390440,390440,1:1
390450,390450,1:1
390461,390461,1:1
390469,390469,1:1
390490,390490,1:1
390512,390512,1:1
390519,390519,1:1
390521,390521,1:1
390529,390529,1:1
390530,390530,1:1
390591,390591,1:1
390599,390599,1:1
390610,390610,1:1
390690,390690,1:1
390710,390710,1:1
390721,390720,n:1
390729,390720,n:1
390730,390730,1:1
390740,390740,1:1
390750,390750,1:1
390761,390760,n:1
390769,390760,n:1
390770,390770,1:1
390791,390791,1:1
390799,390799,1:1
390810,390810,1:1
390890,390890,1:1
390910,390910,1:1
390920,390920,1:1
390931,390930,n:1
390939,390930,n:1
390940,390940,1:1
390950,390950,1:1
391000,391000,1:1
391110,391110,1:1
391120,391190,n:1
391190,391190,n:1
391211,391211,1:1
391212,391212,1:1
391220,391220,1:1
391231,391231,1:1
391239,391239,1:1
391290,391290,1:1
391310,391310,1:1
391390,391390,1:1
391400,391400,1:1
391510,391510,1:1
391520,391520,1:1
391530,391530,1:1
391590,391590,1:1
391610,391610,1:1
391620,391620,1:1
391690,391690,1:1
391710,391710,1:1
391721,391721,1:1
391722,391722,1:1
391723,391723,1:1
391729,391729,1:1
391731,391731,1:1
391732,391732,1:1
391733,391733,1:1
391739,391739,1:1
391740,391740,1:1
391810,391810,1:1
391890,391890,1:1
391910,391910,1:1
391990,391990,1:1
392010,392010,1:1
392020,392020,1:1
392030,392030,1:1
392043,392043,1:1
392049,392049,1:1
392051,392051,1:1
392059,392059,1:1
392061,392061,1:1
392062,392062,1:1
392063,392063,1:1
392069,392069,1:1
392071,392071,1:1
392073,392073,1:1
392079,392079,1:1
392091,392091,1:1
392092,392092,1:1
392093,392093,1:1
392094,392094,1:1
392099,392099,1:1
392111,392111,1:1
392112,392112,1:1
392113,392113,1:1
392114,392114,1:1
392119,392119,1:1
392190,392190,1:1
392210,392210,1:1
392220,392220,1:1
392290,392290,1:1
392310,392310,1:1
392321,392321,1:1
392329,392329,1:1
392330,392330,1:1
392340,392340,1:1
392350,392350,1:1
392390,392390,1:1
392410,392410,1:1
392490,392490,1:1
392510,392510,1:1
392520,392520,1:1
392530,392530,1:1
392590,392590,1:1
392610,392610,1:1
392620,392620,1:1
392630,392630,1:1
392640,392640,1:1
392690,392690,n:1
400110,400110,1:1
400121,400121,1:1
400122,400122,1:1
400129,400129,1:1
400130,400130,1:1
400211,400211,1:1
400219,400219,1:1
400220,400220,1:1
400231,400231,1:1
400239,400239,1:1
400241,400241,1:1
400249,400249,1:1
400251,400251,1:1
400259,400259,1:1
400260,400260,1:1
400270,400270,1:1
400280,400280,1:1
400291,400291,1:1
400299,400299,1:1
400300,400300,1:1
400400,400400,1:1
400510,400510,1:1
400520,400520,1:1
400591,400591,1:1
400599,400599,1:1
400610,400610,1:1
400690,400690,1:1
400700,400700,1:1
400811,400811,1:1
400819,400819,1:1
400821,400821,1:1
400829,400829,1:1
400911,400911,1:1
400912,400912,1:1
400921,400921,1:1
400922,400922,1:1
400931,400931,1:1
400932,400932,1:1
400941,400941,1:1
400942,400942,1:1
401011,401011,1:1
401012,401012,1:1
401019,401019,1:1
401031,401031,1:1
401032,401032,1:1
401033,401033,1:1
401034,401034,1:1
401035,401035,1:1
401036,401036,1:1
401039,401039,1:1
401110,401110,1:1
401120,401120,1:1
401130,401130,1:1
401140,401140,1:1
401150,401150,1:1
401170,401161,1:n
401170,401192,1:n
401180,401162,1:n
401180,401163,1:n
401180,401193,1:n
401180,401194,1:n
401190,401169,1:n
401190,401199,1:n
401211,401211,1:1
401212,401212,1:1
401213,401213,1:1
401219,401219,1:1
401220,401220,1:1
401290,401290,1:1
401310,401310,1:1
401320,401320,1:1
401390,401390,1:1
401410,401410,1:1
401490,401490,1:1
401512,401511,1:n
401512,401519,n:n
401519,401519,n:1
401590,401590,1:1
401610,401610,1:1
401691,401691,1:1
401692,401692,1:1
401693,401693,1:1
401694,401694,1:1
401695,401695,1:1
401699,401699,1:1
401700,401700,1:1
410120,410120,1:1
410150,410150,1:1
410190,410190,1:1
410210,410210,1:1
410221,410221,1:1
410229,410229,1:1
410320,410320,1:1
410330,410330,1:1
410390,410390,1:1
410411,410411,1:1
410419,410419,1:1
410441,410441,1:1
410449,410449,1:1
410510,410510,1:1
410530,410530,1:1
410621,410621,1:1
410622,410622,1:1
410631,410631,1:1
410632,410632,1:1
410640,410640,1:1
410691,410691,1:1
410692,410692,1:1
410711,410711,1:1
410712,410712,1:1
410719,410719,1:1
410791,410791,1:1
410792,410792,1:1
410799,410799,1:1
411200,411200,1:1
411310,411310,1:1
411320,411320,1:1
411330,411330,1:1
411390,411390,1:1
411410,411410,1:1
411420,411420,1:1
411510,411510,1:1
411520,411520,1:1
420100,420100,1:1
420211,420211,1:1
420212,420212,1:1
420219,420219,1:1
420221,420221,1:1
420222,420222,1:1
420229,420229,1:1
420231,420231,1:1
420232,420232,1:1
420239,420239,1:1
420291,420291,1:1
420292,420292,1:1
420299,420299,1:1
420310,420310,1:1
420321,420321,1:1
420329,420329,1:1
420330,420330,1:1
420340,420340,1:1
420500,420500,1:1
420600,420600,1:1
430110,430110,1:1
430130,430130,1:1
430160,430160,1:1
430180,430180,1:1
430190,430190,1:1
430211,430211,1:1
430219,430219,1:1
430220,430220,1:1
430230,430230,1:1
430310,430310,1:1
430390,430390,1:1
430400,430400,1:1
440111,440110,n:1
440112,440110,n:1
440121,440121,1:1
440122,440122,1:1
440131,440131,1:1
440132,440139,n:1
440139,440139,n:1
440141,440139,n:1
440149,440139,n:1
440210,440210,1:1
440220,440290,n:1
440290,440290,n:1
440311,440310,n:1
440312,440310,n:1
440321,440320,n:1
440322,440320,n:1
440323,440320,n:1
440324,440320,n:1
440325,440320,n:1
440326,440320,n:1
440341,440341,1:1
440342,440349,n:n
440342,440399,n:n
440349,440349,n:n
440349,440399,n:n
440391,440391,1:1
440393,440392,n:1
440394,440392,n:1
440395,440399,n:1
440396,440399,n:1
440397,440399,n:1
440398,440399,n:1
440399,440399,n:1
440410,440410,1:1
440420,440420,1:1
440500,440500,1:1
440611,440610,n:1
440612,440610,n:1
440691,440690,n:1
440692,440690,n:1
440711,440710,n:1
440712,440710,n:1
440713,440710,n:1
440714,440710,n:1
440719,440710,n:1
440721,440721,1:1
440722,440722,1:1
440723,440729,n:n
440723,440799,n:n
440725,440725,1:1
440726,440726,1:1
440727,440727,1:1
440728,440728,1:1
440729,440729,n:n
440729,440799,n:n
440791,440791,1:1
440792,440792,1:1
440793,440793,1:1
440794,440794,1:1
440795,440795,1:1
440796,440799,n:1
440797,440799,n:1
440799,440799,n:1
440810,440810,1:1
440831,440831,1:1
440839,440839,1:n
440839,440890,n:n
440890,440890,n:1
440910,440910,1:1
440921,440921,1:1
440922,440929,n:1
440929,440929,n:1
441011,441011,1:1
441012,441012,1:1
441019,441019,1:1
441090,441090,1:1
441112,441112,1:1
441113,441113,1:1
441114,441114,1:1
441192,441192,1:1
441193,441193,1:1
441194,441194,1:1
441210,441210,1:1
441231,441231,1:n
441231,441232,n:n
441233,441232,n:1
441234,441232,n:1
441239,441239,1:1
441241,441299,n:1
441242,441299,n:1
441249,441299,n:1
441251,441294,n:1
441252,441294,n:1
441259,441294,n:1
441291,441299,n:1
441292,441299,n:1
441299,441299,n:1
441300,441300,1:1
441410,441400,n:1
441490,441400,n:1
441510,441510,1:1
441520,441520,1:1
441600,441600,1:1
441700,441700,1:1
441811,441810,n:1
441819,441810,n:1
441821,441820,n:1
441829,441820,n:1
441830,441860,n:1
441840,441840,1:1
441850,441850,1:1
441873,441871,n:n
441873,441872,n:n
441873,441879,n:n
441874,441871,n:1
441875,441872,n:1
441879,441879,n:1
441881,441860,n:n
441881,441890,n:n
441882,441860,n:n
441882,441890,n:n
441883,441860,n:n
441883,441890,n:n
441889,441860,n:n
441889,441890,n:n
441891,441890,n:1
441892,441890,n:1
441899,441890,n:1
441911,441900,n:1
441912,441900,n:1
441919,441900,n:1
441920,441900,n:1
441990,441900,n:1
442011,442010,n:1
442019,442010,n:1
442090,442090,1:1
442110,442110,1:1
442120,442190,n:1
442191,442190,n:1
442199,442190,n:1
450110,450110,1:1
450190,450190,1:1
450200,450200,1:1
450310,450310,1:1
450390,450390,1:1
450410,450410,1:1
450490,450490,1:1
460121,460121,1:1
460122,460122,1:1
460129,460129,1:1
460192,460192,1:1
460193,460193,1:1
460194,460194,1:1
460199,460199,1:1
460211,460211,1:1
460212,460212,1:1
460219,460219,1:1
460290,460290,1:1
470100,470100,1:1
470200,470200,1:1
470311,470311,1:1
470319,470319,1:1
470321,470321,1:1
470329,470329,1:1
470411,470411,1:1
470419,470419,1:1
470421,470421,1:1
470429,470429,1:1
470500,470500,1:1
470610,470610,1:1
470620,470620,1:1
470630,470630,1:1
470691,470691,1:1
470692,470692,1:1
470693,470693,1:1
470710,470710,1:1
470720,470720,1:1
470730,470730,1:1
470790,470790,1:1
480100,480100,1:n
480100,480261,n:n
480100,480262,n:n
480210,480210,1:1
480220,480220,1:1
480240,480240,1:1
480254,480254,1:1
480255,480255,1:1
480256,480256,1:1
480257,480257,1:1
480258,480258,1:1
480261,480261,n:1
480262,480262,n:1
480269,480269,1:1
480300,480300,1:1
480411,480411,1:1
480419,480419,1:1
480421,480421,1:1
480429,480429,1:1
480431,480431,1:1
480439,480439,1:1
480441,480441,1:1
480442,480442,1:1
480449,480449,1:1
480451,480451,1:1
480452,480452,1:1
480459,480459,1:1
480511,480511,1:1
480512,480512,1:1
480519,480519,1:1
480524,480524,1:1
480525,480525,1:1
480530,480530,1:1
480540,480540,1:1
480550,480550,1:1
480591,480591,1:1
480592,480592,1:1
480593,480593,1:1
480610,480610,1:1
480620,480620,1:1
480630,480630,1:1
480640,480640,1:1
480700,480700,1:1
480810,480810,1:1
480840,480840,1:1
480890,480890,1:1
480920,480920,1:1
480990,480990,1:1
481013,481013,1:1
481014,481014,1:1
481019,481019,1:1
481022,481022,1:1
481029,481029,1:1
481031,481031,1:1
481032,481032,1:1
481039,481039,1:1
481092,481092,1:1
481099,481099,1:1
481110,481110,1:1
481141,481141,1:1
481149,481149,1:1
481151,481151,1:1
481159,481159,1:1
481160,481160,1:1
481190,481190,1:1
481200,481200,1:1
481310,481310,1:1
481320,481320,1:1
481390,481390,1:1
481420,481420,1:1
481490,481490,1:1
481620,481620,1:1
481690,481690,1:1
481710,481710,1:1
481720,481720,1:1
481730,481730,1:1
481810,481810,1:1
481820,481820,1:1
481830,481830,1:1
481850,481850,1:1
481890,481890,1:1
481910,481910,1:1
481920,481920,1:1
481930,481930,1:1
481940,481940,1:1
481950,481950,1:1
481960,481960,1:1
482010,482010,1:1
482020,482020,1:1
482030,482030,1:1
482040,482040,1:1
482050,482050,1:1
482090,482090,1:1
482110,482110,1:1
482190,482190,1:1
482210,482210,1:1
482290,482290,1:1
482320,482320,1:1
482340,482340,1:1
482361,482361,1:1
482369,482369,1:1
482370,482370,1:1
482390,482390,1:1
490110,490110,1:1
490191,490191,1:1
490199,490199,1:1
490210,490210,1:1
490290,490290,1:1
490300,490300,1:1
490400,490400,1:1
490520,490591,1:1
490590,490510,1:n
490590,490599,1:n
490600,490600,1:1
490700,490700,1:1
490810,490810,1:1
490890,490890,1:1
490900,490900,1:1
491000,491000,1:1
491110,491110,1:1
491191,491191,1:1
491199,491199,1:1
500100,500100,1:1
500200,500200,1:1
500300,500300,1:1
500400,500400,1:1
500500,500500,1:1
500600,500600,1:1
500710,500710,1:1
500720,500720,1:1
500790,500790,1:1
510111,510111,1:1
510119,510119,1:1
510121,510121,1:1
510129,510129,1:1
510130,510130,1:1
510211,510211,1:1
510219,510219,1:1
510220,510220,1:1
510310,510310,1:1
510320,510320,1:1
510330,510330,1:1
510400,510400,1:1
510510,510510,1:1
510521,510521,1:1
510529,510529,1:1
510531,510531,1:1
510539,510539,1:1
510540,510540,1:1
510610,510610,1:1
510620,510620,1:1
510710,510710,1:1
510720,510720,1:1
510810,510810,1:1
510820,510820,1:1
510910,510910,1:1
510990,510990,1:1
511000,511000,1:1
511111,511111,1:1
511119,511119,1:1
511120,511120,1:1
511130,511130,1:1
511190,511190,1:1
511211,511211,1:1
511219,511219,1:1
511220,511220,1:1
511230,511230,1:1
511290,511290,1:1
511300,511300,1:1
520100,520100,1:1
520210,520210,1:1
520291,520291,1:1
520299,520299,1:1
520300,520300,1:1
520411,520411,1:1
520419,520419,1:1
520420,520420,1:1
520511,520511,1:1
520512,520512,1:1
520513,520513,1:1
520514,520514,1:1
520515,520515,1:1
520521,520521,1:1
520522,520522,1:1
520523,520523,1:1
520524,520524,1:1
520526,520526,1:1
520527,520527,1:1
520528,520528,1:1
520531,520531,1:1
520532,520532,1:1
520533,520533,1:1
520534,520534,1:1
520535,520535,1:1
520541,520541,1:1
520542,520542,1:1
520543,520543,1:1
520544,520544,1:1
520546,520546,1:1
520547,520547,1:1
520548,520548,1:1
520611,520611,1:1
520612,520612,1:1
520613,520613,1:1
520614,520614,1:1
520615,520615,1:1
520621,520621,1:1
520622,520622,1:1
520623,520623,1:1
520624,520624,1:1
520625,520625,1:1
520631,520631,1:1
520632,520632,1:1
520633,520633,1:1
520634,520634,1:1
520635,520635,1:1
520641,520641,1:1
520642,520642,1:1
520643,520643,1:1
520644,520644,1:1
520645,520645,1:1
520710,520710,1:1
520790,520790,1:1
520811,520811,1:1
520812,520812,1:1
520813,520813,1:1
520819,520819,1:1
520821,520821,1:1
520822,520822,1:1
520823,520823,1:1
520829,520829,1:1
520831,520831,1:1
520832,520832,1:1
520833,520833,1:1
520839,520839,1:1
520841,520841,1:1
520842,520842,1:1
520843,520843,1:1
520849,520849,1:1
520851,520851,1:1
520852,520852,1:1
520859,520859,1:1
520911,520911,1:1
520912,520912,1:1
520919,520919,1:1
520921,520921,1:1
520922,520922,1:1
520929,520929,1:1
520931,520931,1:1
520932,520932,1:1
520939,520939,1:1
520941,520941,1:1
520942,520942,1:1
520943,520943,1:1
520949,520949,1:1
520951,520951,1:1
520952,520952,1:1
520959,520959,1:1
521011,521011,1:1
521019,521019,1:1
521021,521021,1:1
521029,521029,1:1
521031,521031,1:1
521032,521032,1:1
521039,521039,1:1
521041,521041,1:1
521049,521049,1:1
521051,521051,1:1
521059,521059,1:1
521111,521111,1:1
521112,521112,1:1
521119,521119,1:1
521120,521120,1:1
521131,521131,1:1
521132,521132,1:1
521139,521139,1:1
521141,521141,1:1
521142,521142,1:1
521143,521143,1:1
521149,521149,1:1
521151,521151,1:1
521152,521152,1:1
521159,521159,1:1
521211,521211,1:1
521212,521212,1:1
521213,521213,1:1
521214,521214,1:1
521215,521215,1:1
521221,521221,1:1
521222,521222,1:1
521223,521223,1:1
521224,521224,1:1
521225,521225,1:1
530110,530110,1:1
530121,530121,1:1
530129,530129,1:1
530130,530130,1:1
530210,530210,1:1
530290,530290,1:1
530310,530310,1:1
530390,530390,1:1
530500,530500,1:1
530610,530610,1:1
530620,530620,1:1
530710,530710,1:1
530720,530720,1:1
530810,530810,1:1
530820,530820,1:1
530890,530890,1:1
530911,530911,1:1
530919,530919,1:1
530921,530921,1:1
530929,530929,1:1
531010,531010,1:1
531090,531090,1:1
531100,531100,1:1
540110,540110,1:1
540120,540120,1:1
540211,540211,1:1
540219,540219,1:1
540220,540220,1:1
540231,540231,1:1
540232,540232,1:1
540233,540233,1:1
540234,540234,1:1
540239,540239,1:1
540244,540244,1:1
540245,540245,1:1
540246,540246,1:1
540247,540247,1:1
540248,540248,1:1
540249,540249,1:1
540251,540251,1:1
540252,540252,1:1
540253,540259,n:1
540259,540259,n:1
540261,540261,1:1
540262,540262,1:1
540263,540269,n:1
540269,540269,n:1
540310,540310,1:1
540331,540331,1:1
540332,540332,1:1
540333,540333,1:1
540339,540339,1:1
540341,540341,1:1
540342,540342,1:1
540349,540349,1:1
540411,540411,1:1
540412,540412,1:1
540419,540419,1:1
540490,540490,1:1
540500,540500,1:1
540600,540600,1:1
540710,540710,1:1
540720,540720,1:1
540730,540730,1:1
540741,540741,1:1
540742,540742,1:1
540743,540743,1:1
540744,540744,1:1
540751,540751,1:1
540752,540752,1:1
540753,540753,1:1
540754,540754,1:1
540761,540761,1:1
540769,540769,1:1
540771,540771,1:1
540772,540772,1:1
540773,540773,1:1
540774,540774,1:1
540781,540781,1:1
540782,540782,1:1
540783,540783,1:1
540784,540784,1:1
540791,540791,1:1
540792,540792,1:1
540793,540793,1:1
540794,540794,1:1
540810,540810,1:1
540821,540821,1:1
540822,540822,1:1
540823,540823,1:1
540824,540824,1:1
540831,540831,1:1
540832,540832,1:1
540833,540833,1:1
540834,540834,1:1
550111,550110,n:1
550119,550110,n:1
550120,550120,1:1
550130,550130,1:1
550140,550140,1:1
550190,550190,1:1
550210,550200,n:1
550290,550200,n:1
550311,550311,1:1
550319,550319,1:1
550320,550320,1:1
550330,550330,1:1
550340,550340,1:1
550390,550390,1:1
550410,550410,1:1
550490,550490,1:1
550510,550510,1:1
550520,550520,1:1
550610,550610,1:1
550620,550620,1:1
550630,550630,1:1
550640,550690,n:1
550690,550690,n:1
550700,550700,1:1
550810,550810,1:1
550820,550820,1:1
550911,550911,1:1
550912,550912,1:1
550921,550921,1:1
550922,550922,1:1
550931,550931,1:1
550932,550932,1:1
550941,550941,1:1
550942,550942,1:1
550951,550951,1:1
550952,550952,1:1
550953,550953,1:1
550959,550959,1:1
550961,550961,1:1
550962,550962,1:1
550969,550969,1:1
550991,550991,1:1
550992,550992,1:1
550999,550999,1:1
551011,551011,1:1
551012,551012,1:1
551020,551020,1:1
551030,551030,1:1
551090,551090,1:1
551110,551110,1:1
551120,551120,1:1
551130,551130,1:1
551211,551211,1:1
551219,551219,1:1
551221,551221,1:1
551229,551229,1:1
551291,551291,1:1
551299,551299,1:1
551311,551311,1:1
551312,551312,1:1
551313,551313,1:1
551319,551319,1:1
551321,551321,1:1
551323,551323,1:1
551329,551329,1:1
551331,551331,1:1
551339,551339,1:1
551341,551341,1:1
551349,551349,1:1
551411,551411,1:1
551412,551412,1:1
551419,551419,1:1
551421,551421,1:1
551422,551422,1:1
551423,551423,1:1
551429,551429,1:1
551430,551430,1:1
551441,551441,1:1
551442,551442,1:1
551443,551443,1:1
551449,551449,1:1
551511,551511,1:1
551512,551512,1:1
551513,551513,1:1
551519,551519,1:1
551521,551521,1:1
551522,551522,1:1
551529,551529,1:1
551591,551591,1:1
551599,551599,1:1
551611,551611,1:1
551612,551612,1:1
551613,551613,1:1
551614,551614,1:1
551621,551621,1:1
551622,551622,1:1
551623,551623,1:1
551624,551624,1:1
551631,551631,1:1
551632,551632,1:1
551633,551633,1:1
551634,551634,1:1
551641,551641,1:1
551642,551642,1:1
551643,551643,1:1
551644,551644,1:1
551691,551691,1:1
551692,551692,1:1
551693,551693,1:1
551694,551694,1:1
560121,560121,1:1
560122,560122,1:1
560129,560129,1:1
560130,560130,1:1
560210,560210,1:1
560221,560221,1:1
560229,560229,1:1
560290,560290,1:1
560311,560311,1:1
560312,560312,1:1
560313,560313,1:1
560314,560314,1:1
560391,560391,1:1
560392,560392,1:1
560393,560393,1:1
560394,560394,1:1
560410,560410,1:1
560490,560490,1:1
560500,560500,1:1
560600,560600,1:1
560721,560721,1:1
560729,560729,1:1
560741,560741,1:1
560749,560749,1:1
560750,560750,1:1
560790,560790,1:1
560811,560811,1:1
560819,560819,1:1
560890,560890,1:1
560900,560900,1:1
570110,570110,1:1
570190,570190,1:1
570210,570210,1:1
570220,570220,1:1
570231,570231,1:1
570232,570232,1:1
570239,570239,1:1
570241,570241,1:1
570242,570242,1:1
570249,570249,1:1
570250,570250,1:1
570291,570291,1:1
570292,570292,1:1
570299,570299,1:1
570310,570310,1:1
570321,570320,n:1
570329,570320,n:1
570331,570330,n:1
570339,570330,n:1
570390,570390,1:1
570410,570410,1:1
570420,570490,n:1
570490,570490,n:1
570500,570500,1:1
580110,580110,1:1
580121,580121,1:1
580122,580122,1:1
580123,580123,1:1
580126,580126,1:1
580127,580127,1:1
580131,580131,1:1
580132,580132,1:1
580133,580133,1:1
580136,580136,1:1
580137,580137,1:1
580190,580190,1:1
580210,580211,1:n
580210,580219,1:n
580220,580220,1:1
580230,580230,1:1
580300,580300,1:1
580410,580410,1:1
580421,580421,1:1
580429,580429,1:1
580430,580430,1:1
580500,580500,1:1
580610,580610,1:1
580620,580620,1:1
580631,580631,1:1
580632,580632,1:1
580639,580639,1:1
580640,580640,1:1
580710,580710,1:1
580790,580790,1:1
580810,580810,1:1
580890,580890,1:1
580900,580900,1:1
581010,581010,1:1
581091,581091,1:1
581092,581092,1:1
581099,581099,1:1
581100,581100,1:1
590110,590110,1:1
590190,590190,1:1
590210,590210,1:1
590220,590220,1:1
590290,590290,1:1
590310,590310,1:1
590320,590320,1:1
590390,590390,1:1
590410,590410,1:1
590490,590490,1:1
590500,590500,1:1
590610,590610,1:1
590691,590691,1:1
590699,590699,1:1
590700,590700,1:1
590800,590800,1:1
590900,590900,1:1
591000,591000,1:1
591110,591110,1:1
591120,591120,1:1
591131,591131,1:1
591132,591132,1:1
591140,591140,1:1
591190,591190,1:1
600110,600110,1:1
600121,600121,1:1
600122,600122,1:1
600129,600129,1:1
600191,600191,1:1
600192,600192,1:1
600199,600199,1:1
600240,600240,1:1
600290,600290,1:1
600310,600310,1:1
600320,600320,1:1
600330,600330,1:1
600340,600340,1:1
600390,600390,1:1
600410,600410,1:1
600490,600490,1:1
600521,600521,1:1
600522,600522,1:1
600523,600523,1:1
600524,600524,1:1
600535,600531,n:n
600535,600532,n:n
600535,600533,n:n
600535,600534,n:n
600536,600531,n:1
600537,600532,n:1
600538,600533,n:1
600539,600534,n:1
600541,600541,1:1
600542,600542,1:1
600543,600543,1:1
600544,600544,1:1
600590,600590,1:1
600610,600610,1:1
600621,600621,1:1
600622,600622,1:1
600623,600623,1:1
600624,600624,1:1
600631,600631,1:1
600632,600632,1:1
600633,600633,1:1
600634,600634,1:1
600641,600641,1:1
600642,600642,1:1
600643,600643,1:1
600644,600644,1:1
600690,600690,1:1
610120,610120,1:1
610130,610130,1:1
610190,610190,1:1
610210,610210,1:1
610220,610220,1:1
610230,610230,1:1
610290,610290,1:1
610310,610310,1:1
610322,610322,1:1
610323,610323,1:1
610329,610329,1:1
610331,610331,1:1
610332,610332,1:1
610333,610333,1:1
610339,610339,1:1
610341,610341,1:1
610342,610342,1:1
610343,610343,1:1
610349,610349,1:1
610413,610413,1:1
610419,610419,1:1
610422,610422,1:1
610423,610423,1:1
610429,610429,1:1
610431,610431,1:1
610432,610432,1:1
610433,610433,1:1
610439,610439,1:1
610441,610441,1:1
610442,610442,1:1
610443,610443,1:1
610444,610444,1:1
610449,610449,1:1
610451,610451,1:1
610452,610452,1:1
610453,610453,1:1
610459,610459,1:1
610461,610461,1:1
610462,610462,1:1
610463,610463,1:1
610469,610469,1:1
610510,610510,1:1
610520,610520,1:1
610590,610590,1:1
610610,610610,1:1
610620,610620,1:1
610690,610690,1:1
610711,610711,1:1
610712,610712,1:1
610719,610719,1:1
610721,610721,1:1
610722,610722,1:1
610729,610729,1:1
610791,610791,1:1
610799,610799,1:1
610811,610811,1:1
610819,610819,1:1
610821,610821,1:1
610822,610822,1:1
610829,610829,1:1
610831,610831,1:1
610832,610832,1:1
610839,610839,1:1
610891,610891,1:1
610892,610892,1:1
610899,610899,1:1
610910,610910,1:1
610990,610990,1:1
611011,611011,1:1
611012,611012,1:1
611019,611019,1:1
611020,611020,1:1
611030,611030,1:1
611090,611090,1:1
611120,611120,1:1
611130,611130,1:1
611190,611190,1:1
611211,611211,1:1
611212,611212,1:1
611219,611219,1:1
611220,611220,1:1
611231,611231,1:1
611239,611239,1:1
611241,611241,1:1
611249,611249,1:1
611300,611300,1:1
611420,611420,1:1
611430,611430,1:1
611490,611490,1:1
611510,611510,1:1
611521,611521,1:1
611522,611522,1:1
611529,611529,1:1
611530,611530,1:1
611594,611594,1:1
611595,611595,1:1
611596,611596,1:1
611599,611599,1:1
611610,611610,1:n
611610,611691,n:n
611610,611692,n:n
611610,611693,n:n
611610,611699,n:n
611691,611691,n:1
611692,611692,n:1
611693,611693,n:1
611699,611699,n:1
611710,611710,1:1
611780,611780,1:1
611790,611790,1:1
620120,620111,1:n
620120,620191,1:n
620130,620112,1:n
620130,620192,1:n
620140,620113,1:n
620140,620193,1:n
620190,620119,1:n
620190,620199,1:n
620220,620211,1:n
620220,620291,1:n
620230,620212,1:n
620230,620292,1:n
620240,620213,1:n
620240,620293,1:n
620290,620219,1:n
620290,620299,1:n
620311,620311,1:1
620312,620312,1:1
620319,620319,1:1
620322,620322,1:1
620323,620323,1:1
620329,620329,1:1
620331,620331,1:1
620332,620332,1:1
620333,620333,1:1
620339,620339,1:1
620341,620341,1:1
620342,620342,1:1
620343,620343,1:1
620349,620349,1:1
620411,620411,1:1
620412,620412,1:1
620413,620413,1:1
620419,620419,1:1
620421,620421,1:1
620422,620422,1:1
620423,620423,1:1
620429,620429,1:1
620431,620431,1:1
620432,620432,1:1
620433,620433,1:1
620439,620439,1:1
620441,620441,1:1
620442,620442,1:1
620443,620443,1:1
620444,620444,1:1
620449,620449,1:1
620451,620451,1:1
620452,620452,1:1
620453,620453,1:1
620459,620459,1:1
620461,620461,1:1
620462,620462,1:1
620463,620463,1:1
620469,620469,1:1
620520,620520,1:1
620530,620530,1:1
620590,620590,1:1
620610,620610,1:1
620620,620620,1:1
620630,620630,1:1
620640,620640,1:1
620690,620690,1:1
620711,620711,1:1
620719,620719,1:1
620721,620721,1:1
620722,620722,1:1
620729,620729,1:1
620791,620791,1:1
620799,620799,1:1
620811,620811,1:1
620819,620819,1:1
620821,620821,1:1
620822,620822,1:1
620829,620829,1:1
620891,620891,1:1
620892,620892,1:1
620899,620899,1:1
620920,620920,1:1
620930,620930,1:1
620990,620990,1:1
621010,621010,1:1
621020,621020,1:n
621020,621040,n:n
621030,621030,1:n
621030,621050,n:n
621040,621040,n:1
621050,621050,n:1
621111,621111,1:1
621112,621112,1:1
621120,621120,1:1
621132,621132,1:1
621133,621133,1:1
621139,621139,1:1
621142,621142,1:1
621143,621143,1:1
621149,621149,1:1
621210,621210,1:1
621220,621220,1:1
621230,621230,1:1
621290,621290,1:1
621320,621320,1:1
621390,621390,1:1
621410,621410,1:1
621420,621420,1:1
621430,621430,1:1
621440,621440,1:1
621490,621490,1:1
621510,621510,1:1
621520,621520,1:1
621590,621590,1:1
621600,621600,1:1
621710,621710,1:1
621790,621790,1:1
630110,630110,1:1
630120,630120,1:1
630130,630130,1:1
630140,630140,1:1
630190,630190,1:1
630210,630210,1:1
630221,630221,1:1
630222,630222,1:1
630229,630229,1:1
630231,630231,1:1
630232,630232,1:1
630239,630239,1:1
630240,630240,1:1
630251,630251,1:1
630253,630253,1:1
630259,630259,1:1
630260,630260,1:1
630291,630291,1:1
630293,630293,1:1
630299,630299,1:1
630312,630312,1:1
630319,630319,1:1
630391,630391,1:1
630392,630392,1:1
630399,630399,1:1
630411,630411,1:1
630419,630419,1:1
630420,630491,n:1
630491,630491,n:1
630492,630492,1:1
630493,630493,1:1
630499,630499,1:1
630510,630510,1:1
630520,630520,1:1
630532,630532,1:1
630533,630533,1:1
630539,630539,1:1
630590,630590,1:1
630612,630612,1:1
630619,630619,1:1
630622,630622,1:1
630629,630629,1:1
630630,630630,1:1
630640,630640,1:1
630690,630690,1:1
630710,630710,1:1
630720,630720,1:1
630790,630790,1:1
630800,630800,1:1
630900,630900,1:1
631010,631010,1:1
631090,631090,1:1
640110,640110,1:1
640192,640192,1:1
640199,640199,1:1
640212,640212,1:1
640219,640219,1:1
640220,640220,1:1
640291,640291,1:1
640299,640299,1:1
640312,640312,1:1
640319,640319,1:1
640320,640320,1:1
640340,640340,1:1
640351,640351,1:1
640359,640359,1:1
640391,640391,1:1
640399,640399,1:1
640411,640411,1:1
640419,640419,1:1
640420,640420,1:1
640510,640510,1:1
640520,640520,1:1
640590,640590,1:1
640610,640610,1:1
640620,640620,1:1
640690,640690,1:1
650100,650100,1:1
650200,650200,1:1
650400,650400,1:1
650500,650500,1:1
650610,650610,1:1
650691,650691,1:1
650699,650699,1:1
650700,650700,1:1
660110,660110,1:1
660191,660191,1:1
660199,660199,1:1
660200,660200,1:1
660320,660320,1:1
660390,660390,1:1
670100,670100,1:1
670210,670210,1:1
670290,670290,1:1
670300,670300,1:1
670411,670411,1:1
670419,670419,1:1
670420,670420,1:1
670490,670490,1:1
680100,680100,1:1
680210,680210,1:1
680221,680221,1:1
680223,680223,1:1
680229,680229,1:1
680291,680291,1:1
680292,680292,1:1
680293,680293,1:1
680299,680299,1:1
680300,680300,1:1
680410,680410,1:1
680421,680421,1:1
680422,680422,1:1
680423,680423,1:1
680430,680430,1:1
680510,680510,1:1
680520,680520,1:1
680530,680530,1:1
680610,680610,1:1
680620,680620,1:1
680690,680690,1:1
680710,680710,1:1
680790,680790,1:1
680800,680800,1:1
680911,680911,1:1
680919,680919,1:1
680990,680990,1:1
681011,681011,1:1
681019,681019,1:1
681091,681091,1:1
681099,681099,1:1
681140,681140,1:1
681181,681181,1:1
681182,681182,1:1
681189,681189,1:1
681280,681280,1:1
681291,681291,1:1
681299,681292,1:n
681299,681293,1:n
681299,681299,1:n
681320,681320,1:1
681381,681381,1:1
681389,681389,1:1
681410,681410,1:1
681490,681490,1:1
681511,681599,n:1
681512,681599,n:1
681513,681599,n:1
681519,681510,n:1
681520,681520,1:1
681591,681591,1:n
681591,681599,n:n
681599,681599,n:1
690100,690100,1:1
690210,690210,1:1
690220,690220,1:1
690290,690290,1:1
690310,690310,1:1
690320,690320,1:1
690390,690390,1:1
690410,690410,1:1
690490,690490,1:1
690510,690510,1:1
690590,690590,1:1
690600,690600,1:1
690721,690710,n:n
690721,690790,n:n
690721,690810,n:n
690721,690890,n:n
690722,690710,n:n
690722,690790,n:n
690722,690810,n:n
690722,690890,n:n
690723,690710,n:n
690723,690790,n:n
690723,690810,n:n
690723,690890,n:n
690730,690710,n:n
690730,690790,n:n
690730,690810,n:n
690730,690890,n:n
690740,690710,n:n
690740,690790,n:n
690740,690810,n:n
690740,690890,n:n
690911,690911,1:1
690912,690912,1:1
690919,690919,1:1
690990,690990,1:1
691010,691010,1:1
691090,691090,1:1
691110,691110,1:1
691190,691190,1:1
691200,691200,1:1
691310,691310,1:1
691390,691390,1:1
691410,691410,1:1
691490,691490,1:1
700100,700100,n:1
700210,700210,1:1
700220,700220,1:1
700231,700231,1:1
700232,700232,1:1
700239,700239,1:1
700312,700312,1:1
700319,700319,1:1
700320,700320,1:1
700330,700330,1:1
700420,700420,1:1
700490,700490,1:1
700510,700510,1:1
700521,700521,1:1
700529,700529,1:1
700530,700530,1:1
700600,700600,1:1
700711,700711,1:1
700719,700719,1:1
700721,700721,1:1
700729,700729,1:1
700800,700800,1:1
700910,700910,1:1
700991,700991,1:1
700992,700992,1:1
701010,701010,1:1
701020,701020,1:1
701090,701090,1:1
701110,701110,1:1
701120,701120,1:1
701190,701190,1:1
701310,701310,1:1
701322,701322,1:1
701328,701328,1:1
701333,701333,1:1
701337,701337,1:1
701341,701341,1:1
701342,701342,1:1
701349,701349,1:1
701391,701391,1:1
701399,701399,1:1
701400,701400,1:1
701510,701510,1:1
701590,701590,1:1
701610,701610,1:1
701690,701690,1:1
701710,701710,1:1
701720,701720,1:1
701790,701790,1:1
701810,701810,1:1
701820,701820,1:1
701890,701890,1:1
701911,701911,1:1
701912,701912,1:1
701913,701919,1:1
701914,701931,n:1
701915,701931,n:1
701919,701931,n:1
701961,701940,n:1
701962,701939,n:1
701963,701951,n:n
701963,701952,n:n
701963,701959,n:n
701964,701951,n:n
701964,701952,n:n
701964,701959,n:n
701965,701940,n:n
701965,701951,n:n
701966,701940,n:n
701966,701952,n:n
701966,701959,n:n
701969,701939,n:n
701969,701951,n:n
701969,701959,n:n
701971,701932,1:1
701972,701939,n:1
701973,701939,n:1
701980,701939,n:n
701980,701990,n:n
701990,701939,n:n
701990,701940,n:n
701990,701951,n:n
701990,701952,n:n
701990,701959,n:n
701990,701990,n:n
702000,702000,1:1
710110,710110,1:1
710121,710121,1:1
710122,710122,1:1
710210,710210,1:1
710221,710221,1:1
710229,710229,1:1
710231,710231,1:1
710239,710239,1:1
710310,710310,1:1
710391,710391,1:1
710399,710399,1:1
710410,710410,1:1
710421,710420,n:1
710429,710420,n:1
710491,710490,n:1
710499,710490,n:1
710510,710510,1:1
710590,710590,1:1
710610,710610,1:1
710691,710691,1:1
710692,710692,1:1
710700,710700,1:1
710811,710811,1:1
710812,710812,1:1
710813,710813,1:1
710820,710820,1:1
710900,710900,1:1
711011,711011,1:1
711019,711019,1:1
711021,711021,1:1
711029,711029,1:1
711031,711031,1:1
711039,711039,1:1
711041,711041,1:1
711049,711049,1:1
711100,711100,1:1
711230,711230,n:1
711291,711291,n:1
711292,711292,n:1
711299,711299,n:1
711311,711311,1:1
711319,711319,1:1
711320,711320,1:1
711411,711411,1:1
711419,711419,1:1
711420,711420,1:1
711510,711510,1:1
711590,711590,1:1
711610,711610,1:1
711620,711620,1:1
711711,711711,1:1
711719,711719,1:1
711790,711790,1:1
711810,711810,1:1
711890,711890,1:1
720110,720110,1:1
720120,720120,1:1
720150,720150,1:1
720211,720211,1:1
720219,720219,1:1
720221,720221,1:1
720229,720229,1:1
720230,720230,1:1
720241,720241,1:1
720249,720249,1:1
720250,720250,1:1
720260,720260,1:1
720270,720270,1:1
720280,720280,1:1
720291,720291,1:1
720292,720292,1:1
720293,720293,1:1
720299,720299,1:1
720310,720310,1:1
720390,720390,1:1
720410,720410,1:1
720421,720421,1:1
720429,720429,1:1
720430,720430,1:1
720441,720441,1:1
720449,720449,1:1
720450,720450,1:1
720510,720510,1:1
720521,720521,1:1
720529,720529,1:1
720610,720610,1:1
720690,720690,1:1
720711,720711,1:1
720712,720712,1:1
720719,720719,1:1
720720,720720,1:1
720810,720810,1:1
720825,720825,1:1
720826,720826,1:1
720827,720827,1:1
720836,720836,1:1
720837,720837,1:1
720838,720838,1:1
720839,720839,1:1
720840,720840,1:1
720851,720851,1:1
720852,720852,1:1
720853,720853,1:1
720854,720854,1:1
720890,720890,1:1
720915,720915,1:1
720916,720916,1:1
720917,720917,1:1
720918,720918,1:1
720925,720925,1:1
720926,720926,1:1
720927,720927,1:1
720928,720928,1:1
720990,720990,1:1
721011,721011,1:1
721012,721012,1:1
721020,721020,1:1
721030,721030,1:1
721041,721041,1:1
721049,721049,1:1
721050,721050,1:1
721061,721061,1:1
721069,721069,1:1
721070,721070,1:1
721090,721090,1:1
721113,721113,1:1
721114,721114,1:1
721119,721119,1:1
721123,721123,1:1
721129,721129,1:1
721190,721190,1:1
721210,721210,1:1
721220,721220,1:1
721230,721230,1:1
721240,721240,1:1
721250,721250,1:1
721260,721260,1:1
721310,721310,1:1
721320,721320,1:1
721391,721391,1:1
721399,721399,1:1
721410,721410,1:1
721420,721420,1:1
721430,721430,1:1
721491,721491,1:1
721499,721499,1:1
721510,721510,1:1
721550,721550,1:1
721590,721590,1:1
721610,721610,1:1
721621,721621,1:1
721622,721622,1:1
721631,721631,1:1
721632,721632,1:1
721633,721633,1:1
721640,721640,1:1
721650,721650,1:1
721661,721661,1:1
721669,721669,1:1
721691,721691,1:1
721699,721699,1:1
721710,721710,1:1
721720,721720,1:1
721730,721730,1:1
721790,721790,1:1
721810,721810,1:1
721891,721891,1:1
721899,721899,1:1
721911,721911,1:1
721912,721912,1:1
721913,721913,1:1
721914,721914,1:1
721921,721921,1:1
721922,721922,1:1
721923,721923,1:1
721924,721924,1:1
721931,721931,1:1
721932,721932,1:1
721933,721933,1:1
721934,721934,1:1
721935,721935,1:1
721990,721990,1:1
722011,722011,1:1
722012,722012,1:1
722020,722020,1:1
722090,722090,1:1
722100,722100,1:1
722211,722211,1:1
722219,722219,1:1
722220,722220,1:1
722230,722230,1:1
722240,722240,1:1
722300,722300,1:1
722410,722410,1:1
722490,722490,1:1
722511,722511,1:1
722519,722519,1:1
722530,722530,1:1
722540,722540,1:1
722550,722550,1:1
722591,722591,1:1
722592,722592,1:1
722599,722599,1:1
722611,722611,1:1
722619,722619,1:1
722620,722620,1:1
722691,722691,1:1
722692,722692,1:1
722699,722699,1:1
722710,722710,1:1
722720,722720,1:1
722790,722790,1:1
722810,722810,1:1
722820,722820,1:1
722830,722830,1:1
722840,722840,1:1
722850,722850,1:1
722860,722860,1:1
722870,722870,1:1
722880,722880,1:1
722920,722920,1:1
722990,722990,1:1
730110,730110,1:1
730120,730120,1:1
730210,730210,1:1
730230,730230,1:1
730240,730240,1:1
730290,730290,1:1
730300,730300,1:1
730411,730411,1:1
730419,730419,1:1
730422,730422,1:1
730423,730423,1:1
730424,730424,1:1
730429,730429,1:1
730431,730431,1:1
730439,730439,1:1
730441,730441,1:1
730449,730449,1:1
730451,730451,1:1
730459,730459,1:1
730490,730490,1:1
730511,730511,1:1
730512,730512,1:1
730519,730519,1:1
730520,730520,1:1
730531,730531,1:1
730539,730539,1:1
730590,730590,1:1
730611,730611,1:1
730619,730619,1:1
730621,730621,1:1
730629,730629,1:1
730630,730630,1:1
730640,730640,1:1
730650,730650,1:1
730661,730661,1:1
730669,730669,1:1
730690,730690,1:1
730711,730711,1:1
730719,730719,1:1
730721,730721,1:1
730722,730722,1:1
730723,730723,1:1
730729,730729,1:1
730791,730791,1:1
730792,730792,1:1
730793,730793,1:1
730799,730799,1:1
730810,730810,1:1
730820,730820,1:1
730830,730830,1:1
730840,730840,1:1
730890,730890,1:1
730900,730900,1:1
731010,731010,1:1
731021,731021,1:1
731029,731029,1:1
731100,731100,1:1
731210,731210,1:1
731290,731290,1:1
731300,731300,1:1
731412,731412,1:1
731414,731414,1:1
731419,731419,1:1
731420,731420,1:1
731431,731431,1:1
731439,731439,1:1
731441,731441,1:1
731442,731442,1:1
731449,731449,1:1
731450,731450,1:1
731511,731511,1:1
731512,731512,1:1
731519,731519,1:1
731520,731520,1:1
731581,731581,1:1
731582,731582,1:1
731589,731589,1:1
731590,731590,1:1
731600,731600,1:1
731700,731700,n:1
731811,731811,1:1
731812,731812,1:1
731813,731813,1:1
731814,731814,n:1
731815,731815,n:1
731816,731816,n:1
731819,731819,n:1
731821,731821,1:1
731822,731822,n:1
731823,731823,1:1
731824,731824,n:1
731829,731829,n:1
731940,731940,1:1
731990,731990,1:1
732010,732010,1:1
732020,732020,1:1
732090,732090,1:1
732111,732111,1:1
732112,732112,1:1
732119,732119,1:1
732181,732181,1:1
732182,732182,1:1
732189,732189,1:1
732190,732190,1:1
732211,732211,1:1
732219,732219,1:1
732290,732290,1:1
732310,732310,1:1
732391,732391,1:1
732392,732392,1:1
732393,732393,1:1
732394,732394,1:1
732399,732399,1:1
732410,732410,1:1
732421,732421,1:1
732429,732429,1:1
732490,732490,1:1
732510,732510,1:1
732591,732591,1:1
732599,732599,1:1
732611,732611,1:1
732619,732619,1:1
732620,732620,1:1
732690,732690,n:1
740100,740100,1:1
740200,740200,1:1
740311,740311,1:1
740312,740312,1:1
740313,740313,1:1
740319,740319,1:1
740321,740321,1:1
740322,740322,1:1
740329,740329,1:1
740400,740400,1:1
740500,740500,1:1
740610,740610,1:1
740620,740620,1:1
740710,740710,1:1
740721,740721,1:1
740729,740729,1:1
740811,740811,1:1
740819,740819,1:1
740821,740821,1:1
740822,740822,1:1
740829,740829,1:1
740911,740911,1:1
740919,740919,1:1
740921,740921,1:1
740929,740929,1:1
740931,740931,1:1
740939,740939,1:1
740940,740940,1:1
740990,740990,1:1
741011,741011,1:1
741012,741012,1:1
741021,741021,1:1
741022,741022,1:1
741110,741110,1:1
741121,741121,1:1
741122,741122,1:1
741129,741129,1:1
741210,741210,1:1
741220,741220,1:1
741300,741300,1:1
741510,741510,1:1
741521,741521,1:1
741529,741529,1:1
741533,741533,1:1
741539,741539,1:1
741810,741810,1:1
741820,741820,1:1
741920,741910,n:n
741920,741991,1:n
741980,741910,n:n
741980,741999,1:n
750110,750110,1:1
750120,750120,1:1
750210,750210,1:1
750220,750220,1:1
750300,750300,1:1
750400,750400,1:1
750511,750511,1:1
750512,750512,1:1
750521,750521,1:1
750522,750522,1:1
750610,750610,1:1
750620,750620,1:1
750711,750711,1:1
750712,750712,1:1
750720,750720,1:1
750810,750810,1:1
750890,750890,1:1
760110,760110,1:1
760120,760120,1:1
760200,760200,1:1
760310,760310,1:1
760320,760320,1:1
760410,760410,1:1
760421,760421,1:1
760429,760429,1:1
760511,760511,1:1
760519,760519,1:1
760521,760521,1:1
760529,760529,1:1
760611,760611,1:1
760612,760612,1:1
760691,760691,1:1
760692,760692,1:1
760711,760711,1:1
760719,760719,1:1
760720,760720,1:1
760810,760810,1:1
760820,760820,1:1
760900,760900,1:1
761010,761010,1:1
761090,761090,1:1
761100,761100,1:1
761210,761210,1:1
761290,761290,1:1
761300,761300,1:1
761410,761410,1:1
761490,761490,1:1
761510,761510,1:1
761520,761520,1:1
761610,761610,1:1
761691,761691,1:1
761699,761699,n:1
780110,780110,1:1
780191,780191,1:1
780199,780199,1:1
780200,780200,1:1
780411,780411,1:1
780419,780419,1:1
780420,780420,1:1
780600,780600,1:1
790111,790111,1:1
790112,790112,1:1
790120,790120,1:1
790200,790200,1:1
790310,790310,1:1
790390,790390,1:1
790400,790400,1:1
790500,790500,1:1
790700,790700,1:1
800110,800110,1:1
800120,800120,1:1
800200,800200,1:1
800300,800300,1:1
800700,800700,1:1
810110,810110,1:1
810194,810194,1:1
810196,810196,1:1
810197,810197,1:1
810199,810199,1:1
810210,810210,1:1
810294,810294,1:1
810295,810295,1:1
810296,810296,1:1
810297,810297,1:1
810299,810299,1:1
810320,810320,1:1
810330,810330,1:1
810391,810390,n:1
810399,810390,n:1
810411,810411,1:1
810419,810419,1:1
810420,810420,1:1
810430,810430,1:1
810490,810490,1:1
810520,810520,1:1
810530,810530,1:1
810590,810590,1:1
810610,810600,n:1
810690,810600,n:1
810820,810820,1:1
810830,810830,1:1
810890,810890,n:1
810921,810920,n:1
810929,810920,n:1
810931,810930,n:1
810939,810930,n:1
810991,810990,n:1
810999,810990,n:1
811010,811010,1:1
811020,811020,1:1
811090,811090,1:1
811100,811100,1:1
811212,811212,1:1
811213,811213,1:1
811219,811219,1:1
811221,811221,1:1
811222,811222,1:1
811229,811229,1:1
811231,811292,n:1
811239,811299,n:1
811241,811292,n:1
811249,811299,n:1
811251,811251,1:1
811252,811252,1:1
811259,811259,1:1
811261,810730,1:1
811269,810720,1:n
811269,810790,1:n
811292,811292,n:1
811299,811299,n:1
811300,811300,1:1
820110,820110,1:1
820130,820130,1:1
820140,820140,1:1
820150,820150,1:1
820160,820160,1:1
820190,820190,1:1
820210,820210,1:1
820220,820220,1:1
820231,820231,1:1
820239,820239,1:1
820240,820240,1:1
820291,820291,1:1
820299,820299,1:1
820310,820310,1:1
820320,820320,1:1
820330,820330,1:1
820340,820340,1:1
820411,820411,1:1
820412,820412,1:1
820420,820420,1:1
820510,820510,1:1
820520,820520,1:1
820530,820530,1:1
820540,820540,1:1
820551,820551,1:1
820559,820559,1:1
820560,820560,1:1
820570,820570,1:1
820590,820590,1:1
820600,820600,1:1
820713,820713,1:1
820719,820719,1:1
820720,820720,1:1
820730,820730,1:1
820740,820740,1:1
820750,820750,1:1
820760,820760,1:1
820770,820770,1:1
820780,820780,1:1
820790,820790,1:1
820810,820810,1:1
820820,820820,1:1
820830,820830,1:1
820840,820840,1:1
820890,820890,1:1
820900,820900,1:1
821000,821000,1:1
821110,821110,1:1
821191,821191,1:1
821192,821192,1:1
821193,821193,1:1
821194,821194,1:1
821195,821195,1:1
821210,821210,1:1
821220,821220,1:1
821290,821290,1:1
821300,821300,1:1
821410,821410,1:1
821420,821420,1:1
821490,821490,1:1
821510,821510,1:1
821520,821520,1:1
821591,821591,1:1
821599,821599,1:1
830110,830110,1:1
830120,830120,1:1
830130,830130,1:1
830140,830140,1:1
830150,830150,1:1
830160,830160,1:1
830170,830170,1:1
830210,830210,1:1
830220,830220,1:1
830230,830230,1:1
830241,830241,1:1
830242,830242,1:1
830249,830249,1:1
830250,830250,1:1
830260,830260,1:1
830300,830300,1:1
830400,830400,1:1
830510,830510,1:1
830520,830520,1:1
830590,830590,1:1
830610,830610,1:1
830621,830621,1:1
830629,830629,1:1
830630,830630,1:1
830710,830710,1:1
830790,830790,1:1
830810,830810,1:1
830820,830820,1:1
830890,830890,1:1
830910,830910,1:1
830990,830990,1:1
831000,831000,1:1
831110,831110,1:1
831120,831120,1:1
831130,831130,1:1
831190,831190,1:1
840110,840110,n:1
840120,840120,n:1
840130,840130,n:1
840140,840140,n:1
840211,840211,n:1
840212,840212,n:1
840219,840219,n:1
840220,840220,n:1
840290,840290,n:1
840310,840310,n:1
840390,840390,n:1
840410,840410,n:1
840420,840420,n:1
840490,840490,n:1
840510,840510,n:1
840590,840590,n:1
840610,840610,n:1
840681,840681,n:1
840682,840682,n:1
840690,840690,n:1
840710,840710,n:1
840721,840721,n:1
840729,840729,n:1
840731,840731,n:1
840732,840732,n:1
840733,840733,n:1
840734,840734,n:1
840790,840790,n:1
840810,840810,n:1
840820,840820,n:1
840890,840890,n:1
840910,840910,n:1
840991,840991,n:1
840999,840999,n:1
841011,841011,n:1
841012,841012,n:1
841013,841013,n:1
841090,841090,n:1
841111,841111,n:1
841112,841112,n:1
841121,841121,n:1
841122,841122,n:1
841181,841181,n:1
841182,841182,n:1
841191,841191,n:1
841199,841199,n:1
841210,841210,n:1
841221,841221,n:1
841229,841229,n:1
841231,841231,n:1
841239,841239,n:1
841280,841280,n:1
841290,841290,n:1
841311,841311,n:1
841319,841319,n:1
841320,841320,n:1
841330,841330,n:1
841340,841340,n:1
841350,841350,n:1
841360,841360,n:1
841370,841370,n:1
841381,841381,n:1
841382,841382,n:1
841391,841391,n:1
841392,841392,n:1
841410,841410,n:1
841420,841420,n:1
841430,841430,n:1
841440,841440,n:1
841451,841451,n:1
841459,841459,n:1
841460,841460,n:1
841470,841460,n:n
841470,841480,n:n
841470,842139,n:n
841480,841480,n:1
841490,841490,n:n
841490,842199,n:n
841510,841510,n:1
841520,841520,n:1
841581,841581,n:1
841582,841582,n:1
841583,841583,n:1
841590,841590,n:1
841610,841610,n:1
841620,841620,n:1
841630,841630,n:1
841690,841690,n:1
841710,841710,n:1
841720,841720,n:1
841780,841780,n:1
841790,841790,n:1
841810,841810,n:n
841810,841850,n:n
841821,841821,n:1
841829,841829,n:1
841830,841830,n:1
841840,841840,n:1
841850,841850,n:1
841861,841861,n:1
841869,841869,n:1
841891,841891,n:1
841899,841899,n:1
841911,841911,n:1
841912,841919,n:1
841919,841919,n:1
841920,841920,n:1
841933,841931,n:n
841933,841932,n:n
841933,841939,n:n
841934,841931,n:1
841935,841932,n:1
841939,841939,n:1
841940,841940,n:1
841950,841950,n:1
841960,841960,n:1
841981,841981,n:1
841989,841989,n:1
841990,841990,n:1
842010,842010,n:1
842091,842091,n:1
842099,842099,n:1
842111,842111,n:1
842112,842112,n:1
842119,842119,n:1
842121,842121,n:1
842122,842122,n:1
842123,842123,n:1
842129,842129,n:1
842131,842131,n:1
842132,842139,n:1
842139,842139,n:1
842191,842191,n:1
842199,842199,n:1
842211,842211,n:1
842219,842219,n:1
842220,842220,n:1
842230,842230,n:1
842240,842240,n:1
842290,842290,n:1
842310,842310,n:1
842320,842320,n:1
842330,842330,n:1
842381,842381,n:1
842382,842382,n:1
842389,842389,n:1
842390,842390,n:1
842410,842410,n:1
842420,842420,n:1
842430,842430,n:1
842441,842481,n:1
842449,842481,n:1
842482,842481,n:1
842489,842489,n:1
842490,842490,n:1
842511,842511,n:1
842519,842519,n:1
842531,842531,n:1
842539,842539,n:1
842541,842541,n:1
842542,842542,n:1
842549,842549,n:1
842611,842611,n:1
842612,842612,n:1
842619,842619,n:1
842620,842620,n:1
842630,842630,n:1
842641,842641,n:1
842649,842649,n:1
842691,842691,n:1
842699,842699,n:1
842710,842710,n:1
842720,842720,n:1
842790,842790,n:1
842810,842810,n:1
842820,842820,n:1
842831,842831,n:1
842832,842832,n:1
842833,842833,n:1
842839,842839,n:1
842840,842840,n:1
842860,842860,n:1
842870,842890,n:1
842890,842890,n:1
842911,842911,n:1
842919,842919,n:1
842920,842920,n:1
842930,842930,n:1
842940,842940,n:1
842951,842951,n:1
842952,842952,n:1
842959,842959,n:1
843010,843010,n:1
843020,843020,n:1
843031,843031,n:1
843039,843039,n:1
843041,843041,n:1
843049,843049,n:1
843050,843050,n:1
843061,843061,n:1
843069,843069,n:1
843110,843110,n:1
843120,843120,n:1
843131,843131,n:1
843139,843139,n:1
843141,843141,n:1
843142,843142,n:1
843143,843143,n:1
843149,843149,n:1
843210,843210,n:1
843221,843221,n:1
843229,843229,n:1
843231,843230,n:1
843239,843230,n:1
843241,843240,n:1
843242,843240,n:1
843280,843280,n:1
843290,843290,n:1
843311,843311,n:1
843319,843319,n:1
843320,843320,n:1
843330,843330,n:1
843340,843340,n:1
843351,843351,n:1
843352,843352,n:1
843353,843353,n:1
843359,843359,n:1
843360,843360,n:1
843390,843390,n:1
843410,843410,n:1
843420,843420,n:1
843490,843490,n:1
843510,843510,n:1
843590,843590,n:1
843610,843610,n:1
843621,843621,n:1
843629,843629,n:1
843680,843680,n:1
843691,843691,n:1
843699,843699,n:1
843710,843710,n:1
843780,843780,n:1
843790,843790,n:1
843810,843810,n:1
843820,843820,n:1
843830,843830,n:1
843840,843840,n:1
843850,843850,n:1
843860,843860,n:1
843880,843880,n:1
843890,843890,n:1
843910,843910,n:1
843920,843920,n:1
843930,843930,n:1
843991,843991,n:1
843999,843999,n:1
844010,844010,n:1
844090,844090,n:1
844110,844110,n:1
844120,844120,n:1
844130,844130,n:1
844140,844140,n:1
844180,844180,n:1
844190,844190,n:1
844230,844230,n:1
844240,844240,n:1
844250,844250,n:1
844311,844311,n:1
844312,844312,n:1
844313,844313,n:1
844314,844314,n:1
844315,844315,n:1
844316,844316,n:1
844317,844317,n:1
844319,844319,n:1
844331,844331,n:1
844332,844332,n:1
844339,844339,n:1
844391,844391,n:1
844399,844399,n:1
844400,844400,n:1
844511,844511,n:1
844512,844512,n:1
844513,844513,n:1
844519,844519,n:1
844520,844520,n:1
844530,844530,n:1
844540,844540,n:1
844590,844590,n:1
844610,844610,n:1
844621,844621,n:1
844629,844629,n:1
844630,844630,n:1
844711,844711,n:1
844712,844712,n:1
844720,844720,n:1
844790,844790,n:1
844811,844811,n:1
844819,844819,n:1
844820,844820,n:1
844831,844831,n:1
844832,844832,n:1
844833,844833,n:1
844839,844839,n:1
844842,844842,n:1
844849,844849,n:1
844851,844851,n:1
844859,844859,n:1
844900,844900,n:1
845011,845011,n:1
845012,845012,n:1
845019,845019,n:1
845020,845020,n:1
845090,845090,n:1
845110,845110,n:1
845121,845121,n:1
845129,845129,n:1
845130,845130,n:1
845140,845140,n:1
845150,845150,n:1
845180,845180,n:1
845190,845190,n:1
845210,845210,n:1
845221,845221,n:1
845229,845229,n:1
845230,845230,n:1
845290,845290,n:1
845310,845310,n:1
845320,845320,n:1
845380,845380,n:1
845390,845390,n:1
845410,845410,n:1
845420,845420,n:1
845430,845430,n:1
845490,845490,n:1
845510,845510,n:1
845521,845521,n:1
845522,845522,n:1
845530,845530,n:1
845590,845590,n:1
845611,845610,n:1
845612,845610,n:1
845620,845620,n:1
845630,845630,n:1
845640,845690,n:1
845650,845690,n:1
845690,845690,n:1
845710,845710,n:1
845720,845720,n:1
845730,845730,n:1
845811,845811,n:1
845819,845819,n:1
845891,845891,n:1
845899,845899,n:1
845910,845910,n:1
845921,845921,n:1
845929,845929,n:1
845931,845931,n:1
845939,845939,n:1
845941,845940,n:1
845949,845940,n:1
845951,845951,n:1
845959,845959,n:1
845961,845961,n:1
845969,845969,n:1
845970,845970,n:1
846012,846011,n:n
846012,846090,n:n
846019,846019,n:n
846019,846090,n:n
846022,846021,n:n
846022,846090,n:n
846023,846021,n:n
846023,846090,n:n
846024,846021,n:n
846024,846090,n:n
846029,846029,n:n
846029,846090,n:n
846031,846031,n:1
846039,846039,n:1
846040,846040,n:1
846090,846090,n:1
846120,846120,n:1
846130,846130,n:1
846140,846140,n:1
846150,846150,n:1
846190,846190,n:1
846211,846210,n:1
846219,846210,n:1
846222,846221,n:n
846222,846229,n:n
846223,846221,n:1
846224,846221,n:1
846225,846221,n:1
846226,846221,n:1
846229,846221,n:n
846229,846229,n:n
846232,846231,n:n
846232,846239,n:n
846233,846231,n:1
846239,846239,n:1
846242,846241,n:n
846242,846299,n:n
846249,846249,n:n
846249,846299,n:n
846251,846210,n:n
846251,846221,n:n
846251,846231,n:n
846251,846241,n:n
846259,846210,n:n
846259,846229,n:n
846259,846239,n:n
846259,846249,n:n
846261,846210,n:n
846261,846221,n:n
846261,846229,n:n
846261,846231,n:n
846261,846239,n:n
846261,846241,n:n
846261,846249,n:n
846261,846291,n:n
846262,846210,n:n
846262,846221,n:n
846262,846229,n:n
846262,846231,n:n
846262,846239,n:n
846262,846241,n:n
846262,846249,n:n
846262,846299,n:n
846263,846210,n:n
846263,846221,n:n
846263,846229,n:n
846263,846231,n:n
846263,846239,n:n
846263,846241,n:n
846263,846249,n:n
846263,846299,n:n
846269,846210,n:n
846269,846221,n:n
846269,846229,n:n
846269,846231,n:n
846269,846239,n:n
846269,846241,n:n
846269,846249,n:n
846269,846299,n:n
846290,846210,n:n
846290,846221,n:n
846290,846229,n:n
846290,846231,n:n
846290,846239,n:n
846290,846241,n:n
846290,846249,n:n
846290,846291,n:n
846290,846299,n:n
846310,846310,n:1
846320,846320,n:1
846330,846330,n:1
846390,846390,n:1
846410,846410,n:1
846420,846420,n:1
846490,846490,n:1
846510,846510,n:1
846520,846591,n:n
846520,846592,n:n
846520,846593,n:n
846520,846594,n:n
846520,846595,n:n
846520,846596,n:n
846520,846599,n:n
846591,846591,n:1
846592,846592,n:1
846593,846593,n:1
846594,846594,n:1
846595,846595,n:1
846596,846596,n:1
846599,846599,n:1
846610,846610,n:1
846620,846620,n:1
846630,846630,n:1
846691,846691,n:1
846692,846692,n:1
846693,846693,n:1
846694,846694,n:1
846711,846711,n:1
846719,846719,n:1
846721,846721,n:1
846722,846722,n:1
846729,846729,n:1
846781,846781,n:1
846789,846789,n:1
846791,846791,n:1
846792,846792,n:1
846799,846799,n:1
846810,846810,n:1
846820,846820,n:1
846880,846880,n:1
846890,846890,n:1
847010,847010,n:1
847021,847021,n:1
847029,847029,n:1
847030,847030,n:1
847050,847050,n:1
847090,847090,n:1
847130,847130,n:1
847141,847141,n:1
847149,847149,n:1
847150,847150,n:1
847160,847160,n:1
847170,847170,n:1
847180,847180,n:1
847190,847190,n:1
847210,847210,n:1
847230,847230,n:1
847290,846900,n:n
847290,847290,n:n
847321,847321,n:1
847329,847329,n:1
847330,847330,n:1
847340,847310,n:n
847340,847340,n:n
847340,847350,n:n
847350,847350,n:1
847410,847410,n:1
847420,847420,n:1
847431,847431,n:1
847432,847432,n:1
847439,847439,n:1
847480,847480,n:1
847490,847490,n:1
847510,847510,n:1
847521,847521,n:1
847529,847529,n:1
847590,847590,n:1
847621,847621,n:1
847629,847629,n:1
847681,847681,n:1
847689,847689,n:1
847690,847690,n:1
847710,847710,n:1
847720,847720,n:1
847730,847730,n:1
847740,847740,n:1
847751,847751,n:1
847759,847759,n:1
847780,847780,n:1
847790,847790,n:1
847810,847810,n:1
847890,847890,n:1
847910,847910,n:1
847920,843880,n:n
847920,847920,n:n
847930,847930,n:1
847940,847940,n:1
847950,847950,n:1
847960,847960,n:1
847971,847971,n:1
847979,847979,n:1
847981,847981,n:1
847982,847982,n:1
847983,847981,n:n
847983,847989,n:n
847989,847989,n:1
847990,847990,n:1
848010,848010,n:1
848020,848020,n:1
848030,848030,n:1
848041,848041,n:1
848049,848049,n:1
848050,848050,n:1
848060,848060,n:1
848071,848071,n:1
848079,848079,n:1
848110,848110,n:1
848120,848120,n:1
848130,848130,n:1
848140,848140,n:1
848180,848180,n:1
848190,848190,n:1
848210,848210,n:1
848220,848220,n:1
848230,848230,n:1
848240,848240,n:1
848250,848250,n:1
848280,848280,n:1
848291,848291,n:1
848299,848299,n:1
848310,848310,n:1
848320,848320,n:1
848330,848330,n:1
848340,848340,n:1
848350,848350,n:1
848360,848360,n:1
848390,848390,n:1
848410,848410,n:1
848420,848420,n:1
848490,848490,n:1
848510,846390,n:1
848520,847780,n:1
848530,847529,n:n
848530,847989,n:n
848580,844180,n:n
848580,846599,n:n
848580,847989,n:n
848590,846694,n:n
848590,847590,n:n
848590,847790,n:n
848590,847990,n:n
848610,848610,n:1
848620,848620,n:1
848630,848630,n:1
848640,848640,n:1
848690,848690,n:1
848710,848710,n:1
848790,848790,n:1
850110,850110,n:1
850120,850120,n:1
850131,850131,n:1
850132,850132,n:1
850133,850133,n:1
850134,850134,n:1
850140,850140,n:1
850151,850151,n:1
850152,850152,n:1
850153,850153,n:1
850161,850161,n:1
850162,850162,n:1
850163,850163,n:1
850164,850164,n:1
850171,850131,n:1
850172,850131,n:n
850172,850132,n:n
850172,850133,n:n
850172,850134,n:n
850180,850161,n:n
850180,850162,n:n
850180,850163,n:n
850180,850164,n:n
850211,850211,n:1
850212,850212,n:1
850213,850213,n:1
850220,850220,n:1
850231,850231,n:1
850239,850239,n:1
850240,850240,n:1
850300,850300,n:1
850410,850410,n:1
850421,850421,n:1
850422,850422,n:1
850423,850423,n:1
850431,850431,n:1
850432,850432,n:1
850433,850433,n:1
850434,850434,n:1
850440,850440,n:1
850450,850450,n:1
850490,850490,n:1
850511,850511,n:1
850519,850519,n:1
850520,850520,n:1
850590,850590,n:1
850610,850610,n:1
850630,850630,n:1
850640,850640,n:1
850650,850650,n:1
850660,850660,n:1
850680,850680,n:1
850690,850690,n:1
850710,850710,n:1
850720,850720,n:1
850730,850730,n:1
850750,850750,n:1
850760,850760,n:1
850780,850740,n:n
850780,850780,n:n
850790,850790,n:1
850811,850811,n:1
850819,850819,n:1
850860,850860,n:1
850870,850870,n:1
850940,850940,n:1
850980,850980,n:1
850990,850990,n:1
851010,851010,n:1
851020,851020,n:1
851030,851030,n:1
851090,851090,n:1
851110,851110,n:1
851120,851120,n:1
851130,851130,n:1
851140,851140,n:1
851150,851150,n:1
851180,851180,n:1
851190,851190,n:1
851210,851210,n:1
851220,851220,n:1
851230,851230,n:1
851240,851240,n:1
851290,851290,n:1
851310,851310,n:1
851390,851390,n:1
851411,851410,n:1
851419,851410,n:1
851420,851420,n:1
851431,851430,n:1
851432,851430,n:1
851439,851430,n:1
851440,851440,n:1
851490,851490,n:1
851511,851511,n:1
851519,851519,n:1
851521,851521,n:1
851529,851529,n:1
851531,851531,n:1
851539,851539,n:1
851580,851580,n:1
851590,851590,n:1
851610,851610,n:1
851621,851621,n:1
851629,851629,n:1
851631,851631,n:1
851632,851632,n:1
851633,851633,n:1
851640,851640,n:1
851650,851650,n:1
851660,851660,n:1
851671,851671,n:1
851672,851672,n:1
851679,851679,n:1
851680,851680,n:1
851690,851690,n:1
851711,851711,n:1
851713,851712,n:1
851714,851712,n:1
851718,851718,n:1
851761,851761,n:1
851762,851762,n:1
851769,851769,n:1
851771,851770,n:1
851779,851770,n:1
851810,851810,n:1
851821,851821,n:1
851822,851822,n:1
851829,851829,n:1
851830,851830,n:1
851840,851840,n:1
851850,851850,n:1
851890,851890,n:1
851920,851920,n:1
851930,851930,n:1
851981,851950,n:n
851981,851981,n:n
851989,851989,n:1
852110,852110,n:1
852190,852190,n:1
852210,852210,n:1
852290,852290,n:1
852321,852321,n:1
852329,852329,n:1
852341,852341,n:1
852349,852349,n:1
852351,852351,n:1
852352,852352,n:1
852359,852359,n:1
852380,852380,n:1
852411,841311,n:n
852411,841319,n:n
852411,841320,n:n
852411,841330,n:n
852411,841340,n:n
852411,841350,n:n
852411,841360,n:n
852411,841370,n:n
852411,841381,n:n
852411,841382,n:n
852411,841391,n:n
852411,841392,n:n
852411,841410,n:n
852411,841420,n:n
852411,841430,n:n
852411,841440,n:n
852411,841451,n:n
852411,841459,n:n
852411,841460,n:n
852411,841480,n:n
852411,841490,n:n
852411,841510,n:n
852411,841520,n:n
852411,841581,n:n
852411,841582,n:n
852411,841583,n:n
852411,841590,n:n
852411,841710,n:n
852411,841720,n:n
852411,841780,n:n
852411,841790,n:n
852411,841810,n:n
852411,841821,n:n
852411,841829,n:n
852411,841830,n:n
852411,841840,n:n
852411,841850,n:n
852411,841861,n:n
852411,841869,n:n
852411,841891,n:n
852411,841899,n:n
852411,841911,n:n
852411,841919,n:n
852411,841920,n:n
852411,841931,n:n
852411,841932,n:n
852411,841939,n:n
852411,841940,n:n
852411,841950,n:n
852411,841960,n:n
852411,841981,n:n
852411,841989,n:n
852411,841990,n:n
852411,842111,n:n
852411,842112,n:n
852411,842119,n:n
852411,842121,n:n
852411,842122,n:n
852411,842123,n:n
852411,842129,n:n
852411,842131,n:n
852411,842139,n:n
852411,842191,n:n
852411,842199,n:n
852411,842211,n:n
852411,842219,n:n
852411,842220,n:n
852411,842230,n:n
852411,842240,n:n
852411,842290,n:n
852411,842310,n:n
852411,842320,n:n
852411,842330,n:n
852411,842381,n:n
852411,842382,n:n
852411,842389,n:n
852411,842390,n:n
852411,842410,n:n
852411,842420,n:n
852411,842430,n:n
852411,842481,n:n
852411,842489,n:n
852411,842490,n:n
852411,843110,n:n
852411,843120,n:n
852411,843131,n:n
852411,843139,n:n
852411,843141,n:n
852411,843142,n:n
852411,843143,n:n
852411,843149,n:n
852411,843610,n:n
852411,843621,n:n
852411,843629,n:n
852411,843680,n:n
852411,843691,n:n
852411,843699,n:n
852411,843810,n:n
852411,843820,n:n
852411,843830,n:n
852411,843840,n:n
852411,843850,n:n
852411,843860,n:n
852411,843880,n:n
852411,843890,n:n
852411,844110,n:n
852411,844120,n:n
852411,844130,n:n
852411,844140,n:n
852411,844180,n:n
852411,844190,n:n
852411,844311,n:n
852411,844312,n:n
852411,844313,n:n
852411,844314,n:n
852411,844315,n:n
852411,844316,n:n
852411,844317,n:n
852411,844319,n:n
852411,844331,n:n
852411,844332,n:n
852411,844339,n:n
852411,844391,n:n
852411,844399,n:n
852411,844811,n:n
852411,844819,n:n
852411,844820,n:n
852411,844831,n:n
852411,844832,n:n
852411,844833,n:n
852411,844839,n:n
852411,844842,n:n
852411,844849,n:n
852411,844851,n:n
852411,844859,n:n
852411,845011,n:n
852411,845012,n:n
852411,845019,n:n
852411,845020,n:n
852411,845090,n:n
852411,845110,n:n
852411,845121,n:n
852411,845129,n:n
852411,845130,n:n
852411,845140,n:n
852411,845150,n:n
852411,845180,n:n
852411,845190,n:n
852411,845210,n:n
852411,845221,n:n
852411,845229,n:n
852411,845230,n:n
852411,845290,n:n
852411,846610,n:n
852411,846620,n:n
852411,846630,n:n
852411,846691,n:n
852411,846692,n:n
852411,846693,n:n
852411,846694,n:n
852411,847310,n:n
852411,847321,n:n
852411,847329,n:n
852411,847330,n:n
852411,847340,n:n
852411,847350,n:n
852411,847510,n:n
852411,847521,n:n
852411,847529,n:n
852411,847590,n:n
852411,847621,n:n
852411,847629,n:n
852411,847681,n:n
852411,847689,n:n
852411,847690,n:n
852411,847710,n:n
852411,847720,n:n
852411,847730,n:n
852411,847740,n:n
852411,847751,n:n
852411,847759,n:n
852411,847780,n:n
852411,847790,n:n
852411,847810,n:n
852411,847890,n:n
852411,847910,n:n
852411,847920,n:n
852411,847930,n:n
852411,847940,n:n
852411,847950,n:n
852411,847960,n:n
852411,847971,n:n
852411,847979,n:n
852411,847981,n:n
852411,847982,n:n
852411,847989,n:n
852411,847990,n:n
852411,848610,n:n
852411,848620,n:n
852411,848630,n:n
852411,848640,n:n
852411,848690,n:n
852411,850300,n:n
852411,850410,n:n
852411,850421,n:n
852411,850422,n:n
852411,850423,n:n
852411,850431,n:n
852411,850432,n:n
852411,850433,n:n
852411,850434,n:n
852411,850440,n:n
852411,850450,n:n
852411,850490,n:n
852411,850811,n:n
852411,850819,n:n
852411,850860,n:n
852411,850870,n:n
852411,850940,n:n
852411,850980,n:n
852411,850990,n:n
852411,851010,n:n
852411,851020,n:n
852411,851030,n:n
852411,851090,n:n
852411,851210,n:n
852411,851220,n:n
852411,851230,n:n
852411,851240,n:n
852411,851290,n:n
852411,851410,n:n
852411,851420,n:n
852411,851430,n:n
852411,851440,n:n
852411,851490,n:n
852411,851610,n:n
852411,851621,n:n
852411,851629,n:n
852411,851631,n:n
852411,851632,n:n
852411,851633,n:n
852411,851640,n:n
852411,851650,n:n
852411,851660,n:n
852411,851671,n:n
852411,851672,n:n
852411,851679,n:n
852411,851680,n:n
852411,851690,n:n
852411,851711,n:n
852411,851712,n:n
852411,851718,n:n
852411,851761,n:n
852411,851762,n:n
852411,851769,n:n
852411,851770,n:n
852411,851810,n:n
852411,851821,n:n
852411,851822,n:n
852411,851829,n:n
852411,851830,n:n
852411,851840,n:n
852411,851850,n:n
852411,851890,n:n
852411,852210,n:n
852411,852290,n:n
852411,852910,n:n
852411,852990,n:n
852411,853010,n:n
852411,853080,n:n
852411,853090,n:n
852411,853110,n:n
852411,853120,n:n
852411,853180,n:n
852411,853190,n:n
852411,853810,n:n
852411,853890,n:n
852411,854310,n:n
852411,854320,n:n
852411,854330,n:n
852411,854370,n:n
852411,854390,n:n
852411,854810,n:n
852411,854890,n:n
852411,860711,n:n
852411,860712,n:n
852411,860719,n:n
852411,860721,n:n
852411,860729,n:n
852411,860730,n:n
852411,860791,n:n
852411,860799,n:n
852411,870810,n:n
852411,870821,n:n
852411,870829,n:n
852411,870830,n:n
852411,870840,n:n
852411,870850,n:n
852411,870870,n:n
852411,870880,n:n
852411,870891,n:n
852411,870892,n:n
852411,870893,n:n
852411,870894,n:n
852411,870895,n:n
852411,870899,n:n
852411,871410,n:n
852411,871420,n:n
852411,871491,n:n
852411,871492,n:n
852411,871493,n:n
852411,871494,n:n
852411,871495,n:n
852411,871496,n:n
852411,871499,n:n
852411,871610,n:n
852411,871620,n:n
852411,871631,n:n
852411,871639,n:n
852411,871640,n:n
852411,871680,n:n
852411,871690,n:n
852411,880310,n:n
852411,880320,n:n
852411,880330,n:n
852411,880390,n:n
852411,880510,n:n
852411,880521,n:n
852411,880529,n:n
852411,900510,n:n
852411,900580,n:n
852411,900590,n:n
852411,900610,n:n
852411,900630,n:n
852411,900640,n:n
852411,900651,n:n
852411,900652,n:n
852411,900653,n:n
852411,900659,n:n
852411,900661,n:n
852411,900669,n:n
852411,900691,n:n
852411,900699,n:n
852411,900710,n:n
852411,900720,n:n
852411,900791,n:n
852411,900792,n:n
852411,900850,n:n
852411,900890,n:n
852411,901010,n:n
852411,901050,n:n
852411,901060,n:n
852411,901090,n:n
852411,901110,n:n
852411,901120,n:n
852411,901180,n:n
852411,901190,n:n
852411,901210,n:n
852411,901290,n:n
852411,901310,n:n
852411,901320,n:n
852411,901380,n:n
852411,901390,n:n
852411,901410,n:n
852411,901420,n:n
852411,901480,n:n
852411,901490,n:n
852411,901510,n:n
852411,901520,n:n
852411,901530,n:n
852411,901540,n:n
852411,901580,n:n
852411,901590,n:n
852411,901710,n:n
852411,901720,n:n
852411,901730,n:n
852411,901780,n:n
852411,901790,n:n
852411,901811,n:n
852411,901812,n:n
852411,901813,n:n
852411,901814,n:n
852411,901819,n:n
852411,901820,n:n
852411,901831,n:n
852411,901832,n:n
852411,901839,n:n
852411,901841,n:n
852411,901849,n:n
852411,901850,n:n
852411,901890,n:n
852411,901910,n:n
852411,901920,n:n
852411,902000,n:n
852411,902110,n:n
852411,902121,n:n
852411,902129,n:n
852411,902131,n:n
852411,902139,n:n
852411,902140,n:n
852411,902150,n:n
852411,902190,n:n
852411,902212,n:n
852411,902213,n:n
852411,902214,n:n
852411,902219,n:n
852411,902221,n:n
852411,902229,n:n
852411,902230,n:n
852411,902290,n:n
852411,902300,n:n
852411,902410,n:n
852411,902480,n:n
852411,902490,n:n
852411,902511,n:n
852411,902519,n:n
852411,902580,n:n
852411,902590,n:n
852411,902610,n:n
852411,902620,n:n
852411,902680,n:n
852411,902690,n:n
852411,902710,n:n
852411,902720,n:n
852411,902730,n:n
852411,902750,n:n
852411,902780,n:n
852411,902790,n:n
852411,902810,n:n
852411,902820,n:n
852411,902830,n:n
852411,902890,n:n
852411,902910,n:n
852411,902920,n:n
852411,902990,n:n
852411,903010,n:n
852411,903020,n:n
852411,903031,n:n
852411,903032,n:n
852411,903033,n:n
852411,903039,n:n
852411,903040,n:n
852411,903082,n:n
852411,903084,n:n
852411,903089,n:n
852411,903090,n:n
852411,903110,n:n
852411,903120,n:n
852411,903141,n:n
852411,903149,n:n
852411,903180,n:n
852411,903190,n:n
852411,903210,n:n
852411,903220,n:n
852411,903281,n:n
852411,903289,n:n
852411,903290,n:n
852411,903300,n:n
852411,950300,n:n
852411,950420,n:n
852411,950430,n:n
852411,950440,n:n
852411,950450,n:n
852411,950490,n:n
852411,950510,n:n
852411,950590,n:n
852411,950611,n:n
852411,950612,n:n
852411,950619,n:n
852411,950621,n:n
852411,950629,n:n
852411,950631,n:n
852411,950632,n:n
852411,950639,n:n
852411,950640,n:n
852411,950651,n:n
852411,950659,n:n
852411,950661,n:n
852411,950662,n:n
852411,950669,n:n
852411,950670,n:n
852411,950691,n:n
852411,950699,n:n
852412,841311,n:n
852412,841319,n:n
852412,841320,n:n
852412,841330,n:n
852412,841340,n:n
852412,841350,n:n
852412,841360,n:n
852412,841370,n:n
852412,841381,n:n
852412,841382,n:n
852412,841391,n:n
852412,841392,n:n
852412,841410,n:n
852412,841420,n:n
852412,841430,n:n
852412,841440,n:n
852412,841451,n:n
852412,841459,n:n
852412,841460,n:n
852412,841480,n:n
852412,841490,n:n
852412,841510,n:n
852412,841520,n:n
852412,841581,n:n
852412,841582,n:n
852412,841583,n:n
852412,841590,n:n
852412,841710,n:n
852412,841720,n:n
852412,841780,n:n
852412,841790,n:n
852412,841810,n:n
852412,841821,n:n
852412,841829,n:n
852412,841830,n:n
852412,841840,n:n
852412,841850,n:n
852412,841861,n:n
852412,841869,n:n
852412,841891,n:n
852412,841899,n:n
852412,841911,n:n
852412,841919,n:n
852412,841920,n:n
852412,841931,n:n
852412,841932,n:n
852412,841939,n:n
852412,841940,n:n
852412,841950,n:n
852412,841960,n:n
852412,841981,n:n
852412,841989,n:n
852412,841990,n:n
852412,842111,n:n
852412,842112,n:n
852412,842119,n:n
852412,842121,n:n
852412,842122,n:n
852412,842123,n:n
852412,842129,n:n
852412,842131,n:n
852412,842139,n:n
852412,842191,n:n
852412,842199,n:n
852412,842211,n:n
852412,842219,n:n
852412,842220,n:n
852412,842230,n:n
852412,842240,n:n
852412,842290,n:n
852412,842310,n:n
852412,842320,n:n
852412,842330,n:n
852412,842381,n:n
852412,842382,n:n
852412,842389,n:n
852412,842390,n:n
852412,842410,n:n
852412,842420,n:n
852412,842430,n:n
852412,842481,n:n
852412,842489,n:n
852412,842490,n:n
852412,843110,n:n
852412,843120,n:n
852412,843131,n:n
852412,843139,n:n
852412,843141,n:n
852412,843142,n:n
852412,843143,n:n
852412,843149,n:n
852412,843610,n:n
852412,843621,n:n
852412,843629,n:n
852412,843680,n:n
852412,843691,n:n
852412,843699,n:n
852412,843810,n:n
852412,843820,n:n
852412,843830,n:n
852412,843840,n:n
852412,843850,n:n
852412,843860,n:n
852412,843880,n:n
852412,843890,n:n
852412,844110,n:n
852412,844120,n:n
852412,844130,n:n
852412,844140,n:n
852412,844180,n:n
852412,844190,n:n
852412,844311,n:n
852412,844312,n:n
852412,844313,n:n
852412,844314,n:n
852412,844315,n:n
852412,844316,n:n
852412,844317,n:n
852412,844319,n:n
852412,844331,n:n
852412,844332,n:n
852412,844339,n:n
852412,844391,n:n
852412,844399,n:n
852412,844811,n:n
852412,844819,n:n
852412,844820,n:n
852412,844831,n:n
852412,844832,n:n
852412,844833,n:n
852412,844839,n:n
852412,844842,n:n
852412,844849,n:n
852412,844851,n:n
852412,844859,n:n
852412,845011,n:n
852412,845012,n:n
852412,845019,n:n
852412,845020,n:n
852412,845090,n:n
852412,845110,n:n
852412,845121,n:n
852412,845129,n:n
852412,845130,n:n
852412,845140,n:n
852412,845150,n:n
852412,845180,n:n
852412,845190,n:n
852412,845210,n:n
852412,845221,n:n
852412,845229,n:n
852412,845230,n:n
852412,845290,n:n
852412,846610,n:n
852412,846620,n:n
852412,846630,n:n
852412,846691,n:n
852412,846692,n:n
852412,846693,n:n
852412,846694,n:n
852412,847310,n:n
852412,847321,n:n
852412,847329,n:n
852412,847330,n:n
852412,847340,n:n
852412,847350,n:n
852412,847510,n:n
852412,847521,n:n
852412,847529,n:n
852412,847590,n:n
852412,847621,n:n
852412,847629,n:n
852412,847681,n:n
852412,847689,n:n
852412,847690,n:n
852412,847710,n:n
852412,847720,n:n
852412,847730,n:n
852412,847740,n:n
852412,847751,n:n
852412,847759,n:n
852412,847780,n:n
852412,847790,n:n
852412,847810,n:n
852412,847890,n:n
852412,847910,n:n
852412,847920,n:n
852412,847930,n:n
852412,847940,n:n
852412,847950,n:n
852412,847960,n:n
852412,847971,n:n
852412,847979,n:n
852412,847981,n:n
852412,847982,n:n
852412,847989,n:n
852412,847990,n:n
852412,848610,n:n
852412,848620,n:n
852412,848630,n:n
852412,848640,n:n
852412,848690,n:n
852412,850300,n:n
852412,850410,n:n
852412,850421,n:n
852412,850422,n:n
852412,850423,n:n
852412,850431,n:n
852412,850432,n:n
852412,850433,n:n
852412,850434,n:n
852412,850440,n:n
852412,850450,n:n
852412,850490,n:n
852412,850811,n:n
852412,850819,n:n
852412,850860,n:n
852412,850870,n:n
852412,850940,n:n
852412,850980,n:n
852412,850990,n:n
852412,851010,n:n
852412,851020,n:n
852412,851030,n:n
852412,851090,n:n
852412,851210,n:n
852412,851220,n:n
852412,851230,n:n
852412,851240,n:n
852412,851290,n:n
852412,851410,n:n
852412,851420,n:n
852412,851430,n:n
852412,851440,n:n
852412,851490,n:n
852412,851610,n:n
852412,851621,n:n
852412,851629,n:n
852412,851631,n:n
852412,851632,n:n
852412,851633,n:n
852412,851640,n:n
852412,851650,n:n
852412,851660,n:n
852412,851671,n:n
852412,851672,n:n
852412,851679,n:n
852412,851680,n:n
852412,851690,n:n
852412,851711,n:n
852412,851712,n:n
852412,851718,n:n
852412,851761,n:n
852412,851762,n:n
852412,851769,n:n
852412,851770,n:n
852412,851810,n:n
852412,851821,n:n
852412,851822,n:n
852412,851829,n:n
852412,851830,n:n
852412,851840,n:n
852412,851850,n:n
852412,851890,n:n
852412,852210,n:n
852412,852290,n:n
852412,852910,n:n
852412,852990,n:n
852412,853010,n:n
852412,853080,n:n
852412,853090,n:n
852412,853110,n:n
852412,853120,n:n
852412,853180,n:n
852412,853190,n:n
852412,853810,n:n
852412,853890,n:n
852412,854310,n:n
852412,854320,n:n
852412,854330,n:n
852412,854370,n:n
852412,854390,n:n
852412,854810,n:n
852412,854890,n:n
852412,860711,n:n
852412,860712,n:n
852412,860719,n:n
852412,860721,n:n
852412,860729,n:n
852412,860730,n:n
852412,860791,n:n
852412,860799,n:n
852412,870810,n:n
852412,870821,n:n
852412,870829,n:n
852412,870830,n:n
852412,870840,n:n
852412,870850,n:n
852412,870870,n:n
852412,870880,n:n
852412,870891,n:n
852412,870892,n:n
852412,870893,n:n
852412,870894,n:n
852412,870895,n:n
852412,870899,n:n
852412,871410,n:n
852412,871420,n:n
852412,871491,n:n
852412,871492,n:n
852412,871493,n:n
852412,871494,n:n
852412,871495,n:n
852412,871496,n:n
852412,871499,n:n
852412,871610,n:n
852412,871620,n:n
852412,871631,n:n
852412,871639,n:n
852412,871640,n:n
852412,871680,n:n
852412,871690,n:n
852412,880310,n:n
852412,880320,n:n
852412,880330,n:n
852412,880390,n:n
852412,880510,n:n
852412,880521,n:n
852412,880529,n:n
852412,900510,n:n
852412,900580,n:n
852412,900590,n:n
852412,900610,n:n
852412,900630,n:n
852412,900640,n:n
852412,900651,n:n
852412,900652,n:n
852412,900653,n:n
852412,900659,n:n
852412,900661,n:n
852412,900669,n:n
852412,900691,n:n
852412,900699,n:n
852412,900710,n:n
852412,900720,n:n
852412,900791,n:n
852412,900792,n:n
852412,900850,n:n
852412,900890,n:n
852412,901010,n:n
852412,901050,n:n
852412,901060,n:n
852412,901090,n:n
852412,901110,n:n
852412,901120,n:n
852412,901180,n:n
852412,901190,n:n
852412,901210,n:n
852412,901290,n:n
852412,901310,n:n
852412,901320,n:n
852412,901380,n:n
852412,901390,n:n
852412,901410,n:n
852412,901420,n:n
852412,901480,n:n
852412,901490,n:n
852412,901510,n:n
852412,901520,n:n
852412,901530,n:n
852412,901540,n:n
852412,901580,n:n
852412,901590,n:n
852412,901710,n:n
852412,901720,n:n
852412,901730,n:n
852412,901780,n:n
852412,901790,n:n
852412,901811,n:n
852412,901812,n:n
852412,901813,n:n
852412,901814,n:n
852412,901819,n:n
852412,901820,n:n
852412,901831,n:n
852412,901832,n:n
852412,901839,n:n
852412,901841,n:n
852412,901849,n:n
852412,901850,n:n
852412,901890,n:n
852412,901910,n:n
852412,901920,n:n
852412,902000,n:n
852412,902110,n:n
852412,902121,n:n
852412,902129,n:n
852412,902131,n:n
852412,902139,n:n
852412,902140,n:n
852412,902150,n:n
852412,902190,n:n
852412,902212,n:n
852412,902213,n:n
852412,902214,n:n
852412,902219,n:n
852412,902221,n:n
852412,902229,n:n
852412,902230,n:n
852412,902290,n:n
852412,902300,n:n
852412,902410,n:n
852412,902480,n:n
852412,902490,n:n
852412,902511,n:n
852412,902519,n:n
852412,902580,n:n
852412,902590,n:n
852412,902610,n:n
852412,902620,n:n
852412,902680,n:n
852412,902690,n:n
852412,902710,n:n
852412,902720,n:n
852412,902730,n:n
852412,902750,n:n
852412,902780,n:n
852412,902790,n:n
852412,902810,n:n
852412,902820,n:n
852412,902830,n:n
852412,902890,n:n
852412,902910,n:n
852412,902920,n:n
852412,902990,n:n
852412,903010,n:n
852412,903020,n:n
852412,903031,n:n
852412,903032,n:n
852412,903033,n:n
852412,903039,n:n
852412,903040,n:n
852412,903082,n:n
852412,903084,n:n
852412,903089,n:n
852412,903090,n:n
852412,903110,n:n
852412,903120,n:n
852412,903141,n:n
852412,903149,n:n
852412,903180,n:n
852412,903190,n:n
852412,903210,n:n
852412,903220,n:n
852412,903281,n:n
852412,903289,n:n
852412,903290,n:n
852412,903300,n:n
852412,950300,n:n
852412,950420,n:n
852412,950430,n:n
852412,950440,n:n
852412,950450,n:n
852412,950490,n:n
852412,950510,n:n
852412,950590,n:n
852412,950611,n:n
852412,950612,n:n
852412,950619,n:n
852412,950621,n:n
852412,950629,n:n
852412,950631,n:n
852412,950632,n:n
852412,950639,n:n
852412,950640,n:n
852412,950651,n:n
852412,950659,n:n
852412,950661,n:n
852412,950662,n:n
852412,950669,n:n
852412,950670,n:n
852412,950691,n:n
852412,950699,n:n
852419,841311,n:n
852419,841319,n:n
852419,841320,n:n
852419,841330,n:n
852419,841340,n:n
852419,841350,n:n
852419,841360,n:n
852419,841370,n:n
852419,841381,n:n
852419,841382,n:n
852419,841391,n:n
852419,841392,n:n
852419,841410,n:n
852419,841420,n:n
852419,841430,n:n
852419,841440,n:n
852419,841451,n:n
852419,841459,n:n
852419,841460,n:n
852419,841480,n:n
852419,841490,n:n
852419,841510,n:n
852419,841520,n:n
852419,841581,n:n
852419,841582,n:n
852419,841583,n:n
852419,841590,n:n
852419,841710,n:n
852419,841720,n:n
852419,841780,n:n
852419,841790,n:n
852419,841810,n:n
852419,841821,n:n
852419,841829,n:n
852419,841830,n:n
852419,841840,n:n
852419,841850,n:n
852419,841861,n:n
852419,841869,n:n
852419,841891,n:n
852419,841899,n:n
852419,841911,n:n
852419,841919,n:n
852419,841920,n:n
852419,841931,n:n
852419,841932,n:n
852419,841939,n:n
852419,841940,n:n
852419,841950,n:n
852419,841960,n:n
852419,841981,n:n
852419,841989,n:n
852419,841990,n:n
852419,842111,n:n
852419,842112,n:n
852419,842119,n:n
852419,842121,n:n
852419,842122,n:n
852419,842123,n:n
852419,842129,n:n
852419,842131,n:n
852419,842139,n:n
852419,842191,n:n
852419,842199,n:n
852419,842211,n:n
852419,842219,n:n
852419,842220,n:n
852419,842230,n:n
852419,842240,n:n
852419,842290,n:n
852419,842310,n:n
852419,842320,n:n
852419,842330,n:n
852419,842381,n:n
852419,842382,n:n
852419,842389,n:n
852419,842390,n:n
852419,842410,n:n
852419,842420,n:n
852419,842430,n:n
852419,842481,n:n
852419,842489,n:n
852419,842490,n:n
852419,843110,n:n
852419,843120,n:n
852419,843131,n:n
852419,843139,n:n
852419,843141,n:n
852419,843142,n:n
852419,843143,n:n
852419,843149,n:n
852419,843610,n:n
852419,843621,n:n
852419,843629,n:n
852419,843680,n:n
852419,843691,n:n
852419,843699,n:n
852419,843810,n:n
852419,843820,n:n
852419,843830,n:n
852419,843840,n:n
852419,843850,n:n
852419,843860,n:n
852419,843880,n:n
852419,843890,n:n
852419,844110,n:n
852419,844120,n:n
852419,844130,n:n
852419,844140,n:n
852419,844180,n:n
852419,844190,n:n
852419,844311,n:n
852419,844312,n:n
852419,844313,n:n
852419,844314,n:n
852419,844315,n:n
852419,844316,n:n
852419,844317,n:n
852419,844319,n:n
852419,844331,n:n
852419,844332,n:n
852419,844339,n:n
852419,844391,n:n
852419,844399,n:n
852419,844811,n:n
852419,844819,n:n
852419,844820,n:n
852419,844831,n:n
852419,844832,n:n
852419,844833,n:n
852419,844839,n:n
852419,844842,n:n
852419,844849,n:n
852419,844851,n:n
852419,844859,n:n
852419,845011,n:n
852419,845012,n:n
852419,845019,n:n
852419,845020,n:n
852419,845090,n:n
852419,845110,n:n
852419,845121,n:n
852419,845129,n:n
852419,845130,n:n
852419,845140,n:n
852419,845150,n:n
852419,845180,n:n
852419,845190,n:n
852419,845210,n:n
852419,845221,n:n
852419,845229,n:n
852419,845230,n:n
852419,845290,n:n
852419,846610,n:n
852419,846620,n:n
852419,846630,n:n
852419,846691,n:n
852419,846692,n:n
852419,846693,n:n
852419,846694,n:n
852419,847310,n:n
852419,847321,n:n
852419,847329,n:n
852419,847330,n:n
852419,847340,n:n
852419,847350,n:n
852419,847510,n:n
852419,847521,n:n
852419,847529,n:n
852419,847590,n:n
852419,847621,n:n
852419,847629,n:n
852419,847681,n:n
852419,847689,n:n
852419,847690,n:n
852419,847710,n:n
852419,847720,n:n
852419,847730,n:n
852419,847740,n:n
852419,847751,n:n
852419,847759,n:n
852419,847780,n:n
852419,847790,n:n
852419,847810,n:n
852419,847890,n:n
852419,847910,n:n
852419,847920,n:n
852419,847930,n:n
852419,847940,n:n
852419,847950,n:n
852419,847960,n:n
852419,847971,n:n
852419,847979,n:n
852419,847981,n:n
852419,847982,n:n
852419,847989,n:n
852419,847990,n:n
852419,848610,n:n
852419,848620,n:n
852419,848630,n:n
852419,848640,n:n
852419,848690,n:n
852419,850300,n:n
852419,850410,n:n
852419,850421,n:n
852419,850422,n:n
852419,850423,n:n
852419,850431,n:n
852419,850432,n:n
852419,850433,n:n
852419,850434,n:n
852419,850440,n:n
852419,850450,n:n
852419,850490,n:n
852419,850811,n:n
852419,850819,n:n
852419,850860,n:n
852419,850870,n:n
852419,850940,n:n
852419,850980,n:n
852419,850990,n:n
852419,851010,n:n
852419,851020,n:n
852419,851030,n:n
852419,851090,n:n
852419,851210,n:n
852419,851220,n:n
852419,851230,n:n
852419,851240,n:n
852419,851290,n:n
852419,851410,n:n
852419,851420,n:n
852419,851430,n:n
852419,851440,n:n
852419,851490,n:n
852419,851610,n:n
852419,851621,n:n
852419,851629,n:n
852419,851631,n:n
852419,851632,n:n
852419,851633,n:n
852419,851640,n:n
852419,851650,n:n
852419,851660,n:n
852419,851671,n:n
852419,851672,n:n
852419,851679,n:n
852419,851680,n:n
852419,851690,n:n
852419,851711,n:n
852419,851712,n:n
852419,851718,n:n
852419,851761,n:n
852419,851762,n:n
852419,851769,n:n
852419,851770,n:n
852419,851810,n:n
852419,851821,n:n
852419,851822,n:n
852419,851829,n:n
852419,851830,n:n
852419,851840,n:n
852419,851850,n:n
852419,851890,n:n
852419,852210,n:n
852419,852290,n:n
852419,852910,n:n
852419,852990,n:n
852419,853010,n:n
852419,853080,n:n
852419,853090,n:n
852419,853110,n:n
852419,853120,n:n
852419,853180,n:n
852419,853190,n:n
852419,853810,n:n
852419,853890,n:n
852419,854310,n:n
852419,854320,n:n
852419,854330,n:n
852419,854370,n:n
852419,854390,n:n
852419,854810,n:n
852419,854890,n:n
852419,860711,n:n
852419,860712,n:n
852419,860719,n:n
852419,860721,n:n
852419,860729,n:n
852419,860730,n:n
852419,860791,n:n
852419,860799,n:n
852419,870810,n:n
852419,870821,n:n
852419,870829,n:n
852419,870830,n:n
852419,870840,n:n
852419,870850,n:n
852419,870870,n:n
852419,870880,n:n
852419,870891,n:n
852419,870892,n:n
852419,870893,n:n
852419,870894,n:n
852419,870895,n:n
852419,870899,n:n
852419,871410,n:n
852419,871420,n:n
852419,871491,n:n
852419,871492,n:n
852419,871493,n:n
852419,871494,n:n
852419,871495,n:n
852419,871496,n:n
852419,871499,n:n
852419,871610,n:n
852419,871620,n:n
852419,871631,n:n
852419,871639,n:n
852419,871640,n:n
852419,871680,n:n
852419,871690,n:n
852419,880310,n:n
852419,880320,n:n
852419,880330,n:n
852419,880390,n:n
852419,880510,n:n
852419,880521,n:n
852419,880529,n:n
852419,900510,n:n
852419,900580,n:n
852419,900590,n:n
852419,900610,n:n
852419,900630,n:n
852419,900640,n:n
852419,900651,n:n
852419,900652,n:n
852419,900653,n:n
852419,900659,n:n
852419,900661,n:n
852419,900669,n:n
852419,900691,n:n
852419,900699,n:n
852419,900710,n:n
852419,900720,n:n
852419,900791,n:n
852419,900792,n:n
852419,900850,n:n
852419,900890,n:n
852419,901010,n:n
852419,901050,n:n
852419,901060,n:n
852419,901090,n:n
852419,901110,n:n
852419,901120,n:n
852419,901180,n:n
852419,901190,n:n
852419,901210,n:n
852419,901290,n:n
852419,901310,n:n
852419,901320,n:n
852419,901380,n:n
852419,901390,n:n
852419,901410,n:n
852419,901420,n:n
852419,901480,n:n
852419,901490,n:n
852419,901510,n:n
852419,901520,n:n
852419,901530,n:n
852419,901540,n:n
852419,901580,n:n
852419,901590,n:n
852419,901710,n:n
852419,901720,n:n
852419,901730,n:n
852419,901780,n:n
852419,901790,n:n
852419,901811,n:n
852419,901812,n:n
852419,901813,n:n
852419,901814,n:n
852419,901819,n:n
852419,901820,n:n
852419,901831,n:n
852419,901832,n:n
852419,901839,n:n
852419,901841,n:n
852419,901849,n:n
852419,901850,n:n
852419,901890,n:n
852419,901910,n:n
852419,901920,n:n
852419,902000,n:n
852419,902110,n:n
852419,902121,n:n
852419,902129,n:n
852419,902131,n:n
852419,902139,n:n
852419,902140,n:n
852419,902150,n:n
852419,902190,n:n
852419,902212,n:n
852419,902213,n:n
852419,902214,n:n
852419,902219,n:n
852419,902221,n:n
852419,902229,n:n
852419,902230,n:n
852419,902290,n:n
852419,902300,n:n
852419,902410,n:n
852419,902480,n:n
852419,902490,n:n
852419,902511,n:n
852419,902519,n:n
852419,902580,n:n
852419,902590,n:n
852419,902610,n:n
852419,902620,n:n
852419,902680,n:n
852419,902690,n:n
852419,902710,n:n
852419,902720,n:n
852419,902730,n:n
852419,902750,n:n
852419,902780,n:n
852419,902790,n:n
852419,902810,n:n
852419,902820,n:n
852419,902830,n:n
852419,902890,n:n
852419,902910,n:n
852419,902920,n:n
852419,902990,n:n
852419,903010,n:n
852419,903020,n:n
852419,903031,n:n
852419,903032,n:n
852419,903033,n:n
852419,903039,n:n
852419,903040,n:n
852419,903082,n:n
852419,903084,n:n
852419,903089,n:n
852419,903090,n:n
852419,903110,n:n
852419,903120,n:n
852419,903141,n:n
852419,903149,n:n
852419,903180,n:n
852419,903190,n:n
852419,903210,n:n
852419,903220,n:n
852419,903281,n:n
852419,903289,n:n
852419,903290,n:n
852419,903300,n:n
852419,950300,n:n
852419,950420,n:n
852419,950430,n:n
852419,950440,n:n
852419,950450,n:n
852419,950490,n:n
852419,950510,n:n
852419,950590,n:n
852419,950611,n:n
852419,950612,n:n
852419,950619,n:n
852419,950621,n:n
852419,950629,n:n
852419,950631,n:n
852419,950632,n:n
852419,950639,n:n
852419,950640,n:n
852419,950651,n:n
852419,950659,n:n
852419,950661,n:n
852419,950662,n:n
852419,950669,n:n
852419,950670,n:n
852419,950691,n:n
852419,950699,n:n
852491,841311,n:n
852491,841319,n:n
852491,841320,n:n
852491,841330,n:n
852491,841340,n:n
852491,841350,n:n
852491,841360,n:n
852491,841370,n:n
852491,841381,n:n
852491,841382,n:n
852491,841391,n:n
852491,841392,n:n
852491,841410,n:n
852491,841420,n:n
852491,841430,n:n
852491,841440,n:n
852491,841451,n:n
852491,841459,n:n
852491,841460,n:n
852491,841480,n:n
852491,841490,n:n
852491,841510,n:n
852491,841520,n:n
852491,841581,n:n
852491,841582,n:n
852491,841583,n:n
852491,841590,n:n
852491,841710,n:n
852491,841720,n:n
852491,841780,n:n
852491,841790,n:n
852491,841810,n:n
852491,841821,n:n
852491,841829,n:n
852491,841830,n:n
852491,841840,n:n
852491,841850,n:n
852491,841861,n:n
852491,841869,n:n
852491,841891,n:n
852491,841899,n:n
852491,841911,n:n
852491,841919,n:n
852491,841920,n:n
852491,841931,n:n
852491,841932,n:n
852491,841939,n:n
852491,841940,n:n
852491,841950,n:n
852491,841960,n:n
852491,841981,n:n
852491,841989,n:n
852491,841990,n:n
852491,842111,n:n
852491,842112,n:n
852491,842119,n:n
852491,842121,n:n
852491,842122,n:n
852491,842123,n:n
852491,842129,n:n
852491,842131,n:n
852491,842139,n:n
852491,842191,n:n
852491,842199,n:n
852491,842211,n:n
852491,842219,n:n
852491,842220,n:n
852491,842230,n:n
852491,842240,n:n
852491,842290,n:n
852491,842310,n:n
852491,842320,n:n
852491,842330,n:n
852491,842381,n:n
852491,842382,n:n
852491,842389,n:n
852491,842390,n:n
852491,842410,n:n
852491,842420,n:n
852491,842430,n:n
852491,842481,n:n
852491,842489,n:n
852491,842490,n:n
852491,843110,n:n
852491,843120,n:n
852491,843131,n:n
852491,843139,n:n
852491,843141,n:n
852491,843142,n:n
852491,843143,n:n
852491,843149,n:n
852491,843610,n:n
852491,843621,n:n
852491,843629,n:n
852491,843680,n:n
852491,843691,n:n
852491,843699,n:n
852491,843810,n:n
852491,843820,n:n
852491,843830,n:n
852491,843840,n:n
852491,843850,n:n
852491,843860,n:n
852491,843880,n:n
852491,843890,n:n
852491,844110,n:n
852491,844120,n:n
852491,844130,n:n
852491,844140,n:n
852491,844180,n:n
852491,844190,n:n
852491,844311,n:n
852491,844312,n:n
852491,844313,n:n
852491,844314,n:n
852491,844315,n:n
852491,844316,n:n
852491,844317,n:n
852491,844319,n:n
852491,844331,n:n
852491,844332,n:n
852491,844339,n:n
852491,844391,n:n
852491,844399,n:n
852491,844811,n:n
852491,844819,n:n
852491,844820,n:n
852491,844831,n:n
852491,844832,n:n
852491,844833,n:n
852491,844839,n:n
852491,844842,n:n
852491,844849,n:n
852491,844851,n:n
852491,844859,n:n
852491,845011,n:n
852491,845012,n:n
852491,845019,n:n
852491,845020,n:n
852491,845090,n:n
852491,845110,n:n
852491,845121,n:n
852491,845129,n:n
852491,845130,n:n
852491,845140,n:n
852491,845150,n:n
852491,845180,n:n
852491,845190,n:n
852491,845210,n:n
852491,845221,n:n
852491,845229,n:n
852491,845230,n:n
852491,845290,n:n
852491,846610,n:n
852491,846620,n:n
852491,846630,n:n
852491,846691,n:n
852491,846692,n:n
852491,846693,n:n
852491,846694,n:n
852491,847310,n:n
852491,847321,n:n
852491,847329,n:n
852491,847330,n:n
852491,847340,n:n
852491,847350,n:n
852491,847510,n:n
852491,847521,n:n
852491,847529,n:n
852491,847590,n:n
852491,847621,n:n
852491,847629,n:n
852491,847681,n:n
852491,847689,n:n
852491,847690,n:n
852491,847710,n:n
852491,847720,n:n
852491,847730,n:n
852491,847740,n:n
852491,847751,n:n
852491,847759,n:n
852491,847780,n:n
852491,847790,n:n
852491,847810,n:n
852491,847890,n:n
852491,847910,n:n
852491,847920,n:n
852491,847930,n:n
852491,847940,n:n
852491,847950,n:n
852491,847960,n:n
852491,847971,n:n
852491,847979,n:n
852491,847981,n:n
852491,847982,n:n
852491,847989,n:n
852491,847990,n:n
852491,848610,n:n
852491,848620,n:n
852491,848630,n:n
852491,848640,n:n
852491,848690,n:n
852491,850300,n:n
852491,850410,n:n
852491,850421,n:n
852491,850422,n:n
852491,850423,n:n
852491,850431,n:n
852491,850432,n:n
852491,850433,n:n
852491,850434,n:n
852491,850440,n:n
852491,850450,n:n
852491,850490,n:n
852491,850811,n:n
852491,850819,n:n
852491,850860,n:n
852491,850870,n:n
852491,850940,n:n
852491,850980,n:n
852491,850990,n:n
852491,851010,n:n
852491,851020,n:n
852491,851030,n:n
852491,851090,n:n
852491,851210,n:n
852491,851220,n:n
852491,851230,n:n
852491,851240,n:n
852491,851290,n:n
852491,851410,n:n
852491,851420,n:n
852491,851430,n:n
852491,851440,n:n
852491,851490,n:n
852491,851610,n:n
852491,851621,n:n
852491,851629,n:n
852491,851631,n:n
852491,851632,n:n
852491,851633,n:n
852491,851640,n:n
852491,851650,n:n
852491,851660,n:n
852491,851671,n:n
852491,851672,n:n
852491,851679,n:n
852491,851680,n:n
852491,851690,n:n
852491,851711,n:n
852491,851712,n:n
852491,851718,n:n
852491,851761,n:n
852491,851762,n:n
852491,851769,n:n
852491,851770,n:n
852491,851810,n:n
852491,851821,n:n
852491,851822,n:n
852491,851829,n:n
852491,851830,n:n
852491,851840,n:n
852491,851850,n:n
852491,851890,n:n
852491,852210,n:n
852491,852290,n:n
852491,852910,n:n
852491,852990,n:n
852491,853010,n:n
852491,853080,n:n
852491,853090,n:n
852491,853110,n:n
852491,853120,n:n
852491,853180,n:n
852491,853190,n:n
852491,853810,n:n
852491,853890,n:n
852491,854310,n:n
852491,854320,n:n
852491,854330,n:n
852491,854370,n:n
852491,854390,n:n
852491,854810,n:n
852491,854890,n:n
852491,860711,n:n
852491,860712,n:n
852491,860719,n:n
852491,860721,n:n
852491,860729,n:n
852491,860730,n:n
852491,860791,n:n
852491,860799,n:n
852491,870810,n:n
852491,870821,n:n
852491,870829,n:n
852491,870830,n:n
852491,870840,n:n
852491,870850,n:n
852491,870870,n:n
852491,870880,n:n
852491,870891,n:n
852491,870892,n:n
852491,870893,n:n
852491,870894,n:n
852491,870895,n:n
852491,870899,n:n
852491,871410,n:n
852491,871420,n:n
852491,871491,n:n
852491,871492,n:n
852491,871493,n:n
852491,871494,n:n
852491,871495,n:n
852491,871496,n:n
852491,871499,n:n
852491,871610,n:n
852491,871620,n:n
852491,871631,n:n
852491,871639,n:n
852491,871640,n:n
852491,871680,n:n
852491,871690,n:n
852491,880310,n:n
852491,880320,n:n
852491,880330,n:n
852491,880390,n:n
852491,880510,n:n
852491,880521,n:n
852491,880529,n:n
852491,900510,n:n
852491,900580,n:n
852491,900590,n:n
852491,900610,n:n
852491,900630,n:n
852491,900640,n:n
852491,900651,n:n
852491,900652,n:n
852491,900653,n:n
852491,900659,n:n
852491,900661,n:n
852491,900669,n:n
852491,900691,n:n
852491,900699,n:n
852491,900710,n:n
852491,900720,n:n
852491,900791,n:n
852491,900792,n:n
852491,900850,n:n
852491,900890,n:n
852491,901010,n:n
852491,901050,n:n
852491,901060,n:n
852491,901090,n:n
852491,901110,n:n
852491,901120,n:n
852491,901180,n:n
852491,901190,n:n
852491,901210,n:n
852491,901290,n:n
852491,901310,n:n
852491,901320,n:n
852491,901380,n:n
852491,901390,n:n
852491,901410,n:n
852491,901420,n:n
852491,901480,n:n
852491,901490,n:n
852491,901510,n:n
852491,901520,n:n
852491,901530,n:n
852491,901540,n:n
852491,901580,n:n
852491,901590,n:n
852491,901710,n:n
852491,901720,n:n
852491,901730,n:n
852491,901780,n:n
852491,901790,n:n
852491,901811,n:n
852491,901812,n:n
852491,901813,n:n
852491,901814,n:n
852491,901819,n:n
852491,901820,n:n
852491,901831,n:n
852491,901832,n:n
852491,901839,n:n
852491,901841,n:n
852491,901849,n:n
852491,901850,n:n
852491,901890,n:n
852491,901910,n:n
852491,901920,n:n
852491,902000,n:n
852491,902110,n:n
852491,902121,n:n
852491,902129,n:n
852491,902131,n:n
852491,902139,n:n
852491,902140,n:n
852491,902150,n:n
852491,902190,n:n
852491,902212,n:n
852491,902213,n:n
852491,902214,n:n
852491,902219,n:n
852491,902221,n:n
852491,902229,n:n
852491,902230,n:n
852491,902290,n:n
852491,902300,n:n
852491,902410,n:n
852491,902480,n:n
852491,902490,n:n
852491,902511,n:n
852491,902519,n:n
852491,902580,n:n
852491,902590,n:n
852491,902610,n:n
852491,902620,n:n
852491,902680,n:n
852491,902690,n:n
852491,902710,n:n
852491,902720,n:n
852491,902730,n:n
852491,902750,n:n
852491,902780,n:n
852491,902790,n:n
852491,902810,n:n
852491,902820,n:n
852491,902830,n:n
852491,902890,n:n
852491,902910,n:n
852491,902920,n:n
852491,902990,n:n
852491,903010,n:n
852491,903020,n:n
852491,903031,n:n
852491,903032,n:n
852491,903033,n:n
852491,903039,n:n
852491,903040,n:n
852491,903082,n:n
852491,903084,n:n
852491,903089,n:n
852491,903090,n:n
852491,903110,n:n
852491,903120,n:n
852491,903141,n:n
852491,903149,n:n
852491,903180,n:n
852491,903190,n:n
852491,903210,n:n
852491,903220,n:n
852491,903281,n:n
852491,903289,n:n
852491,903290,n:n
852491,903300,n:n
852491,950300,n:n
852491,950420,n:n
852491,950430,n:n
852491,950440,n:n
852491,950450,n:n
852491,950490,n:n
852491,950510,n:n
852491,950590,n:n
852491,950611,n:n
852491,950612,n:n
852491,950619,n:n
852491,950621,n:n
852491,950629,n:n
852491,950631,n:n
852491,950632,n:n
852491,950639,n:n
852491,950640,n:n
852491,950651,n:n
852491,950659,n:n
852491,950661,n:n
852491,950662,n:n
852491,950669,n:n
852491,950670,n:n
852491,950691,n:n
852491,950699,n:n
852492,841311,n:n
852492,841319,n:n
852492,841320,n:n
852492,841330,n:n
852492,841340,n:n
852492,841350,n:n
852492,841360,n:n
852492,841370,n:n
852492,841381,n:n
852492,841382,n:n
852492,841391,n:n
852492,841392,n:n
852492,841410,n:n
852492,841420,n:n
852492,841430,n:n
852492,841440,n:n
852492,841451,n:n
852492,841459,n:n
852492,841460,n:n
852492,841480,n:n
852492,841490,n:n
852492,841510,n:n
852492,841520,n:n
852492,841581,n:n
852492,841582,n:n
852492,841583,n:n
852492,841590,n:n
852492,841710,n:n
852492,841720,n:n
852492,841780,n:n
852492,841790,n:n
852492,841810,n:n
852492,841821,n:n
852492,841829,n:n
852492,841830,n:n
852492,841840,n:n
852492,841850,n:n
852492,841861,n:n
852492,841869,n:n
852492,841891,n:n
852492,841899,n:n
852492,841911,n:n
852492,841919,n:n
852492,841920,n:n
852492,841931,n:n
852492,841932,n:n
852492,841939,n:n
852492,841940,n:n
852492,841950,n:n
852492,841960,n:n
852492,841981,n:n
852492,841989,n:n
852492,841990,n:n
852492,842111,n:n
852492,842112,n:n
852492,842119,n:n
852492,842121,n:n
852492,842122,n:n
852492,842123,n:n
852492,842129,n:n
852492,842131,n:n
852492,842139,n:n
852492,842191,n:n
852492,842199,n:n
852492,842211,n:n
852492,842219,n:n
852492,842220,n:n
852492,842230,n:n
852492,842240,n:n
852492,842290,n:n
852492,842310,n:n
852492,842320,n:n
852492,842330,n:n
852492,842381,n:n
852492,842382,n:n
852492,842389,n:n
852492,842390,n:n
852492,842410,n:n
852492,842420,n:n
852492,842430,n:n
852492,842481,n:n
852492,842489,n:n
852492,842490,n:n
852492,843110,n:n
852492,843120,n:n
852492,843131,n:n
852492,843139,n:n
852492,843141,n:n
852492,843142,n:n
852492,843143,n:n
852492,843149,n:n
852492,843610,n:n
852492,843621,n:n
852492,843629,n:n
852492,843680,n:n
852492,843691,n:n
852492,843699,n:n
852492,843810,n:n
852492,843820,n:n
852492,843830,n:n
852492,843840,n:n
852492,843850,n:n
852492,843860,n:n
852492,843880,n:n
852492,843890,n:n
852492,844110,n:n
852492,844120,n:n
852492,844130,n:n
852492,844140,n:n
852492,844180,n:n
852492,844190,n:n
852492,844311,n:n
852492,844312,n:n
852492,844313,n:n
852492,844314,n:n
852492,844315,n:n
852492,844316,n:n
852492,844317,n:n
852492,844319,n:n
852492,844331,n:n
852492,844332,n:n
852492,844339,n:n
852492,844391,n:n
852492,844399,n:n
852492,844811,n:n
852492,844819,n:n
852492,844820,n:n
852492,844831,n:n
852492,844832,n:n
852492,844833,n:n
852492,844839,n:n
852492,844842,n:n
852492,844849,n:n
852492,844851,n:n
852492,844859,n:n
852492,845011,n:n
852492,845012,n:n
852492,845019,n:n
852492,845020,n:n
852492,845090,n:n
852492,845110,n:n
852492,845121,n:n
852492,845129,n:n
852492,845130,n:n
852492,845140,n:n
852492,845150,n:n
852492,845180,n:n
852492,845190,n:n
852492,845210,n:n
852492,845221,n:n
852492,845229,n:n
852492,845230,n:n
852492,845290,n:n
852492,846610,n:n
852492,846620,n:n
852492,846630,n:n
852492,846691,n:n
852492,846692,n:n
852492,846693,n:n
852492,846694,n:n
852492,847310,n:n
852492,847321,n:n
852492,847329,n:n
852492,847330,n:n
852492,847340,n:n
852492,847350,n:n
852492,847510,n:n
852492,847521,n:n
852492,847529,n:n
852492,847590,n:n
852492,847621,n:n
852492,847629,n:n
852492,847681,n:n
852492,847689,n:n
852492,847690,n:n
852492,847710,n:n
852492,847720,n:n
852492,847730,n:n
852492,847740,n:n
852492,847751,n:n
852492,847759,n:n
852492,847780,n:n
852492,847790,n:n
852492,847810,n:n
852492,847890,n:n
852492,847910,n:n
852492,847920,n:n
852492,847930,n:n
852492,847940,n:n
852492,847950,n:n
852492,847960,n:n
852492,847971,n:n
852492,847979,n:n
852492,847981,n:n
852492,847982,n:n
852492,847989,n:n
852492,847990,n:n
852492,848610,n:n
852492,848620,n:n
852492,848630,n:n
852492,848640,n:n
852492,848690,n:n
852492,850300,n:n
852492,850410,n:n
852492,850421,n:n
852492,850422,n:n
852492,850423,n:n
852492,850431,n:n
852492,850432,n:n
852492,850433,n:n
852492,850434,n:n
852492,850440,n:n
852492,850450,n:n
852492,850490,n:n
852492,850811,n:n
852492,850819,n:n
852492,850860,n:n
852492,850870,n:n
852492,850940,n:n
852492,850980,n:n
852492,850990,n:n
852492,851010,n:n
852492,851020,n:n
852492,851030,n:n
852492,851090,n:n
852492,851210,n:n
852492,851220,n:n
852492,851230,n:n
852492,851240,n:n
852492,851290,n:n
852492,851410,n:n
852492,851420,n:n
852492,851430,n:n
852492,851440,n:n
852492,851490,n:n
852492,851610,n:n
852492,851621,n:n
852492,851629,n:n
852492,851631,n:n
852492,851632,n:n
852492,851633,n:n
852492,851640,n:n
852492,851650,n:n
852492,851660,n:n
852492,851671,n:n
852492,851672,n:n
852492,851679,n:n
852492,851680,n:n
852492,851690,n:n
852492,851711,n:n
852492,851712,n:n
852492,851718,n:n
852492,851761,n:n
852492,851762,n:n
852492,851769,n:n
852492,851770,n:n
852492,851810,n:n
852492,851821,n:n
852492,851822,n:n
852492,851829,n:n
852492,851830,n:n
852492,851840,n:n
852492,851850,n:n
852492,851890,n:n
852492,852210,n:n
852492,852290,n:n
852492,852910,n:n
852492,852990,n:n
852492,853010,n:n
852492,853080,n:n
852492,853090,n:n
852492,853110,n:n
852492,853120,n:n
852492,853180,n:n
852492,853190,n:n
852492,853810,n:n
852492,853890,n:n
852492,854310,n:n
852492,854320,n:n
852492,854330,n:n
852492,854370,n:n
852492,854390,n:n
852492,854810,n:n
852492,854890,n:n
852492,860711,n:n
852492,860712,n:n
852492,860719,n:n
852492,860721,n:n
852492,860729,n:n
852492,860730,n:n
852492,860791,n:n
852492,860799,n:n
852492,870810,n:n
852492,870821,n:n
852492,870829,n:n
852492,870830,n:n
852492,870840,n:n
852492,870850,n:n
852492,870870,n:n
852492,870880,n:n
852492,870891,n:n
852492,870892,n:n
852492,870893,n:n
852492,870894,n:n
852492,870895,n:n
852492,870899,n:n
852492,871410,n:n
852492,871420,n:n
852492,871491,n:n
852492,871492,n:n
852492,871493,n:n
852492,871494,n:n
852492,871495,n:n
852492,871496,n:n
852492,871499,n:n
852492,871610,n:n
852492,871620,n:n
852492,871631,n:n
852492,871639,n:n
852492,871640,n:n
852492,871680,n:n
852492,871690,n:n
852492,880310,n:n
852492,880320,n:n
852492,880330,n:n
852492,880390,n:n
852492,880510,n:n
852492,880521,n:n
852492,880529,n:n
852492,900510,n:n
852492,900580,n:n
852492,900590,n:n
852492,900610,n:n
852492,900630,n:n
852492,900640,n:n
852492,900651,n:n
852492,900652,n:n
852492,900653,n:n
852492,900659,n:n
852492,900661,n:n
852492,900669,n:n
852492,900691,n:n
852492,900699,n:n
852492,900710,n:n
852492,900720,n:n
852492,900791,n:n
852492,900792,n:n
852492,900850,n:n
852492,900890,n:n
852492,901010,n:n
852492,901050,n:n
852492,901060,n:n
852492,901090,n:n
852492,901110,n:n
852492,901120,n:n
852492,901180,n:n
852492,901190,n:n
852492,901210,n:n
852492,901290,n:n
852492,901310,n:n
852492,901320,n:n
852492,901380,n:n
852492,901390,n:n
852492,901410,n:n
852492,901420,n:n
852492,901480,n:n
852492,901490,n:n
852492,901510,n:n
852492,901520,n:n
852492,901530,n:n
852492,901540,n:n
852492,901580,n:n
852492,901590,n:n
852492,901710,n:n
852492,901720,n:n
852492,901730,n:n
852492,901780,n:n
852492,901790,n:n
852492,901811,n:n
852492,901812,n:n
852492,901813,n:n
852492,901814,n:n
852492,901819,n:n
852492,901820,n:n
852492,901831,n:n
852492,901832,n:n
852492,901839,n:n
852492,901841,n:n
852492,901849,n:n
852492,901850,n:n
852492,901890,n:n
852492,901910,n:n
852492,901920,n:n
852492,902000,n:n
852492,902110,n:n
852492,902121,n:n
852492,902129,n:n
852492,902131,n:n
852492,902139,n:n
852492,902140,n:n
852492,902150,n:n
852492,902190,n:n
852492,902212,n:n
852492,902213,n:n
852492,902214,n:n
852492,902219,n:n
852492,902221,n:n
852492,902229,n:n
852492,902230,n:n
852492,902290,n:n
852492,902300,n:n
852492,902410,n:n
852492,902480,n:n
852492,902490,n:n
852492,902511,n:n
852492,902519,n:n
852492,902580,n:n
852492,902590,n:n
852492,902610,n:n
852492,902620,n:n
852492,902680,n:n
852492,902690,n:n
852492,902710,n:n
852492,902720,n:n
852492,902730,n:n
852492,902750,n:n
852492,902780,n:n
852492,902790,n:n
852492,902810,n:n
852492,902820,n:n
852492,902830,n:n
852492,902890,n:n
852492,902910,n:n
852492,902920,n:n
852492,902990,n:n
852492,903010,n:n
852492,903020,n:n
852492,903031,n:n
852492,903032,n:n
852492,903033,n:n
852492,903039,n:n
852492,903040,n:n
852492,903082,n:n
852492,903084,n:n
852492,903089,n:n
852492,903090,n:n
852492,903110,n:n
852492,903120,n:n
852492,903141,n:n
852492,903149,n:n
852492,903180,n:n
852492,903190,n:n
852492,903210,n:n
852492,903220,n:n
852492,903281,n:n
852492,903289,n:n
852492,903290,n:n
852492,903300,n:n
852492,950300,n:n
852492,950420,n:n
852492,950430,n:n
852492,950440,n:n
852492,950450,n:n
852492,950490,n:n
852492,950510,n:n
852492,950590,n:n
852492,950611,n:n
852492,950612,n:n
852492,950619,n:n
852492,950621,n:n
852492,950629,n:n
852492,950631,n:n
852492,950632,n:n
852492,950639,n:n
852492,950640,n:n
852492,950651,n:n
852492,950659,n:n
852492,950661,n:n
852492,950662,n:n
852492,950669,n:n
852492,950670,n:n
852492,950691,n:n
852492,950699,n:n
852499,841311,n:n
852499,841319,n:n
852499,841320,n:n
852499,841330,n:n
852499,841340,n:n
852499,841350,n:n
852499,841360,n:n
852499,841370,n:n
852499,841381,n:n
852499,841382,n:n
852499,841391,n:n
852499,841392,n:n
852499,841410,n:n
852499,841420,n:n
852499,841430,n:n
852499,841440,n:n
852499,841451,n:n
852499,841459,n:n
852499,841460,n:n
852499,841480,n:n
852499,841490,n:n
852499,841510,n:n
852499,841520,n:n
852499,841581,n:n
852499,841582,n:n
852499,841583,n:n
852499,841590,n:n
852499,841710,n:n
852499,841720,n:n
852499,841780,n:n
852499,841790,n:n
852499,841810,n:n
852499,841821,n:n
852499,841829,n:n
852499,841830,n:n
852499,841840,n:n
852499,841850,n:n
852499,841861,n:n
852499,841869,n:n
852499,841891,n:n
852499,841899,n:n
852499,841911,n:n
852499,841919,n:n
852499,841920,n:n
852499,841931,n:n
852499,841932,n:n
852499,841939,n:n
852499,841940,n:n
852499,841950,n:n
852499,841960,n:n
852499,841981,n:n
852499,841989,n:n
852499,841990,n:n
852499,842111,n:n
852499,842112,n:n
852499,842119,n:n
852499,842121,n:n
852499,842122,n:n
852499,842123,n:n
852499,842129,n:n
852499,842131,n:n
852499,842139,n:n
852499,842191,n:n
852499,842199,n:n
852499,842211,n:n
852499,842219,n:n
852499,842220,n:n
852499,842230,n:n
852499,842240,n:n
852499,842290,n:n
852499,842310,n:n
852499,842320,n:n
852499,842330,n:n
852499,842381,n:n
852499,842382,n:n
852499,842389,n:n
852499,842390,n:n
852499,842410,n:n
852499,842420,n:n
852499,842430,n:n
852499,842481,n:n
852499,842489,n:n
852499,842490,n:n
852499,843110,n:n
852499,843120,n:n
852499,843131,n:n
852499,843139,n:n
852499,843141,n:n
852499,843142,n:n
852499,843143,n:n
852499,843149,n:n
852499,843610,n:n
852499,843621,n:n
852499,843629,n:n
852499,843680,n:n
852499,843691,n:n
852499,843699,n:n
852499,843810,n:n
852499,843820,n:n
852499,843830,n:n
852499,843840,n:n
852499,843850,n:n
852499,843860,n:n
852499,843880,n:n
852499,843890,n:n
852499,844110,n:n
852499,844120,n:n
852499,844130,n:n
852499,844140,n:n
852499,844180,n:n
852499,844190,n:n
852499,844311,n:n
852499,844312,n:n
852499,844313,n:n
852499,844314,n:n
852499,844315,n:n
852499,844316,n:n
852499,844317,n:n
852499,844319,n:n
852499,844331,n:n
852499,844332,n:n
852499,844339,n:n
852499,844391,n:n
852499,844399,n:n
852499,844811,n:n
852499,844819,n:n
852499,844820,n:n
852499,844831,n:n
852499,844832,n:n
852499,844833,n:n
852499,844839,n:n
852499,844842,n:n
852499,844849,n:n
852499,844851,n:n
852499,844859,n:n
852499,845011,n:n
852499,845012,n:n
852499,845019,n:n
852499,845020,n:n
852499,845090,n:n
852499,845110,n:n
852499,845121,n:n
852499,845129,n:n
852499,845130,n:n
852499,845140,n:n
852499,845150,n:n
852499,845180,n:n
852499,845190,n:n
852499,845210,n:n
852499,845221,n:n
852499,845229,n:n
852499,845230,n:n
852499,845290,n:n
852499,846610,n:n
852499,846620,n:n
852499,846630,n:n
852499,846691,n:n
852499,846692,n:n
852499,846693,n:n
852499,846694,n:n
852499,847310,n:n
852499,847321,n:n
852499,847329,n:n
852499,847330,n:n
852499,847340,n:n
852499,847350,n:n
852499,847510,n:n
852499,847521,n:n
852499,847529,n:n
852499,847590,n:n
852499,847621,n:n
852499,847629,n:n
852499,847681,n:n
852499,847689,n:n
852499,847690,n:n
852499,847710,n:n
852499,847720,n:n
852499,847730,n:n
852499,847740,n:n
852499,847751,n:n
852499,847759,n:n
852499,847780,n:n
852499,847790,n:n
852499,847810,n:n
852499,847890,n:n
852499,847910,n:n
852499,847920,n:n
852499,847930,n:n
852499,847940,n:n
852499,847950,n:n
852499,847960,n:n
852499,847971,n:n
852499,847979,n:n
852499,847981,n:n
852499,847982,n:n
852499,847989,n:n
852499,847990,n:n
852499,848610,n:n
852499,848620,n:n
852499,848630,n:n
852499,848640,n:n
852499,848690,n:n
852499,850300,n:n
852499,850410,n:n
852499,850421,n:n
852499,850422,n:n
852499,850423,n:n
852499,850431,n:n
852499,850432,n:n
852499,850433,n:n
852499,850434,n:n
852499,850440,n:n
852499,850450,n:n
852499,850490,n:n
852499,850811,n:n
852499,850819,n:n
852499,850860,n:n
852499,850870,n:n
852499,850940,n:n
852499,850980,n:n
852499,850990,n:n
852499,851010,n:n
852499,851020,n:n
852499,851030,n:n
852499,851090,n:n
852499,851210,n:n
852499,851220,n:n
852499,851230,n:n
852499,851240,n:n
852499,851290,n:n
852499,851410,n:n
852499,851420,n:n
852499,851430,n:n
852499,851440,n:n
852499,851490,n:n
852499,851610,n:n
852499,851621,n:n
852499,851629,n:n
852499,851631,n:n
852499,851632,n:n
852499,851633,n:n
852499,851640,n:n
852499,851650,n:n
852499,851660,n:n
852499,851671,n:n
852499,851672,n:n
852499,851679,n:n
852499,851680,n:n
852499,851690,n:n
852499,851711,n:n
852499,851712,n:n
852499,851718,n:n
852499,851761,n:n
852499,851762,n:n
852499,851769,n:n
852499,851770,n:n
852499,851810,n:n
852499,851821,n:n
852499,851822,n:n
852499,851829,n:n
852499,851830,n:n
852499,851840,n:n
852499,851850,n:n
852499,851890,n:n
852499,852210,n:n
852499,852290,n:n
852499,852910,n:n
852499,852990,n:n
852499,853010,n:n
852499,853080,n:n
852499,853090,n:n
852499,853110,n:n
852499,853120,n:n
852499,853180,n:n
852499,853190,n:n
852499,853810,n:n
852499,853890,n:n
852499,854310,n:n
852499,854320,n:n
852499,854330,n:n
852499,854370,n:n
852499,854390,n:n
852499,854810,n:n
852499,854890,n:n
852499,860711,n:n
852499,860712,n:n
852499,860719,n:n
852499,860721,n:n
852499,860729,n:n
852499,860730,n:n
852499,860791,n:n
852499,860799,n:n
852499,870810,n:n
852499,870821,n:n
852499,870829,n:n
852499,870830,n:n
852499,870840,n:n
852499,870850,n:n
852499,870870,n:n
852499,870880,n:n
852499,870891,n:n
852499,870892,n:n
852499,870893,n:n
852499,870894,n:n
852499,870895,n:n
852499,870899,n:n
852499,871410,n:n
852499,871420,n:n
852499,871491,n:n
852499,871492,n:n
852499,871493,n:n
852499,871494,n:n
852499,871495,n:n
852499,871496,n:n
852499,871499,n:n
852499,871610,n:n
852499,871620,n:n
852499,871631,n:n
852499,871639,n:n
852499,871640,n:n
852499,871680,n:n
852499,871690,n:n
852499,880310,n:n
852499,880320,n:n
852499,880330,n:n
852499,880390,n:n
852499,880510,n:n
852499,880521,n:n
852499,880529,n:n
852499,900510,n:n
852499,900580,n:n
852499,900590,n:n
852499,900610,n:n
852499,900630,n:n
852499,900640,n:n
852499,900651,n:n
852499,900652,n:n
852499,900653,n:n
852499,900659,n:n
852499,900661,n:n
852499,900669,n:n
852499,900691,n:n
852499,900699,n:n
852499,900710,n:n
852499,900720,n:n
852499,900791,n:n
852499,900792,n:n
852499,900850,n:n
852499,900890,n:n
852499,901010,n:n
852499,901050,n:n
852499,901060,n:n
852499,901090,n:n
852499,901110,n:n
852499,901120,n:n
852499,901180,n:n
852499,901190,n:n
852499,901210,n:n
852499,901290,n:n
852499,901310,n:n
852499,901320,n:n
852499,901380,n:n
852499,901390,n:n
852499,901410,n:n
852499,901420,n:n
852499,901480,n:n
852499,901490,n:n
852499,901510,n:n
852499,901520,n:n
852499,901530,n:n
852499,901540,n:n
852499,901580,n:n
852499,901590,n:n
852499,901710,n:n
852499,901720,n:n
852499,901730,n:n
852499,901780,n:n
852499,901790,n:n
852499,901811,n:n
852499,901812,n:n
852499,901813,n:n
852499,901814,n:n
852499,901819,n:n
852499,901820,n:n
852499,901831,n:n
852499,901832,n:n
852499,901839,n:n
852499,901841,n:n
852499,901849,n:n
852499,901850,n:n
852499,901890,n:n
852499,901910,n:n
852499,901920,n:n
852499,902000,n:n
852499,902110,n:n
852499,902121,n:n
852499,902129,n:n
852499,902131,n:n
852499,902139,n:n
852499,902140,n:n
852499,902150,n:n
852499,902190,n:n
852499,902212,n:n
852499,902213,n:n
852499,902214,n:n
852499,902219,n:n
852499,902221,n:n
852499,902229,n:n
852499,902230,n:n
852499,902290,n:n
852499,902300,n:n
852499,902410,n:n
852499,902480,n:n
852499,902490,n:n
852499,902511,n:n
852499,902519,n:n
852499,902580,n:n
852499,902590,n:n
852499,902610,n:n
852499,902620,n:n
852499,902680,n:n
852499,902690,n:n
852499,902710,n:n
852499,902720,n:n
852499,902730,n:n
852499,902750,n:n
852499,902780,n:n
852499,902790,n:n
852499,902810,n:n
852499,902820,n:n
852499,902830,n:n
852499,902890,n:n
852499,902910,n:n
852499,902920,n:n
852499,902990,n:n
852499,903010,n:n
852499,903020,n:n
852499,903031,n:n
852499,903032,n:n
852499,903033,n:n
852499,903039,n:n
852499,903040,n:n
852499,903082,n:n
852499,903084,n:n
852499,903089,n:n
852499,903090,n:n
852499,903110,n:n
852499,903120,n:n
852499,903141,n:n
852499,903149,n:n
852499,903180,n:n
852499,903190,n:n
852499,903210,n:n
852499,903220,n:n
852499,903281,n:n
852499,903289,n:n
852499,903290,n:n
852499,903300,n:n
852499,950300,n:n
852499,950420,n:n
852499,950430,n:n
852499,950440,n:n
852499,950450,n:n
852499,950490,n:n
852499,950510,n:n
852499,950590,n:n
852499,950611,n:n
852499,950612,n:n
852499,950619,n:n
852499,950621,n:n
852499,950629,n:n
852499,950631,n:n
852499,950632,n:n
852499,950639,n:n
852499,950640,n:n
852499,950651,n:n
852499,950659,n:n
852499,950661,n:n
852499,950662,n:n
852499,950669,n:n
852499,950670,n:n
852499,950691,n:n
852499,950699,n:n
852550,852550,n:1
852560,852560,n:1
852581,852580,n:1
852582,852580,n:1
852583,852580,n:1
852589,852580,n:1
852610,852610,n:1
852691,852691,n:1
852692,852692,n:1
852712,852712,n:1
852713,852713,n:1
852719,852719,n:1
852721,852721,n:1
852729,852729,n:1
852791,852791,n:1
852792,852792,n:1
852799,852799,n:1
852842,852841,n:n
852842,852849,n:n
852849,852849,n:1
852852,852851,n:n
852852,852859,n:n
852859,852859,n:1
852862,852861,n:n
852862,852869,n:n
852869,852869,n:1
852871,852871,n:1
852872,852872,n:1
852873,852873,n:1
852910,852910,n:1
852990,841311,n:n
852990,841319,n:n
852990,841320,n:n
852990,841330,n:n
852990,841340,n:n
852990,841350,n:n
852990,841360,n:n
852990,841370,n:n
852990,841381,n:n
852990,841382,n:n
852990,841391,n:n
852990,841392,n:n
852990,841410,n:n
852990,841420,n:n
852990,841430,n:n
852990,841440,n:n
852990,841451,n:n
852990,841459,n:n
852990,841460,n:n
852990,841480,n:n
852990,841490,n:n
852990,841510,n:n
852990,841520,n:n
852990,841581,n:n
852990,841582,n:n
852990,841583,n:n
852990,841590,n:n
852990,841710,n:n
852990,841720,n:n
852990,841780,n:n
852990,841790,n:n
852990,841810,n:n
852990,841821,n:n
852990,841829,n:n
852990,841830,n:n
852990,841840,n:n
852990,841850,n:n
852990,841861,n:n
852990,841869,n:n
852990,841891,n:n
852990,841899,n:n
852990,841911,n:n
852990,841919,n:n
852990,841920,n:n
852990,841931,n:n
852990,841932,n:n
852990,841939,n:n
852990,841940,n:n
852990,841950,n:n
852990,841960,n:n
852990,841981,n:n
852990,841989,n:n
852990,841990,n:n
852990,842111,n:n
852990,842112,n:n
852990,842119,n:n
852990,842121,n:n
852990,842122,n:n
852990,842123,n:n
852990,842129,n:n
852990,842131,n:n
852990,842139,n:n
852990,842191,n:n
852990,842199,n:n
852990,842211,n:n
852990,842219,n:n
852990,842220,n:n
852990,842230,n:n
852990,842240,n:n
852990,842290,n:n
852990,842310,n:n
852990,842320,n:n
852990,842330,n:n
852990,842381,n:n
852990,842382,n:n
852990,842389,n:n
852990,842390,n:n
852990,842410,n:n
852990,842420,n:n
852990,842430,n:n
852990,842481,n:n
852990,842489,n:n
852990,842490,n:n
852990,843110,n:n
852990,843120,n:n
852990,843131,n:n
852990,843139,n:n
852990,843141,n:n
852990,843142,n:n
852990,843143,n:n
852990,843149,n:n
852990,843610,n:n
852990,843621,n:n
852990,843629,n:n
852990,843680,n:n
852990,843691,n:n
852990,843699,n:n
852990,843810,n:n
852990,843820,n:n
852990,843830,n:n
852990,843840,n:n
852990,843850,n:n
852990,843860,n:n
852990,843880,n:n
852990,843890,n:n
852990,844110,n:n
852990,844120,n:n
852990,844130,n:n
852990,844140,n:n
852990,844180,n:n
852990,844190,n:n
852990,844311,n:n
852990,844312,n:n
852990,844313,n:n
852990,844314,n:n
852990,844315,n:n
852990,844316,n:n
852990,844317,n:n
852990,844319,n:n
852990,844331,n:n
852990,844332,n:n
852990,844339,n:n
852990,844391,n:n
852990,844399,n:n
852990,844811,n:n
852990,844819,n:n
852990,844820,n:n
852990,844831,n:n
852990,844832,n:n
852990,844833,n:n
852990,844839,n:n
852990,844842,n:n
852990,844849,n:n
852990,844851,n:n
852990,844859,n:n
852990,845011,n:n
852990,845012,n:n
852990,845019,n:n
852990,845020,n:n
852990,845090,n:n
852990,845110,n:n
852990,845121,n:n
852990,845129,n:n
852990,845130,n:n
852990,845140,n:n
852990,845150,n:n
852990,845180,n:n
852990,845190,n:n
852990,845210,n:n
852990,845221,n:n
852990,845229,n:n
852990,845230,n:n
852990,845290,n:n
852990,846610,n:n
852990,846620,n:n
852990,846630,n:n
852990,846691,n:n
852990,846692,n:n
852990,846693,n:n
852990,846694,n:n
852990,847310,n:n
852990,847321,n:n
852990,847329,n:n
852990,847330,n:n
852990,847340,n:n
852990,847350,n:n
852990,847510,n:n
852990,847521,n:n
852990,847529,n:n
852990,847590,n:n
852990,847621,n:n
852990,847629,n:n
852990,847681,n:n
852990,847689,n:n
852990,847690,n:n
852990,847710,n:n
852990,847720,n:n
852990,847730,n:n
852990,847740,n:n
852990,847751,n:n
852990,847759,n:n
852990,847780,n:n
852990,847790,n:n
852990,847810,n:n
852990,847890,n:n
852990,847910,n:n
852990,847920,n:n
852990,847930,n:n
852990,847940,n:n
852990,847950,n:n
852990,847960,n:n
852990,847971,n:n
852990,847979,n:n
852990,847981,n:n
852990,847982,n:n
852990,847989,n:n
852990,847990,n:n
852990,848610,n:n
852990,848620,n:n
852990,848630,n:n
852990,848640,n:n
852990,848690,n:n
852990,850300,n:n
852990,850410,n:n
852990,850421,n:n
852990,850422,n:n
852990,850423,n:n
852990,850431,n:n
852990,850432,n:n
852990,850433,n:n
852990,850434,n:n
852990,850440,n:n
852990,850450,n:n
852990,850490,n:n
852990,850811,n:n
852990,850819,n:n
852990,850860,n:n
852990,850870,n:n
852990,850940,n:n
852990,850980,n:n
852990,850990,n:n
852990,851010,n:n
852990,851020,n:n
852990,851030,n:n
852990,851090,n:n
852990,851210,n:n
852990,851220,n:n
852990,851230,n:n
852990,851240,n:n
852990,851290,n:n
852990,851410,n:n
852990,851420,n:n
852990,851430,n:n
852990,851440,n:n
852990,851490,n:n
852990,851610,n:n
852990,851621,n:n
852990,851629,n:n
852990,851631,n:n
852990,851632,n:n
852990,851633,n:n
852990,851640,n:n
852990,851650,n:n
852990,851660,n:n
852990,851671,n:n
852990,851672,n:n
852990,851679,n:n
852990,851680,n:n
852990,851690,n:n
852990,851711,n:n
852990,851712,n:n
852990,851718,n:n
852990,851761,n:n
852990,851762,n:n
852990,851769,n:n
852990,851770,n:n
852990,851810,n:n
852990,851821,n:n
852990,851822,n:n
852990,851829,n:n
852990,851830,n:n
852990,851840,n:n
852990,851850,n:n
852990,851890,n:n
852990,852210,n:n
852990,852290,n:n
852990,852910,n:n
852990,852990,n:n
852990,853010,n:n
852990,853080,n:n
852990,853090,n:n
852990,853110,n:n
852990,853120,n:n
852990,853180,n:n
852990,853190,n:n
852990,853810,n:n
852990,853890,n:n
852990,854310,n:n
852990,854320,n:n
852990,854330,n:n
852990,854370,n:n
852990,854390,n:n
852990,854810,n:n
852990,854890,n:n
852990,860711,n:n
852990,860712,n:n
852990,860719,n:n
852990,860721,n:n
852990,860729,n:n
852990,860730,n:n
852990,860791,n:n
852990,860799,n:n
852990,870810,n:n
852990,870821,n:n
852990,870829,n:n
852990,870830,n:n
852990,870840,n:n
852990,870850,n:n
852990,870870,n:n
852990,870880,n:n
852990,870891,n:n
852990,870892,n:n
852990,870893,n:n
852990,870894,n:n
852990,870895,n:n
852990,870899,n:n
852990,871410,n:n
852990,871420,n:n
852990,871491,n:n
852990,871492,n:n
852990,871493,n:n
852990,871494,n:n
852990,871495,n:n
852990,871496,n:n
852990,871499,n:n
852990,871610,n:n
852990,871620,n:n
852990,871631,n:n
852990,871639,n:n
852990,871640,n:n
852990,871680,n:n
852990,871690,n:n
852990,880310,n:n
852990,880320,n:n
852990,880330,n:n
852990,880390,n:n
852990,880510,n:n
852990,880521,n:n
852990,880529,n:n
852990,900510,n:n
852990,900580,n:n
852990,900590,n:n
852990,900610,n:n
852990,900630,n:n
852990,900640,n:n
852990,900651,n:n
852990,900652,n:n
852990,900653,n:n
852990,900659,n:n
852990,900661,n:n
852990,900669,n:n
852990,900691,n:n
852990,900699,n:n
852990,900710,n:n
852990,900720,n:n
852990,900791,n:n
852990,900792,n:n
852990,900850,n:n
852990,900890,n:n
852990,901010,n:n
852990,901050,n:n
852990,901060,n:n
852990,901090,n:n
852990,901110,n:n
852990,901120,n:n
852990,901180,n:n
852990,901190,n:n
852990,901210,n:n
852990,901290,n:n
852990,901310,n:n
852990,901320,n:n
852990,901380,n:n
852990,901390,n:n
852990,901410,n:n
852990,901420,n:n
852990,901480,n:n
852990,901490,n:n
852990,901510,n:n
852990,901520,n:n
852990,901530,n:n
852990,901540,n:n
852990,901580,n:n
852990,901590,n:n
852990,901710,n:n
852990,901720,n:n
852990,901730,n:n
852990,901780,n:n
852990,901790,n:n
852990,901811,n:n
852990,901812,n:n
852990,901813,n:n
852990,901814,n:n
852990,901819,n:n
852990,901820,n:n
852990,901831,n:n
852990,901832,n:n
852990,901839,n:n
852990,901841,n:n
852990,901849,n:n
852990,901850,n:n
852990,901890,n:n
852990,901910,n:n
852990,901920,n:n
852990,902000,n:n
852990,902110,n:n
852990,902121,n:n
852990,902129,n:n
852990,902131,n:n
852990,902139,n:n
852990,902140,n:n
852990,902150,n:n
852990,902190,n:n
852990,902212,n:n
852990,902213,n:n
852990,902214,n:n
852990,902219,n:n
852990,902221,n:n
852990,902229,n:n
852990,902230,n:n
852990,902290,n:n
852990,902300,n:n
852990,902410,n:n
852990,902480,n:n
852990,902490,n:n
852990,902511,n:n
852990,902519,n:n
852990,902580,n:n
852990,902590,n:n
852990,902610,n:n
852990,902620,n:n
852990,902680,n:n
852990,902690,n:n
852990,902710,n:n
852990,902720,n:n
852990,902730,n:n
852990,902750,n:n
852990,902780,n:n
852990,902790,n:n
852990,902810,n:n
852990,902820,n:n
852990,902830,n:n
852990,902890,n:n
852990,902910,n:n
852990,902920,n:n
852990,902990,n:n
852990,903010,n:n
852990,903020,n:n
852990,903031,n:n
852990,903032,n:n
852990,903033,n:n
852990,903039,n:n
852990,903040,n:n
852990,903082,n:n
852990,903084,n:n
852990,903089,n:n
852990,903090,n:n
852990,903110,n:n
852990,903120,n:n
852990,903141,n:n
852990,903149,n:n
852990,903180,n:n
852990,903190,n:n
852990,903210,n:n
852990,903220,n:n
852990,903281,n:n
852990,903289,n:n
852990,903290,n:n
852990,903300,n:n
852990,950300,n:n
852990,950420,n:n
852990,950430,n:n
852990,950440,n:n
852990,950450,n:n
852990,950490,n:n
852990,950510,n:n
852990,950590,n:n
852990,950611,n:n
852990,950612,n:n
852990,950619,n:n
852990,950621,n:n
852990,950629,n:n
852990,950631,n:n
852990,950632,n:n
852990,950639,n:n
852990,950640,n:n
852990,950651,n:n
852990,950659,n:n
852990,950661,n:n
852990,950662,n:n
852990,950669,n:n
852990,950670,n:n
852990,950691,n:n
852990,950699,n:n
853010,853010,n:1
853080,853080,n:1
853090,853090,n:1
853110,853110,n:1
853120,853120,n:1
853180,853180,n:1
853190,853190,n:1
853210,853210,n:1
853221,853221,n:1
853222,853222,n:1
853223,853223,n:1
853224,853224,n:1
853225,853225,n:1
853229,853229,n:1
853230,853230,n:1
853290,853290,n:1
853310,853310,n:1
853321,853321,n:1
853329,853329,n:1
853331,853331,n:1
853339,853339,n:1
853340,853340,n:1
853390,853390,n:1
853400,853400,n:1
853510,853510,n:1
853521,853521,n:1
853529,853529,n:1
853530,853530,n:1
853540,853540,n:1
853590,853590,n:1
853610,853610,n:1
853620,853620,n:1
853630,853630,n:1
853641,853641,n:1
853649,853649,n:1
853650,853650,n:1
853661,853661,n:1
853669,853669,n:1
853670,853670,n:1
853690,853690,n:1
853710,853710,n:1
853720,853720,n:1
853810,853810,n:1
853890,853890,n:1
853910,853910,n:1
853921,853921,n:1
853922,853922,n:1
853929,853929,n:1
853931,853931,n:1
853932,853932,n:1
853939,853939,n:1
853941,853941,n:1
853949,853949,n:1
853951,853990,n:n
853951,854370,n:n
853951,940510,n:n
853951,940520,n:n
853951,940530,n:n
853951,940540,n:n
853952,854370,n:1
853990,853990,n:n
853990,854390,n:n
853990,940599,n:n
854011,854011,n:1
854012,854012,n:1
854020,854020,n:1
854040,854040,n:1
854060,854060,n:1
854071,854071,n:1
854079,854079,n:1
854081,854081,n:1
854089,854089,n:1
854091,854091,n:1
854099,854099,n:1
854110,854110,n:1
854121,854121,n:1
854129,854129,n:1
854130,854130,n:1
854141,854140,n:1
854142,854140,n:1
854143,854140,n:1
854149,854140,n:1
854151,842211,n:n
854151,842219,n:n
854151,842220,n:n
854151,842230,n:n
854151,842240,n:n
854151,842290,n:n
854151,843110,n:n
854151,843120,n:n
854151,843131,n:n
854151,843139,n:n
854151,843141,n:n
854151,843142,n:n
854151,843143,n:n
854151,843149,n:n
854151,844311,n:n
854151,844312,n:n
854151,844313,n:n
854151,844314,n:n
854151,844315,n:n
854151,844316,n:n
854151,844317,n:n
854151,844319,n:n
854151,844331,n:n
854151,844332,n:n
854151,844339,n:n
854151,844391,n:n
854151,844399,n:n
854151,845011,n:n
854151,845012,n:n
854151,845019,n:n
854151,845020,n:n
854151,845090,n:n
854151,846610,n:n
854151,846620,n:n
854151,846630,n:n
854151,846691,n:n
854151,846692,n:n
854151,846693,n:n
854151,846694,n:n
854151,847310,n:n
854151,847321,n:n
854151,847329,n:n
854151,847330,n:n
854151,847340,n:n
854151,847350,n:n
854151,847621,n:n
854151,847629,n:n
854151,847681,n:n
854151,847689,n:n
854151,847690,n:n
854151,850410,n:n
854151,850421,n:n
854151,850422,n:n
854151,850423,n:n
854151,850431,n:n
854151,850432,n:n
854151,850433,n:n
854151,850434,n:n
854151,850440,n:n
854151,850450,n:n
854151,850490,n:n
854151,851711,n:n
854151,851712,n:n
854151,851718,n:n
854151,851761,n:n
854151,851762,n:n
854151,851769,n:n
854151,851770,n:n
854151,851810,n:n
854151,851821,n:n
854151,851822,n:n
854151,851829,n:n
854151,851830,n:n
854151,851840,n:n
854151,851850,n:n
854151,851890,n:n
854151,852210,n:n
854151,852290,n:n
854151,852910,n:n
854151,852990,n:n
854151,853010,n:n
854151,853080,n:n
854151,853090,n:n
854151,853110,n:n
854151,853120,n:n
854151,853180,n:n
854151,853190,n:n
854151,853510,n:n
854151,853521,n:n
854151,853529,n:n
854151,853530,n:n
854151,853540,n:n
854151,853590,n:n
854151,853610,n:n
854151,853620,n:n
854151,853630,n:n
854151,853641,n:n
854151,853649,n:n
854151,853650,n:n
854151,853661,n:n
854151,853669,n:n
854151,853670,n:n
854151,853690,n:n
854151,853710,n:n
854151,853720,n:n
854151,853810,n:n
854151,853890,n:n
854151,854310,n:n
854151,854320,n:n
854151,854330,n:n
854151,854370,n:n
854151,854390,n:n
854151,854810,n:n
854151,854890,n:n
854151,902511,n:n
854151,902519,n:n
854151,902580,n:n
854151,902590,n:n
854151,902610,n:n
854151,902620,n:n
854151,902680,n:n
854151,902690,n:n
854151,903010,n:n
854151,903020,n:n
854151,903031,n:n
854151,903032,n:n
854151,903033,n:n
854151,903039,n:n
854151,903040,n:n
854151,903082,n:n
854151,903084,n:n
854151,903089,n:n
854151,903090,n:n
854151,903110,n:n
854151,903120,n:n
854151,903141,n:n
854151,903149,n:n
854151,903180,n:n
854151,903190,n:n
854151,903210,n:n
854151,903220,n:n
854151,903281,n:n
854151,903289,n:n
854151,903290,n:n
854151,903300,n:n
854151,930510,n:n
854151,930520,n:n
854151,930591,n:n
854151,930599,n:n
854151,930621,n:n
854151,930629,n:n
854151,930630,n:n
854151,930690,n:n
854151,950420,n:n
854151,950430,n:n
854151,950440,n:n
854151,950450,n:n
854151,950490,n:n
854159,842211,n:n
854159,842219,n:n
854159,842220,n:n
854159,842230,n:n
854159,842240,n:n
854159,842290,n:n
854159,843110,n:n
854159,843120,n:n
854159,843131,n:n
854159,843139,n:n
854159,843141,n:n
854159,843142,n:n
854159,843143,n:n
854159,843149,n:n
854159,844311,n:n
854159,844312,n:n
854159,844313,n:n
854159,844314,n:n
854159,844315,n:n
854159,844316,n:n
854159,844317,n:n
854159,844319,n:n
854159,844331,n:n
854159,844332,n:n
854159,844339,n:n
854159,844391,n:n
854159,844399,n:n
854159,845011,n:n
854159,845012,n:n
854159,845019,n:n
854159,845020,n:n
854159,845090,n:n
854159,846610,n:n
854159,846620,n:n
854159,846630,n:n
854159,846691,n:n
854159,846692,n:n
854159,846693,n:n
854159,846694,n:n
854159,847310,n:n
854159,847321,n:n
854159,847329,n:n
854159,847330,n:n
854159,847340,n:n
854159,847350,n:n
854159,847621,n:n
854159,847629,n:n
854159,847681,n:n
854159,847689,n:n
854159,847690,n:n
854159,850410,n:n
854159,850421,n:n
854159,850422,n:n
854159,850423,n:n
854159,850431,n:n
854159,850432,n:n
854159,850433,n:n
854159,850434,n:n
854159,850440,n:n
854159,850450,n:n
854159,850490,n:n
854159,851711,n:n
854159,851712,n:n
854159,851718,n:n
854159,851761,n:n
854159,851762,n:n
854159,851769,n:n
854159,851770,n:n
854159,851810,n:n
854159,851821,n:n
854159,851822,n:n
854159,851829,n:n
854159,851830,n:n
854159,851840,n:n
854159,851850,n:n
854159,851890,n:n
854159,852210,n:n
854159,852290,n:n
854159,852910,n:n
854159,852990,n:n
854159,853010,n:n
854159,853080,n:n
854159,853090,n:n
854159,853110,n:n
854159,853120,n:n
854159,853180,n:n
854159,853190,n:n
854159,853510,n:n
854159,853521,n:n
854159,853529,n:n
854159,853530,n:n
854159,853540,n:n
854159,853590,n:n
854159,853610,n:n
854159,853620,n:n
854159,853630,n:n
854159,853641,n:n
854159,853649,n:n
854159,853650,n:n
854159,853661,n:n
854159,853669,n:n
854159,853670,n:n
854159,853690,n:n
854159,853710,n:n
854159,853720,n:n
854159,853810,n:n
854159,853890,n:n
854159,854310,n:n
854159,854320,n:n
854159,854330,n:n
854159,854370,n:n
854159,854390,n:n
854159,854810,n:n
854159,854890,n:n
854159,902511,n:n
854159,902519,n:n
854159,902580,n:n
854159,902590,n:n
854159,902610,n:n
854159,902620,n:n
854159,902680,n:n
854159,902690,n:n
854159,903010,n:n
854159,903020,n:n
854159,903031,n:n
854159,903032,n:n
854159,903033,n:n
854159,903039,n:n
854159,903040,n:n
854159,903082,n:n
854159,903084,n:n
854159,903089,n:n
854159,903090,n:n
854159,903110,n:n
854159,903120,n:n
854159,903141,n:n
854159,903149,n:n
854159,903180,n:n
854159,903190,n:n
854159,903210,n:n
854159,903220,n:n
854159,903281,n:n
854159,903289,n:n
854159,903290,n:n
854159,903300,n:n
854159,930510,n:n
854159,930520,n:n
854159,930591,n:n
854159,930599,n:n
854159,930621,n:n
854159,930629,n:n
854159,930630,n:n
854159,930690,n:n
854159,950420,n:n
854159,950430,n:n
854159,950440,n:n
854159,950450,n:n
854159,950490,n:n
854160,854160,n:1
854190,854190,n:1
854231,842211,n:n
854231,842219,n:n
854231,842220,n:n
854231,842230,n:n
854231,842240,n:n
854231,842290,n:n
854231,843110,n:n
854231,843120,n:n
854231,843131,n:n
854231,843139,n:n
854231,843141,n:n
854231,843142,n:n
854231,843143,n:n
854231,843149,n:n
854231,844311,n:n
854231,844312,n:n
854231,844313,n:n
854231,844314,n:n
854231,844315,n:n
854231,844316,n:n
854231,844317,n:n
854231,844319,n:n
854231,844331,n:n
854231,844332,n:n
854231,844339,n:n
854231,844391,n:n
854231,844399,n:n
854231,845011,n:n
854231,845012,n:n
854231,845019,n:n
854231,845020,n:n
854231,845090,n:n
854231,846610,n:n
854231,846620,n:n
854231,846630,n:n
854231,846691,n:n
854231,846692,n:n
854231,846693,n:n
854231,846694,n:n
854231,847310,n:n
854231,847321,n:n
854231,847329,n:n
854231,847330,n:n
854231,847340,n:n
854231,847350,n:n
854231,847621,n:n
854231,847629,n:n
854231,847681,n:n
854231,847689,n:n
854231,847690,n:n
854231,850410,n:n
854231,850421,n:n
854231,850422,n:n
854231,850423,n:n
854231,850431,n:n
854231,850432,n:n
854231,850433,n:n
854231,850434,n:n
854231,850440,n:n
854231,850450,n:n
854231,850490,n:n
854231,851711,n:n
854231,851712,n:n
854231,851718,n:n
854231,851761,n:n
854231,851762,n:n
854231,851769,n:n
854231,851770,n:n
854231,851810,n:n
854231,851821,n:n
854231,851822,n:n
854231,851829,n:n
854231,851830,n:n
854231,851840,n:n
854231,851850,n:n
854231,851890,n:n
854231,852210,n:n
854231,852290,n:n
854231,852910,n:n
854231,852990,n:n
854231,853010,n:n
854231,853080,n:n
854231,853090,n:n
854231,853110,n:n
854231,853120,n:n
854231,853180,n:n
854231,853190,n:n
854231,853510,n:n
854231,853521,n:n
854231,853529,n:n
854231,853530,n:n
854231,853540,n:n
854231,853590,n:n
854231,853610,n:n
854231,853620,n:n
854231,853630,n:n
854231,853641,n:n
854231,853649,n:n
854231,853650,n:n
854231,853661,n:n
854231,853669,n:n
854231,853670,n:n
854231,853690,n:n
854231,853710,n:n
854231,853720,n:n
854231,853810,n:n
854231,853890,n:n
854231,854231,n:n
854231,854310,n:n
854231,854320,n:n
854231,854330,n:n
854231,854370,n:n
854231,854390,n:n
854231,854810,n:n
854231,854890,n:n
854231,902511,n:n
854231,902519,n:n
854231,902580,n:n
854231,902590,n:n
854231,902610,n:n
854231,902620,n:n
854231,902680,n:n
854231,902690,n:n
854231,903010,n:n
854231,903020,n:n
854231,903031,n:n
854231,903032,n:n
854231,903033,n:n
854231,903039,n:n
854231,903040,n:n
854231,903082,n:n
854231,903084,n:n
854231,903089,n:n
854231,903090,n:n
854231,903110,n:n
854231,903120,n:n
854231,903141,n:n
854231,903149,n:n
854231,903180,n:n
854231,903190,n:n
854231,903210,n:n
854231,903220,n:n
854231,903281,n:n
854231,903289,n:n
854231,903290,n:n
854231,903300,n:n
854231,930510,n:n
854231,930520,n:n
854231,930591,n:n
854231,930599,n:n
854231,930621,n:n
854231,930629,n:n
854231,930630,n:n
854231,930690,n:n
854231,950420,n:n
854231,950430,n:n
854231,950440,n:n
854231,950450,n:n
854231,950490,n:n
854232,842211,n:n
854232,842219,n:n
854232,842220,n:n
854232,842230,n:n
854232,842240,n:n
854232,842290,n:n
854232,843110,n:n
854232,843120,n:n
854232,843131,n:n
854232,843139,n:n
854232,843141,n:n
854232,843142,n:n
854232,843143,n:n
854232,843149,n:n
854232,844311,n:n
854232,844312,n:n
854232,844313,n:n
854232,844314,n:n
854232,844315,n:n
854232,844316,n:n
854232,844317,n:n
854232,844319,n:n
854232,844331,n:n
854232,844332,n:n
854232,844339,n:n
854232,844391,n:n
854232,844399,n:n
854232,845011,n:n
854232,845012,n:n
854232,845019,n:n
854232,845020,n:n
854232,845090,n:n
854232,846610,n:n
854232,846620,n:n
854232,846630,n:n
854232,846691,n:n
854232,846692,n:n
854232,846693,n:n
854232,846694,n:n
854232,847310,n:n
854232,847321,n:n
854232,847329,n:n
854232,847330,n:n
854232,847340,n:n
854232,847350,n:n
854232,847621,n:n
854232,847629,n:n
854232,847681,n:n
854232,847689,n:n
854232,847690,n:n
854232,850410,n:n
854232,850421,n:n
854232,850422,n:n
854232,850423,n:n
854232,850431,n:n
854232,850432,n:n
854232,850433,n:n
854232,850434,n:n
854232,850440,n:n
854232,850450,n:n
854232,850490,n:n
854232,851711,n:n
854232,851712,n:n
854232,851718,n:n
854232,851761,n:n
854232,851762,n:n
854232,851769,n:n
854232,851770,n:n
854232,851810,n:n
854232,851821,n:n
854232,851822,n:n
854232,851829,n:n
854232,851830,n:n
854232,851840,n:n
854232,851850,n:n
854232,851890,n:n
854232,852210,n:n
854232,852290,n:n
854232,852910,n:n
854232,852990,n:n
854232,853010,n:n
854232,853080,n:n
854232,853090,n:n
854232,853110,n:n
854232,853120,n:n
854232,853180,n:n
854232,853190,n:n
854232,853510,n:n
854232,853521,n:n
854232,853529,n:n
854232,853530,n:n
854232,853540,n:n
854232,853590,n:n
854232,853610,n:n
854232,853620,n:n
854232,853630,n:n
854232,853641,n:n
854232,853649,n:n
854232,853650,n:n
854232,853661,n:n
854232,853669,n:n
854232,853670,n:n
854232,853690,n:n
854232,853710,n:n
854232,853720,n:n
854232,853810,n:n
854232,853890,n:n
854232,854232,n:n
854232,854310,n:n
854232,854320,n:n
854232,854330,n:n
854232,854370,n:n
854232,854390,n:n
854232,854810,n:n
854232,854890,n:n
854232,902511,n:n
854232,902519,n:n
854232,902580,n:n
854232,902590,n:n
854232,902610,n:n
854232,902620,n:n
854232,902680,n:n
854232,902690,n:n
854232,903010,n:n
854232,903020,n:n
854232,903031,n:n
854232,903032,n:n
854232,903033,n:n
854232,903039,n:n
854232,903040,n:n
854232,903082,n:n
854232,903084,n:n
854232,903089,n:n
854232,903090,n:n
854232,903110,n:n
854232,903120,n:n
854232,903141,n:n
854232,903149,n:n
854232,903180,n:n
854232,903190,n:n
854232,903210,n:n
854232,903220,n:n
854232,903281,n:n
854232,903289,n:n
854232,903290,n:n
854232,903300,n:n
854232,930510,n:n
854232,930520,n:n
854232,930591,n:n
854232,930599,n:n
854232,930621,n:n
854232,930629,n:n
854232,930630,n:n
854232,930690,n:n
854232,950420,n:n
854232,950430,n:n
854232,950440,n:n
854232,950450,n:n
854232,950490,n:n
854233,850410,n:n
854233,850421,n:n
854233,850422,n:n
854233,850423,n:n
854233,850431,n:n
854233,850432,n:n
854233,850433,n:n
854233,850434,n:n
854233,850440,n:n
854233,850450,n:n
854233,850490,n:n
854233,851711,n:n
854233,851712,n:n
854233,851718,n:n
854233,851761,n:n
854233,851762,n:n
854233,851769,n:n
854233,851770,n:n
854233,851810,n:n
854233,851821,n:n
854233,851822,n:n
854233,851829,n:n
854233,851830,n:n
854233,851840,n:n
854233,851850,n:n
854233,851890,n:n
854233,852210,n:n
854233,852290,n:n
854233,852910,n:n
854233,852990,n:n
854233,853010,n:n
854233,853080,n:n
854233,853090,n:n
854233,853110,n:n
854233,853120,n:n
854233,853180,n:n
854233,853190,n:n
854233,853510,n:n
854233,853521,n:n
854233,853529,n:n
854233,853530,n:n
854233,853540,n:n
854233,853590,n:n
854233,853610,n:n
854233,853620,n:n
854233,853630,n:n
854233,853641,n:n
854233,853649,n:n
854233,853650,n:n
854233,853661,n:n
854233,853669,n:n
854233,853670,n:n
854233,853690,n:n
854233,853710,n:n
854233,853720,n:n
854233,853810,n:n
854233,853890,n:n
854233,854233,n:n
854233,854310,n:n
854233,854320,n:n
854233,854330,n:n
854233,854370,n:n
854233,854390,n:n
854233,854810,n:n
854233,854890,n:n
854239,842211,n:n
854239,842219,n:n
854239,842220,n:n
854239,842230,n:n
854239,842240,n:n
854239,842290,n:n
854239,843110,n:n
854239,843120,n:n
854239,843131,n:n
854239,843139,n:n
854239,843141,n:n
854239,843142,n:n
854239,843143,n:n
854239,843149,n:n
854239,844311,n:n
854239,844312,n:n
854239,844313,n:n
854239,844314,n:n
854239,844315,n:n
854239,844316,n:n
854239,844317,n:n
854239,844319,n:n
854239,844331,n:n
854239,844332,n:n
854239,844339,n:n
854239,844391,n:n
854239,844399,n:n
854239,845011,n:n
854239,845012,n:n
854239,845019,n:n
854239,845020,n:n
854239,845090,n:n
854239,846610,n:n
854239,846620,n:n
854239,846630,n:n
854239,846691,n:n
854239,846692,n:n
854239,846693,n:n
854239,846694,n:n
854239,847310,n:n
854239,847321,n:n
854239,847329,n:n
854239,847330,n:n
854239,847340,n:n
854239,847350,n:n
854239,847621,n:n
854239,847629,n:n
854239,847681,n:n
854239,847689,n:n
854239,847690,n:n
854239,850410,n:n
854239,850421,n:n
854239,850422,n:n
854239,850423,n:n
854239,850431,n:n
854239,850432,n:n
854239,850433,n:n
854239,850434,n:n
854239,850440,n:n
854239,850450,n:n
854239,850490,n:n
854239,851711,n:n
854239,851712,n:n
854239,851718,n:n
854239,851761,n:n
854239,851762,n:n
854239,851769,n:n
854239,851770,n:n
854239,851810,n:n
854239,851821,n:n
854239,851822,n:n
854239,851829,n:n
854239,851830,n:n
854239,851840,n:n
854239,851850,n:n
854239,851890,n:n
854239,852210,n:n
854239,852290,n:n
854239,852910,n:n
854239,852990,n:n
854239,853010,n:n
854239,853080,n:n
854239,853090,n:n
854239,853110,n:n
854239,853120,n:n
854239,853180,n:n
854239,853190,n:n
854239,853510,n:n
854239,853521,n:n
854239,853529,n:n
854239,853530,n:n
854239,853540,n:n
854239,853590,n:n
854239,853610,n:n
854239,853620,n:n
854239,853630,n:n
854239,853641,n:n
854239,853649,n:n
854239,853650,n:n
854239,853661,n:n
854239,853669,n:n
854239,853670,n:n
854239,853690,n:n
854239,853710,n:n
854239,853720,n:n
854239,853810,n:n
854239,853890,n:n
854239,854239,n:n
854239,854310,n:n
854239,854320,n:n
854239,854330,n:n
854239,854370,n:n
854239,854390,n:n
854239,854810,n:n
854239,854890,n:n
854239,902511,n:n
854239,902519,n:n
854239,902580,n:n
854239,902590,n:n
854239,902610,n:n
854239,902620,n:n
854239,902680,n:n
854239,902690,n:n
854239,903010,n:n
854239,903020,n:n
854239,903031,n:n
854239,903032,n:n
854239,903033,n:n
854239,903039,n:n
854239,903040,n:n
854239,903082,n:n
854239,903084,n:n
854239,903089,n:n
854239,903090,n:n
854239,903110,n:n
854239,903120,n:n
854239,903141,n:n
854239,903149,n:n
854239,903180,n:n
854239,903190,n:n
854239,903210,n:n
854239,903220,n:n
854239,903281,n:n
854239,903289,n:n
854239,903290,n:n
854239,903300,n:n
854239,930510,n:n
854239,930520,n:n
854239,930591,n:n
854239,930599,n:n
854239,930621,n:n
854239,930629,n:n
854239,930630,n:n
854239,930690,n:n
854239,950420,n:n
854239,950430,n:n
854239,950440,n:n
854239,950450,n:n
854239,950490,n:n
854290,854290,n:1
854310,854310,n:1
854320,854320,n:1
854330,854330,n:1
854340,854370,n:1
854370,854370,n:1
854390,854390,n:1
854411,854411,n:1
854419,854419,n:1
854420,854420,n:1
854430,854430,n:1
854442,854442,n:1
854449,854449,n:1
854460,854460,n:1
854470,854470,n:1
854511,854511,n:1
854519,854519,n:1
854520,854520,n:1
854590,854590,n:1
854610,854610,n:1
854620,854620,n:1
854690,854690,n:1
854710,854710,n:1
854720,854720,n:1
854790,854790,n:1
854800,854890,n:1
854911,854810,n:1
854912,854810,n:1
854913,854810,n:1
854914,854810,n:1
854919,854810,n:1
854921,382510,n:n
854921,382520,n:n
854921,382530,n:n
854921,382541,n:n
854921,382549,n:n
854921,382550,n:n
854921,382561,n:n
854921,382569,n:n
854921,382590,n:n
854921,700100,n:n
854921,711230,n:n
854921,711291,n:n
854921,711292,n:n
854921,711299,n:n
854921,840110,n:n
854921,840120,n:n
854921,840130,n:n
854921,840140,n:n
854921,840211,n:n
854921,840212,n:n
854921,840219,n:n
854921,840220,n:n
854921,840290,n:n
854921,840310,n:n
854921,840390,n:n
854921,840410,n:n
854921,840420,n:n
854921,840490,n:n
854921,840510,n:n
854921,840590,n:n
854921,840610,n:n
854921,840681,n:n
854921,840682,n:n
854921,840690,n:n
854921,840710,n:n
854921,840721,n:n
854921,840729,n:n
854921,840731,n:n
854921,840732,n:n
854921,840733,n:n
854921,840734,n:n
854921,840790,n:n
854921,840810,n:n
854921,840820,n:n
854921,840890,n:n
854921,840910,n:n
854921,840991,n:n
854921,840999,n:n
854921,841011,n:n
854921,841012,n:n
854921,841013,n:n
854921,841090,n:n
854921,841111,n:n
854921,841112,n:n
854921,841121,n:n
854921,841122,n:n
854921,841181,n:n
854921,841182,n:n
854921,841191,n:n
854921,841199,n:n
854921,841210,n:n
854921,841221,n:n
854921,841229,n:n
854921,841231,n:n
854921,841239,n:n
854921,841280,n:n
854921,841290,n:n
854921,841311,n:n
854921,841319,n:n
854921,841320,n:n
854921,841330,n:n
854921,841340,n:n
854921,841350,n:n
854921,841360,n:n
854921,841370,n:n
854921,841381,n:n
854921,841382,n:n
854921,841391,n:n
854921,841392,n:n
854921,841410,n:n
854921,841420,n:n
854921,841430,n:n
854921,841440,n:n
854921,841451,n:n
854921,841459,n:n
854921,841460,n:n
854921,841480,n:n
854921,841490,n:n
854921,841510,n:n
854921,841520,n:n
854921,841581,n:n
854921,841582,n:n
854921,841583,n:n
854921,841590,n:n
854921,841610,n:n
854921,841620,n:n
854921,841630,n:n
854921,841690,n:n
854921,841710,n:n
854921,841720,n:n
854921,841780,n:n
854921,841790,n:n
854921,841810,n:n
854921,841821,n:n
854921,841829,n:n
854921,841830,n:n
854921,841840,n:n
854921,841850,n:n
854921,841861,n:n
854921,841869,n:n
854921,841891,n:n
854921,841899,n:n
854921,841911,n:n
854921,841919,n:n
854921,841920,n:n
854921,841931,n:n
854921,841932,n:n
854921,841939,n:n
854921,841940,n:n
854921,841950,n:n
854921,841960,n:n
854921,841981,n:n
854921,841989,n:n
854921,841990,n:n
854921,842010,n:n
854921,842091,n:n
854921,842099,n:n
854921,842111,n:n
854921,842112,n:n
854921,842119,n:n
854921,842121,n:n
854921,842122,n:n
854921,842123,n:n
854921,842129,n:n
854921,842131,n:n
854921,842139,n:n
854921,842191,n:n
854921,842199,n:n
854921,842211,n:n
854921,842219,n:n
854921,842220,n:n
854921,842230,n:n
854921,842240,n:n
854921,842290,n:n
854921,842310,n:n
854921,842320,n:n
854921,842330,n:n
854921,842381,n:n
854921,842382,n:n
854921,842389,n:n
854921,842390,n:n
854921,842410,n:n
854921,842420,n:n
854921,842430,n:n
854921,842481,n:n
854921,842489,n:n
854921,842490,n:n
854921,842511,n:n
854921,842519,n:n
854921,842531,n:n
854921,842539,n:n
854921,842541,n:n
854921,842542,n:n
854921,842549,n:n
854921,842611,n:n
854921,842612,n:n
854921,842619,n:n
854921,842620,n:n
854921,842630,n:n
854921,842641,n:n
854921,842649,n:n
854921,842691,n:n
854921,842699,n:n
854921,842710,n:n
854921,842720,n:n
854921,842790,n:n
854921,842810,n:n
854921,842820,n:n
854921,842831,n:n
854921,842832,n:n
854921,842833,n:n
854921,842839,n:n
854921,842840,n:n
854921,842860,n:n
854921,842890,n:n
854921,842911,n:n
854921,842919,n:n
854921,842920,n:n
854921,842930,n:n
854921,842940,n:n
854921,842951,n:n
854921,842952,n:n
854921,842959,n:n
854921,843010,n:n
854921,843020,n:n
854921,843031,n:n
854921,843039,n:n
854921,843041,n:n
854921,843049,n:n
854921,843050,n:n
854921,843061,n:n
854921,843069,n:n
854921,843110,n:n
854921,843120,n:n
854921,843131,n:n
854921,843139,n:n
854921,843141,n:n
854921,843142,n:n
854921,843143,n:n
854921,843149,n:n
854921,843210,n:n
854921,843221,n:n
854921,843229,n:n
854921,843230,n:n
854921,843240,n:n
854921,843280,n:n
854921,843290,n:n
854921,843311,n:n
854921,843319,n:n
854921,843320,n:n
854921,843330,n:n
854921,843340,n:n
854921,843351,n:n
854921,843352,n:n
854921,843353,n:n
854921,843359,n:n
854921,843360,n:n
854921,843390,n:n
854921,843410,n:n
854921,843420,n:n
854921,843490,n:n
854921,843510,n:n
854921,843590,n:n
854921,843610,n:n
854921,843621,n:n
854921,843629,n:n
854921,843680,n:n
854921,843691,n:n
854921,843699,n:n
854921,843710,n:n
854921,843780,n:n
854921,843790,n:n
854921,843810,n:n
854921,843820,n:n
854921,843830,n:n
854921,843840,n:n
854921,843850,n:n
854921,843860,n:n
854921,843880,n:n
854921,843890,n:n
854921,843910,n:n
854921,843920,n:n
854921,843930,n:n
854921,843991,n:n
854921,843999,n:n
854921,844010,n:n
854921,844090,n:n
854921,844110,n:n
854921,844120,n:n
854921,844130,n:n
854921,844140,n:n
854921,844180,n:n
854921,844190,n:n
854921,844230,n:n
854921,844240,n:n
854921,844250,n:n
854921,844311,n:n
854921,844312,n:n
854921,844313,n:n
854921,844314,n:n
854921,844315,n:n
854921,844316,n:n
854921,844317,n:n
854921,844319,n:n
854921,844331,n:n
854921,844332,n:n
854921,844339,n:n
854921,844391,n:n
854921,844399,n:n
854921,844400,n:n
854921,844511,n:n
854921,844512,n:n
854921,844513,n:n
854921,844519,n:n
854921,844520,n:n
854921,844530,n:n
854921,844540,n:n
854921,844590,n:n
854921,844610,n:n
854921,844621,n:n
854921,844629,n:n
854921,844630,n:n
854921,844711,n:n
854921,844712,n:n
854921,844720,n:n
854921,844790,n:n
854921,844811,n:n
854921,844819,n:n
854921,844820,n:n
854921,844831,n:n
854921,844832,n:n
854921,844833,n:n
854921,844839,n:n
854921,844842,n:n
854921,844849,n:n
854921,844851,n:n
854921,844859,n:n
854921,844900,n:n
854921,845011,n:n
854921,845012,n:n
854921,845019,n:n
854921,845020,n:n
854921,845090,n:n
854921,845110,n:n
854921,845121,n:n
854921,845129,n:n
854921,845130,n:n
854921,845140,n:n
854921,845150,n:n
854921,845180,n:n
854921,845190,n:n
854921,845210,n:n
854921,845221,n:n
854921,845229,n:n
854921,845230,n:n
854921,845290,n:n
854921,845310,n:n
854921,845320,n:n
854921,845380,n:n
854921,845390,n:n
854921,845410,n:n
854921,845420,n:n
854921,845430,n:n
854921,845490,n:n
854921,845510,n:n
854921,845521,n:n
854921,845522,n:n
854921,845530,n:n
854921,845590,n:n
854921,845610,n:n
854921,845620,n:n
854921,845630,n:n
854921,845690,n:n
854921,845710,n:n
854921,845720,n:n
854921,845730,n:n
854921,845811,n:n
854921,845819,n:n
854921,845891,n:n
854921,845899,n:n
854921,845910,n:n
854921,845921,n:n
854921,845929,n:n
854921,845931,n:n
854921,845939,n:n
854921,845940,n:n
854921,845951,n:n
854921,845959,n:n
854921,845961,n:n
854921,845969,n:n
854921,845970,n:n
854921,846011,n:n
854921,846019,n:n
854921,846021,n:n
854921,846029,n:n
854921,846031,n:n
854921,846039,n:n
854921,846040,n:n
854921,846090,n:n
854921,846120,n:n
854921,846130,n:n
854921,846140,n:n
854921,846150,n:n
854921,846190,n:n
854921,846210,n:n
854921,846221,n:n
854921,846229,n:n
854921,846231,n:n
854921,846239,n:n
854921,846241,n:n
854921,846249,n:n
854921,846291,n:n
854921,846299,n:n
854921,846310,n:n
854921,846320,n:n
854921,846330,n:n
854921,846390,n:n
854921,846410,n:n
854921,846420,n:n
854921,846490,n:n
854921,846510,n:n
854921,846591,n:n
854921,846592,n:n
854921,846593,n:n
854921,846594,n:n
854921,846595,n:n
854921,846596,n:n
854921,846599,n:n
854921,846610,n:n
854921,846620,n:n
854921,846630,n:n
854921,846691,n:n
854921,846692,n:n
854921,846693,n:n
854921,846694,n:n
854921,846711,n:n
854921,846719,n:n
854921,846721,n:n
854921,846722,n:n
854921,846729,n:n
854921,846781,n:n
854921,846789,n:n
854921,846791,n:n
854921,846792,n:n
854921,846799,n:n
854921,846810,n:n
854921,846820,n:n
854921,846880,n:n
854921,846890,n:n
854921,846900,n:n
854921,847010,n:n
854921,847021,n:n
854921,847029,n:n
854921,847030,n:n
854921,847050,n:n
854921,847090,n:n
854921,847130,n:n
854921,847141,n:n
854921,847149,n:n
854921,847150,n:n
854921,847160,n:n
854921,847170,n:n
854921,847180,n:n
854921,847190,n:n
854921,847210,n:n
854921,847230,n:n
854921,847290,n:n
854921,847310,n:n
854921,847321,n:n
854921,847329,n:n
854921,847330,n:n
854921,847340,n:n
854921,847350,n:n
854921,847410,n:n
854921,847420,n:n
854921,847431,n:n
854921,847432,n:n
854921,847439,n:n
854921,847480,n:n
854921,847490,n:n
854921,847510,n:n
854921,847521,n:n
854921,847529,n:n
854921,847590,n:n
854921,847621,n:n
854921,847629,n:n
854921,847681,n:n
854921,847689,n:n
854921,847690,n:n
854921,847710,n:n
854921,847720,n:n
854921,847730,n:n
854921,847740,n:n
854921,847751,n:n
854921,847759,n:n
854921,847780,n:n
854921,847790,n:n
854921,847810,n:n
854921,847890,n:n
854921,847910,n:n
854921,847920,n:n
854921,847930,n:n
854921,847940,n:n
854921,847950,n:n
854921,847960,n:n
854921,847971,n:n
854921,847979,n:n
854921,847981,n:n
854921,847982,n:n
854921,847989,n:n
854921,847990,n:n
854921,848010,n:n
854921,848020,n:n
854921,848030,n:n
854921,848041,n:n
854921,848049,n:n
854921,848050,n:n
854921,848060,n:n
854921,848071,n:n
854921,848079,n:n
854921,848110,n:n
854921,848120,n:n
854921,848130,n:n
854921,848140,n:n
854921,848180,n:n
854921,848190,n:n
854921,848210,n:n
854921,848220,n:n
854921,848230,n:n
854921,848240,n:n
854921,848250,n:n
854921,848280,n:n
854921,848291,n:n
854921,848299,n:n
854921,848310,n:n
854921,848320,n:n
854921,848330,n:n
854921,848340,n:n
854921,848350,n:n
854921,848360,n:n
854921,848390,n:n
854921,848410,n:n
854921,848420,n:n
854921,848490,n:n
854921,848610,n:n
854921,848620,n:n
854921,848630,n:n
854921,848640,n:n
854921,848690,n:n
854921,848710,n:n
854921,848790,n:n
854921,850110,n:n
854921,850120,n:n
854921,850131,n:n
854921,850132,n:n
854921,850133,n:n
854921,850134,n:n
854921,850140,n:n
854921,850151,n:n
854921,850152,n:n
854921,850153,n:n
854921,850161,n:n
854921,850162,n:n
854921,850163,n:n
854921,850164,n:n
854921,850211,n:n
854921,850212,n:n
854921,850213,n:n
854921,850220,n:n
854921,850231,n:n
854921,850239,n:n
854921,850240,n:n
854921,850300,n:n
854921,850410,n:n
854921,850421,n:n
854921,850422,n:n
854921,850423,n:n
854921,850431,n:n
854921,850432,n:n
854921,850433,n:n
854921,850434,n:n
854921,850440,n:n
854921,850450,n:n
854921,850490,n:n
854921,850511,n:n
854921,850519,n:n
854921,850520,n:n
854921,850590,n:n
854921,850610,n:n
854921,850630,n:n
854921,850640,n:n
854921,850650,n:n
854921,850660,n:n
854921,850680,n:n
854921,850690,n:n
854921,850710,n:n
854921,850720,n:n
854921,850730,n:n
854921,850740,n:n
854921,850750,n:n
854921,850760,n:n
854921,850780,n:n
854921,850790,n:n
854921,850811,n:n
854921,850819,n:n
854921,850860,n:n
854921,850870,n:n
854921,850940,n:n
854921,850980,n:n
854921,850990,n:n
854921,851010,n:n
854921,851020,n:n
854921,851030,n:n
854921,851090,n:n
854921,851110,n:n
854921,851120,n:n
854921,851130,n:n
854921,851140,n:n
854921,851150,n:n
854921,851180,n:n
854921,851190,n:n
854921,851210,n:n
854921,851220,n:n
854921,851230,n:n
854921,851240,n:n
854921,851290,n:n
854921,851310,n:n
854921,851390,n:n
854921,851410,n:n
854921,851420,n:n
854921,851430,n:n
854921,851440,n:n
854921,851490,n:n
854921,851511,n:n
854921,851519,n:n
854921,851521,n:n
854921,851529,n:n
854921,851531,n:n
854921,851539,n:n
854921,851580,n:n
854921,851590,n:n
854921,851610,n:n
854921,851621,n:n
854921,851629,n:n
854921,851631,n:n
854921,851632,n:n
854921,851633,n:n
854921,851640,n:n
854921,851650,n:n
854921,851660,n:n
854921,851671,n:n
854921,851672,n:n
854921,851679,n:n
854921,851680,n:n
854921,851690,n:n
854921,851711,n:n
854921,851712,n:n
854921,851718,n:n
854921,851761,n:n
854921,851762,n:n
854921,851769,n:n
854921,851770,n:n
854921,851810,n:n
854921,851821,n:n
854921,851822,n:n
854921,851829,n:n
854921,851830,n:n
854921,851840,n:n
854921,851850,n:n
854921,851890,n:n
854921,851920,n:n
854921,851930,n:n
854921,851950,n:n
854921,851981,n:n
854921,851989,n:n
854921,852110,n:n
854921,852190,n:n
854921,852210,n:n
854921,852290,n:n
854921,852321,n:n
854921,852329,n:n
854921,852341,n:n
854921,852349,n:n
854921,852351,n:n
854921,852352,n:n
854921,852359,n:n
854921,852380,n:n
854921,852550,n:n
854921,852560,n:n
854921,852580,n:n
854921,852610,n:n
854921,852691,n:n
854921,852692,n:n
854921,852712,n:n
854921,852713,n:n
854921,852719,n:n
854921,852721,n:n
854921,852729,n:n
854921,852791,n:n
854921,852792,n:n
854921,852799,n:n
854921,852841,n:n
854921,852849,n:n
854921,852851,n:n
854921,852859,n:n
854921,852861,n:n
854921,852869,n:n
854921,852871,n:n
854921,852872,n:n
854921,852873,n:n
854921,852910,n:n
854921,852990,n:n
854921,853010,n:n
854921,853080,n:n
854921,853090,n:n
854921,853110,n:n
854921,853120,n:n
854921,853180,n:n
854921,853190,n:n
854921,853210,n:n
854921,853221,n:n
854921,853222,n:n
854921,853223,n:n
854921,853224,n:n
854921,853225,n:n
854921,853229,n:n
854921,853230,n:n
854921,853290,n:n
854921,853310,n:n
854921,853321,n:n
854921,853329,n:n
854921,853331,n:n
854921,853339,n:n
854921,853340,n:n
854921,853390,n:n
854921,853400,n:n
854921,853510,n:n
854921,853521,n:n
854921,853529,n:n
854921,853530,n:n
854921,853540,n:n
854921,853590,n:n
854921,853610,n:n
854921,853620,n:n
854921,853630,n:n
854921,853641,n:n
854921,853649,n:n
854921,853650,n:n
854921,853661,n:n
854921,853669,n:n
854921,853670,n:n
854921,853690,n:n
854921,853710,n:n
854921,853720,n:n
854921,853810,n:n
854921,853890,n:n
854921,853910,n:n
854921,853921,n:n
854921,853922,n:n
854921,853929,n:n
854921,853931,n:n
854921,853932,n:n
854921,853939,n:n
854921,853941,n:n
854921,853949,n:n
854921,853990,n:n
854921,854011,n:n
854921,854012,n:n
854921,854020,n:n
854921,854040,n:n
854921,854060,n:n
854921,854071,n:n
854921,854079,n:n
854921,854081,n:n
854921,854089,n:n
854921,854091,n:n
854921,854099,n:n
854921,854110,n:n
854921,854121,n:n
854921,854129,n:n
854921,854130,n:n
854921,854140,n:n
854921,854150,n:n
854921,854160,n:n
854921,854190,n:n
854921,854231,n:n
854921,854232,n:n
854921,854233,n:n
854921,854239,n:n
854921,854290,n:n
854921,854310,n:n
854921,854320,n:n
854921,854330,n:n
854921,854370,n:n
854921,854390,n:n
854921,854411,n:n
854921,854419,n:n
854921,854420,n:n
854921,854430,n:n
854921,854442,n:n
854921,854449,n:n
854921,854460,n:n
854921,854470,n:n
854921,854511,n:n
854921,854519,n:n
854921,854520,n:n
854921,854590,n:n
854921,854610,n:n
854921,854620,n:n
854921,854690,n:n
854921,854710,n:n
854921,854720,n:n
854921,854790,n:n
854921,854810,n:n
854921,854890,n:n
854921,900110,n:n
854921,900120,n:n
854921,900130,n:n
854921,900140,n:n
854921,900150,n:n
854921,900190,n:n
854921,900211,n:n
854921,900219,n:n
854921,900220,n:n
854921,900290,n:n
854921,900311,n:n
854921,900319,n:n
854921,900390,n:n
854921,900410,n:n
854921,900490,n:n
854921,900510,n:n
854921,900580,n:n
854921,900590,n:n
854921,900610,n:n
854921,900630,n:n
854921,900640,n:n
854921,900651,n:n
854921,900652,n:n
854921,900653,n:n
854921,900659,n:n
854921,900661,n:n
854921,900669,n:n
854921,900691,n:n
854921,900699,n:n
854921,900710,n:n
854921,900720,n:n
854921,900791,n:n
854921,900792,n:n
854921,900850,n:n
854921,900890,n:n
854921,901010,n:n
854921,901050,n:n
854921,901060,n:n
854921,901090,n:n
854921,901110,n:n
854921,901120,n:n
854921,901180,n:n
854921,901190,n:n
854921,901210,n:n
854921,901290,n:n
854921,901310,n:n
854921,901320,n:n
854921,901380,n:n
854921,901390,n:n
854921,901410,n:n
854921,901420,n:n
854921,901480,n:n
854921,901490,n:n
854921,901510,n:n
854921,901520,n:n
854921,901530,n:n
854921,901540,n:n
854921,901580,n:n
854921,901590,n:n
854921,901600,n:n
854921,901710,n:n
854921,901720,n:n
854921,901730,n:n
854921,901780,n:n
854921,901790,n:n
854921,901811,n:n
854921,901812,n:n
854921,901813,n:n
854921,901814,n:n
854921,901819,n:n
854921,901820,n:n
854921,901831,n:n
854921,901832,n:n
854921,901839,n:n
854921,901841,n:n
854921,901849,n:n
854921,901850,n:n
854921,901890,n:n
854921,901910,n:n
854921,901920,n:n
854921,902000,n:n
854921,902110,n:n
854921,902121,n:n
854921,902129,n:n
854921,902131,n:n
854921,902139,n:n
854921,902140,n:n
854921,902150,n:n
854921,902190,n:n
854921,902212,n:n
854921,902213,n:n
854921,902214,n:n
854921,902219,n:n
854921,902221,n:n
854921,902229,n:n
854921,902230,n:n
854921,902290,n:n
854921,902300,n:n
854921,902410,n:n
854921,902480,n:n
854921,902490,n:n
854921,902511,n:n
854921,902519,n:n
854921,902580,n:n
854921,902590,n:n
854921,902610,n:n
854921,902620,n:n
854921,902680,n:n
854921,902690,n:n
854921,902710,n:n
854921,902720,n:n
854921,902730,n:n
854921,902750,n:n
854921,902780,n:n
854921,902790,n:n
854921,902810,n:n
854921,902820,n:n
854921,902830,n:n
854921,902890,n:n
854921,902910,n:n
854921,902920,n:n
854921,902990,n:n
854921,903010,n:n
854921,903020,n:n
854921,903031,n:n
854921,903032,n:n
854921,903033,n:n
854921,903039,n:n
854921,903040,n:n
854921,903082,n:n
854921,903084,n:n
854921,903089,n:n
854921,903090,n:n
854921,903110,n:n
854921,903120,n:n
854921,903141,n:n
854921,903149,n:n
854921,903180,n:n
854921,903190,n:n
854921,903210,n:n
854921,903220,n:n
854921,903281,n:n
854921,903289,n:n
854921,903290,n:n
854921,903300,n:n
854921,910111,n:n
854921,910119,n:n
854921,910121,n:n
854921,910129,n:n
854921,910191,n:n
854921,910199,n:n
854921,910211,n:n
854921,910212,n:n
854921,910219,n:n
854921,910221,n:n
854921,910229,n:n
854921,910291,n:n
854921,910299,n:n
854921,910310,n:n
854921,910390,n:n
854921,910400,n:n
854921,910511,n:n
854921,910519,n:n
854921,910521,n:n
854921,910529,n:n
854921,910591,n:n
854921,910599,n:n
854921,910610,n:n
854921,910690,n:n
854921,910700,n:n
854921,910811,n:n
854921,910812,n:n
854921,910819,n:n
854921,910820,n:n
854921,910890,n:n
854921,910910,n:n
854921,910990,n:n
854921,911011,n:n
854921,911012,n:n
854921,911019,n:n
854921,911090,n:n
854921,911110,n:n
854921,911120,n:n
854921,911180,n:n
854921,911190,n:n
854921,911220,n:n
854921,911290,n:n
854921,911310,n:n
854921,911320,n:n
854921,911390,n:n
854921,911410,n:n
854921,911430,n:n
854921,911440,n:n
854921,911490,n:n
854921,930510,n:n
854921,930520,n:n
854921,930591,n:n
854921,930599,n:n
854921,930621,n:n
854921,930629,n:n
854921,930630,n:n
854921,930690,n:n
854921,950300,n:n
854921,950420,n:n
854921,950430,n:n
854921,950440,n:n
854921,950450,n:n
854921,950490,n:n
854921,950510,n:n
854921,950590,n:n
854921,950611,n:n
854921,950612,n:n
854921,950619,n:n
854921,950621,n:n
854921,950629,n:n
854921,950631,n:n
854921,950632,n:n
854921,950639,n:n
854921,950640,n:n
854921,950651,n:n
854921,950659,n:n
854921,950661,n:n
854921,950662,n:n
854921,950669,n:n
854921,950670,n:n
854921,950691,n:n
854921,950699,n:n
854921,950710,n:n
854921,950720,n:n
854921,950730,n:n
854921,950790,n:n
854921,950810,n:n
854921,950890,n:n
854929,382510,n:n
854929,382520,n:n
854929,382530,n:n
854929,382541,n:n
854929,382549,n:n
854929,382550,n:n
854929,382561,n:n
854929,382569,n:n
854929,382590,n:n
854929,700100,n:n
854929,711230,n:n
854929,711291,n:n
854929,711292,n:n
854929,711299,n:n
854929,840110,n:n
854929,840120,n:n
854929,840130,n:n
854929,840140,n:n
854929,840211,n:n
854929,840212,n:n
854929,840219,n:n
854929,840220,n:n
854929,840290,n:n
854929,840310,n:n
854929,840390,n:n
854929,840410,n:n
854929,840420,n:n
854929,840490,n:n
854929,840510,n:n
854929,840590,n:n
854929,840610,n:n
854929,840681,n:n
854929,840682,n:n
854929,840690,n:n
854929,840710,n:n
854929,840721,n:n
854929,840729,n:n
854929,840731,n:n
854929,840732,n:n
854929,840733,n:n
854929,840734,n:n
854929,840790,n:n
854929,840810,n:n
854929,840820,n:n
854929,840890,n:n
854929,840910,n:n
854929,840991,n:n
854929,840999,n:n
854929,841011,n:n
854929,841012,n:n
854929,841013,n:n
854929,841090,n:n
854929,841111,n:n
854929,841112,n:n
854929,841121,n:n
854929,841122,n:n
854929,841181,n:n
854929,841182,n:n
854929,841191,n:n
854929,841199,n:n
854929,841210,n:n
854929,841221,n:n
854929,841229,n:n
854929,841231,n:n
854929,841239,n:n
854929,841280,n:n
854929,841290,n:n
854929,841311,n:n
854929,841319,n:n
854929,841320,n:n
854929,841330,n:n
854929,841340,n:n
854929,841350,n:n
854929,841360,n:n
854929,841370,n:n
854929,841381,n:n
854929,841382,n:n
854929,841391,n:n
854929,841392,n:n
854929,841410,n:n
854929,841420,n:n
854929,841430,n:n
854929,841440,n:n
854929,841451,n:n
854929,841459,n:n
854929,841460,n:n
854929,841480,n:n
854929,841490,n:n
854929,841510,n:n
854929,841520,n:n
854929,841581,n:n
854929,841582,n:n
854929,841583,n:n
854929,841590,n:n
854929,841610,n:n
854929,841620,n:n
854929,841630,n:n
854929,841690,n:n
854929,841710,n:n
854929,841720,n:n
854929,841780,n:n
854929,841790,n:n
854929,841810,n:n
854929,841821,n:n
854929,841829,n:n
854929,841830,n:n
854929,841840,n:n
854929,841850,n:n
854929,841861,n:n
854929,841869,n:n
854929,841891,n:n
854929,841899,n:n
854929,841911,n:n
854929,841919,n:n
854929,841920,n:n
854929,841931,n:n
854929,841932,n:n
854929,841939,n:n
854929,841940,n:n
854929,841950,n:n
854929,841960,n:n
854929,841981,n:n
854929,841989,n:n
854929,841990,n:n
854929,842010,n:n
854929,842091,n:n
854929,842099,n:n
854929,842111,n:n
854929,842112,n:n
854929,842119,n:n
854929,842121,n:n
854929,842122,n:n
854929,842123,n:n
854929,842129,n:n
854929,842131,n:n
854929,842139,n:n
854929,842191,n:n
854929,842199,n:n
854929,842211,n:n
854929,842219,n:n
854929,842220,n:n
854929,842230,n:n
854929,842240,n:n
854929,842290,n:n
854929,842310,n:n
854929,842320,n:n
854929,842330,n:n
854929,842381,n:n
854929,842382,n:n
854929,842389,n:n
854929,842390,n:n
854929,842410,n:n
854929,842420,n:n
854929,842430,n:n
854929,842481,n:n
854929,842489,n:n
854929,842490,n:n
854929,842511,n:n
854929,842519,n:n
854929,842531,n:n
854929,842539,n:n
854929,842541,n:n
854929,842542,n:n
854929,842549,n:n
854929,842611,n:n
854929,842612,n:n
854929,842619,n:n
854929,842620,n:n
854929,842630,n:n
854929,842641,n:n
854929,842649,n:n
854929,842691,n:n
854929,842699,n:n
854929,842710,n:n
854929,842720,n:n
854929,842790,n:n
854929,842810,n:n
854929,842820,n:n
854929,842831,n:n
854929,842832,n:n
854929,842833,n:n
854929,842839,n:n
854929,842840,n:n
854929,842860,n:n
854929,842890,n:n
854929,842911,n:n
854929,842919,n:n
854929,842920,n:n
854929,842930,n:n
854929,842940,n:n
854929,842951,n:n
854929,842952,n:n
854929,842959,n:n
854929,843010,n:n
854929,843020,n:n
854929,843031,n:n
854929,843039,n:n
854929,843041,n:n
854929,843049,n:n
854929,843050,n:n
854929,843061,n:n
854929,843069,n:n
854929,843110,n:n
854929,843120,n:n
854929,843131,n:n
854929,843139,n:n
854929,843141,n:n
854929,843142,n:n
854929,843143,n:n
854929,843149,n:n
854929,843210,n:n
854929,843221,n:n
854929,843229,n:n
854929,843230,n:n
854929,843240,n:n
854929,843280,n:n
854929,843290,n:n
854929,843311,n:n
854929,843319,n:n
854929,843320,n:n
854929,843330,n:n
854929,843340,n:n
854929,843351,n:n
854929,843352,n:n
854929,843353,n:n
854929,843359,n:n
854929,843360,n:n
854929,843390,n:n
854929,843410,n:n
854929,843420,n:n
854929,843490,n:n
854929,843510,n:n
854929,843590,n:n
854929,843610,n:n
854929,843621,n:n
854929,843629,n:n
854929,843680,n:n
854929,843691,n:n
854929,843699,n:n
854929,843710,n:n
854929,843780,n:n
854929,843790,n:n
854929,843810,n:n
854929,843820,n:n
854929,843830,n:n
854929,843840,n:n
854929,843850,n:n
854929,843860,n:n
854929,843880,n:n
854929,843890,n:n
854929,843910,n:n
854929,843920,n:n
854929,843930,n:n
854929,843991,n:n
854929,843999,n:n
854929,844010,n:n
854929,844090,n:n
854929,844110,n:n
854929,844120,n:n
854929,844130,n:n
854929,844140,n:n
854929,844180,n:n
854929,844190,n:n
854929,844230,n:n
854929,844240,n:n
854929,844250,n:n
854929,844311,n:n
854929,844312,n:n
854929,844313,n:n
854929,844314,n:n
854929,844315,n:n
854929,844316,n:n
854929,844317,n:n
854929,844319,n:n
854929,844331,n:n
854929,844332,n:n
854929,844339,n:n
854929,844391,n:n
854929,844399,n:n
854929,844400,n:n
854929,844511,n:n
854929,844512,n:n
854929,844513,n:n
854929,844519,n:n
854929,844520,n:n
854929,844530,n:n
854929,844540,n:n
854929,844590,n:n
854929,844610,n:n
854929,844621,n:n
854929,844629,n:n
854929,844630,n:n
854929,844711,n:n
854929,844712,n:n
854929,844720,n:n
854929,844790,n:n
854929,844811,n:n
854929,844819,n:n
854929,844820,n:n
854929,844831,n:n
854929,844832,n:n
854929,844833,n:n
854929,844839,n:n
854929,844842,n:n
854929,844849,n:n
854929,844851,n:n
854929,844859,n:n
854929,844900,n:n
854929,845011,n:n
854929,845012,n:n
854929,845019,n:n
854929,845020,n:n
854929,845090,n:n
854929,845110,n:n
854929,845121,n:n
854929,845129,n:n
854929,845130,n:n
854929,845140,n:n
854929,845150,n:n
854929,845180,n:n
854929,845190,n:n
854929,845210,n:n
854929,845221,n:n
854929,845229,n:n
854929,845230,n:n
854929,845290,n:n
854929,845310,n:n
854929,845320,n:n
854929,845380,n:n
854929,845390,n:n
854929,845410,n:n
854929,845420,n:n
854929,845430,n:n
854929,845490,n:n
854929,845510,n:n
854929,845521,n:n
854929,845522,n:n
854929,845530,n:n
854929,845590,n:n
854929,845610,n:n
854929,845620,n:n
854929,845630,n:n
854929,845690,n:n
854929,845710,n:n
854929,845720,n:n
854929,845730,n:n
854929,845811,n:n
854929,845819,n:n
854929,845891,n:n
854929,845899,n:n
854929,845910,n:n
854929,845921,n:n
854929,845929,n:n
854929,845931,n:n
854929,845939,n:n
854929,845940,n:n
854929,845951,n:n
854929,845959,n:n
854929,845961,n:n
854929,845969,n:n
854929,845970,n:n
854929,846011,n:n
854929,846019,n:n
854929,846021,n:n
854929,846029,n:n
854929,846031,n:n
854929,846039,n:n
854929,846040,n:n
854929,846090,n:n
854929,846120,n:n
854929,846130,n:n
854929,846140,n:n
854929,846150,n:n
854929,846190,n:n
854929,846210,n:n
854929,846221,n:n
854929,846229,n:n
854929,846231,n:n
854929,846239,n:n
854929,846241,n:n
854929,846249,n:n
854929,846291,n:n
854929,846299,n:n
854929,846310,n:n
854929,846320,n:n
854929,846330,n:n
854929,846390,n:n
854929,846410,n:n
854929,846420,n:n
854929,846490,n:n
854929,846510,n:n
854929,846591,n:n
854929,846592,n:n
854929,846593,n:n
854929,846594,n:n
854929,846595,n:n
854929,846596,n:n
854929,846599,n:n
854929,846610,n:n
854929,846620,n:n
854929,846630,n:n
854929,846691,n:n
854929,846692,n:n
854929,846693,n:n
854929,846694,n:n
854929,846711,n:n
854929,846719,n:n
854929,846721,n:n
854929,846722,n:n
854929,846729,n:n
854929,846781,n:n
854929,846789,n:n
854929,846791,n:n
854929,846792,n:n
854929,846799,n:n
854929,846810,n:n
854929,846820,n:n
854929,846880,n:n
854929,846890,n:n
854929,846900,n:n
854929,847010,n:n
854929,847021,n:n
854929,847029,n:n
854929,847030,n:n
854929,847050,n:n
854929,847090,n:n
854929,847130,n:n
854929,847141,n:n
854929,847149,n:n
854929,847150,n:n
854929,847160,n:n
854929,847170,n:n
854929,847180,n:n
854929,847190,n:n
854929,847210,n:n
854929,847230,n:n
854929,847290,n:n
854929,847310,n:n
854929,847321,n:n
854929,847329,n:n
854929,847330,n:n
854929,847340,n:n
854929,847350,n:n
854929,847410,n:n
854929,847420,n:n
854929,847431,n:n
854929,847432,n:n
854929,847439,n:n
854929,847480,n:n
854929,847490,n:n
854929,847510,n:n
854929,847521,n:n
854929,847529,n:n
854929,847590,n:n
854929,847621,n:n
854929,847629,n:n
854929,847681,n:n
854929,847689,n:n
854929,847690,n:n
854929,847710,n:n
854929,847720,n:n
854929,847730,n:n
854929,847740,n:n
854929,847751,n:n
854929,847759,n:n
854929,847780,n:n
854929,847790,n:n
854929,847810,n:n
854929,847890,n:n
854929,847910,n:n
854929,847920,n:n
854929,847930,n:n
854929,847940,n:n
854929,847950,n:n
854929,847960,n:n
854929,847971,n:n
854929,847979,n:n
854929,847981,n:n
854929,847982,n:n
854929,847989,n:n
854929,847990,n:n
854929,848010,n:n
854929,848020,n:n
854929,848030,n:n
854929,848041,n:n
854929,848049,n:n
854929,848050,n:n
854929,848060,n:n
854929,848071,n:n
854929,848079,n:n
854929,848110,n:n
854929,848120,n:n
854929,848130,n:n
854929,848140,n:n
854929,848180,n:n
854929,848190,n:n
854929,848210,n:n
854929,848220,n:n
854929,848230,n:n
854929,848240,n:n
854929,848250,n:n
854929,848280,n:n
854929,848291,n:n
854929,848299,n:n
854929,848310,n:n
854929,848320,n:n
854929,848330,n:n
854929,848340,n:n
854929,848350,n:n
854929,848360,n:n
854929,848390,n:n
854929,848410,n:n
854929,848420,n:n
854929,848490,n:n
854929,848610,n:n
854929,848620,n:n
854929,848630,n:n
854929,848640,n:n
854929,848690,n:n
854929,848710,n:n
854929,848790,n:n
854929,850110,n:n
854929,850120,n:n
854929,850131,n:n
854929,850132,n:n
854929,850133,n:n
854929,850134,n:n
854929,850140,n:n
854929,850151,n:n
854929,850152,n:n
854929,850153,n:n
854929,850161,n:n
854929,850162,n:n
854929,850163,n:n
854929,850164,n:n
854929,850211,n:n
854929,850212,n:n
854929,850213,n:n
854929,850220,n:n
854929,850231,n:n
854929,850239,n:n
854929,850240,n:n
854929,850300,n:n
854929,850410,n:n
854929,850421,n:n
854929,850422,n:n
854929,850423,n:n
854929,850431,n:n
854929,850432,n:n
854929,850433,n:n
854929,850434,n:n
854929,850440,n:n
854929,850450,n:n
854929,850490,n:n
854929,850511,n:n
854929,850519,n:n
854929,850520,n:n
854929,850590,n:n
854929,850610,n:n
854929,850630,n:n
854929,850640,n:n
854929,850650,n:n
854929,850660,n:n
854929,850680,n:n
854929,850690,n:n
854929,850710,n:n
854929,850720,n:n
854929,850730,n:n
854929,850740,n:n
854929,850750,n:n
854929,850760,n:n
854929,850780,n:n
854929,850790,n:n
854929,850811,n:n
854929,850819,n:n
854929,850860,n:n
854929,850870,n:n
854929,850940,n:n
854929,850980,n:n
854929,850990,n:n
854929,851010,n:n
854929,851020,n:n
854929,851030,n:n
854929,851090,n:n
854929,851110,n:n
854929,851120,n:n
854929,851130,n:n
854929,851140,n:n
854929,851150,n:n
854929,851180,n:n
854929,851190,n:n
854929,851210,n:n
854929,851220,n:n
854929,851230,n:n
854929,851240,n:n
854929,851290,n:n
854929,851310,n:n
854929,851390,n:n
854929,851410,n:n
854929,851420,n:n
854929,851430,n:n
854929,851440,n:n
854929,851490,n:n
854929,851511,n:n
854929,851519,n:n
854929,851521,n:n
854929,851529,n:n
854929,851531,n:n
854929,851539,n:n
854929,851580,n:n
854929,851590,n:n
854929,851610,n:n
854929,851621,n:n
854929,851629,n:n
854929,851631,n:n
854929,851632,n:n
854929,851633,n:n
854929,851640,n:n
854929,851650,n:n
854929,851660,n:n
854929,851671,n:n
854929,851672,n:n
854929,851679,n:n
854929,851680,n:n
854929,851690,n:n
854929,851711,n:n
854929,851712,n:n
854929,851718,n:n
854929,851761,n:n
854929,851762,n:n
854929,851769,n:n
854929,851770,n:n
854929,851810,n:n
854929,851821,n:n
854929,851822,n:n
854929,851829,n:n
854929,851830,n:n
854929,851840,n:n
854929,851850,n:n
854929,851890,n:n
854929,851920,n:n
854929,851930,n:n
854929,851950,n:n
854929,851981,n:n
854929,851989,n:n
854929,852110,n:n
854929,852190,n:n
854929,852210,n:n
854929,852290,n:n
854929,852321,n:n
854929,852329,n:n
854929,852341,n:n
854929,852349,n:n
854929,852351,n:n
854929,852352,n:n
854929,852359,n:n
854929,852380,n:n
854929,852550,n:n
854929,852560,n:n
854929,852580,n:n
854929,852610,n:n
854929,852691,n:n
854929,852692,n:n
854929,852712,n:n
854929,852713,n:n
854929,852719,n:n
854929,852721,n:n
854929,852729,n:n
854929,852791,n:n
854929,852792,n:n
854929,852799,n:n
854929,852841,n:n
854929,852849,n:n
854929,852851,n:n
854929,852859,n:n
854929,852861,n:n
854929,852869,n:n
854929,852871,n:n
854929,852872,n:n
854929,852873,n:n
854929,852910,n:n
854929,852990,n:n
854929,853010,n:n
854929,853080,n:n
854929,853090,n:n
854929,853110,n:n
854929,853120,n:n
854929,853180,n:n
854929,853190,n:n
854929,853210,n:n
854929,853221,n:n
854929,853222,n:n
854929,853223,n:n
854929,853224,n:n
854929,853225,n:n
854929,853229,n:n
854929,853230,n:n
854929,853290,n:n
854929,853310,n:n
854929,853321,n:n
854929,853329,n:n
854929,853331,n:n
854929,853339,n:n
854929,853340,n:n
854929,853390,n:n
854929,853400,n:n
854929,853510,n:n
854929,853521,n:n
854929,853529,n:n
854929,853530,n:n
854929,853540,n:n
854929,853590,n:n
854929,853610,n:n
854929,853620,n:n
854929,853630,n:n
854929,853641,n:n
854929,853649,n:n
854929,853650,n:n
854929,853661,n:n
854929,853669,n:n
854929,853670,n:n
854929,853690,n:n
854929,853710,n:n
854929,853720,n:n
854929,853810,n:n
854929,853890,n:n
854929,853910,n:n
854929,853921,n:n
854929,853922,n:n
854929,853929,n:n
854929,853931,n:n
854929,853932,n:n
854929,853939,n:n
854929,853941,n:n
854929,853949,n:n
854929,853990,n:n
854929,854011,n:n
854929,854012,n:n
854929,854020,n:n
854929,854040,n:n
854929,854060,n:n
854929,854071,n:n
854929,854079,n:n
854929,854081,n:n
854929,854089,n:n
854929,854091,n:n
854929,854099,n:n
854929,854110,n:n
854929,854121,n:n
854929,854129,n:n
854929,854130,n:n
854929,854140,n:n
854929,854150,n:n
854929,854160,n:n
854929,854190,n:n
854929,854231,n:n
854929,854232,n:n
854929,854233,n:n
854929,854239,n:n
854929,854290,n:n
854929,854310,n:n
854929,854320,n:n
854929,854330,n:n
854929,854370,n:n
854929,854390,n:n
854929,854411,n:n
854929,854419,n:n
854929,854420,n:n
854929,854430,n:n
854929,854442,n:n
854929,854449,n:n
854929,854460,n:n
854929,854470,n:n
854929,854511,n:n
854929,854519,n:n
854929,854520,n:n
854929,854590,n:n
854929,854610,n:n
854929,854620,n:n
854929,854690,n:n
854929,854710,n:n
854929,854720,n:n
854929,854790,n:n
854929,854810,n:n
854929,854890,n:n
854929,900110,n:n
854929,900120,n:n
854929,900130,n:n
854929,900140,n:n
854929,900150,n:n
854929,900190,n:n
854929,900211,n:n
854929,900219,n:n
854929,900220,n:n
854929,900290,n:n
854929,900311,n:n
854929,900319,n:n
854929,900390,n:n
854929,900410,n:n
854929,900490,n:n
854929,900510,n:n
854929,900580,n:n
854929,900590,n:n
854929,900610,n:n
854929,900630,n:n
854929,900640,n:n
854929,900651,n:n
854929,900652,n:n
854929,900653,n:n
854929,900659,n:n
854929,900661,n:n
854929,900669,n:n
854929,900691,n:n
854929,900699,n:n
854929,900710,n:n
854929,900720,n:n
854929,900791,n:n
854929,900792,n:n
854929,900850,n:n
854929,900890,n:n
854929,901010,n:n
854929,901050,n:n
854929,901060,n:n
854929,901090,n:n
854929,901110,n:n
854929,901120,n:n
854929,901180,n:n
854929,901190,n:n
854929,901210,n:n
854929,901290,n:n
854929,901310,n:n
854929,901320,n:n
854929,901380,n:n
854929,901390,n:n
854929,901410,n:n
854929,901420,n:n
854929,901480,n:n
854929,901490,n:n
854929,901510,n:n
854929,901520,n:n
854929,901530,n:n
854929,901540,n:n
854929,901580,n:n
854929,901590,n:n
854929,901600,n:n
854929,901710,n:n
854929,901720,n:n
854929,901730,n:n
854929,901780,n:n
854929,901790,n:n
854929,901811,n:n
854929,901812,n:n
854929,901813,n:n
854929,901814,n:n
854929,901819,n:n
854929,901820,n:n
854929,901831,n:n
854929,901832,n:n
854929,901839,n:n
854929,901841,n:n
854929,901849,n:n
854929,901850,n:n
854929,901890,n:n
854929,901910,n:n
854929,901920,n:n
854929,902000,n:n
854929,902110,n:n
854929,902121,n:n
854929,902129,n:n
854929,902131,n:n
854929,902139,n:n
854929,902140,n:n
854929,902150,n:n
854929,902190,n:n
854929,902212,n:n
854929,902213,n:n
854929,902214,n:n
854929,902219,n:n
854929,902221,n:n
854929,902229,n:n
854929,902230,n:n
854929,902290,n:n
854929,902300,n:n
854929,902410,n:n
854929,902480,n:n
854929,902490,n:n
854929,902511,n:n
854929,902519,n:n
854929,902580,n:n
854929,902590,n:n
854929,902610,n:n
854929,902620,n:n
854929,902680,n:n
854929,902690,n:n
854929,902710,n:n
854929,902720,n:n
854929,902730,n:n
854929,902750,n:n
854929,902780,n:n
854929,902790,n:n
854929,902810,n:n
854929,902820,n:n
854929,902830,n:n
854929,902890,n:n
854929,902910,n:n
854929,902920,n:n
854929,902990,n:n
854929,903010,n:n
854929,903020,n:n
854929,903031,n:n
854929,903032,n:n
854929,903033,n:n
854929,903039,n:n
854929,903040,n:n
854929,903082,n:n
854929,903084,n:n
854929,903089,n:n
854929,903090,n:n
854929,903110,n:n
854929,903120,n:n
854929,903141,n:n
854929,903149,n:n
854929,903180,n:n
854929,903190,n:n
854929,903210,n:n
854929,903220,n:n
854929,903281,n:n
854929,903289,n:n
854929,903290,n:n
854929,903300,n:n
854929,910111,n:n
854929,910119,n:n
854929,910121,n:n
854929,910129,n:n
854929,910191,n:n
854929,910199,n:n
854929,910211,n:n
854929,910212,n:n
854929,910219,n:n
854929,910221,n:n
854929,910229,n:n
854929,910291,n:n
854929,910299,n:n
854929,910310,n:n
854929,910390,n:n
854929,910400,n:n
854929,910511,n:n
854929,910519,n:n
854929,910521,n:n
854929,910529,n:n
854929,910591,n:n
854929,910599,n:n
854929,910610,n:n
854929,910690,n:n
854929,910700,n:n
854929,910811,n:n
854929,910812,n:n
854929,910819,n:n
854929,910820,n:n
854929,910890,n:n
854929,910910,n:n
854929,910990,n:n
854929,911011,n:n
854929,911012,n:n
854929,911019,n:n
854929,911090,n:n
854929,911110,n:n
854929,911120,n:n
854929,911180,n:n
854929,911190,n:n
854929,911220,n:n
854929,911290,n:n
854929,911310,n:n
854929,911320,n:n
854929,911390,n:n
854929,911410,n:n
854929,911430,n:n
854929,911440,n:n
854929,911490,n:n
854929,930510,n:n
854929,930520,n:n
854929,930591,n:n
854929,930599,n:n
854929,930621,n:n
854929,930629,n:n
854929,930630,n:n
854929,930690,n:n
854929,950300,n:n
854929,950420,n:n
854929,950430,n:n
854929,950440,n:n
854929,950450,n:n
854929,950490,n:n
854929,950510,n:n
854929,950590,n:n
854929,950611,n:n
854929,950612,n:n
854929,950619,n:n
854929,950621,n:n
854929,950629,n:n
854929,950631,n:n
854929,950632,n:n
854929,950639,n:n
854929,950640,n:n
854929,950651,n:n
854929,950659,n:n
854929,950661,n:n
854929,950662,n:n
854929,950669,n:n
854929,950670,n:n
854929,950691,n:n
854929,950699,n:n
854929,950710,n:n
854929,950720,n:n
854929,950730,n:n
854929,950790,n:n
854929,950810,n:n
854929,950890,n:n
854931,382510,n:n
854931,382520,n:n
854931,382530,n:n
854931,382541,n:n
854931,382549,n:n
854931,382550,n:n
854931,382561,n:n
854931,382569,n:n
854931,382590,n:n
854931,700100,n:n
854931,711230,n:n
854931,711291,n:n
854931,711292,n:n
854931,711299,n:n
854931,840110,n:n
854931,840120,n:n
854931,840130,n:n
854931,840140,n:n
854931,840211,n:n
854931,840212,n:n
854931,840219,n:n
854931,840220,n:n
854931,840290,n:n
854931,840310,n:n
854931,840390,n:n
854931,840410,n:n
854931,840420,n:n
854931,840490,n:n
854931,840510,n:n
854931,840590,n:n
854931,840610,n:n
854931,840681,n:n
854931,840682,n:n
854931,840690,n:n
854931,840710,n:n
854931,840721,n:n
854931,840729,n:n
854931,840731,n:n
854931,840732,n:n
854931,840733,n:n
854931,840734,n:n
854931,840790,n:n
854931,840810,n:n
854931,840820,n:n
854931,840890,n:n
854931,840910,n:n
854931,840991,n:n
854931,840999,n:n
854931,841011,n:n
854931,841012,n:n
854931,841013,n:n
854931,841090,n:n
854931,841111,n:n
854931,841112,n:n
854931,841121,n:n
854931,841122,n:n
854931,841181,n:n
854931,841182,n:n
854931,841191,n:n
854931,841199,n:n
854931,841210,n:n
854931,841221,n:n
854931,841229,n:n
854931,841231,n:n
854931,841239,n:n
854931,841280,n:n
854931,841290,n:n
854931,841311,n:n
854931,841319,n:n
854931,841320,n:n
854931,841330,n:n
854931,841340,n:n
854931,841350,n:n
854931,841360,n:n
854931,841370,n:n
854931,841381,n:n
854931,841382,n:n
854931,841391,n:n
854931,841392,n:n
854931,841410,n:n
854931,841420,n:n
854931,841430,n:n
854931,841440,n:n
854931,841451,n:n
854931,841459,n:n
854931,841460,n:n
854931,841480,n:n
854931,841490,n:n
854931,841510,n:n
854931,841520,n:n
854931,841581,n:n
854931,841582,n:n
854931,841583,n:n
854931,841590,n:n
854931,841610,n:n
854931,841620,n:n
854931,841630,n:n
854931,841690,n:n
854931,841710,n:n
854931,841720,n:n
854931,841780,n:n
854931,841790,n:n
854931,841810,n:n
854931,841821,n:n
854931,841829,n:n
854931,841830,n:n
854931,841840,n:n
854931,841850,n:n
854931,841861,n:n
854931,841869,n:n
854931,841891,n:n
854931,841899,n:n
854931,841911,n:n
854931,841919,n:n
854931,841920,n:n
854931,841931,n:n
854931,841932,n:n
854931,841939,n:n
854931,841940,n:n
854931,841950,n:n
854931,841960,n:n
854931,841981,n:n
854931,841989,n:n
854931,841990,n:n
854931,842010,n:n
854931,842091,n:n
854931,842099,n:n
854931,842111,n:n
854931,842112,n:n
854931,842119,n:n
854931,842121,n:n
854931,842122,n:n
854931,842123,n:n
854931,842129,n:n
854931,842131,n:n
854931,842139,n:n
854931,842191,n:n
854931,842199,n:n
854931,842211,n:n
854931,842219,n:n
854931,842220,n:n
854931,842230,n:n
854931,842240,n:n
854931,842290,n:n
854931,842310,n:n
854931,842320,n:n
854931,842330,n:n
854931,842381,n:n
854931,842382,n:n
854931,842389,n:n
854931,842390,n:n
854931,842410,n:n
854931,842420,n:n
854931,842430,n:n
854931,842481,n:n
854931,842489,n:n
854931,842490,n:n
854931,842511,n:n
854931,842519,n:n
854931,842531,n:n
854931,842539,n:n
854931,842541,n:n
854931,842542,n:n
854931,842549,n:n
854931,842611,n:n
854931,842612,n:n
854931,842619,n:n
854931,842620,n:n
854931,842630,n:n
854931,842641,n:n
854931,842649,n:n
854931,842691,n:n
854931,842699,n:n
854931,842710,n:n
854931,842720,n:n
854931,842790,n:n
854931,842810,n:n
854931,842820,n:n
854931,842831,n:n
854931,842832,n:n
854931,842833,n:n
854931,842839,n:n
854931,842840,n:n
854931,842860,n:n
854931,842890,n:n
854931,842911,n:n
854931,842919,n:n
854931,842920,n:n
854931,842930,n:n
854931,842940,n:n
854931,842951,n:n
854931,842952,n:n
854931,842959,n:n
854931,843010,n:n
854931,843020,n:n
854931,843031,n:n
854931,843039,n:n
854931,843041,n:n
854931,843049,n:n
854931,843050,n:n
854931,843061,n:n
854931,843069,n:n
854931,843110,n:n
854931,843120,n:n
854931,843131,n:n
854931,843139,n:n
854931,843141,n:n
854931,843142,n:n
854931,843143,n:n
854931,843149,n:n
854931,843210,n:n
854931,843221,n:n
854931,843229,n:n
854931,843230,n:n
854931,843240,n:n
854931,843280,n:n
854931,843290,n:n
854931,843311,n:n
854931,843319,n:n
854931,843320,n:n
854931,843330,n:n
854931,843340,n:n
854931,843351,n:n
854931,843352,n:n
854931,843353,n:n
854931,843359,n:n
854931,843360,n:n
854931,843390,n:n
854931,843410,n:n
854931,843420,n:n
854931,843490,n:n
854931,843510,n:n
854931,843590,n:n
854931,843610,n:n
854931,843621,n:n
854931,843629,n:n
854931,843680,n:n
854931,843691,n:n
854931,843699,n:n
854931,843710,n:n
854931,843780,n:n
854931,843790,n:n
854931,843810,n:n
854931,843820,n:n
854931,843830,n:n
854931,843840,n:n
854931,843850,n:n
854931,843860,n:n
854931,843880,n:n
854931,843890,n:n
854931,843910,n:n
854931,843920,n:n
854931,843930,n:n
854931,843991,n:n
854931,843999,n:n
854931,844010,n:n
854931,844090,n:n
854931,844110,n:n
854931,844120,n:n
854931,844130,n:n
854931,844140,n:n
854931,844180,n:n
854931,844190,n:n
854931,844230,n:n
854931,844240,n:n
854931,844250,n:n
854931,844311,n:n
854931,844312,n:n
854931,844313,n:n
854931,844314,n:n
854931,844315,n:n
854931,844316,n:n
854931,844317,n:n
854931,844319,n:n
854931,844331,n:n
854931,844332,n:n
854931,844339,n:n
854931,844391,n:n
854931,844399,n:n
854931,844400,n:n
854931,844511,n:n
854931,844512,n:n
854931,844513,n:n
854931,844519,n:n
854931,844520,n:n
854931,844530,n:n
854931,844540,n:n
854931,844590,n:n
854931,844610,n:n
854931,844621,n:n
854931,844629,n:n
854931,844630,n:n
854931,844711,n:n
854931,844712,n:n
854931,844720,n:n
854931,844790,n:n
854931,844811,n:n
854931,844819,n:n
854931,844820,n:n
854931,844831,n:n
854931,844832,n:n
854931,844833,n:n
854931,844839,n:n
854931,844842,n:n
854931,844849,n:n
854931,844851,n:n
854931,844859,n:n
854931,844900,n:n
854931,845011,n:n
854931,845012,n:n
854931,845019,n:n
854931,845020,n:n
854931,845090,n:n
854931,845110,n:n
854931,845121,n:n
854931,845129,n:n
854931,845130,n:n
854931,845140,n:n
854931,845150,n:n
854931,845180,n:n
854931,845190,n:n
854931,845210,n:n
854931,845221,n:n
854931,845229,n:n
854931,845230,n:n
854931,845290,n:n
854931,845310,n:n
854931,845320,n:n
854931,845380,n:n
854931,845390,n:n
854931,845410,n:n
854931,845420,n:n
854931,845430,n:n
854931,845490,n:n
854931,845510,n:n
854931,845521,n:n
854931,845522,n:n
854931,845530,n:n
854931,845590,n:n
854931,845610,n:n
854931,845620,n:n
854931,845630,n:n
854931,845690,n:n
854931,845710,n:n
854931,845720,n:n
854931,845730,n:n
854931,845811,n:n
854931,845819,n:n
854931,845891,n:n
854931,845899,n:n
854931,845910,n:n
854931,845921,n:n
854931,845929,n:n
854931,845931,n:n
854931,845939,n:n
854931,845940,n:n
854931,845951,n:n
854931,845959,n:n
854931,845961,n:n
854931,845969,n:n
854931,845970,n:n
854931,846011,n:n
854931,846019,n:n
854931,846021,n:n
854931,846029,n:n
854931,846031,n:n
854931,846039,n:n
854931,846040,n:n
854931,846090,n:n
854931,846120,n:n
854931,846130,n:n
854931,846140,n:n
854931,846150,n:n
854931,846190,n:n
854931,846210,n:n
854931,846221,n:n
854931,846229,n:n
854931,846231,n:n
854931,846239,n:n
854931,846241,n:n
854931,846249,n:n
854931,846291,n:n
854931,846299,n:n
854931,846310,n:n
854931,846320,n:n
854931,846330,n:n
854931,846390,n:n
854931,846410,n:n
854931,846420,n:n
854931,846490,n:n
854931,846510,n:n
854931,846591,n:n
854931,846592,n:n
854931,846593,n:n
854931,846594,n:n
854931,846595,n:n
854931,846596,n:n
854931,846599,n:n
854931,846610,n:n
854931,846620,n:n
854931,846630,n:n
854931,846691,n:n
854931,846692,n:n
854931,846693,n:n
854931,846694,n:n
854931,846711,n:n
854931,846719,n:n
854931,846721,n:n
854931,846722,n:n
854931,846729,n:n
854931,846781,n:n
854931,846789,n:n
854931,846791,n:n
854931,846792,n:n
854931,846799,n:n
854931,846810,n:n
854931,846820,n:n
854931,846880,n:n
854931,846890,n:n
854931,846900,n:n
854931,847010,n:n
854931,847021,n:n
854931,847029,n:n
854931,847030,n:n
854931,847050,n:n
854931,847090,n:n
854931,847130,n:n
854931,847141,n:n
854931,847149,n:n
854931,847150,n:n
854931,847160,n:n
854931,847170,n:n
854931,847180,n:n
854931,847190,n:n
854931,847210,n:n
854931,847230,n:n
854931,847290,n:n
854931,847310,n:n
854931,847321,n:n
854931,847329,n:n
854931,847330,n:n
854931,847340,n:n
854931,847350,n:n
854931,847410,n:n
854931,847420,n:n
854931,847431,n:n
854931,847432,n:n
854931,847439,n:n
854931,847480,n:n
854931,847490,n:n
854931,847510,n:n
854931,847521,n:n
854931,847529,n:n
854931,847590,n:n
854931,847621,n:n
854931,847629,n:n
854931,847681,n:n
854931,847689,n:n
854931,847690,n:n
854931,847710,n:n
854931,847720,n:n
854931,847730,n:n
854931,847740,n:n
854931,847751,n:n
854931,847759,n:n
854931,847780,n:n
854931,847790,n:n
854931,847810,n:n
854931,847890,n:n
854931,847910,n:n
854931,847920,n:n
854931,847930,n:n
854931,847940,n:n
854931,847950,n:n
854931,847960,n:n
854931,847971,n:n
854931,847979,n:n
854931,847981,n:n
854931,847982,n:n
854931,847989,n:n
854931,847990,n:n
854931,848010,n:n
854931,848020,n:n
854931,848030,n:n
854931,848041,n:n
854931,848049,n:n
854931,848050,n:n
854931,848060,n:n
854931,848071,n:n
854931,848079,n:n
854931,848110,n:n
854931,848120,n:n
854931,848130,n:n
854931,848140,n:n
854931,848180,n:n
854931,848190,n:n
854931,848210,n:n
854931,848220,n:n
854931,848230,n:n
854931,848240,n:n
854931,848250,n:n
854931,848280,n:n
854931,848291,n:n
854931,848299,n:n
854931,848310,n:n
854931,848320,n:n
854931,848330,n:n
854931,848340,n:n
854931,848350,n:n
854931,848360,n:n
854931,848390,n:n
854931,848410,n:n
854931,848420,n:n
854931,848490,n:n
854931,848610,n:n
854931,848620,n:n
854931,848630,n:n
854931,848640,n:n
854931,848690,n:n
854931,848710,n:n
854931,848790,n:n
854931,850110,n:n
854931,850120,n:n
854931,850131,n:n
854931,850132,n:n
854931,850133,n:n
854931,850134,n:n
854931,850140,n:n
854931,850151,n:n
854931,850152,n:n
854931,850153,n:n
854931,850161,n:n
854931,850162,n:n
854931,850163,n:n
854931,850164,n:n
854931,850211,n:n
854931,850212,n:n
854931,850213,n:n
854931,850220,n:n
854931,850231,n:n
854931,850239,n:n
854931,850240,n:n
854931,850300,n:n
854931,850410,n:n
854931,850421,n:n
854931,850422,n:n
854931,850423,n:n
854931,850431,n:n
854931,850432,n:n
854931,850433,n:n
854931,850434,n:n
854931,850440,n:n
854931,850450,n:n
854931,850490,n:n
854931,850511,n:n
854931,850519,n:n
854931,850520,n:n
854931,850590,n:n
854931,850610,n:n
854931,850630,n:n
854931,850640,n:n
854931,850650,n:n
854931,850660,n:n
854931,850680,n:n
854931,850690,n:n
854931,850710,n:n
854931,850720,n:n
854931,850730,n:n
854931,850740,n:n
854931,850750,n:n
854931,850760,n:n
854931,850780,n:n
854931,850790,n:n
854931,850811,n:n
854931,850819,n:n
854931,850860,n:n
854931,850870,n:n
854931,850940,n:n
854931,850980,n:n
854931,850990,n:n
854931,851010,n:n
854931,851020,n:n
854931,851030,n:n
854931,851090,n:n
854931,851110,n:n
854931,851120,n:n
854931,851130,n:n
854931,851140,n:n
854931,851150,n:n
854931,851180,n:n
854931,851190,n:n
854931,851210,n:n
854931,851220,n:n
854931,851230,n:n
854931,851240,n:n
854931,851290,n:n
854931,851310,n:n
854931,851390,n:n
854931,851410,n:n
854931,851420,n:n
854931,851430,n:n
854931,851440,n:n
854931,851490,n:n
854931,851511,n:n
854931,851519,n:n
854931,851521,n:n
854931,851529,n:n
854931,851531,n:n
854931,851539,n:n
854931,851580,n:n
854931,851590,n:n
854931,851610,n:n
854931,851621,n:n
854931,851629,n:n
854931,851631,n:n
854931,851632,n:n
854931,851633,n:n
854931,851640,n:n
854931,851650,n:n
854931,851660,n:n
854931,851671,n:n
854931,851672,n:n
854931,851679,n:n
854931,851680,n:n
854931,851690,n:n
854931,851711,n:n
854931,851712,n:n
854931,851718,n:n
854931,851761,n:n
854931,851762,n:n
854931,851769,n:n
854931,851770,n:n
854931,851810,n:n
854931,851821,n:n
854931,851822,n:n
854931,851829,n:n
854931,851830,n:n
854931,851840,n:n
854931,851850,n:n
854931,851890,n:n
854931,851920,n:n
854931,851930,n:n
854931,851950,n:n
854931,851981,n:n
854931,851989,n:n
854931,852110,n:n
854931,852190,n:n
854931,852210,n:n
854931,852290,n:n
854931,852321,n:n
854931,852329,n:n
854931,852341,n:n
854931,852349,n:n
854931,852351,n:n
854931,852352,n:n
854931,852359,n:n
854931,852380,n:n
854931,852550,n:n
854931,852560,n:n
854931,852580,n:n
854931,852610,n:n
854931,852691,n:n
854931,852692,n:n
854931,852712,n:n
854931,852713,n:n
854931,852719,n:n
854931,852721,n:n
854931,852729,n:n
854931,852791,n:n
854931,852792,n:n
854931,852799,n:n
854931,852841,n:n
854931,852849,n:n
854931,852851,n:n
854931,852859,n:n
854931,852861,n:n
854931,852869,n:n
854931,852871,n:n
854931,852872,n:n
854931,852873,n:n
854931,852910,n:n
854931,852990,n:n
854931,853010,n:n
854931,853080,n:n
854931,853090,n:n
854931,853110,n:n
854931,853120,n:n
854931,853180,n:n
854931,853190,n:n
854931,853210,n:n
854931,853221,n:n
854931,853222,n:n
854931,853223,n:n
854931,853224,n:n
854931,853225,n:n
854931,853229,n:n
854931,853230,n:n
854931,853290,n:n
854931,853310,n:n
854931,853321,n:n
854931,853329,n:n
854931,853331,n:n
854931,853339,n:n
854931,853340,n:n
854931,853390,n:n
854931,853400,n:n
854931,853510,n:n
854931,853521,n:n
854931,853529,n:n
854931,853530,n:n
854931,853540,n:n
854931,853590,n:n
854931,853610,n:n
854931,853620,n:n
854931,853630,n:n
854931,853641,n:n
854931,853649,n:n
854931,853650,n:n
854931,853661,n:n
854931,853669,n:n
854931,853670,n:n
854931,853690,n:n
854931,853710,n:n
854931,853720,n:n
854931,853810,n:n
854931,853890,n:n
854931,853910,n:n
854931,853921,n:n
854931,853922,n:n
854931,853929,n:n
854931,853931,n:n
854931,853932,n:n
854931,853939,n:n
854931,853941,n:n
854931,853949,n:n
854931,853990,n:n
854931,854011,n:n
854931,854012,n:n
854931,854020,n:n
854931,854040,n:n
854931,854060,n:n
854931,854071,n:n
854931,854079,n:n
854931,854081,n:n
854931,854089,n:n
854931,854091,n:n
854931,854099,n:n
854931,854110,n:n
854931,854121,n:n
854931,854129,n:n
854931,854130,n:n
854931,854140,n:n
854931,854150,n:n
854931,854160,n:n
854931,854190,n:n
854931,854231,n:n
854931,854232,n:n
854931,854233,n:n
854931,854239,n:n
854931,854290,n:n
854931,854310,n:n
854931,854320,n:n
854931,854330,n:n
854931,854370,n:n
854931,854390,n:n
854931,854411,n:n
854931,854419,n:n
854931,854420,n:n
854931,854430,n:n
854931,854442,n:n
854931,854449,n:n
854931,854460,n:n
854931,854470,n:n
854931,854511,n:n
854931,854519,n:n
854931,854520,n:n
854931,854590,n:n
854931,854610,n:n
854931,854620,n:n
854931,854690,n:n
854931,854710,n:n
854931,854720,n:n
854931,854790,n:n
854931,854810,n:n
854931,854890,n:n
854931,900110,n:n
854931,900120,n:n
854931,900130,n:n
854931,900140,n:n
854931,900150,n:n
854931,900190,n:n
854931,900211,n:n
854931,900219,n:n
854931,900220,n:n
854931,900290,n:n
854931,900311,n:n
854931,900319,n:n
854931,900390,n:n
854931,900410,n:n
854931,900490,n:n
854931,900510,n:n
854931,900580,n:n
854931,900590,n:n
854931,900610,n:n
854931,900630,n:n
854931,900640,n:n
854931,900651,n:n
854931,900652,n:n
854931,900653,n:n
854931,900659,n:n
854931,900661,n:n
854931,900669,n:n
854931,900691,n:n
854931,900699,n:n
854931,900710,n:n
854931,900720,n:n
854931,900791,n:n
854931,900792,n:n
854931,900850,n:n
854931,900890,n:n
854931,901010,n:n
854931,901050,n:n
854931,901060,n:n
854931,901090,n:n
854931,901110,n:n
854931,901120,n:n
854931,901180,n:n
854931,901190,n:n
854931,901210,n:n
854931,901290,n:n
854931,901310,n:n
854931,901320,n:n
854931,901380,n:n
854931,901390,n:n
854931,901410,n:n
854931,901420,n:n
854931,901480,n:n
854931,901490,n:n
854931,901510,n:n
854931,901520,n:n
854931,901530,n:n
854931,901540,n:n
854931,901580,n:n
854931,901590,n:n
854931,901600,n:n
854931,901710,n:n
854931,901720,n:n
854931,901730,n:n
854931,901780,n:n
854931,901790,n:n
854931,901811,n:n
854931,901812,n:n
854931,901813,n:n
854931,901814,n:n
854931,901819,n:n
854931,901820,n:n
854931,901831,n:n
854931,901832,n:n
854931,901839,n:n
854931,901841,n:n
854931,901849,n:n
854931,901850,n:n
854931,901890,n:n
854931,901910,n:n
854931,901920,n:n
854931,902000,n:n
854931,902110,n:n
854931,902121,n:n
854931,902129,n:n
854931,902131,n:n
854931,902139,n:n
854931,902140,n:n
854931,902150,n:n
854931,902190,n:n
854931,902212,n:n
854931,902213,n:n
854931,902214,n:n
854931,902219,n:n
854931,902221,n:n
854931,902229,n:n
854931,902230,n:n
854931,902290,n:n
854931,902300,n:n
854931,902410,n:n
854931,902480,n:n
854931,902490,n:n
854931,902511,n:n
854931,902519,n:n
854931,902580,n:n
854931,902590,n:n
854931,902610,n:n
854931,902620,n:n
854931,902680,n:n
854931,902690,n:n
854931,902710,n:n
854931,902720,n:n
854931,902730,n:n
854931,902750,n:n
854931,902780,n:n
854931,902790,n:n
854931,902810,n:n
854931,902820,n:n
854931,902830,n:n
854931,902890,n:n
854931,902910,n:n
854931,902920,n:n
854931,902990,n:n
854931,903010,n:n
854931,903020,n:n
854931,903031,n:n
854931,903032,n:n
854931,903033,n:n
854931,903039,n:n
854931,903040,n:n
854931,903082,n:n
854931,903084,n:n
854931,903089,n:n
854931,903090,n:n
854931,903110,n:n
854931,903120,n:n
854931,903141,n:n
854931,903149,n:n
854931,903180,n:n
854931,903190,n:n
854931,903210,n:n
854931,903220,n:n
854931,903281,n:n
854931,903289,n:n
854931,903290,n:n
854931,903300,n:n
854931,910111,n:n
854931,910119,n:n
854931,910121,n:n
854931,910129,n:n
854931,910191,n:n
854931,910199,n:n
854931,910211,n:n
854931,910212,n:n
854931,910219,n:n
854931,910221,n:n
854931,910229,n:n
854931,910291,n:n
854931,910299,n:n
854931,910310,n:n
854931,910390,n:n
854931,910400,n:n
854931,910511,n:n
854931,910519,n:n
854931,910521,n:n
854931,910529,n:n
854931,910591,n:n
854931,910599,n:n
854931,910610,n:n
854931,910690,n:n
854931,910700,n:n
854931,910811,n:n
854931,910812,n:n
854931,910819,n:n
854931,910820,n:n
854931,910890,n:n
854931,910910,n:n
854931,910990,n:n
854931,911011,n:n
854931,911012,n:n
854931,911019,n:n
854931,911090,n:n
854931,911110,n:n
854931,911120,n:n
854931,911180,n:n
854931,911190,n:n
854931,911220,n:n
854931,911290,n:n
854931,911310,n:n
854931,911320,n:n
854931,911390,n:n
854931,911410,n:n
854931,911430,n:n
854931,911440,n:n
854931,911490,n:n
854931,930510,n:n
854931,930520,n:n
854931,930591,n:n
854931,930599,n:n
854931,930621,n:n
854931,930629,n:n
854931,930630,n:n
854931,930690,n:n
854931,950300,n:n
854931,950420,n:n
854931,950430,n:n
854931,950440,n:n
854931,950450,n:n
854931,950490,n:n
854931,950510,n:n
854931,950590,n:n
854931,950611,n:n
854931,950612,n:n
854931,950619,n:n
854931,950621,n:n
854931,950629,n:n
854931,950631,n:n
854931,950632,n:n
854931,950639,n:n
854931,950640,n:n
854931,950651,n:n
854931,950659,n:n
854931,950661,n:n
854931,950662,n:n
854931,950669,n:n
854931,950670,n:n
854931,950691,n:n
854931,950699,n:n
854931,950710,n:n
854931,950720,n:n
854931,950730,n:n
854931,950790,n:n
854931,950810,n:n
854931,950890,n:n
854939,382510,n:n
854939,382520,n:n
854939,382530,n:n
854939,382541,n:n
854939,382549,n:n
854939,382550,n:n
854939,382561,n:n
854939,382569,n:n
854939,382590,n:n
854939,700100,n:n
854939,711230,n:n
854939,711291,n:n
854939,711292,n:n
854939,711299,n:n
854939,840110,n:n
854939,840120,n:n
854939,840130,n:n
854939,840140,n:n
854939,840211,n:n
854939,840212,n:n
854939,840219,n:n
854939,840220,n:n
854939,840290,n:n
854939,840310,n:n
854939,840390,n:n
854939,840410,n:n
854939,840420,n:n
854939,840490,n:n
854939,840510,n:n
854939,840590,n:n
854939,840610,n:n
854939,840681,n:n
854939,840682,n:n
854939,840690,n:n
854939,840710,n:n
854939,840721,n:n
854939,840729,n:n
854939,840731,n:n
854939,840732,n:n
854939,840733,n:n
854939,840734,n:n
854939,840790,n:n
854939,840810,n:n
854939,840820,n:n
854939,840890,n:n
854939,840910,n:n
854939,840991,n:n
854939,840999,n:n
854939,841011,n:n
854939,841012,n:n
854939,841013,n:n
854939,841090,n:n
854939,841111,n:n
854939,841112,n:n
854939,841121,n:n
854939,841122,n:n
854939,841181,n:n
854939,841182,n:n
854939,841191,n:n
854939,841199,n:n
854939,841210,n:n
854939,841221,n:n
854939,841229,n:n
854939,841231,n:n
854939,841239,n:n
854939,841280,n:n
854939,841290,n:n
854939,841311,n:n
854939,841319,n:n
854939,841320,n:n
854939,841330,n:n
854939,841340,n:n
854939,841350,n:n
854939,841360,n:n
854939,841370,n:n
854939,841381,n:n
854939,841382,n:n
854939,841391,n:n
854939,841392,n:n
854939,841410,n:n
854939,841420,n:n
854939,841430,n:n
854939,841440,n:n
854939,841451,n:n
854939,841459,n:n
854939,841460,n:n
854939,841480,n:n
854939,841490,n:n
854939,841510,n:n
854939,841520,n:n
854939,841581,n:n
854939,841582,n:n
854939,841583,n:n
854939,841590,n:n
854939,841610,n:n
854939,841620,n:n
854939,841630,n:n
854939,841690,n:n
854939,841710,n:n
854939,841720,n:n
854939,841780,n:n
854939,841790,n:n
854939,841810,n:n
854939,841821,n:n
854939,841829,n:n
854939,841830,n:n
854939,841840,n:n
854939,841850,n:n
854939,841861,n:n
854939,841869,n:n
854939,841891,n:n
854939,841899,n:n
854939,841911,n:n
854939,841919,n:n
854939,841920,n:n
854939,841931,n:n
854939,841932,n:n
854939,841939,n:n
854939,841940,n:n
854939,841950,n:n
854939,841960,n:n
854939,841981,n:n
854939,841989,n:n
854939,841990,n:n
854939,842010,n:n
854939,842091,n:n
854939,842099,n:n
854939,842111,n:n
854939,842112,n:n
854939,842119,n:n
854939,842121,n:n
854939,842122,n:n
854939,842123,n:n
854939,842129,n:n
854939,842131,n:n
854939,842139,n:n
854939,842191,n:n
854939,842199,n:n
854939,842211,n:n
854939,842219,n:n
854939,842220,n:n
854939,842230,n:n
854939,842240,n:n
854939,842290,n:n
854939,842310,n:n
854939,842320,n:n
854939,842330,n:n
854939,842381,n:n
854939,842382,n:n
854939,842389,n:n
854939,842390,n:n
854939,842410,n:n
854939,842420,n:n
854939,842430,n:n
854939,842481,n:n
854939,842489,n:n
854939,842490,n:n
854939,842511,n:n
854939,842519,n:n
854939,842531,n:n
854939,842539,n:n
854939,842541,n:n
854939,842542,n:n
854939,842549,n:n
854939,842611,n:n
854939,842612,n:n
854939,842619,n:n
854939,842620,n:n
854939,842630,n:n
854939,842641,n:n
854939,842649,n:n
854939,842691,n:n
854939,842699,n:n
854939,842710,n:n
854939,842720,n:n
854939,842790,n:n
854939,842810,n:n
854939,842820,n:n
854939,842831,n:n
854939,842832,n:n
854939,842833,n:n
854939,842839,n:n
854939,842840,n:n
854939,842860,n:n
854939,842890,n:n
854939,842911,n:n
854939,842919,n:n
854939,842920,n:n
854939,842930,n:n
854939,842940,n:n
854939,842951,n:n
854939,842952,n:n
854939,842959,n:n
854939,843010,n:n
854939,843020,n:n
854939,843031,n:n
854939,843039,n:n
854939,843041,n:n
854939,843049,n:n
854939,843050,n:n
854939,843061,n:n
854939,843069,n:n
854939,843110,n:n
854939,843120,n:n
854939,843131,n:n
854939,843139,n:n
854939,843141,n:n
854939,843142,n:n
854939,843143,n:n
854939,843149,n:n
854939,843210,n:n
854939,843221,n:n
854939,843229,n:n
854939,843230,n:n
854939,843240,n:n
854939,843280,n:n
854939,843290,n:n
854939,843311,n:n
854939,843319,n:n
854939,843320,n:n
854939,843330,n:n
854939,843340,n:n
854939,843351,n:n
854939,843352,n:n
854939,843353,n:n
854939,843359,n:n
854939,843360,n:n
854939,843390,n:n
854939,843410,n:n
854939,843420,n:n
854939,843490,n:n
854939,843510,n:n
854939,843590,n:n
854939,843610,n:n
854939,843621,n:n
854939,843629,n:n
854939,843680,n:n
854939,843691,n:n
854939,843699,n:n
854939,843710,n:n
854939,843780,n:n
854939,843790,n:n
854939,843810,n:n
854939,843820,n:n
854939,843830,n:n
854939,843840,n:n
854939,843850,n:n
854939,843860,n:n
854939,843880,n:n
854939,843890,n:n
854939,843910,n:n
854939,843920,n:n
854939,843930,n:n
854939,843991,n:n
854939,843999,n:n
854939,844010,n:n
854939,844090,n:n
854939,844110,n:n
854939,844120,n:n
854939,844130,n:n
854939,844140,n:n
854939,844180,n:n
854939,844190,n:n
854939,844230,n:n
854939,844240,n:n
854939,844250,n:n
854939,844311,n:n
854939,844312,n:n
854939,844313,n:n
854939,844314,n:n
854939,844315,n:n
854939,844316,n:n
854939,844317,n:n
854939,844319,n:n
854939,844331,n:n
854939,844332,n:n
854939,844339,n:n
854939,844391,n:n
854939,844399,n:n
854939,844400,n:n
854939,844511,n:n
854939,844512,n:n
854939,844513,n:n
854939,844519,n:n
854939,844520,n:n
854939,844530,n:n
854939,844540,n:n
854939,844590,n:n
854939,844610,n:n
854939,844621,n:n
854939,844629,n:n
854939,844630,n:n
854939,844711,n:n
854939,844712,n:n
854939,844720,n:n
854939,844790,n:n
854939,844811,n:n
854939,844819,n:n
854939,844820,n:n
854939,844831,n:n
854939,844832,n:n
854939,844833,n:n
854939,844839,n:n
854939,844842,n:n
854939,844849,n:n
854939,844851,n:n
854939,844859,n:n
854939,844900,n:n
854939,845011,n:n
854939,845012,n:n
854939,845019,n:n
854939,845020,n:n
854939,845090,n:n
854939,845110,n:n
854939,845121,n:n
854939,845129,n:n
854939,845130,n:n
854939,845140,n:n
854939,845150,n:n
854939,845180,n:n
854939,845190,n:n
854939,845210,n:n
854939,845221,n:n
854939,845229,n:n
854939,845230,n:n
854939,845290,n:n
854939,845310,n:n
854939,845320,n:n
854939,845380,n:n
854939,845390,n:n
854939,845410,n:n
854939,845420,n:n
854939,845430,n:n
854939,845490,n:n
854939,845510,n:n
854939,845521,n:n
854939,845522,n:n
854939,845530,n:n
854939,845590,n:n
854939,845610,n:n
854939,845620,n:n
854939,845630,n:n
854939,845690,n:n
854939,845710,n:n
854939,845720,n:n
854939,845730,n:n
854939,845811,n:n
854939,845819,n:n
854939,845891,n:n
854939,845899,n:n
854939,845910,n:n
854939,845921,n:n
854939,845929,n:n
854939,845931,n:n
854939,845939,n:n
854939,845940,n:n
854939,845951,n:n
854939,845959,n:n
854939,845961,n:n
854939,845969,n:n
854939,845970,n:n
854939,846011,n:n
854939,846019,n:n
854939,846021,n:n
854939,846029,n:n
854939,846031,n:n
854939,846039,n:n
854939,846040,n:n
854939,846090,n:n
854939,846120,n:n
854939,846130,n:n
854939,846140,n:n
854939,846150,n:n
854939,846190,n:n
854939,846210,n:n
854939,846221,n:n
854939,846229,n:n
854939,846231,n:n
854939,846239,n:n
854939,846241,n:n
854939,846249,n:n
854939,846291,n:n
854939,846299,n:n
854939,846310,n:n
854939,846320,n:n
854939,846330,n:n
854939,846390,n:n
854939,846410,n:n
854939,846420,n:n
854939,846490,n:n
854939,846510,n:n
854939,846591,n:n
854939,846592,n:n
854939,846593,n:n
854939,846594,n:n
854939,846595,n:n
854939,846596,n:n
854939,846599,n:n
854939,846610,n:n
854939,846620,n:n
854939,846630,n:n
854939,846691,n:n
854939,846692,n:n
854939,846693,n:n
854939,846694,n:n
854939,846711,n:n
854939,846719,n:n
854939,846721,n:n
854939,846722,n:n
854939,846729,n:n
854939,846781,n:n
854939,846789,n:n
854939,846791,n:n
854939,846792,n:n
854939,846799,n:n
854939,846810,n:n
854939,846820,n:n
854939,846880,n:n
854939,846890,n:n
854939,846900,n:n
854939,847010,n:n
854939,847021,n:n
854939,847029,n:n
854939,847030,n:n
854939,847050,n:n
854939,847090,n:n
854939,847130,n:n
854939,847141,n:n
854939,847149,n:n
854939,847150,n:n
854939,847160,n:n
854939,847170,n:n
854939,847180,n:n
854939,847190,n:n
854939,847210,n:n
854939,847230,n:n
854939,847290,n:n
854939,847310,n:n
854939,847321,n:n
854939,847329,n:n
854939,847330,n:n
854939,847340,n:n
854939,847350,n:n
854939,847410,n:n
854939,847420,n:n
854939,847431,n:n
854939,847432,n:n
854939,847439,n:n
854939,847480,n:n
854939,847490,n:n
854939,847510,n:n
854939,847521,n:n
854939,847529,n:n
854939,847590,n:n
854939,847621,n:n
854939,847629,n:n
854939,847681,n:n
854939,847689,n:n
854939,847690,n:n
854939,847710,n:n
854939,847720,n:n
854939,847730,n:n
854939,847740,n:n
854939,847751,n:n
854939,847759,n:n
854939,847780,n:n
854939,847790,n:n
854939,847810,n:n
854939,847890,n:n
854939,847910,n:n
854939,847920,n:n
854939,847930,n:n
854939,847940,n:n
854939,847950,n:n
854939,847960,n:n
854939,847971,n:n
854939,847979,n:n
854939,847981,n:n
854939,847982,n:n
854939,847989,n:n
854939,847990,n:n
854939,848010,n:n
854939,848020,n:n
854939,848030,n:n
854939,848041,n:n
854939,848049,n:n
854939,848050,n:n
854939,848060,n:n
854939,848071,n:n
854939,848079,n:n
854939,848110,n:n
854939,848120,n:n
854939,848130,n:n
854939,848140,n:n
854939,848180,n:n
854939,848190,n:n
854939,848210,n:n
854939,848220,n:n
854939,848230,n:n
854939,848240,n:n
854939,848250,n:n
854939,848280,n:n
854939,848291,n:n
854939,848299,n:n
854939,848310,n:n
854939,848320,n:n
854939,848330,n:n
854939,848340,n:n
854939,848350,n:n
854939,848360,n:n
854939,848390,n:n
854939,848410,n:n
854939,848420,n:n
854939,848490,n:n
854939,848610,n:n
854939,848620,n:n
854939,848630,n:n
854939,848640,n:n
854939,848690,n:n
854939,848710,n:n
854939,848790,n:n
854939,850110,n:n
854939,850120,n:n
854939,850131,n:n
854939,850132,n:n
854939,850133,n:n
854939,850134,n:n
854939,850140,n:n
854939,850151,n:n
854939,850152,n:n
854939,850153,n:n
854939,850161,n:n
854939,850162,n:n
854939,850163,n:n
854939,850164,n:n
854939,850211,n:n
854939,850212,n:n
854939,850213,n:n
854939,850220,n:n
854939,850231,n:n
854939,850239,n:n
854939,850240,n:n
854939,850300,n:n
854939,850410,n:n
854939,850421,n:n
854939,850422,n:n
854939,850423,n:n
854939,850431,n:n
854939,850432,n:n
854939,850433,n:n
854939,850434,n:n
854939,850440,n:n
854939,850450,n:n
854939,850490,n:n
854939,850511,n:n
854939,850519,n:n
854939,850520,n:n
854939,850590,n:n
854939,850610,n:n
854939,850630,n:n
854939,850640,n:n
854939,850650,n:n
854939,850660,n:n
854939,850680,n:n
854939,850690,n:n
854939,850710,n:n
854939,850720,n:n
854939,850730,n:n
854939,850740,n:n
854939,850750,n:n
854939,850760,n:n
854939,850780,n:n
854939,850790,n:n
854939,850811,n:n
854939,850819,n:n
854939,850860,n:n
854939,850870,n:n
854939,850940,n:n
854939,850980,n:n
854939,850990,n:n
854939,851010,n:n
854939,851020,n:n
854939,851030,n:n
854939,851090,n:n
854939,851110,n:n
854939,851120,n:n
854939,851130,n:n
854939,851140,n:n
854939,851150,n:n
854939,851180,n:n
854939,851190,n:n
854939,851210,n:n
854939,851220,n:n
854939,851230,n:n
854939,851240,n:n
854939,851290,n:n
854939,851310,n:n
854939,851390,n:n
854939,851410,n:n
854939,851420,n:n
854939,851430,n:n
854939,851440,n:n
854939,851490,n:n
854939,851511,n:n
854939,851519,n:n
854939,851521,n:n
854939,851529,n:n
854939,851531,n:n
854939,851539,n:n
854939,851580,n:n
854939,851590,n:n
854939,851610,n:n
854939,851621,n:n
854939,851629,n:n
854939,851631,n:n
854939,851632,n:n
854939,851633,n:n
854939,851640,n:n
854939,851650,n:n
854939,851660,n:n
854939,851671,n:n
854939,851672,n:n
854939,851679,n:n
854939,851680,n:n
854939,851690,n:n
854939,851711,n:n
854939,851712,n:n
854939,851718,n:n
854939,851761,n:n
854939,851762,n:n
854939,851769,n:n
854939,851770,n:n
854939,851810,n:n
854939,851821,n:n
854939,851822,n:n
854939,851829,n:n
854939,851830,n:n
854939,851840,n:n
854939,851850,n:n
854939,851890,n:n
854939,851920,n:n
854939,851930,n:n
854939,851950,n:n
854939,851981,n:n
854939,851989,n:n
854939,852110,n:n
854939,852190,n:n
854939,852210,n:n
854939,852290,n:n
854939,852321,n:n
854939,852329,n:n
854939,852341,n:n
854939,852349,n:n
854939,852351,n:n
854939,852352,n:n
854939,852359,n:n
854939,852380,n:n
854939,852550,n:n
854939,852560,n:n
854939,852580,n:n
854939,852610,n:n
854939,852691,n:n
854939,852692,n:n
854939,852712,n:n
854939,852713,n:n
854939,852719,n:n
854939,852721,n:n
854939,852729,n:n
854939,852791,n:n
854939,852792,n:n
854939,852799,n:n
854939,852841,n:n
854939,852849,n:n
854939,852851,n:n
854939,852859,n:n
854939,852861,n:n
854939,852869,n:n
854939,852871,n:n
854939,852872,n:n
854939,852873,n:n
854939,852910,n:n
854939,852990,n:n
854939,853010,n:n
854939,853080,n:n
854939,853090,n:n
854939,853110,n:n
854939,853120,n:n
854939,853180,n:n
854939,853190,n:n
854939,853210,n:n
854939,853221,n:n
854939,853222,n:n
854939,853223,n:n
854939,853224,n:n
854939,853225,n:n
854939,853229,n:n
854939,853230,n:n
854939,853290,n:n
854939,853310,n:n
854939,853321,n:n
854939,853329,n:n
854939,853331,n:n
854939,853339,n:n
854939,853340,n:n
854939,853390,n:n
854939,853400,n:n
854939,853510,n:n
854939,853521,n:n
854939,853529,n:n
854939,853530,n:n
854939,853540,n:n
854939,853590,n:n
854939,853610,n:n
854939,853620,n:n
854939,853630,n:n
854939,853641,n:n
854939,853649,n:n
854939,853650,n:n
854939,853661,n:n
854939,853669,n:n
854939,853670,n:n
854939,853690,n:n
854939,853710,n:n
854939,853720,n:n
854939,853810,n:n
854939,853890,n:n
854939,853910,n:n
854939,853921,n:n
854939,853922,n:n
854939,853929,n:n
854939,853931,n:n
854939,853932,n:n
854939,853939,n:n
854939,853941,n:n
854939,853949,n:n
854939,853990,n:n
854939,854011,n:n
854939,854012,n:n
854939,854020,n:n
854939,854040,n:n
854939,854060,n:n
854939,854071,n:n
854939,854079,n:n
854939,854081,n:n
854939,854089,n:n
854939,854091,n:n
854939,854099,n:n
854939,854110,n:n
854939,854121,n:n
854939,854129,n:n
854939,854130,n:n
854939,854140,n:n
854939,854150,n:n
854939,854160,n:n
854939,854190,n:n
854939,854231,n:n
854939,854232,n:n
854939,854233,n:n
854939,854239,n:n
854939,854290,n:n
854939,854310,n:n
854939,854320,n:n
854939,854330,n:n
854939,854370,n:n
854939,854390,n:n
854939,854411,n:n
854939,854419,n:n
854939,854420,n:n
854939,854430,n:n
854939,854442,n:n
854939,854449,n:n
854939,854460,n:n
854939,854470,n:n
854939,854511,n:n
854939,854519,n:n
854939,854520,n:n
854939,854590,n:n
854939,854610,n:n
854939,854620,n:n
854939,854690,n:n
854939,854710,n:n
854939,854720,n:n
854939,854790,n:n
854939,854810,n:n
854939,854890,n:n
854939,900110,n:n
854939,900120,n:n
854939,900130,n:n
854939,900140,n:n
854939,900150,n:n
854939,900190,n:n
854939,900211,n:n
854939,900219,n:n
854939,900220,n:n
854939,900290,n:n
854939,900311,n:n
854939,900319,n:n
854939,900390,n:n
854939,900410,n:n
854939,900490,n:n
854939,900510,n:n
854939,900580,n:n
854939,900590,n:n
854939,900610,n:n
854939,900630,n:n
854939,900640,n:n
854939,900651,n:n
854939,900652,n:n
854939,900653,n:n
854939,900659,n:n
854939,900661,n:n
854939,900669,n:n
854939,900691,n:n
854939,900699,n:n
854939,900710,n:n
854939,900720,n:n
854939,900791,n:n
854939,900792,n:n
854939,900850,n:n
854939,900890,n:n
854939,901010,n:n
854939,901050,n:n
854939,901060,n:n
854939,901090,n:n
854939,901110,n:n
854939,901120,n:n
854939,901180,n:n
854939,901190,n:n
854939,901210,n:n
854939,901290,n:n
854939,901310,n:n
854939,901320,n:n
854939,901380,n:n
854939,901390,n:n
854939,901410,n:n
854939,901420,n:n
854939,901480,n:n
854939,901490,n:n
854939,901510,n:n
854939,901520,n:n
854939,901530,n:n
854939,901540,n:n
854939,901580,n:n
854939,901590,n:n
854939,901600,n:n
854939,901710,n:n
854939,901720,n:n
854939,901730,n:n
854939,901780,n:n
854939,901790,n:n
854939,901811,n:n
854939,901812,n:n
854939,901813,n:n
854939,901814,n:n
854939,901819,n:n
854939,901820,n:n
854939,901831,n:n
854939,901832,n:n
854939,901839,n:n
854939,901841,n:n
854939,901849,n:n
854939,901850,n:n
854939,901890,n:n
854939,901910,n:n
854939,901920,n:n
854939,902000,n:n
854939,902110,n:n
854939,902121,n:n
854939,902129,n:n
854939,902131,n:n
854939,902139,n:n
854939,902140,n:n
854939,902150,n:n
854939,902190,n:n
854939,902212,n:n
854939,902213,n:n
854939,902214,n:n
854939,902219,n:n
854939,902221,n:n
854939,902229,n:n
854939,902230,n:n
854939,902290,n:n
854939,902300,n:n
854939,902410,n:n
854939,902480,n:n
854939,902490,n:n
854939,902511,n:n
854939,902519,n:n
854939,902580,n:n
854939,902590,n:n
854939,902610,n:n
854939,902620,n:n
854939,902680,n:n
854939,902690,n:n
854939,902710,n:n
854939,902720,n:n
854939,902730,n:n
854939,902750,n:n
854939,902780,n:n
854939,902790,n:n
854939,902810,n:n
854939,902820,n:n
854939,902830,n:n
854939,902890,n:n
854939,902910,n:n
854939,902920,n:n
854939,902990,n:n
854939,903010,n:n
854939,903020,n:n
854939,903031,n:n
854939,903032,n:n
854939,903033,n:n
854939,903039,n:n
854939,903040,n:n
854939,903082,n:n
854939,903084,n:n
854939,903089,n:n
854939,903090,n:n
854939,903110,n:n
854939,903120,n:n
854939,903141,n:n
854939,903149,n:n
854939,903180,n:n
854939,903190,n:n
854939,903210,n:n
854939,903220,n:n
854939,903281,n:n
854939,903289,n:n
854939,903290,n:n
854939,903300,n:n
854939,910111,n:n
854939,910119,n:n
854939,910121,n:n
854939,910129,n:n
854939,910191,n:n
854939,910199,n:n
854939,910211,n:n
854939,910212,n:n
854939,910219,n:n
854939,910221,n:n
854939,910229,n:n
854939,910291,n:n
854939,910299,n:n
854939,910310,n:n
854939,910390,n:n
854939,910400,n:n
854939,910511,n:n
854939,910519,n:n
854939,910521,n:n
854939,910529,n:n
854939,910591,n:n
854939,910599,n:n
854939,910610,n:n
854939,910690,n:n
854939,910700,n:n
854939,910811,n:n
854939,910812,n:n
854939,910819,n:n
854939,910820,n:n
854939,910890,n:n
854939,910910,n:n
854939,910990,n:n
854939,911011,n:n
854939,911012,n:n
854939,911019,n:n
854939,911090,n:n
854939,911110,n:n
854939,911120,n:n
854939,911180,n:n
854939,911190,n:n
854939,911220,n:n
854939,911290,n:n
854939,911310,n:n
854939,911320,n:n
854939,911390,n:n
854939,911410,n:n
854939,911430,n:n
854939,911440,n:n
854939,911490,n:n
854939,930510,n:n
854939,930520,n:n
854939,930591,n:n
854939,930599,n:n
854939,930621,n:n
854939,930629,n:n
854939,930630,n:n
854939,930690,n:n
854939,950300,n:n
854939,950420,n:n
854939,950430,n:n
854939,950440,n:n
854939,950450,n:n
854939,950490,n:n
854939,950510,n:n
854939,950590,n:n
854939,950611,n:n
854939,950612,n:n
854939,950619,n:n
854939,950621,n:n
854939,950629,n:n
854939,950631,n:n
854939,950632,n:n
854939,950639,n:n
854939,950640,n:n
854939,950651,n:n
854939,950659,n:n
854939,950661,n:n
854939,950662,n:n
854939,950669,n:n
854939,950670,n:n
854939,950691,n:n
854939,950699,n:n
854939,950710,n:n
854939,950720,n:n
854939,950730,n:n
854939,950790,n:n
854939,950810,n:n
854939,950890,n:n
854991,382510,n:n
854991,382520,n:n
854991,382530,n:n
854991,382541,n:n
854991,382549,n:n
854991,382550,n:n
854991,382561,n:n
854991,382569,n:n
854991,382590,n:n
854991,700100,n:n
854991,711230,n:n
854991,711291,n:n
854991,711292,n:n
854991,711299,n:n
854991,840110,n:n
854991,840120,n:n
854991,840130,n:n
854991,840140,n:n
854991,840211,n:n
854991,840212,n:n
854991,840219,n:n
854991,840220,n:n
854991,840290,n:n
854991,840310,n:n
854991,840390,n:n
854991,840410,n:n
854991,840420,n:n
854991,840490,n:n
854991,840510,n:n
854991,840590,n:n
854991,840610,n:n
854991,840681,n:n
854991,840682,n:n
854991,840690,n:n
854991,840710,n:n
854991,840721,n:n
854991,840729,n:n
854991,840731,n:n
854991,840732,n:n
854991,840733,n:n
854991,840734,n:n
854991,840790,n:n
854991,840810,n:n
854991,840820,n:n
854991,840890,n:n
854991,840910,n:n
854991,840991,n:n
854991,840999,n:n
854991,841011,n:n
854991,841012,n:n
854991,841013,n:n
854991,841090,n:n
854991,841111,n:n
854991,841112,n:n
854991,841121,n:n
854991,841122,n:n
854991,841181,n:n
854991,841182,n:n
854991,841191,n:n
854991,841199,n:n
854991,841210,n:n
854991,841221,n:n
854991,841229,n:n
854991,841231,n:n
854991,841239,n:n
854991,841280,n:n
854991,841290,n:n
854991,841311,n:n
854991,841319,n:n
854991,841320,n:n
854991,841330,n:n
854991,841340,n:n
854991,841350,n:n
854991,841360,n:n
854991,841370,n:n
854991,841381,n:n
854991,841382,n:n
854991,841391,n:n
854991,841392,n:n
854991,841410,n:n
854991,841420,n:n
854991,841430,n:n
854991,841440,n:n
854991,841451,n:n
854991,841459,n:n
854991,841460,n:n
854991,841480,n:n
854991,841490,n:n
854991,841510,n:n
854991,841520,n:n
854991,841581,n:n
854991,841582,n:n
854991,841583,n:n
854991,841590,n:n
854991,841610,n:n
854991,841620,n:n
854991,841630,n:n
854991,841690,n:n
854991,841710,n:n
854991,841720,n:n
854991,841780,n:n
854991,841790,n:n
854991,841810,n:n
854991,841821,n:n
854991,841829,n:n
854991,841830,n:n
854991,841840,n:n
854991,841850,n:n
854991,841861,n:n
854991,841869,n:n
854991,841891,n:n
854991,841899,n:n
854991,841911,n:n
854991,841919,n:n
854991,841920,n:n
854991,841931,n:n
854991,841932,n:n
854991,841939,n:n
854991,841940,n:n
854991,841950,n:n
854991,841960,n:n
854991,841981,n:n
854991,841989,n:n
854991,841990,n:n
854991,842010,n:n
854991,842091,n:n
854991,842099,n:n
854991,842111,n:n
854991,842112,n:n
854991,842119,n:n
854991,842121,n:n
854991,842122,n:n
854991,842123,n:n
854991,842129,n:n
854991,842131,n:n
854991,842139,n:n
854991,842191,n:n
854991,842199,n:n
854991,842211,n:n
854991,842219,n:n
854991,842220,n:n
854991,842230,n:n
854991,842240,n:n
854991,842290,n:n
854991,842310,n:n
854991,842320,n:n
854991,842330,n:n
854991,842381,n:n
854991,842382,n:n
854991,842389,n:n
854991,842390,n:n
854991,842410,n:n
854991,842420,n:n
854991,842430,n:n
854991,842481,n:n
854991,842489,n:n
854991,842490,n:n
854991,842511,n:n
854991,842519,n:n
854991,842531,n:n
854991,842539,n:n
854991,842541,n:n
854991,842542,n:n
854991,842549,n:n
854991,842611,n:n
854991,842612,n:n
854991,842619,n:n
854991,842620,n:n
854991,842630,n:n
854991,842641,n:n
854991,842649,n:n
854991,842691,n:n
854991,842699,n:n
854991,842710,n:n
854991,842720,n:n
854991,842790,n:n
854991,842810,n:n
854991,842820,n:n
854991,842831,n:n
854991,842832,n:n
854991,842833,n:n
854991,842839,n:n
854991,842840,n:n
854991,842860,n:n
854991,842890,n:n
854991,842911,n:n
854991,842919,n:n
854991,842920,n:n
854991,842930,n:n
854991,842940,n:n
854991,842951,n:n
854991,842952,n:n
854991,842959,n:n
854991,843010,n:n
854991,843020,n:n
854991,843031,n:n
854991,843039,n:n
854991,843041,n:n
854991,843049,n:n
854991,843050,n:n
854991,843061,n:n
854991,843069,n:n
854991,843110,n:n
854991,843120,n:n
854991,843131,n:n
854991,843139,n:n
854991,843141,n:n
854991,843142,n:n
854991,843143,n:n
854991,843149,n:n
854991,843210,n:n
854991,843221,n:n
854991,843229,n:n
854991,843230,n:n
854991,843240,n:n
854991,843280,n:n
854991,843290,n:n
854991,843311,n:n
854991,843319,n:n
854991,843320,n:n
854991,843330,n:n
854991,843340,n:n
854991,843351,n:n
854991,843352,n:n
854991,843353,n:n
854991,843359,n:n
854991,843360,n:n
854991,843390,n:n
854991,843410,n:n
854991,843420,n:n
854991,843490,n:n
854991,843510,n:n
854991,843590,n:n
854991,843610,n:n
854991,843621,n:n
854991,843629,n:n
854991,843680,n:n
854991,843691,n:n
854991,843699,n:n
854991,843710,n:n
854991,843780,n:n
854991,843790,n:n
854991,843810,n:n
854991,843820,n:n
854991,843830,n:n
854991,843840,n:n
854991,843850,n:n
854991,843860,n:n
854991,843880,n:n
854991,843890,n:n
854991,843910,n:n
854991,843920,n:n
854991,843930,n:n
854991,843991,n:n
854991,843999,n:n
854991,844010,n:n
854991,844090,n:n
854991,844110,n:n
854991,844120,n:n
854991,844130,n:n
854991,844140,n:n
854991,844180,n:n
854991,844190,n:n
854991,844230,n:n
854991,844240,n:n
854991,844250,n:n
854991,844311,n:n
854991,844312,n:n
854991,844313,n:n
854991,844314,n:n
854991,844315,n:n
854991,844316,n:n
854991,844317,n:n
854991,844319,n:n
854991,844331,n:n
854991,844332,n:n
854991,844339,n:n
854991,844391,n:n
854991,844399,n:n
854991,844400,n:n
854991,844511,n:n
854991,844512,n:n
854991,844513,n:n
854991,844519,n:n
854991,844520,n:n
854991,844530,n:n
854991,844540,n:n
854991,844590,n:n
854991,844610,n:n
854991,844621,n:n
854991,844629,n:n
854991,844630,n:n
854991,844711,n:n
854991,844712,n:n
854991,844720,n:n
854991,844790,n:n
854991,844811,n:n
854991,844819,n:n
854991,844820,n:n
854991,844831,n:n
854991,844832,n:n
854991,844833,n:n
854991,844839,n:n
854991,844842,n:n
854991,844849,n:n
854991,844851,n:n
854991,844859,n:n
854991,844900,n:n
854991,845011,n:n
854991,845012,n:n
854991,845019,n:n
854991,845020,n:n
854991,845090,n:n
854991,845110,n:n
854991,845121,n:n
854991,845129,n:n
854991,845130,n:n
854991,845140,n:n
854991,845150,n:n
854991,845180,n:n
854991,845190,n:n
854991,845210,n:n
854991,845221,n:n
854991,845229,n:n
854991,845230,n:n
854991,845290,n:n
854991,845310,n:n
854991,845320,n:n
854991,845380,n:n
854991,845390,n:n
854991,845410,n:n
854991,845420,n:n
854991,845430,n:n
854991,845490,n:n
854991,845510,n:n
854991,845521,n:n
854991,845522,n:n
854991,845530,n:n
854991,845590,n:n
854991,845610,n:n
854991,845620,n:n
854991,845630,n:n
854991,845690,n:n
854991,845710,n:n
854991,845720,n:n
854991,845730,n:n
854991,845811,n:n
854991,845819,n:n
854991,845891,n:n
854991,845899,n:n
854991,845910,n:n
854991,845921,n:n
854991,845929,n:n
854991,845931,n:n
854991,845939,n:n
854991,845940,n:n
854991,845951,n:n
854991,845959,n:n
854991,845961,n:n
854991,845969,n:n
854991,845970,n:n
854991,846011,n:n
854991,846019,n:n
854991,846021,n:n
854991,846029,n:n
854991,846031,n:n
854991,846039,n:n
854991,846040,n:n
854991,846090,n:n
854991,846120,n:n
854991,846130,n:n
854991,846140,n:n
854991,846150,n:n
854991,846190,n:n
854991,846210,n:n
854991,846221,n:n
854991,846229,n:n
854991,846231,n:n
854991,846239,n:n
854991,846241,n:n
854991,846249,n:n
854991,846291,n:n
854991,846299,n:n
854991,846310,n:n
854991,846320,n:n
854991,846330,n:n
854991,846390,n:n
854991,846410,n:n
854991,846420,n:n
854991,846490,n:n
854991,846510,n:n
854991,846591,n:n
854991,846592,n:n
854991,846593,n:n
854991,846594,n:n
854991,846595,n:n
854991,846596,n:n
854991,846599,n:n
854991,846610,n:n
854991,846620,n:n
854991,846630,n:n
854991,846691,n:n
854991,846692,n:n
854991,846693,n:n
854991,846694,n:n
854991,846711,n:n
854991,846719,n:n
854991,846721,n:n
854991,846722,n:n
854991,846729,n:n
854991,846781,n:n
854991,846789,n:n
854991,846791,n:n
854991,846792,n:n
854991,846799,n:n
854991,846810,n:n
854991,846820,n:n
854991,846880,n:n
854991,846890,n:n
854991,846900,n:n
854991,847010,n:n
854991,847021,n:n
854991,847029,n:n
854991,847030,n:n
854991,847050,n:n
854991,847090,n:n
854991,847130,n:n
854991,847141,n:n
854991,847149,n:n
854991,847150,n:n
854991,847160,n:n
854991,847170,n:n
854991,847180,n:n
854991,847190,n:n
854991,847210,n:n
854991,847230,n:n
854991,847290,n:n
854991,847310,n:n
854991,847321,n:n
854991,847329,n:n
854991,847330,n:n
854991,847340,n:n
854991,847350,n:n
854991,847410,n:n
854991,847420,n:n
854991,847431,n:n
854991,847432,n:n
854991,847439,n:n
854991,847480,n:n
854991,847490,n:n
854991,847510,n:n
854991,847521,n:n
854991,847529,n:n
854991,847590,n:n
854991,847621,n:n
854991,847629,n:n
854991,847681,n:n
854991,847689,n:n
854991,847690,n:n
854991,847710,n:n
854991,847720,n:n
854991,847730,n:n
854991,847740,n:n
854991,847751,n:n
854991,847759,n:n
854991,847780,n:n
854991,847790,n:n
854991,847810,n:n
854991,847890,n:n
854991,847910,n:n
854991,847920,n:n
854991,847930,n:n
854991,847940,n:n
854991,847950,n:n
854991,847960,n:n
854991,847971,n:n
854991,847979,n:n
854991,847981,n:n
854991,847982,n:n
854991,847989,n:n
854991,847990,n:n
854991,848010,n:n
854991,848020,n:n
854991,848030,n:n
854991,848041,n:n
854991,848049,n:n
854991,848050,n:n
854991,848060,n:n
854991,848071,n:n
854991,848079,n:n
854991,848110,n:n
854991,848120,n:n
854991,848130,n:n
854991,848140,n:n
854991,848180,n:n
854991,848190,n:n
854991,848210,n:n
854991,848220,n:n
854991,848230,n:n
854991,848240,n:n
854991,848250,n:n
854991,848280,n:n
854991,848291,n:n
854991,848299,n:n
854991,848310,n:n
854991,848320,n:n
854991,848330,n:n
854991,848340,n:n
854991,848350,n:n
854991,848360,n:n
854991,848390,n:n
854991,848410,n:n
854991,848420,n:n
854991,848490,n:n
854991,848610,n:n
854991,848620,n:n
854991,848630,n:n
854991,848640,n:n
854991,848690,n:n
854991,848710,n:n
854991,848790,n:n
854991,850110,n:n
854991,850120,n:n
854991,850131,n:n
854991,850132,n:n
854991,850133,n:n
854991,850134,n:n
854991,850140,n:n
854991,850151,n:n
854991,850152,n:n
854991,850153,n:n
854991,850161,n:n
854991,850162,n:n
854991,850163,n:n
854991,850164,n:n
854991,850211,n:n
854991,850212,n:n
854991,850213,n:n
854991,850220,n:n
854991,850231,n:n
854991,850239,n:n
854991,850240,n:n
854991,850300,n:n
854991,850410,n:n
854991,850421,n:n
854991,850422,n:n
854991,850423,n:n
854991,850431,n:n
854991,850432,n:n
854991,850433,n:n
854991,850434,n:n
854991,850440,n:n
854991,850450,n:n
854991,850490,n:n
854991,850511,n:n
854991,850519,n:n
854991,850520,n:n
854991,850590,n:n
854991,850610,n:n
854991,850630,n:n
854991,850640,n:n
854991,850650,n:n
854991,850660,n:n
854991,850680,n:n
854991,850690,n:n
854991,850710,n:n
854991,850720,n:n
854991,850730,n:n
854991,850740,n:n
854991,850750,n:n
854991,850760,n:n
854991,850780,n:n
854991,850790,n:n
854991,850811,n:n
854991,850819,n:n
854991,850860,n:n
854991,850870,n:n
854991,850940,n:n
854991,850980,n:n
854991,850990,n:n
854991,851010,n:n
854991,851020,n:n
854991,851030,n:n
854991,851090,n:n
854991,851110,n:n
854991,851120,n:n
854991,851130,n:n
854991,851140,n:n
854991,851150,n:n
854991,851180,n:n
854991,851190,n:n
854991,851210,n:n
854991,851220,n:n
854991,851230,n:n
854991,851240,n:n
854991,851290,n:n
854991,851310,n:n
854991,851390,n:n
854991,851410,n:n
854991,851420,n:n
854991,851430,n:n
854991,851440,n:n
854991,851490,n:n
854991,851511,n:n
854991,851519,n:n
854991,851521,n:n
854991,851529,n:n
854991,851531,n:n
854991,851539,n:n
854991,851580,n:n
854991,851590,n:n
854991,851610,n:n
854991,851621,n:n
854991,851629,n:n
854991,851631,n:n
854991,851632,n:n
854991,851633,n:n
854991,851640,n:n
854991,851650,n:n
854991,851660,n:n
854991,851671,n:n
854991,851672,n:n
854991,851679,n:n
854991,851680,n:n
854991,851690,n:n
854991,851711,n:n
854991,851712,n:n
854991,851718,n:n
854991,851761,n:n
854991,851762,n:n
854991,851769,n:n
854991,851770,n:n
854991,851810,n:n
854991,851821,n:n
854991,851822,n:n
854991,851829,n:n
854991,851830,n:n
854991,851840,n:n
854991,851850,n:n
854991,851890,n:n
854991,851920,n:n
854991,851930,n:n
854991,851950,n:n
854991,851981,n:n
854991,851989,n:n
854991,852110,n:n
854991,852190,n:n
854991,852210,n:n
854991,852290,n:n
854991,852321,n:n
854991,852329,n:n
854991,852341,n:n
854991,852349,n:n
854991,852351,n:n
854991,852352,n:n
854991,852359,n:n
854991,852380,n:n
854991,852550,n:n
854991,852560,n:n
854991,852580,n:n
854991,852610,n:n
854991,852691,n:n
854991,852692,n:n
854991,852712,n:n
854991,852713,n:n
854991,852719,n:n
854991,852721,n:n
854991,852729,n:n
854991,852791,n:n
854991,852792,n:n
854991,852799,n:n
854991,852841,n:n
854991,852849,n:n
854991,852851,n:n
854991,852859,n:n
854991,852861,n:n
854991,852869,n:n
854991,852871,n:n
854991,852872,n:n
854991,852873,n:n
854991,852910,n:n
854991,852990,n:n
854991,853010,n:n
854991,853080,n:n
854991,853090,n:n
854991,853110,n:n
854991,853120,n:n
854991,853180,n:n
854991,853190,n:n
854991,853210,n:n
854991,853221,n:n
854991,853222,n:n
854991,853223,n:n
854991,853224,n:n
854991,853225,n:n
854991,853229,n:n
854991,853230,n:n
854991,853290,n:n
854991,853310,n:n
854991,853321,n:n
854991,853329,n:n
854991,853331,n:n
854991,853339,n:n
854991,853340,n:n
854991,853390,n:n
854991,853400,n:n
854991,853510,n:n
854991,853521,n:n
854991,853529,n:n
854991,853530,n:n
854991,853540,n:n
854991,853590,n:n
854991,853610,n:n
854991,853620,n:n
854991,853630,n:n
854991,853641,n:n
854991,853649,n:n
854991,853650,n:n
854991,853661,n:n
854991,853669,n:n
854991,853670,n:n
854991,853690,n:n
854991,853710,n:n
854991,853720,n:n
854991,853810,n:n
854991,853890,n:n
854991,853910,n:n
854991,853921,n:n
854991,853922,n:n
854991,853929,n:n
854991,853931,n:n
854991,853932,n:n
854991,853939,n:n
854991,853941,n:n
854991,853949,n:n
854991,853990,n:n
854991,854011,n:n
854991,854012,n:n
854991,854020,n:n
854991,854040,n:n
854991,854060,n:n
854991,854071,n:n
854991,854079,n:n
854991,854081,n:n
854991,854089,n:n
854991,854091,n:n
854991,854099,n:n
854991,854110,n:n
854991,854121,n:n
854991,854129,n:n
854991,854130,n:n
854991,854140,n:n
854991,854150,n:n
854991,854160,n:n
854991,854190,n:n
854991,854231,n:n
854991,854232,n:n
854991,854233,n:n
854991,854239,n:n
854991,854290,n:n
854991,854310,n:n
854991,854320,n:n
854991,854330,n:n
854991,854370,n:n
854991,854390,n:n
854991,854411,n:n
854991,854419,n:n
854991,854420,n:n
854991,854430,n:n
854991,854442,n:n
854991,854449,n:n
854991,854460,n:n
854991,854470,n:n
854991,854511,n:n
854991,854519,n:n
854991,854520,n:n
854991,854590,n:n
854991,854610,n:n
854991,854620,n:n
854991,854690,n:n
854991,854710,n:n
854991,854720,n:n
854991,854790,n:n
854991,854810,n:n
854991,854890,n:n
854991,900110,n:n
854991,900120,n:n
854991,900130,n:n
854991,900140,n:n
854991,900150,n:n
854991,900190,n:n
854991,900211,n:n
854991,900219,n:n
854991,900220,n:n
854991,900290,n:n
854991,900311,n:n
854991,900319,n:n
854991,900390,n:n
854991,900410,n:n
854991,900490,n:n
854991,900510,n:n
854991,900580,n:n
854991,900590,n:n
854991,900610,n:n
854991,900630,n:n
854991,900640,n:n
854991,900651,n:n
854991,900652,n:n
854991,900653,n:n
854991,900659,n:n
854991,900661,n:n
854991,900669,n:n
854991,900691,n:n
854991,900699,n:n
854991,900710,n:n
854991,900720,n:n
854991,900791,n:n
854991,900792,n:n
854991,900850,n:n
854991,900890,n:n
854991,901010,n:n
854991,901050,n:n
854991,901060,n:n
854991,901090,n:n
854991,901110,n:n
854991,901120,n:n
854991,901180,n:n
854991,901190,n:n
854991,901210,n:n
854991,901290,n:n
854991,901310,n:n
854991,901320,n:n
854991,901380,n:n
854991,901390,n:n
854991,901410,n:n
854991,901420,n:n
854991,901480,n:n
854991,901490,n:n
854991,901510,n:n
854991,901520,n:n
854991,901530,n:n
854991,901540,n:n
854991,901580,n:n
854991,901590,n:n
854991,901600,n:n
854991,901710,n:n
854991,901720,n:n
854991,901730,n:n
854991,901780,n:n
854991,901790,n:n
854991,901811,n:n
854991,901812,n:n
854991,901813,n:n
854991,901814,n:n
854991,901819,n:n
854991,901820,n:n
854991,901831,n:n
854991,901832,n:n
854991,901839,n:n
854991,901841,n:n
854991,901849,n:n
854991,901850,n:n
854991,901890,n:n
854991,901910,n:n
854991,901920,n:n
854991,902000,n:n
854991,902110,n:n
854991,902121,n:n
854991,902129,n:n
854991,902131,n:n
854991,902139,n:n
854991,902140,n:n
854991,902150,n:n
854991,902190,n:n
854991,902212,n:n
854991,902213,n:n
854991,902214,n:n
854991,902219,n:n
854991,902221,n:n
854991,902229,n:n
854991,902230,n:n
854991,902290,n:n
854991,902300,n:n
854991,902410,n:n
854991,902480,n:n
854991,902490,n:n
854991,902511,n:n
854991,902519,n:n
854991,902580,n:n
854991,902590,n:n
854991,902610,n:n
854991,902620,n:n
854991,902680,n:n
854991,902690,n:n
854991,902710,n:n
854991,902720,n:n
854991,902730,n:n
854991,902750,n:n
854991,902780,n:n
854991,902790,n:n
854991,902810,n:n
854991,902820,n:n
854991,902830,n:n
854991,902890,n:n
854991,902910,n:n
854991,902920,n:n
854991,902990,n:n
854991,903010,n:n
854991,903020,n:n
854991,903031,n:n
854991,903032,n:n
854991,903033,n:n
854991,903039,n:n
854991,903040,n:n
854991,903082,n:n
854991,903084,n:n
854991,903089,n:n
854991,903090,n:n
854991,903110,n:n
854991,903120,n:n
854991,903141,n:n
854991,903149,n:n
854991,903180,n:n
854991,903190,n:n
854991,903210,n:n
854991,903220,n:n
854991,903281,n:n
854991,903289,n:n
854991,903290,n:n
854991,903300,n:n
854991,910111,n:n
854991,910119,n:n
854991,910121,n:n
854991,910129,n:n
854991,910191,n:n
854991,910199,n:n
854991,910211,n:n
854991,910212,n:n
854991,910219,n:n
854991,910221,n:n
854991,910229,n:n
854991,910291,n:n
854991,910299,n:n
854991,910310,n:n
854991,910390,n:n
854991,910400,n:n
854991,910511,n:n
854991,910519,n:n
854991,910521,n:n
854991,910529,n:n
854991,910591,n:n
854991,910599,n:n
854991,910610,n:n
854991,910690,n:n
854991,910700,n:n
854991,910811,n:n
854991,910812,n:n
854991,910819,n:n
854991,910820,n:n
854991,910890,n:n
854991,910910,n:n
854991,910990,n:n
854991,911011,n:n
854991,911012,n:n
854991,911019,n:n
854991,911090,n:n
854991,911110,n:n
854991,911120,n:n
854991,911180,n:n
854991,911190,n:n
854991,911220,n:n
854991,911290,n:n
854991,911310,n:n
854991,911320,n:n
854991,911390,n:n
854991,911410,n:n
854991,911430,n:n
854991,911440,n:n
854991,911490,n:n
854991,930510,n:n
854991,930520,n:n
854991,930591,n:n
854991,930599,n:n
854991,930621,n:n
854991,930629,n:n
854991,930630,n:n
854991,930690,n:n
854991,950300,n:n
854991,950420,n:n
854991,950430,n:n
854991,950440,n:n
854991,950450,n:n
854991,950490,n:n
854991,950510,n:n
854991,950590,n:n
854991,950611,n:n
854991,950612,n:n
854991,950619,n:n
854991,950621,n:n
854991,950629,n:n
854991,950631,n:n
854991,950632,n:n
854991,950639,n:n
854991,950640,n:n
854991,950651,n:n
854991,950659,n:n
854991,950661,n:n
854991,950662,n:n
854991,950669,n:n
854991,950670,n:n
854991,950691,n:n
854991,950699,n:n
854991,950710,n:n
854991,950720,n:n
854991,950730,n:n
854991,950790,n:n
854991,950810,n:n
854991,950890,n:n
854999,382510,n:n
854999,382520,n:n
854999,382530,n:n
854999,382541,n:n
854999,382549,n:n
854999,382550,n:n
854999,382561,n:n
854999,382569,n:n
854999,382590,n:n
854999,700100,n:n
854999,711230,n:n
854999,711291,n:n
854999,711292,n:n
854999,711299,n:n
854999,840110,n:n
854999,840120,n:n
854999,840130,n:n
854999,840140,n:n
854999,840211,n:n
854999,840212,n:n
854999,840219,n:n
854999,840220,n:n
854999,840290,n:n
854999,840310,n:n
854999,840390,n:n
854999,840410,n:n
854999,840420,n:n
854999,840490,n:n
854999,840510,n:n
854999,840590,n:n
854999,840610,n:n
854999,840681,n:n
854999,840682,n:n
854999,840690,n:n
854999,840710,n:n
854999,840721,n:n
854999,840729,n:n
854999,840731,n:n
854999,840732,n:n
854999,840733,n:n
854999,840734,n:n
854999,840790,n:n
854999,840810,n:n
854999,840820,n:n
854999,840890,n:n
854999,840910,n:n
854999,840991,n:n
854999,840999,n:n
854999,841011,n:n
854999,841012,n:n
854999,841013,n:n
854999,841090,n:n
854999,841111,n:n
854999,841112,n:n
854999,841121,n:n
854999,841122,n:n
854999,841181,n:n
854999,841182,n:n
854999,841191,n:n
854999,841199,n:n
854999,841210,n:n
854999,841221,n:n
854999,841229,n:n
854999,841231,n:n
854999,841239,n:n
854999,841280,n:n
854999,841290,n:n
854999,841311,n:n
854999,841319,n:n
854999,841320,n:n
854999,841330,n:n
854999,841340,n:n
854999,841350,n:n
854999,841360,n:n
854999,841370,n:n
854999,841381,n:n
854999,841382,n:n
854999,841391,n:n
854999,841392,n:n
854999,841410,n:n
854999,841420,n:n
854999,841430,n:n
854999,841440,n:n
854999,841451,n:n
854999,841459,n:n
854999,841460,n:n
854999,841480,n:n
854999,841490,n:n
854999,841510,n:n
854999,841520,n:n
854999,841581,n:n
854999,841582,n:n
854999,841583,n:n
854999,841590,n:n
854999,841610,n:n
854999,841620,n:n
854999,841630,n:n
854999,841690,n:n
854999,841710,n:n
854999,841720,n:n
854999,841780,n:n
854999,841790,n:n
854999,841810,n:n
854999,841821,n:n
854999,841829,n:n
854999,841830,n:n
854999,841840,n:n
854999,841850,n:n
854999,841861,n:n
854999,841869,n:n
854999,841891,n:n
854999,841899,n:n
854999,841911,n:n
854999,841919,n:n
854999,841920,n:n
854999,841931,n:n
854999,841932,n:n
854999,841939,n:n
854999,841940,n:n
854999,841950,n:n
854999,841960,n:n
854999,841981,n:n
854999,841989,n:n
854999,841990,n:n
854999,842010,n:n
854999,842091,n:n
854999,842099,n:n
854999,842111,n:n
854999,842112,n:n
854999,842119,n:n
854999,842121,n:n
854999,842122,n:n
854999,842123,n:n
854999,842129,n:n
854999,842131,n:n
854999,842139,n:n
854999,842191,n:n
854999,842199,n:n
854999,842211,n:n
854999,842219,n:n
854999,842220,n:n
854999,842230,n:n
854999,842240,n:n
854999,842290,n:n
854999,842310,n:n
854999,842320,n:n
854999,842330,n:n
854999,842381,n:n
854999,842382,n:n
854999,842389,n:n
854999,842390,n:n
854999,842410,n:n
854999,842420,n:n
854999,842430,n:n
854999,842481,n:n
854999,842489,n:n
854999,842490,n:n
854999,842511,n:n
854999,842519,n:n
854999,842531,n:n
854999,842539,n:n
854999,842541,n:n
854999,842542,n:n
854999,842549,n:n
854999,842611,n:n
854999,842612,n:n
854999,842619,n:n
854999,842620,n:n
854999,842630,n:n
854999,842641,n:n
854999,842649,n:n
854999,842691,n:n
854999,842699,n:n
854999,842710,n:n
854999,842720,n:n
854999,842790,n:n
854999,842810,n:n
854999,842820,n:n
854999,842831,n:n
854999,842832,n:n
854999,842833,n:n
854999,842839,n:n
854999,842840,n:n
854999,842860,n:n
854999,842890,n:n
854999,842911,n:n
854999,842919,n:n
854999,842920,n:n
854999,842930,n:n
854999,842940,n:n
854999,842951,n:n
854999,842952,n:n
854999,842959,n:n
854999,843010,n:n
854999,843020,n:n
854999,843031,n:n
854999,843039,n:n
854999,843041,n:n
854999,843049,n:n
854999,843050,n:n
854999,843061,n:n
854999,843069,n:n
854999,843110,n:n
854999,843120,n:n
854999,843131,n:n
854999,843139,n:n
854999,843141,n:n
854999,843142,n:n
854999,843143,n:n
854999,843149,n:n
854999,843210,n:n
854999,843221,n:n
854999,843229,n:n
854999,843230,n:n
854999,843240,n:n
854999,843280,n:n
854999,843290,n:n
854999,843311,n:n
854999,843319,n:n
854999,843320,n:n
854999,843330,n:n
854999,843340,n:n
854999,843351,n:n
854999,843352,n:n
854999,843353,n:n
854999,843359,n:n
854999,843360,n:n
854999,843390,n:n
854999,843410,n:n
854999,843420,n:n
854999,843490,n:n
854999,843510,n:n
854999,843590,n:n
854999,843610,n:n
854999,843621,n:n
854999,843629,n:n
854999,843680,n:n
854999,843691,n:n
854999,843699,n:n
854999,843710,n:n
854999,843780,n:n
854999,843790,n:n
854999,843810,n:n
854999,843820,n:n
854999,843830,n:n
854999,843840,n:n
854999,843850,n:n
854999,843860,n:n
854999,843880,n:n
854999,843890,n:n
854999,843910,n:n
854999,843920,n:n
854999,843930,n:n
854999,843991,n:n
854999,843999,n:n
854999,844010,n:n
854999,844090,n:n
854999,844110,n:n
854999,844120,n:n
854999,844130,n:n
854999,844140,n:n
854999,844180,n:n
854999,844190,n:n
854999,844230,n:n
854999,844240,n:n
854999,844250,n:n
854999,844311,n:n
854999,844312,n:n
854999,844313,n:n
854999,844314,n:n
854999,844315,n:n
854999,844316,n:n
854999,844317,n:n
854999,844319,n:n
854999,844331,n:n
854999,844332,n:n
854999,844339,n:n
854999,844391,n:n
854999,844399,n:n
854999,844400,n:n
854999,844511,n:n
854999,844512,n:n
854999,844513,n:n
854999,844519,n:n
854999,844520,n:n
854999,844530,n:n
854999,844540,n:n
854999,844590,n:n
854999,844610,n:n
854999,844621,n:n
854999,844629,n:n
854999,844630,n:n
854999,844711,n:n
854999,844712,n:n
854999,844720,n:n
854999,844790,n:n
854999,844811,n:n
854999,844819,n:n
854999,844820,n:n
854999,844831,n:n
854999,844832,n:n
854999,844833,n:n
854999,844839,n:n
854999,844842,n:n
854999,844849,n:n
854999,844851,n:n
854999,844859,n:n
854999,844900,n:n
854999,845011,n:n
854999,845012,n:n
854999,845019,n:n
854999,845020,n:n
854999,845090,n:n
854999,845110,n:n
854999,845121,n:n
854999,845129,n:n
854999,845130,n:n
854999,845140,n:n
854999,845150,n:n
854999,845180,n:n
854999,845190,n:n
854999,845210,n:n
854999,845221,n:n
854999,845229,n:n
854999,845230,n:n
854999,845290,n:n
854999,845310,n:n
854999,845320,n:n
854999,845380,n:n
854999,845390,n:n
854999,845410,n:n
854999,845420,n:n
854999,845430,n:n
854999,845490,n:n
854999,845510,n:n
854999,845521,n:n
854999,845522,n:n
854999,845530,n:n
854999,845590,n:n
854999,845610,n:n
854999,845620,n:n
854999,845630,n:n
854999,845690,n:n
854999,845710,n:n
854999,845720,n:n
854999,845730,n:n
854999,845811,n:n
854999,845819,n:n
854999,845891,n:n
854999,845899,n:n
854999,845910,n:n
854999,845921,n:n
854999,845929,n:n
854999,845931,n:n
854999,845939,n:n
854999,845940,n:n
854999,845951,n:n
854999,845959,n:n
854999,845961,n:n
854999,845969,n:n
854999,845970,n:n
854999,846011,n:n
854999,846019,n:n
854999,846021,n:n
854999,846029,n:n
854999,846031,n:n
854999,846039,n:n
854999,846040,n:n
854999,846090,n:n
854999,846120,n:n
854999,846130,n:n
854999,846140,n:n
854999,846150,n:n
854999,846190,n:n
854999,846210,n:n
854999,846221,n:n
854999,846229,n:n
854999,846231,n:n
854999,846239,n:n
854999,846241,n:n
854999,846249,n:n
854999,846291,n:n
854999,846299,n:n
854999,846310,n:n
854999,846320,n:n
854999,846330,n:n
854999,846390,n:n
854999,846410,n:n
854999,846420,n:n
854999,846490,n:n
854999,846510,n:n
854999,846591,n:n
854999,846592,n:n
854999,846593,n:n
854999,846594,n:n
854999,846595,n:n
854999,846596,n:n
854999,846599,n:n
854999,846610,n:n
854999,846620,n:n
854999,846630,n:n
854999,846691,n:n
854999,846692,n:n
854999,846693,n:n
854999,846694,n:n
854999,846711,n:n
854999,846719,n:n
854999,846721,n:n
854999,846722,n:n
854999,846729,n:n
854999,846781,n:n
854999,846789,n:n
854999,846791,n:n
854999,846792,n:n
854999,846799,n:n
854999,846810,n:n
854999,846820,n:n
854999,846880,n:n
854999,846890,n:n
854999,846900,n:n
854999,847010,n:n
854999,847021,n:n
854999,847029,n:n
854999,847030,n:n
854999,847050,n:n
854999,847090,n:n
854999,847130,n:n
854999,847141,n:n
854999,847149,n:n
854999,847150,n:n
854999,847160,n:n
854999,847170,n:n
854999,847180,n:n
854999,847190,n:n
854999,847210,n:n
854999,847230,n:n
854999,847290,n:n
854999,847310,n:n
854999,847321,n:n
854999,847329,n:n
854999,847330,n:n
854999,847340,n:n
854999,847350,n:n
854999,847410,n:n
854999,847420,n:n
854999,847431,n:n
854999,847432,n:n
854999,847439,n:n
854999,847480,n:n
854999,847490,n:n
854999,847510,n:n
854999,847521,n:n
854999,847529,n:n
854999,847590,n:n
854999,847621,n:n
854999,847629,n:n
854999,847681,n:n
854999,847689,n:n
854999,847690,n:n
854999,847710,n:n
854999,847720,n:n
854999,847730,n:n
854999,847740,n:n
854999,847751,n:n
854999,847759,n:n
854999,847780,n:n
854999,847790,n:n
854999,847810,n:n
854999,847890,n:n
854999,847910,n:n
854999,847920,n:n
854999,847930,n:n
854999,847940,n:n
854999,847950,n:n
854999,847960,n:n
854999,847971,n:n
854999,847979,n:n
854999,847981,n:n
854999,847982,n:n
854999,847989,n:n
854999,847990,n:n
854999,848010,n:n
854999,848020,n:n
854999,848030,n:n
854999,848041,n:n
854999,848049,n:n
854999,848050,n:n
854999,848060,n:n
854999,848071,n:n
854999,848079,n:n
854999,848110,n:n
854999,848120,n:n
854999,848130,n:n
854999,848140,n:n
854999,848180,n:n
854999,848190,n:n
854999,848210,n:n
854999,848220,n:n
854999,848230,n:n
854999,848240,n:n
854999,848250,n:n
854999,848280,n:n
854999,848291,n:n
854999,848299,n:n
854999,848310,n:n
854999,848320,n:n
854999,848330,n:n
854999,848340,n:n
854999,848350,n:n
854999,848360,n:n
854999,848390,n:n
854999,848410,n:n
854999,848420,n:n
854999,848490,n:n
854999,848610,n:n
854999,848620,n:n
854999,848630,n:n
854999,848640,n:n
854999,848690,n:n
854999,848710,n:n
854999,848790,n:n
854999,850110,n:n
854999,850120,n:n
854999,850131,n:n
854999,850132,n:n
854999,850133,n:n
854999,850134,n:n
854999,850140,n:n
854999,850151,n:n
854999,850152,n:n
854999,850153,n:n
854999,850161,n:n
854999,850162,n:n
854999,850163,n:n
854999,850164,n:n
854999,850211,n:n
854999,850212,n:n
854999,850213,n:n
854999,850220,n:n
854999,850231,n:n
854999,850239,n:n
854999,850240,n:n
854999,850300,n:n
854999,850410,n:n
854999,850421,n:n
854999,850422,n:n
854999,850423,n:n
854999,850431,n:n
854999,850432,n:n
854999,850433,n:n
854999,850434,n:n
854999,850440,n:n
854999,850450,n:n
854999,850490,n:n
854999,850511,n:n
854999,850519,n:n
854999,850520,n:n
854999,850590,n:n
854999,850610,n:n
854999,850630,n:n
854999,850640,n:n
854999,850650,n:n
854999,850660,n:n
854999,850680,n:n
854999,850690,n:n
854999,850710,n:n
854999,850720,n:n
854999,850730,n:n
854999,850740,n:n
854999,850750,n:n
854999,850760,n:n
854999,850780,n:n
854999,850790,n:n
854999,850811,n:n
854999,850819,n:n
854999,850860,n:n
854999,850870,n:n
854999,850940,n:n
854999,850980,n:n
854999,850990,n:n
854999,851010,n:n
854999,851020,n:n
854999,851030,n:n
854999,851090,n:n
854999,851110,n:n
854999,851120,n:n
854999,851130,n:n
854999,851140,n:n
854999,851150,n:n
854999,851180,n:n
854999,851190,n:n
854999,851210,n:n
854999,851220,n:n
854999,851230,n:n
854999,851240,n:n
854999,851290,n:n
854999,851310,n:n
854999,851390,n:n
854999,851410,n:n
854999,851420,n:n
854999,851430,n:n
854999,851440,n:n
854999,851490,n:n
854999,851511,n:n
854999,851519,n:n
854999,851521,n:n
854999,851529,n:n
854999,851531,n:n
854999,851539,n:n
854999,851580,n:n
854999,851590,n:n
854999,851610,n:n
854999,851621,n:n
854999,851629,n:n
854999,851631,n:n
854999,851632,n:n
854999,851633,n:n
854999,851640,n:n
854999,851650,n:n
854999,851660,n:n
854999,851671,n:n
854999,851672,n:n
854999,851679,n:n
854999,851680,n:n
854999,851690,n:n
854999,851711,n:n
854999,851712,n:n
854999,851718,n:n
854999,851761,n:n
854999,851762,n:n
854999,851769,n:n
854999,851770,n:n
854999,851810,n:n
854999,851821,n:n
854999,851822,n:n
854999,851829,n:n
854999,851830,n:n
854999,851840,n:n
854999,851850,n:n
854999,851890,n:n
854999,851920,n:n
854999,851930,n:n
854999,851950,n:n
854999,851981,n:n
854999,851989,n:n
854999,852110,n:n
854999,852190,n:n
854999,852210,n:n
854999,852290,n:n
854999,852321,n:n
854999,852329,n:n
854999,852341,n:n
854999,852349,n:n
854999,852351,n:n
854999,852352,n:n
854999,852359,n:n
854999,852380,n:n
854999,852550,n:n
854999,852560,n:n
854999,852580,n:n
854999,852610,n:n
854999,852691,n:n
854999,852692,n:n
854999,852712,n:n
854999,852713,n:n
854999,852719,n:n
854999,852721,n:n
854999,852729,n:n
854999,852791,n:n
854999,852792,n:n
854999,852799,n:n
854999,852841,n:n
854999,852849,n:n
854999,852851,n:n
854999,852859,n:n
854999,852861,n:n
854999,852869,n:n
854999,852871,n:n
854999,852872,n:n
854999,852873,n:n
854999,852910,n:n
854999,852990,n:n
854999,853010,n:n
854999,853080,n:n
854999,853090,n:n
854999,853110,n:n
854999,853120,n:n
854999,853180,n:n
854999,853190,n:n
854999,853210,n:n
854999,853221,n:n
854999,853222,n:n
854999,853223,n:n
854999,853224,n:n
854999,853225,n:n
854999,853229,n:n
854999,853230,n:n
854999,853290,n:n
854999,853310,n:n
854999,853321,n:n
854999,853329,n:n
854999,853331,n:n
854999,853339,n:n
854999,853340,n:n
854999,853390,n:n
854999,853400,n:n
854999,853510,n:n
854999,853521,n:n
854999,853529,n:n
854999,853530,n:n
854999,853540,n:n
854999,853590,n:n
854999,853610,n:n
854999,853620,n:n
854999,853630,n:n
854999,853641,n:n
854999,853649,n:n
854999,853650,n:n
854999,853661,n:n
854999,853669,n:n
854999,853670,n:n
854999,853690,n:n
854999,853710,n:n
854999,853720,n:n
854999,853810,n:n
854999,853890,n:n
854999,853910,n:n
854999,853921,n:n
854999,853922,n:n
854999,853929,n:n
854999,853931,n:n
854999,853932,n:n
854999,853939,n:n
854999,853941,n:n
854999,853949,n:n
854999,853990,n:n
854999,854011,n:n
854999,854012,n:n
854999,854020,n:n
854999,854040,n:n
854999,854060,n:n
854999,854071,n:n
854999,854079,n:n
854999,854081,n:n
854999,854089,n:n
854999,854091,n:n
854999,854099,n:n
854999,854110,n:n
854999,854121,n:n
854999,854129,n:n
854999,854130,n:n
854999,854140,n:n
854999,854150,n:n
854999,854160,n:n
854999,854190,n:n
854999,854231,n:n
854999,854232,n:n
854999,854233,n:n
854999,854239,n:n
854999,854290,n:n
854999,854310,n:n
854999,854320,n:n
854999,854330,n:n
854999,854370,n:n
854999,854390,n:n
854999,854411,n:n
854999,854419,n:n
854999,854420,n:n
854999,854430,n:n
854999,854442,n:n
854999,854449,n:n
854999,854460,n:n
854999,854470,n:n
854999,854511,n:n
854999,854519,n:n
854999,854520,n:n
854999,854590,n:n
854999,854610,n:n
854999,854620,n:n
854999,854690,n:n
854999,854710,n:n
854999,854720,n:n
854999,854790,n:n
854999,854810,n:n
854999,854890,n:n
854999,900110,n:n
854999,900120,n:n
854999,900130,n:n
854999,900140,n:n
854999,900150,n:n
854999,900190,n:n
854999,900211,n:n
854999,900219,n:n
854999,900220,n:n
854999,900290,n:n
854999,900311,n:n
854999,900319,n:n
854999,900390,n:n
854999,900410,n:n
854999,900490,n:n
854999,900510,n:n
854999,900580,n:n
854999,900590,n:n
854999,900610,n:n
854999,900630,n:n
854999,900640,n:n
854999,900651,n:n
854999,900652,n:n
854999,900653,n:n
854999,900659,n:n
854999,900661,n:n
854999,900669,n:n
854999,900691,n:n
854999,900699,n:n
854999,900710,n:n
854999,900720,n:n
854999,900791,n:n
854999,900792,n:n
854999,900850,n:n
854999,900890,n:n
854999,901010,n:n
854999,901050,n:n
854999,901060,n:n
854999,901090,n:n
854999,901110,n:n
854999,901120,n:n
854999,901180,n:n
854999,901190,n:n
854999,901210,n:n
854999,901290,n:n
854999,901310,n:n
854999,901320,n:n
854999,901380,n:n
854999,901390,n:n
854999,901410,n:n
854999,901420,n:n
854999,901480,n:n
854999,901490,n:n
854999,901510,n:n
854999,901520,n:n
854999,901530,n:n
854999,901540,n:n
854999,901580,n:n
854999,901590,n:n
854999,901600,n:n
854999,901710,n:n
854999,901720,n:n
854999,901730,n:n
854999,901780,n:n
854999,901790,n:n
854999,901811,n:n
854999,901812,n:n
854999,901813,n:n
854999,901814,n:n
854999,901819,n:n
854999,901820,n:n
854999,901831,n:n
854999,901832,n:n
854999,901839,n:n
854999,901841,n:n
854999,901849,n:n
854999,901850,n:n
854999,901890,n:n
854999,901910,n:n
854999,901920,n:n
854999,902000,n:n
854999,902110,n:n
854999,902121,n:n
854999,902129,n:n
854999,902131,n:n
854999,902139,n:n
854999,902140,n:n
854999,902150,n:n
854999,902190,n:n
854999,902212,n:n
854999,902213,n:n
854999,902214,n:n
854999,902219,n:n
854999,902221,n:n
854999,902229,n:n
854999,902230,n:n
854999,902290,n:n
854999,902300,n:n
854999,902410,n:n
854999,902480,n:n
854999,902490,n:n
854999,902511,n:n
854999,902519,n:n
854999,902580,n:n
854999,902590,n:n
854999,902610,n:n
854999,902620,n:n
854999,902680,n:n
854999,902690,n:n
854999,902710,n:n
854999,902720,n:n
854999,902730,n:n
854999,902750,n:n
854999,902780,n:n
854999,902790,n:n
854999,902810,n:n
854999,902820,n:n
854999,902830,n:n
854999,902890,n:n
854999,902910,n:n
854999,902920,n:n
854999,902990,n:n
854999,903010,n:n
854999,903020,n:n
854999,903031,n:n
854999,903032,n:n
854999,903033,n:n
854999,903039,n:n
854999,903040,n:n
854999,903082,n:n
854999,903084,n:n
854999,903089,n:n
854999,903090,n:n
854999,903110,n:n
854999,903120,n:n
854999,903141,n:n
854999,903149,n:n
854999,903180,n:n
854999,903190,n:n
854999,903210,n:n
854999,903220,n:n
854999,903281,n:n
854999,903289,n:n
854999,903290,n:n
854999,903300,n:n
854999,910111,n:n
854999,910119,n:n
854999,910121,n:n
854999,910129,n:n
854999,910191,n:n
854999,910199,n:n
854999,910211,n:n
854999,910212,n:n
854999,910219,n:n
854999,910221,n:n
854999,910229,n:n
854999,910291,n:n
854999,910299,n:n
854999,910310,n:n
854999,910390,n:n
854999,910400,n:n
854999,910511,n:n
854999,910519,n:n
854999,910521,n:n
854999,910529,n:n
854999,910591,n:n
854999,910599,n:n
854999,910610,n:n
854999,910690,n:n
854999,910700,n:n
854999,910811,n:n
854999,910812,n:n
854999,910819,n:n
854999,910820,n:n
854999,910890,n:n
854999,910910,n:n
854999,910990,n:n
854999,911011,n:n
854999,911012,n:n
854999,911019,n:n
854999,911090,n:n
854999,911110,n:n
854999,911120,n:n
854999,911180,n:n
854999,911190,n:n
854999,911220,n:n
854999,911290,n:n
854999,911310,n:n
854999,911320,n:n
854999,911390,n:n
854999,911410,n:n
854999,911430,n:n
854999,911440,n:n
854999,911490,n:n
854999,930510,n:n
854999,930520,n:n
854999,930591,n:n
854999,930599,n:n
854999,930621,n:n
854999,930629,n:n
854999,930630,n:n
854999,930690,n:n
854999,950300,n:n
854999,950420,n:n
854999,950430,n:n
854999,950440,n:n
854999,950450,n:n
854999,950490,n:n
854999,950510,n:n
854999,950590,n:n
854999,950611,n:n
854999,950612,n:n
854999,950619,n:n
854999,950621,n:n
854999,950629,n:n
854999,950631,n:n
854999,950632,n:n
854999,950639,n:n
854999,950640,n:n
854999,950651,n:n
854999,950659,n:n
854999,950661,n:n
854999,950662,n:n
854999,950669,n:n
854999,950670,n:n
854999,950691,n:n
854999,950699,n:n
854999,950710,n:n
854999,950720,n:n
854999,950730,n:n
854999,950790,n:n
854999,950810,n:n
854999,950890,n:n
860110,860110,1:1
860120,860120,1:1
860210,860210,1:1
860290,860290,1:1
860310,860310,1:1
860390,860390,1:1
860400,860400,1:1
860500,860500,1:1
860610,860610,1:1
860630,860630,1:1
860691,860691,1:1
860692,860692,1:1
860699,860699,1:1
860711,860711,n:1
860712,860712,n:1
860719,860719,n:1
860721,860721,n:1
860729,860729,n:1
860730,860730,n:1
860791,860791,n:1
860799,860799,n:1
860800,860800,1:1
860900,860900,1:1
870110,870110,1:1
870121,870120,n:1
870122,870120,n:1
870123,870120,n:1
870124,870120,n:1
870129,870120,n:1
870130,870130,1:1
870191,870190,n:1
870192,870190,n:1
870193,870190,n:1
870194,870190,n:1
870195,870190,n:1
870210,870210,n:1
870220,870210,n:n
870220,870290,n:n
870230,870290,n:1
870240,870290,n:1
870290,870290,n:1
870310,870310,1:1
870321,870321,n:1
870322,870322,n:1
870323,870323,n:1
870324,870324,n:1
870331,870331,n:1
870332,870332,n:1
870333,870333,n:1
870340,870321,n:n
870340,870322,n:n
870340,870323,n:n
870340,870324,n:n
870340,870390,n:n
870350,870331,n:n
870350,870332,n:n
870350,870333,n:n
870350,870390,n:n
870360,870321,n:n
870360,870322,n:n
870360,870323,n:n
870360,870324,n:n
870360,870390,n:n
870370,870331,n:n
870370,870332,n:n
870370,870333,n:n
870370,870390,n:n
870380,870390,n:1
870390,870390,n:1
870410,870410,1:1
870421,870421,n:1
870422,870422,n:1
870423,870423,n:1
870431,870431,n:1
870432,870432,n:1
870441,870421,n:n
870441,870490,n:n
870442,870422,n:n
870442,870490,n:n
870443,870423,n:n
870443,870490,n:n
870451,870431,n:n
870451,870490,n:n
870452,870432,n:n
870452,870490,n:n
870460,870490,n:1
870490,870490,n:1
870510,870510,1:1
870520,870520,1:1
870530,870530,1:1
870540,870540,1:1
870590,870590,1:1
870600,870600,1:1
870710,870710,1:1
870790,870790,1:1
870810,870810,n:1
870821,870821,n:1
870822,870829,n:1
870829,870829,n:1
870830,870830,n:1
870840,870840,n:1
870850,870850,n:1
870870,870870,n:1
870880,870880,n:1
870891,870891,n:1
870892,870892,n:1
870893,870893,n:1
870894,870894,n:1
870895,870895,n:1
870899,870899,n:1
870911,870911,1:1
870919,870919,1:1
870990,870990,1:1
871000,871000,1:1
871110,871110,1:1
871120,871120,1:1
871130,871130,1:1
871140,871140,1:1
871150,871150,1:1
871160,871190,n:1
871190,871190,n:1
871200,871200,1:1
871310,871310,1:1
871390,871390,1:1
871410,871410,n:1
871420,871420,n:1
871491,871491,n:1
871492,871492,n:1
871493,871493,n:1
871494,871494,n:1
871495,871495,n:1
871496,871496,n:1
871499,871499,n:1
871500,871500,1:1
871610,871610,n:1
871620,871620,n:1
871631,871631,n:1
871639,871639,n:1
871640,871640,n:1
871680,871680,n:1
871690,871690,n:1
880100,880100,1:1
880211,880211,n:1
880212,880212,n:1
880220,880220,n:1
880230,880230,n:1
880240,880240,n:1
880260,880260,1:1
880400,880400,1:1
880510,880510,n:1
880521,880521,n:1
880529,880529,n:1
880610,880211,n:n
880610,880212,n:n
880610,880220,n:n
880610,880230,n:n
880610,880240,n:n
880621,852580,n:n
880621,880211,n:n
880621,880220,n:n
880622,852580,n:n
880622,880211,n:n
880622,880220,n:n
880623,852580,n:n
880623,880211,n:n
880623,880220,n:n
880624,852580,n:n
880624,880211,n:n
880624,880220,n:n
880629,852580,n:n
880629,880211,n:n
880629,880212,n:n
880629,880220,n:n
880629,880230,n:n
880629,880240,n:n
880691,852580,n:n
880691,880211,n:n
880691,880220,n:n
880692,852580,n:n
880692,880211,n:n
880692,880220,n:n
880693,852580,n:n
880693,880211,n:n
880693,880220,n:n
880694,852580,n:n
880694,880211,n:n
880694,880220,n:n
880699,852580,n:n
880699,880211,n:n
880699,880212,n:n
880699,880220,n:n
880699,880230,n:n
880699,880240,n:n
880710,880310,n:1
880720,880320,n:1
880730,880330,n:1
880790,880390,n:1
890110,890110,1:1
890120,890120,1:1
890130,890130,1:1
890190,890190,1:1
890200,890200,1:1
890311,890310,n:1
890312,890310,n:1
890319,890310,n:1
890321,890391,n:1
890322,890391,n:1
890323,890391,n:1
890331,890392,n:1
890332,890392,n:1
890333,890392,n:1
890393,890399,n:1
890399,890399,n:1
890400,890400,1:1
890510,890510,1:1
890520,890520,1:1
890590,890590,1:1
890610,890610,1:1
890690,890690,1:1
890710,890710,1:1
890790,890790,1:1
890800,890800,1:1
900110,900110,n:1
900120,900120,n:1
900130,900130,n:1
900140,900140,n:1
900150,900150,n:1
900190,900190,n:1
900211,900211,n:1
900219,900219,n:1
900220,900220,n:1
900290,900290,n:1
900311,900311,n:1
900319,900319,n:1
900390,900390,n:1
900410,900410,n:1
900490,900490,n:1
900510,900510,n:1
900580,900580,n:1
900590,900590,n:1
900630,900630,n:1
900640,900640,n:1
900653,900651,n:n
900653,900653,n:n
900659,900610,n:n
900659,900651,n:n
900659,900652,n:n
900659,900659,n:n
900661,900661,n:1
900669,900669,n:1
900691,900691,n:1
900699,900699,n:1
900710,900710,n:1
900720,900720,n:1
900791,900791,n:1
900792,900792,n:1
900850,900850,n:1
900890,900890,n:1
901010,901010,n:1
901050,901050,n:1
901060,901060,n:1
901090,901090,n:1
901110,901110,n:1
901120,901120,n:1
901180,901180,n:1
901190,901190,n:1
901210,901210,n:1
901290,901290,n:1
901310,901310,n:1
901320,901320,n:1
901380,901380,n:1
901390,901390,n:1
901410,901410,n:1
901420,901420,n:1
901480,901480,n:1
901490,901490,n:1
901510,901510,n:1
901520,901520,n:1
901530,901530,n:1
901540,901540,n:1
901580,901580,n:1
901590,901590,n:1
901600,901600,n:1
901710,901710,n:1
901720,901720,n:1
901730,901730,n:1
901780,901780,n:1
901790,901790,n:1
901811,901811,n:1
901812,901812,n:1
901813,901813,n:1
901814,901814,n:1
901819,901819,n:1
901820,901820,n:1
901831,901831,n:1
901832,901832,n:1
901839,901839,n:1
901841,901841,n:1
901849,901849,n:1
901850,901850,n:1
901890,901890,n:1
901910,901910,n:1
901920,901920,n:1
902000,902000,n:1
902110,731700,n:n
902110,731814,n:n
902110,731815,n:n
902110,731816,n:n
902110,731819,n:n
902110,731822,n:n
902110,731824,n:n
902110,731829,n:n
902110,810890,n:n
902110,902110,n:n
902121,902121,n:1
902129,731700,n:n
902129,731814,n:n
902129,731815,n:n
902129,731816,n:n
902129,731819,n:n
902129,731822,n:n
902129,731824,n:n
902129,731829,n:n
902129,810890,n:n
902129,902129,n:n
902131,902131,n:1
902139,902139,n:1
902140,902140,n:1
902150,902150,n:1
902190,902190,n:1
902212,902212,n:1
902213,902213,n:1
902214,902214,n:1
902219,902219,n:1
902221,901890,n:n
902221,902221,n:n
902229,901890,n:n
902229,902229,n:n
902230,902230,n:1
902290,902290,n:1
902300,902300,n:1
902410,902410,n:1
902480,902480,n:1
902490,902490,n:1
902511,902511,n:1
902519,902519,n:1
902580,902580,n:1
902590,902590,n:1
902610,902610,n:1
902620,902620,n:1
902680,902680,n:1
902690,902690,n:1
902710,902710,n:1
902720,902720,n:1
902730,902730,n:1
902750,902750,n:1
902781,902780,n:1
902789,902780,n:1
902790,902790,n:1
902810,902810,n:1
902820,902820,n:1
902830,902830,n:1
902890,902890,n:1
902910,902910,n:1
902920,902920,n:1
902990,902990,n:1
903010,903010,n:1
903020,903020,n:1
903031,903031,n:1
903032,903032,n:1
903033,903033,n:1
903039,903039,n:1
903040,903040,n:1
903082,903082,n:1
903084,903084,n:1
903089,903089,n:1
903090,903090,n:1
903110,903110,n:1
903120,903120,n:1
903141,903141,n:1
903149,903149,n:1
903180,903180,n:1
903190,903190,n:1
903210,903210,n:1
903220,903220,n:1
903281,903281,n:1
903289,903289,n:1
903290,903290,n:1
903300,903300,n:1
910111,910111,n:1
910119,910119,n:1
910121,910121,n:1
910129,910129,n:1
910191,910191,n:1
910199,910199,n:1
910211,910211,n:1
910212,910212,n:1
910219,910219,n:1
910221,910221,n:1
910229,910229,n:1
910291,910291,n:1
910299,910299,n:1
910310,910310,n:1
910390,910390,n:1
910400,910400,n:1
910511,910511,n:1
910519,910519,n:1
910521,910521,n:1
910529,910529,n:1
910591,910591,n:1
910599,910599,n:1
910610,910610,n:1
910690,910690,n:1
910700,910700,n:1
910811,910811,n:1
910812,910812,n:1
910819,910819,n:1
910820,910820,n:1
910890,910890,n:1
910910,910910,n:1
910990,910990,n:1
911011,911011,n:1
911012,911012,n:1
911019,911019,n:1
911090,911090,n:1
911110,911110,n:1
911120,911120,n:1
911180,911180,n:1
911190,911190,n:1
911220,911220,n:1
911290,911290,n:1
911310,911310,n:1
911320,911320,n:1
911390,911390,n:1
911430,911430,n:1
911440,911440,n:1
911490,911410,n:1
920110,920110,1:1
920120,920120,1:1
920190,920190,1:1
920210,920210,1:1
920290,920290,1:1
920510,920510,1:1
920590,920590,1:1
920600,920600,1:1
920710,920710,1:1
920790,920790,1:1
920810,920810,1:1
920890,920890,1:1
920930,920930,1:1
920991,920991,1:1
920992,920992,1:1
920994,920994,1:1
920999,920999,n:1
930110,930110,1:1
930120,930120,1:1
930190,930190,1:1
930200,930200,1:1
930310,930310,1:1
930320,930320,1:1
930330,930330,1:1
930390,930390,1:1
930400,930400,1:1
930510,930510,n:1
930520,930520,n:1
930591,930591,n:1
930599,930599,n:1
930621,930621,n:1
930629,930629,n:1
930630,930630,n:1
930690,930690,n:1
930700,930700,1:1
940110,940110,1:1
940120,940120,1:1
940131,940130,n:1
940139,940130,n:1
940141,940140,n:1
940149,940140,n:1
940152,940151,n:1
940153,940151,n:1
940159,940159,1:1
940161,940161,1:1
940169,940169,1:1
940171,940171,1:1
940179,940179,1:1
940180,940180,1:1
940191,940190,n:1
940199,940190,n:1
940210,940210,1:1
940290,940290,1:1
940310,940310,1:1
940320,940320,1:1
940330,940330,1:1
940340,940340,1:1
940350,940350,1:1
940360,940360,1:1
940370,940370,1:1
940382,940381,n:1
940383,940381,n:1
940389,940389,1:1
940391,940390,n:1
940399,940390,n:1
940410,940410,1:1
940421,940421,1:1
940429,940429,1:1
940430,940430,1:1
940440,940490,n:1
940490,940490,n:1
940511,940510,n:1
940519,940510,n:1
940521,940520,n:1
940529,940520,n:1
940531,940530,n:1
940539,940530,n:1
940541,940540,n:1
940542,940540,n:1
940549,940540,n:1
940550,940550,1:1
940561,940560,n:1
940569,940560,n:1
940591,940591,1:1
940592,940592,1:1
940599,940599,n:1
940610,940600,n:1
940620,940600,n:1
940690,940600,n:1
950300,950300,n:1
950420,950420,n:1
950430,950430,n:1
950440,950440,n:1
950450,950450,n:1
950490,950490,n:1
950510,950510,n:1
950590,950590,n:1
950611,950611,n:1
950612,950612,n:1
950619,950619,n:1
950621,950621,n:1
950629,950629,n:1
950631,950631,n:1
950632,950632,n:1
950639,950639,n:1
950640,950640,n:1
950651,950651,n:1
950659,950659,n:1
950661,950661,n:1
950662,950662,n:1
950669,950669,n:1
950670,950670,n:1
950691,950691,n:1
950699,950699,n:1
950710,950710,n:1
950720,950720,n:1
950730,950730,n:1
950790,950790,n:1
950810,950810,n:1
950821,950890,n:1
950822,950890,n:1
950823,950890,n:1
950824,950890,n:1
950825,950890,n:1
950826,950890,n:1
950829,950890,n:1
950830,950890,n:1
950840,950890,n:1
960110,960110,1:1
960190,960190,1:1
960200,960200,1:1
960310,960310,1:1
960321,960321,1:1
960329,960329,1:1
960330,960330,1:1
960340,960340,1:1
960350,960350,1:1
960390,960390,1:1
960400,960400,1:1
960500,960500,1:1
960610,960610,1:1
960621,960621,1:1
960622,960622,1:1
960629,960629,1:1
960630,960630,1:1
960711,960711,1:1
960719,960719,1:1
960720,960720,1:1
960810,960810,1:1
960820,960820,1:1
960830,960830,1:1
960840,960840,1:1
960850,960850,1:1
960860,960860,1:1
960891,960891,1:1
960899,960899,1:1
960910,960910,1:1
960920,960920,1:1
960990,960990,1:1
961000,961000,1:1
961100,961100,1:1
961210,961210,1:1
961220,961220,1:1
961310,961310,1:1
961320,961320,1:1
961380,961380,1:1
961390,961390,1:1
961400,961400,1:1
961511,961511,1:1
961519,961519,1:1
961590,961590,1:1
961610,961610,1:1
961620,961620,1:1
961700,961700,1:1
961800,961800,1:1
961900,961900,1:1
962000,392690,n:n
962000,442190,n:n
962000,681510,n:n
962000,732690,n:n
962000,761699,n:n
962000,843139,n:n
962000,847330,n:n
962000,848790,n:n
962000,852290,n:n
962000,852990,n:n
962000,900590,n:n
962000,900691,n:n
962000,900791,n:n
962000,901590,n:n
962000,903300,n:n
962000,920999,n:n
970121,970110,n:1
970122,970190,n:1
970129,970190,n:1
970191,970110,n:1
970192,970190,n:1
970199,970190,n:1
970210,970200,n:1
970290,970200,n:1
970310,970300,n:1
970390,970300,n:1
970400,970400,1:1
970510,970500,n:1
970521,970500,n:1
970522,970500,n:1
970529,970500,n:1
970531,970500,n:1
970539,970500,n:1
970610,970600,n:1
970690,970600,n:1
